zone_id,model,gp_id,x_m,z_m,disp_x_m,disp_z_m,stress_xx_Pa,stress_zz_Pa,stress_xz_Pa,state
1,null,1,-17,-44.35,0.07397368825,-0.05062571349,0,0,0,0
1,null,2,-12.75,-44.35,0.04604134989,-0.03874077493,0,0,0,0
1,null,4,-17,-36.95833333,0.1411965957,-0.003866953269,0,0,0,0
1,null,7,-12.75,-36.95833333,0,0,0,0,0,0
2,null,2,-12.75,-44.35,0.04604134989,-0.03874077493,0,0,0,0
2,null,9,-8.5,-44.35,0.01894591837,-0.04829329229,0,0,0,0
2,null,7,-12.75,-36.95833333,0,0,0,0,0,0
2,null,11,-8.5,-36.95833333,0,0,0,0,0,0
3,null,9,-8.5,-44.35,0.01894591837,-0.04829329229,0,0,0,0
3,null,13,-4.25,-44.35,-0.009300647497,-0.06254828943,0,0,0,0
3,null,11,-8.5,-36.95833333,0,0,0,0,0,0
3,null,15,-4.25,-36.95833333,0,0,0,0,0,0
4,null,13,-4.25,-44.35,-0.009300647497,-0.06254828943,0,0,0,0
4,null,17,0,-44.35,-0.03678950718,-0.07933319094,0,0,0,0
4,null,15,-4.25,-36.95833333,0,0,0,0,0,0
4,null,19,0,-36.95833333,0,0,0,0,0,0
5,null,17,0,-44.35,-0.03678950718,-0.07933319094,0,0,0,0
5,null,21,4.25,-44.35,-0.06244323586,-0.09499223651,0,0,0,0
5,null,19,0,-36.95833333,0,0,0,0,0,0
5,null,23,4.25,-36.95833333,0,0,0,0,0,0
6,null,21,4.25,-44.35,-0.06244323586,-0.09499223651,0,0,0,0
6,null,25,8.5,-44.35,-0.08593691573,-0.1094094531,0,0,0,0
6,null,23,4.25,-36.95833333,0,0,0,0,0,0
6,null,27,8.5,-36.95833333,0,0,0,0,0,0
7,null,25,8.5,-44.35,-0.08593691573,-0.1094094531,0,0,0,0
7,null,29,12.75,-44.35,-0.1081894019,-0.1185370245,0,0,0,0
7,null,27,8.5,-36.95833333,0,0,0,0,0,0
7,null,31,12.75,-36.95833333,0,0,0,0,0,0
8,null,29,12.75,-44.35,-0.1081894019,-0.1185370245,0,0,0,0
8,null,33,17,-44.35,-0.1305750735,-0.1401580607,0,0,0,0
8,null,31,12.75,-36.95833333,0,0,0,0,0,0
8,null,35,17,-36.95833333,-0.1724013137,-0.1515398448,0,0,0,0
9,null,4,-17,-36.95833333,0.1411965957,-0.003866953269,0,0,0,0
9,null,7,-12.75,-36.95833333,0,0,0,0,0,0
9,null,37,-17,-29.56666667,0.1960928746,0.04539781945,0,0,0,0
9,null,39,-12.75,-29.56666667,0,0,0,0,0,0
10,null,7,-12.75,-36.95833333,0,0,0,0,0,0
10,null,11,-8.5,-36.95833333,0,0,0,0,0,0
10,null,39,-12.75,-29.56666667,0,0,0,0,0,0
10,null,41,-8.5,-29.56666667,0,0,0,0,0,0
11,null,11,-8.5,-36.95833333,0,0,0,0,0,0
11,null,15,-4.25,-36.95833333,0,0,0,0,0,0
11,null,41,-8.5,-29.56666667,0,0,0,0,0,0
11,null,43,-4.25,-29.56666667,0,0,0,0,0,0
12,null,15,-4.25,-36.95833333,0,0,0,0,0,0
12,null,19,0,-36.95833333,0,0,0,0,0,0
12,null,43,-4.25,-29.56666667,0,0,0,0,0,0
12,null,45,0,-29.56666667,0,0,0,0,0,0
13,null,19,0,-36.95833333,0,0,0,0,0,0
13,null,23,4.25,-36.95833333,0,0,0,0,0,0
13,null,45,0,-29.56666667,0,0,0,0,0,0
13,null,47,4.25,-29.56666667,0,0,0,0,0,0
14,null,23,4.25,-36.95833333,0,0,0,0,0,0
14,null,27,8.5,-36.95833333,0,0,0,0,0,0
14,null,47,4.25,-29.56666667,0,0,0,0,0,0
14,null,49,8.5,-29.56666667,0,0,0,0,0,0
15,null,27,8.5,-36.95833333,0,0,0,0,0,0
15,null,31,12.75,-36.95833333,0,0,0,0,0,0
15,null,49,8.5,-29.56666667,0,0,0,0,0,0
15,null,51,12.75,-29.56666667,0,0,0,0,0,0
16,null,31,12.75,-36.95833333,0,0,0,0,0,0
16,null,35,17,-36.95833333,-0.1724013137,-0.1515398448,0,0,0,0
16,null,51,12.75,-29.56666667,0,0,0,0,0,0
16,null,53,17,-29.56666667,-0.2102652208,-0.1609104449,0,0,0,0
17,null,37,-17,-29.56666667,0.1960928746,0.04539781945,0,0,0,0
17,null,39,-12.75,-29.56666667,0,0,0,0,0,0
17,null,55,-17,-22.175,0.2322542948,0.08288324338,0,0,0,0
17,null,57,-12.75,-22.175,0,0,0,0,0,0
18,null,39,-12.75,-29.56666667,0,0,0,0,0,0
18,null,41,-8.5,-29.56666667,0,0,0,0,0,0
18,null,57,-12.75,-22.175,0,0,0,0,0,0
18,null,59,-8.5,-22.175,0,0,0,0,0,0
19,null,41,-8.5,-29.56666667,0,0,0,0,0,0
19,null,43,-4.25,-29.56666667,0,0,0,0,0,0
19,null,59,-8.5,-22.175,0,0,0,0,0,0
19,null,61,-4.25,-22.175,0,0,0,0,0,0
20,null,43,-4.25,-29.56666667,0,0,0,0,0,0
20,null,45,0,-29.56666667,0,0,0,0,0,0
20,null,61,-4.25,-22.175,0,0,0,0,0,0
20,null,63,0,-22.175,0,0,0,0,0,0
21,null,45,0,-29.56666667,0,0,0,0,0,0
21,null,47,4.25,-29.56666667,0,0,0,0,0,0
21,null,63,0,-22.175,0,0,0,0,0,0
21,null,65,4.25,-22.175,0,0,0,0,0,0
22,null,47,4.25,-29.56666667,0,0,0,0,0,0
22,null,49,8.5,-29.56666667,0,0,0,0,0,0
22,null,65,4.25,-22.175,0,0,0,0,0,0
22,null,67,8.5,-22.175,0,0,0,0,0,0
23,null,49,8.5,-29.56666667,0,0,0,0,0,0
23,null,51,12.75,-29.56666667,0,0,0,0,0,0
23,null,67,8.5,-22.175,0,0,0,0,0,0
23,null,69,12.75,-22.175,0,0,0,0,0,0
24,null,51,12.75,-29.56666667,0,0,0,0,0,0
24,null,53,17,-29.56666667,-0.2102652208,-0.1609104449,0,0,0,0
24,null,69,12.75,-22.175,0,0,0,0,0,0
24,null,71,17,-22.175,-0.2421056049,-0.1671891747,0,0,0,0
25,null,55,-17,-22.175,0.2322542948,0.08288324338,0,0,0,0
25,null,57,-12.75,-22.175,0,0,0,0,0,0
25,null,73,-17,-14.78333333,0.252411898,0.1168079082,0,0,0,0
25,null,75,-12.75,-14.78333333,0,0,0,0,0,0
26,null,57,-12.75,-22.175,0,0,0,0,0,0
26,null,59,-8.5,-22.175,0,0,0,0,0,0
26,null,75,-12.75,-14.78333333,0,0,0,0,0,0
26,null,77,-8.5,-14.78333333,0,0,0,0,0,0
27,null,59,-8.5,-22.175,0,0,0,0,0,0
27,null,61,-4.25,-22.175,0,0,0,0,0,0
27,null,77,-8.5,-14.78333333,0,0,0,0,0,0
27,null,79,-4.25,-14.78333333,0,0,0,0,0,0
28,null,61,-4.25,-22.175,0,0,0,0,0,0
28,null,63,0,-22.175,0,0,0,0,0,0
28,null,79,-4.25,-14.78333333,0,0,0,0,0,0
28,null,81,0,-14.78333333,0,0,0,0,0,0
29,null,63,0,-22.175,0,0,0,0,0,0
29,null,65,4.25,-22.175,0,0,0,0,0,0
29,null,81,0,-14.78333333,0,0,0,0,0,0
29,null,83,4.25,-14.78333333,0,0,0,0,0,0
30,null,65,4.25,-22.175,0,0,0,0,0,0
30,null,67,8.5,-22.175,0,0,0,0,0,0
30,null,83,4.25,-14.78333333,0,0,0,0,0,0
30,null,85,8.5,-14.78333333,0,0,0,0,0,0
31,null,67,8.5,-22.175,0,0,0,0,0,0
31,null,69,12.75,-22.175,0,0,0,0,0,0
31,null,85,8.5,-14.78333333,0,0,0,0,0,0
31,null,87,12.75,-14.78333333,0,0,0,0,0,0
32,null,69,12.75,-22.175,0,0,0,0,0,0
32,null,71,17,-22.175,-0.2421056049,-0.1671891747,0,0,0,0
32,null,87,12.75,-14.78333333,0,0,0,0,0,0
32,null,89,17,-14.78333333,-0.2716537054,-0.174064721,0,0,0,0
33,null,73,-17,-14.78333333,0.252411898,0.1168079082,0,0,0,0
33,null,75,-12.75,-14.78333333,0,0,0,0,0,0
33,null,91,-17,-7.391666667,0.2602593013,0.1393458083,0,0,0,0
33,null,93,-12.75,-7.391666667,0,0,0,0,0,0
34,null,75,-12.75,-14.78333333,0,0,0,0,0,0
34,null,77,-8.5,-14.78333333,0,0,0,0,0,0
34,null,93,-12.75,-7.391666667,0,0,0,0,0,0
34,null,95,-8.5,-7.391666667,0,0,0,0,0,0
35,null,77,-8.5,-14.78333333,0,0,0,0,0,0
35,null,79,-4.25,-14.78333333,0,0,0,0,0,0
35,null,95,-8.5,-7.391666667,0,0,0,0,0,0
35,null,97,-4.25,-7.391666667,0,0,0,0,0,0
36,null,79,-4.25,-14.78333333,0,0,0,0,0,0
36,null,81,0,-14.78333333,0,0,0,0,0,0
36,null,97,-4.25,-7.391666667,0,0,0,0,0,0
36,null,99,0,-7.391666667,0,0,0,0,0,0
37,null,81,0,-14.78333333,0,0,0,0,0,0
37,null,83,4.25,-14.78333333,0,0,0,0,0,0
37,null,99,0,-7.391666667,0,0,0,0,0,0
37,null,101,4.25,-7.391666667,0,0,0,0,0,0
38,null,83,4.25,-14.78333333,0,0,0,0,0,0
38,null,85,8.5,-14.78333333,0,0,0,0,0,0
38,null,101,4.25,-7.391666667,0,0,0,0,0,0
38,null,103,8.5,-7.391666667,0,0,0,0,0,0
39,null,85,8.5,-14.78333333,0,0,0,0,0,0
39,null,87,12.75,-14.78333333,0,0,0,0,0,0
39,null,103,8.5,-7.391666667,0,0,0,0,0,0
39,null,105,12.75,-7.391666667,0,0,0,0,0,0
40,null,87,12.75,-14.78333333,0,0,0,0,0,0
40,null,89,17,-14.78333333,-0.2716537054,-0.174064721,0,0,0,0
40,null,105,12.75,-7.391666667,0,0,0,0,0,0
40,null,107,17,-7.391666667,-0.2977235649,-0.1784461097,0,0,0,0
41,null,91,-17,-7.391666667,0.2602593013,0.1393458083,0,0,0,0
41,null,93,-12.75,-7.391666667,0,0,0,0,0,0
41,null,109,-17,0,0.2570779642,0.1557795897,0,0,0,0
41,null,111,-12.75,0,0,0,0,0,0,0
42,null,93,-12.75,-7.391666667,0,0,0,0,0,0
42,null,95,-8.5,-7.391666667,0,0,0,0,0,0
42,null,111,-12.75,0,0,0,0,0,0,0
42,null,113,-8.5,0,0,0,0,0,0,0
43,null,95,-8.5,-7.391666667,0,0,0,0,0,0
43,null,97,-4.25,-7.391666667,0,0,0,0,0,0
43,null,113,-8.5,0,0,0,0,0,0,0
43,null,115,-4.25,0,0,0,0,0,0,0
44,null,97,-4.25,-7.391666667,0,0,0,0,0,0
44,null,99,0,-7.391666667,0,0,0,0,0,0
44,null,115,-4.25,0,0,0,0,0,0,0
44,null,117,0,0,0,0,0,0,0,0
45,null,99,0,-7.391666667,0,0,0,0,0,0
45,null,101,4.25,-7.391666667,0,0,0,0,0,0
45,null,117,0,0,0,0,0,0,0,0
45,null,119,4.25,0,0,0,0,0,0,0
46,null,101,4.25,-7.391666667,0,0,0,0,0,0
46,null,103,8.5,-7.391666667,0,0,0,0,0,0
46,null,119,4.25,0,0,0,0,0,0,0
46,null,121,8.5,0,0,0,0,0,0,0
47,null,103,8.5,-7.391666667,0,0,0,0,0,0
47,null,105,12.75,-7.391666667,0,0,0,0,0,0
47,null,121,8.5,0,0,0,0,0,0,0
47,null,123,12.75,0,0,0,0,0,0,0
48,null,105,12.75,-7.391666667,0,0,0,0,0,0
48,null,107,17,-7.391666667,-0.2977235649,-0.1784461097,0,0,0,0
48,null,123,12.75,0,0,0,0,0,0,0
48,null,125,17,0,-0.3244251718,-0.1841108177,0,0,0,0
49,null,109,-17,0,0.2570779642,0.1557795897,0,0,0,0
49,null,111,-12.75,0,0,0,0,0,0,0
49,null,127,-17,7.391666667,0.2476465046,0.1664115931,0,0,0,0
49,null,129,-12.75,7.391666667,0,0,0,0,0,0
50,null,111,-12.75,0,0,0,0,0,0,0
50,null,113,-8.5,0,0,0,0,0,0,0
50,null,129,-12.75,7.391666667,0,0,0,0,0,0
50,null,131,-8.5,7.391666667,0,0,0,0,0,0
51,null,113,-8.5,0,0,0,0,0,0,0
51,null,115,-4.25,0,0,0,0,0,0,0
51,null,131,-8.5,7.391666667,0,0,0,0,0,0
51,null,133,-4.25,7.391666667,0,0,0,0,0,0
52,null,115,-4.25,0,0,0,0,0,0,0
52,null,117,0,0,0,0,0,0,0,0
52,null,133,-4.25,7.391666667,0,0,0,0,0,0
52,null,135,0,7.391666667,0,0,0,0,0,0
53,null,117,0,0,0,0,0,0,0,0
53,null,119,4.25,0,0,0,0,0,0,0
53,null,135,0,7.391666667,0,0,0,0,0,0
53,null,137,4.25,7.391666667,0,0,0,0,0,0
54,null,119,4.25,0,0,0,0,0,0,0
54,null,121,8.5,0,0,0,0,0,0,0
54,null,137,4.25,7.391666667,0,0,0,0,0,0
54,null,139,8.5,7.391666667,0,0,0,0,0,0
55,null,121,8.5,0,0,0,0,0,0,0
55,null,123,12.75,0,0,0,0,0,0,0
55,null,139,8.5,7.391666667,0,0,0,0,0,0
55,null,141,12.75,7.391666667,0,0,0,0,0,0
56,null,123,12.75,0,0,0,0,0,0,0
56,null,125,17,0,-0.3244251718,-0.1841108177,0,0,0,0
56,null,141,12.75,7.391666667,0,0,0,0,0,0
56,null,143,17,7.391666667,-0.3496320756,-0.1881932856,0,0,0,0
57,null,127,-17,7.391666667,0.2476465046,0.1664115931,0,0,0,0
57,null,129,-12.75,7.391666667,0,0,0,0,0,0
57,null,145,-17,14.78333333,0.2260033196,0.1680543978,0,0,0,0
57,null,147,-12.75,14.78333333,0,0,0,0,0,0
58,null,129,-12.75,7.391666667,0,0,0,0,0,0
58,null,131,-8.5,7.391666667,0,0,0,0,0,0
58,null,147,-12.75,14.78333333,0,0,0,0,0,0
58,null,149,-8.5,14.78333333,0,0,0,0,0,0
59,null,131,-8.5,7.391666667,0,0,0,0,0,0
59,null,133,-4.25,7.391666667,0,0,0,0,0,0
59,null,149,-8.5,14.78333333,0,0,0,0,0,0
59,null,151,-4.25,14.78333333,0,0,0,0,0,0
60,null,133,-4.25,7.391666667,0,0,0,0,0,0
60,null,135,0,7.391666667,0,0,0,0,0,0
60,null,151,-4.25,14.78333333,0,0,0,0,0,0
60,null,153,0,14.78333333,0,0,0,0,0,0
61,null,135,0,7.391666667,0,0,0,0,0,0
61,null,137,4.25,7.391666667,0,0,0,0,0,0
61,null,153,0,14.78333333,0,0,0,0,0,0
61,null,155,4.25,14.78333333,0,0,0,0,0,0
62,null,137,4.25,7.391666667,0,0,0,0,0,0
62,null,139,8.5,7.391666667,0,0,0,0,0,0
62,null,155,4.25,14.78333333,0,0,0,0,0,0
62,null,157,8.5,14.78333333,0,0,0,0,0,0
63,null,139,8.5,7.391666667,0,0,0,0,0,0
63,null,141,12.75,7.391666667,0,0,0,0,0,0
63,null,157,8.5,14.78333333,0,0,0,0,0,0
63,null,159,12.75,14.78333333,0,0,0,0,0,0
64,null,141,12.75,7.391666667,0,0,0,0,0,0
64,null,143,17,7.391666667,-0.3496320756,-0.1881932856,0,0,0,0
64,null,159,12.75,14.78333333,0,0,0,0,0,0
64,null,161,17,14.78333333,-0.3842678899,-0.1924952416,0,0,0,0
65,null,145,-17,14.78333333,0.2260033196,0.1680543978,0,0,0,0
65,null,147,-12.75,14.78333333,0,0,0,0,0,0
65,null,163,-17,22.175,0.2026014551,0.1683368053,0,0,0,0
65,null,165,-12.75,22.175,0,0,0,0,0,0
66,null,147,-12.75,14.78333333,0,0,0,0,0,0
66,null,149,-8.5,14.78333333,0,0,0,0,0,0
66,null,165,-12.75,22.175,0,0,0,0,0,0
66,null,167,-8.5,22.175,0,0,0,0,0,0
67,null,149,-8.5,14.78333333,0,0,0,0,0,0
67,null,151,-4.25,14.78333333,0,0,0,0,0,0
67,null,167,-8.5,22.175,0,0,0,0,0,0
67,null,169,-4.25,22.175,0,0,0,0,0,0
68,null,151,-4.25,14.78333333,0,0,0,0,0,0
68,null,153,0,14.78333333,0,0,0,0,0,0
68,null,169,-4.25,22.175,0,0,0,0,0,0
68,null,171,0,22.175,0,0,0,0,0,0
69,null,153,0,14.78333333,0,0,0,0,0,0
69,null,155,4.25,14.78333333,0,0,0,0,0,0
69,null,171,0,22.175,0,0,0,0,0,0
69,null,173,4.25,22.175,0,0,0,0,0,0
70,null,155,4.25,14.78333333,0,0,0,0,0,0
70,null,157,8.5,14.78333333,0,0,0,0,0,0
70,null,173,4.25,22.175,0,0,0,0,0,0
70,null,175,8.5,22.175,0,0,0,0,0,0
71,null,157,8.5,14.78333333,0,0,0,0,0,0
71,null,159,12.75,14.78333333,0,0,0,0,0,0
71,null,175,8.5,22.175,0,0,0,0,0,0
71,null,177,12.75,22.175,0,0,0,0,0,0
72,null,159,12.75,14.78333333,0,0,0,0,0,0
72,null,161,17,14.78333333,-0.3842678899,-0.1924952416,0,0,0,0
72,null,177,12.75,22.175,0,0,0,0,0,0
72,null,179,17,22.175,-0.3977499505,-0.1956004359,0,0,0,0
73,null,163,-17,22.175,0.2026014551,0.1683368053,0,0,0,0
73,null,165,-12.75,22.175,0,0,0,0,0,0
73,null,181,-17,27.35,0.1807138426,0.165383054,0,0,0,0
73,null,183,-12.75,27.35,0,0,0,0,0,0
74,null,165,-12.75,22.175,0,0,0,0,0,0
74,null,167,-8.5,22.175,0,0,0,0,0,0
74,null,183,-12.75,27.35,0,0,0,0,0,0
74,null,185,-8.5,27.35,0,0,0,0,0,0
75,null,167,-8.5,22.175,0,0,0,0,0,0
75,null,169,-4.25,22.175,0,0,0,0,0,0
75,null,185,-8.5,27.35,0,0,0,0,0,0
75,null,187,-4.25,27.35,0,0,0,0,0,0
76,null,169,-4.25,22.175,0,0,0,0,0,0
76,null,171,0,22.175,0,0,0,0,0,0
76,null,187,-4.25,27.35,0,0,0,0,0,0
76,null,189,0,27.35,0,0,0,0,0,0
77,null,171,0,22.175,0,0,0,0,0,0
77,null,173,4.25,22.175,0,0,0,0,0,0
77,null,189,0,27.35,0,0,0,0,0,0
77,null,191,4.25,27.35,0,0,0,0,0,0
78,null,173,4.25,22.175,0,0,0,0,0,0
78,null,175,8.5,22.175,0,0,0,0,0,0
78,null,191,4.25,27.35,0,0,0,0,0,0
78,null,193,8.5,27.35,0,0,0,0,0,0
79,null,175,8.5,22.175,0,0,0,0,0,0
79,null,177,12.75,22.175,0,0,0,0,0,0
79,null,193,8.5,27.35,0,0,0,0,0,0
79,null,195,12.75,27.35,0,0,0,0,0,0
80,null,177,12.75,22.175,0,0,0,0,0,0
80,null,179,17,22.175,-0.3977499505,-0.1956004359,0,0,0,0
80,null,195,12.75,27.35,0,0,0,0,0,0
80,null,197,17,27.35,-0.4002089313,-0.1983463926,0,0,0,0
81,null,181,-17,27.35,0.1807138426,0.165383054,0,0,0,0
81,null,183,-12.75,27.35,0,0,0,0,0,0
81,null,199,-16.85486247,29.56666667,0.1703547864,0.1637554238,0,0,0,0
81,null,201,-12.64114685,29.56666667,0,0,0,0,0,0
82,null,183,-12.75,27.35,0,0,0,0,0,0
82,null,185,-8.5,27.35,0,0,0,0,0,0
82,null,201,-12.64114685,29.56666667,0,0,0,0,0,0
82,null,203,-8.427431235,29.56666667,0,0,0,0,0,0
83,null,185,-8.5,27.35,0,0,0,0,0,0
83,null,187,-4.25,27.35,0,0,0,0,0,0
83,null,203,-8.427431235,29.56666667,0,0,0,0,0,0
83,null,205,-4.213715618,29.56666667,0,0,0,0,0,0
84,null,187,-4.25,27.35,0,0,0,0,0,0
84,null,189,0,27.35,0,0,0,0,0,0
84,null,205,-4.213715618,29.56666667,0,0,0,0,0,0
84,null,207,0,29.56666667,0,0,0,0,0,0
85,null,189,0,27.35,0,0,0,0,0,0
85,null,191,4.25,27.35,0,0,0,0,0,0
85,null,207,0,29.56666667,0,0,0,0,0,0
85,null,209,4.213715618,29.56666667,0,0,0,0,0,0
86,null,191,4.25,27.35,0,0,0,0,0,0
86,null,193,8.5,27.35,0,0,0,0,0,0
86,null,209,4.213715618,29.56666667,0,0,0,0,0,0
86,null,211,8.427431235,29.56666667,0,0,0,0,0,0
87,null,193,8.5,27.35,0,0,0,0,0,0
87,null,195,12.75,27.35,0,0,0,0,0,0
87,null,211,8.427431235,29.56666667,0,0,0,0,0,0
87,null,213,12.64114685,29.56666667,0,0,0,0,0,0
88,null,195,12.75,27.35,0,0,0,0,0,0
88,null,197,17,27.35,-0.4002089313,-0.1983463926,0,0,0,0
88,null,213,12.64114685,29.56666667,0,0,0,0,0,0
88,null,215,16.85486247,29.56666667,-0.4004901696,-0.1999460012,0,0,0,0
89,null,199,-16.85486247,29.56666667,0.1703547864,0.1637554238,0,0,0,0
89,null,201,-12.64114685,29.56666667,0,0,0,0,0,0
89,null,217,-16.42073905,31.74992377,0.1614299228,0.1640782796,0,0,0,0
89,null,219,-12.31555429,31.74992377,0,0,0,0,0,0
90,null,201,-12.64114685,29.56666667,0,0,0,0,0,0
90,null,203,-8.427431235,29.56666667,0,0,0,0,0,0
90,null,219,-12.31555429,31.74992377,0,0,0,0,0,0
90,null,221,-8.210369523,31.74992377,0,0,0,0,0,0
91,null,203,-8.427431235,29.56666667,0,0,0,0,0,0
91,null,205,-4.213715618,29.56666667,0,0,0,0,0,0
91,null,221,-8.210369523,31.74992377,0,0,0,0,0,0
91,null,223,-4.105184762,31.74992377,0,0,0,0,0,0
92,null,205,-4.213715618,29.56666667,0,0,0,0,0,0
92,null,207,0,29.56666667,0,0,0,0,0,0
92,null,223,-4.105184762,31.74992377,0,0,0,0,0,0
92,null,225,0,31.74992377,0,0,0,0,0,0
93,null,207,0,29.56666667,0,0,0,0,0,0
93,null,209,4.213715618,29.56666667,0,0,0,0,0,0
93,null,225,0,31.74992377,0,0,0,0,0,0
93,null,227,4.105184762,31.74992377,0,0,0,0,0,0
94,null,209,4.213715618,29.56666667,0,0,0,0,0,0
94,null,211,8.427431235,29.56666667,0,0,0,0,0,0
94,null,227,4.105184762,31.74992377,0,0,0,0,0,0
94,null,229,8.210369523,31.74992377,0,0,0,0,0,0
95,null,211,8.427431235,29.56666667,0,0,0,0,0,0
95,null,213,12.64114685,29.56666667,0,0,0,0,0,0
95,null,229,8.210369523,31.74992377,0,0,0,0,0,0
95,null,231,12.31555429,31.74992377,0,0,0,0,0,0
96,null,213,12.64114685,29.56666667,0,0,0,0,0,0
96,null,215,16.85486247,29.56666667,-0.4004901696,-0.1999460012,0,0,0,0
96,null,231,12.31555429,31.74992377,0,0,0,0,0,0
96,null,233,16.42073905,31.74992377,-0.3988054929,-0.1998392163,0,0,0,0
97,null,217,-16.42073905,31.74992377,0.1614299228,0.1640782796,0,0,0,0
97,null,219,-12.31555429,31.74992377,0,0,0,0,0,0
97,null,235,-14.72243186,35.85,0.1426213329,0.1676643974,0,0,0,0
97,null,237,-11.0418239,35.85,0,0,0,0,0,0
98,null,219,-12.31555429,31.74992377,0,0,0,0,0,0
98,null,221,-8.210369523,31.74992377,0,0,0,0,0,0
98,null,237,-11.0418239,35.85,0,0,0,0,0,0
98,null,239,-7.361215932,35.85,0,0,0,0,0,0
99,null,221,-8.210369523,31.74992377,0,0,0,0,0,0
99,null,223,-4.105184762,31.74992377,0,0,0,0,0,0
99,null,239,-7.361215932,35.85,0,0,0,0,0,0
99,null,241,-3.680607966,35.85,0,0,0,0,0,0
100,null,223,-4.105184762,31.74992377,0,0,0,0,0,0
100,null,225,0,31.74992377,0,0,0,0,0,0
100,null,241,-3.680607966,35.85,0,0,0,0,0,0
100,null,243,0,35.85,0,0,0,0,0,0
101,null,225,0,31.74992377,0,0,0,0,0,0
101,null,227,4.105184762,31.74992377,0,0,0,0,0,0
101,null,243,0,35.85,0,0,0,0,0,0
101,null,245,3.680607966,35.85,0,0,0,0,0,0
102,null,227,4.105184762,31.74992377,0,0,0,0,0,0
102,null,229,8.210369523,31.74992377,0,0,0,0,0,0
102,null,245,3.680607966,35.85,0,0,0,0,0,0
102,null,247,7.361215932,35.85,0,0,0,0,0,0
103,null,229,8.210369523,31.74992377,0,0,0,0,0,0
103,null,231,12.31555429,31.74992377,0,0,0,0,0,0
103,null,247,7.361215932,35.85,0,0,0,0,0,0
103,null,249,11.0418239,35.85,0,0,0,0,0,0
104,null,231,12.31555429,31.74992377,0,0,0,0,0,0
104,null,233,16.42073905,31.74992377,-0.3988054929,-0.1998392163,0,0,0,0
104,null,249,11.0418239,35.85,0,0,0,0,0,0
104,null,251,14.72243186,35.85,-0.3793453855,-0.1903808989,0,0,0,0
105,null,235,-14.72243186,35.85,0.1426213329,0.1676643974,0,0,0,0
105,null,237,-11.0418239,35.85,0,0,0,0,0,0
105,null,253,-14.02426221,36.95833333,0.1376729244,0.1692351849,0,0,0,0
105,null,255,-10.51819666,36.95833333,0,0,0,0,0,0
106,null,237,-11.0418239,35.85,0,0,0,0,0,0
106,null,239,-7.361215932,35.85,0,0,0,0,0,0
106,null,255,-10.51819666,36.95833333,0,0,0,0,0,0
106,null,257,-7.012131105,36.95833333,0,0,0,0,0,0
107,null,239,-7.361215932,35.85,0,0,0,0,0,0
107,null,241,-3.680607966,35.85,0,0,0,0,0,0
107,null,257,-7.012131105,36.95833333,0,0,0,0,0,0
107,null,259,-3.506065553,36.95833333,0,0,0,0,0,0
108,null,241,-3.680607966,35.85,0,0,0,0,0,0
108,null,243,0,35.85,0,0,0,0,0,0
108,null,259,-3.506065553,36.95833333,0,0,0,0,0,0
108,null,261,0,36.95833333,0,0,0,0,0,0
109,null,243,0,35.85,0,0,0,0,0,0
109,null,245,3.680607966,35.85,0,0,0,0,0,0
109,null,261,0,36.95833333,0,0,0,0,0,0
109,null,263,3.506065553,36.95833333,0,0,0,0,0,0
110,null,245,3.680607966,35.85,0,0,0,0,0,0
110,null,247,7.361215932,35.85,0,0,0,0,0,0
110,null,263,3.506065553,36.95833333,0,0,0,0,0,0
110,null,265,7.012131105,36.95833333,0,0,0,0,0,0
111,null,247,7.361215932,35.85,0,0,0,0,0,0
111,null,249,11.0418239,35.85,0,0,0,0,0,0
111,null,265,7.012131105,36.95833333,0,0,0,0,0,0
111,null,267,10.51819666,36.95833333,0,0,0,0,0,0
112,null,249,11.0418239,35.85,0,0,0,0,0,0
112,null,251,14.72243186,35.85,-0.3793453855,-0.1903808989,0,0,0,0
112,null,267,10.51819666,36.95833333,0,0,0,0,0,0
112,null,269,14.02426221,36.95833333,-0.3419529806,-0.1629751847,0,0,0,0
113,null,253,-14.02426221,36.95833333,0.1376729244,0.1692351849,0,0,0,0
113,null,255,-10.51819666,36.95833333,0,0,0,0,0,0
113,null,271,-12.02081528,39.37081528,0.1262192962,0.1740718729,0,0,0,0
113,null,273,-9.01561146,39.37081528,0,0,0,0,0,0
114,null,255,-10.51819666,36.95833333,0,0,0,0,0,0
114,null,257,-7.012131105,36.95833333,0,0,0,0,0,0
114,null,273,-9.01561146,39.37081528,0,0,0,0,0,0
114,null,275,-6.01040764,39.37081528,0,0,0,0,0,0
115,null,257,-7.012131105,36.95833333,0,0,0,0,0,0
115,null,259,-3.506065553,36.95833333,0,0,0,0,0,0
115,null,275,-6.01040764,39.37081528,0,0,0,0,0,0
115,null,277,-3.00520382,39.37081528,0,0,0,0,0,0
116,null,259,-3.506065553,36.95833333,0,0,0,0,0,0
116,null,261,0,36.95833333,0,0,0,0,0,0
116,null,277,-3.00520382,39.37081528,0,0,0,0,0,0
116,null,279,0,39.37081528,0,0,0,0,0,0
117,null,261,0,36.95833333,0,0,0,0,0,0
117,null,263,3.506065553,36.95833333,0,0,0,0,0,0
117,null,279,0,39.37081528,0,0,0,0,0,0
117,null,281,3.00520382,39.37081528,0,0,0,0,0,0
118,null,263,3.506065553,36.95833333,0,0,0,0,0,0
118,null,265,7.012131105,36.95833333,0,0,0,0,0,0
118,null,281,3.00520382,39.37081528,0,0,0,0,0,0
118,null,283,6.01040764,39.37081528,0,0,0,0,0,0
119,null,265,7.012131105,36.95833333,0,0,0,0,0,0
119,null,267,10.51819666,36.95833333,0,0,0,0,0,0
119,null,283,6.01040764,39.37081528,0,0,0,0,0,0
119,null,285,9.01561146,39.37081528,0,0,0,0,0,0
120,null,267,10.51819666,36.95833333,0,0,0,0,0,0
120,null,269,14.02426221,36.95833333,-0.3419529806,-0.1629751847,0,0,0,0
120,null,285,9.01561146,39.37081528,0,0,0,0,0,0
120,null,287,12.02081528,39.37081528,-0.01921452059,0.1115292625,0,0,0,0
121,null,271,-12.02081528,39.37081528,0.1262192962,0.1740718729,0,0,0,0
121,null,273,-9.01561146,39.37081528,0,0,0,0,0,0
121,null,289,-8.5,42.07243186,0.1119522967,0.1832206204,0,0,0,0
121,null,291,-6.375,42.07243186,0,0,0,0,0,0
122,null,273,-9.01561146,39.37081528,0,0,0,0,0,0
122,null,275,-6.01040764,39.37081528,0,0,0,0,0,0
122,null,291,-6.375,42.07243186,0,0,0,0,0,0
122,null,293,-4.25,42.07243186,0,0,0,0,0,0
123,null,275,-6.01040764,39.37081528,0,0,0,0,0,0
123,null,277,-3.00520382,39.37081528,0,0,0,0,0,0
123,null,293,-4.25,42.07243186,0,0,0,0,0,0
123,null,295,-2.125,42.07243186,0,0,0,0,0,0
124,null,277,-3.00520382,39.37081528,0,0,0,0,0,0
124,null,279,0,39.37081528,0,0,0,0,0,0
124,null,295,-2.125,42.07243186,0,0,0,0,0,0
124,null,297,0,42.07243186,0,0,0,0,0,0
125,null,279,0,39.37081528,0,0,0,0,0,0
125,null,281,3.00520382,39.37081528,0,0,0,0,0,0
125,null,297,0,42.07243186,0,0,0,0,0,0
125,null,299,2.125,42.07243186,0,0,0,0,0,0
126,null,281,3.00520382,39.37081528,0,0,0,0,0,0
126,null,283,6.01040764,39.37081528,0,0,0,0,0,0
126,null,299,2.125,42.07243186,0,0,0,0,0,0
126,null,301,4.25,42.07243186,0,0,0,0,0,0
127,null,283,6.01040764,39.37081528,0,0,0,0,0,0
127,null,285,9.01561146,39.37081528,0,0,0,0,0,0
127,null,301,4.25,42.07243186,0,0,0,0,0,0
127,null,303,6.375,42.07243186,0,0,0,0,0,0
128,null,285,9.01561146,39.37081528,0,0,0,0,0,0
128,null,287,12.02081528,39.37081528,-0.01921452059,0.1115292625,0,0,0,0
128,null,303,6.375,42.07243186,0,0,0,0,0,0
128,null,305,8.5,42.07243186,0.05051071381,0.1863051124,0,0,0,0
129,null,289,-8.5,42.07243186,0.1119522967,0.1832206204,0,0,0,0
129,null,291,-6.375,42.07243186,0,0,0,0,0,0
129,null,307,-4.399923767,43.77073905,0.09899232447,0.1906780144,0,0,0,0
129,null,309,-3.299942825,43.77073905,0,0,0,0,0,0
130,null,291,-6.375,42.07243186,0,0,0,0,0,0
130,null,293,-4.25,42.07243186,0,0,0,0,0,0
130,null,309,-3.299942825,43.77073905,0,0,0,0,0,0
130,null,311,-2.199961883,43.77073905,0,0,0,0,0,0
131,null,293,-4.25,42.07243186,0,0,0,0,0,0
131,null,295,-2.125,42.07243186,0,0,0,0,0,0
131,null,311,-2.199961883,43.77073905,0,0,0,0,0,0
131,null,313,-1.099980942,43.77073905,0,0,0,0,0,0
132,null,295,-2.125,42.07243186,0,0,0,0,0,0
132,null,297,0,42.07243186,0,0,0,0,0,0
132,null,313,-1.099980942,43.77073905,0,0,0,0,0,0
132,null,315,0,43.77073905,0,0,0,0,0,0
133,null,297,0,42.07243186,0,0,0,0,0,0
133,null,299,2.125,42.07243186,0,0,0,0,0,0
133,null,315,0,43.77073905,0,0,0,0,0,0
133,null,317,1.099980942,43.77073905,0,0,0,0,0,0
134,null,299,2.125,42.07243186,0,0,0,0,0,0
134,null,301,4.25,42.07243186,0,0,0,0,0,0
134,null,317,1.099980942,43.77073905,0,0,0,0,0,0
134,null,319,2.199961883,43.77073905,0,0,0,0,0,0
135,null,301,4.25,42.07243186,0,0,0,0,0,0
135,null,303,6.375,42.07243186,0,0,0,0,0,0
135,null,319,2.199961883,43.77073905,0,0,0,0,0,0
135,null,321,3.299942825,43.77073905,0,0,0,0,0,0
136,null,303,6.375,42.07243186,0,0,0,0,0,0
136,null,305,8.5,42.07243186,0.05051071381,0.1863051124,0,0,0,0
136,null,321,3.299942825,43.77073905,0,0,0,0,0,0
136,null,323,4.399923767,43.77073905,0.06883032893,0.1927397836,0,0,0,0
137,null,307,-4.399923767,43.77073905,0.09899232447,0.1906780144,0,0,0,0
137,null,309,-3.299942825,43.77073905,0,0,0,0,0,0
137,null,325,-2,44.35,0.09104589717,0.1943567028,0,0,0,0
137,null,327,-1.5,44.35,0.08941034485,0.1939589895,0,0,0,0
138,null,309,-3.299942825,43.77073905,0,0,0,0,0,0
138,null,311,-2.199961883,43.77073905,0,0,0,0,0,0
138,null,327,-1.5,44.35,0.08941034485,0.1939589895,0,0,0,0
138,null,329,-1,44.35,0.08774217935,0.1937102576,0,0,0,0
139,null,311,-2.199961883,43.77073905,0,0,0,0,0,0
139,null,313,-1.099980942,43.77073905,0,0,0,0,0,0
139,null,329,-1,44.35,0.08774217935,0.1937102576,0,0,0,0
139,null,331,-0.5,44.35,0.08608143482,0.1935480763,0,0,0,0
140,null,313,-1.099980942,43.77073905,0,0,0,0,0,0
140,null,315,0,43.77073905,0,0,0,0,0,0
140,null,331,-0.5,44.35,0.08608143482,0.1935480763,0,0,0,0
140,null,333,0,44.35,0.08442342404,0.1934987704,0,0,0,0
141,null,315,0,43.77073905,0,0,0,0,0,0
141,null,317,1.099980942,43.77073905,0,0,0,0,0,0
141,null,333,0,44.35,0.08442342404,0.1934987704,0,0,0,0
141,null,335,0.5,44.35,0.08277059524,0.1936270929,0,0,0,0
142,null,317,1.099980942,43.77073905,0,0,0,0,0,0
142,null,319,2.199961883,43.77073905,0,0,0,0,0,0
142,null,335,0.5,44.35,0.08277059524,0.1936270929,0,0,0,0
142,null,337,1,44.35,0.0811274252,0.1939634729,0,0,0,0
143,null,319,2.199961883,43.77073905,0,0,0,0,0,0
143,null,321,3.299942825,43.77073905,0,0,0,0,0,0
143,null,337,1,44.35,0.0811274252,0.1939634729,0,0,0,0
143,null,339,1.5,44.35,0.07949592511,0.1944981201,0,0,0,0
144,null,321,3.299942825,43.77073905,0,0,0,0,0,0
144,null,323,4.399923767,43.77073905,0.06883032893,0.1927397836,0,0,0,0
144,null,339,1.5,44.35,0.07949592511,0.1944981201,0,0,0,0
144,null,341,2,44.35,0.07786394095,0.1951873171,0,0,0,0
145,softening-ubiquitous,1,-17,-44.35,0.07397368825,-0.05062571349,-4031102.952,-4023910.043,4017625.262,224
145,softening-ubiquitous,343,-17.15255338,-44.99341632,0.0710360482,-0.05435638246,-4031102.952,-4023910.043,4017625.262,224
145,softening-ubiquitous,2,-12.75,-44.35,0.04604134989,-0.03874077493,-4031102.952,-4023910.043,4017625.262,224
145,softening-ubiquitous,345,-12.86441504,-44.99341632,0.04301512152,-0.05117372285,-4031102.952,-4023910.043,4017625.262,224
146,softening-ubiquitous,2,-12.75,-44.35,0.04604134989,-0.03874077493,422418.218,422418.218,-422418.218,232
146,softening-ubiquitous,345,-12.86441504,-44.99341632,0.04301512152,-0.05117372285,422418.218,422418.218,-422418.218,232
146,softening-ubiquitous,9,-8.5,-44.35,0.01894591837,-0.04829329229,422418.218,422418.218,-422418.218,232
146,softening-ubiquitous,347,-8.57627669,-44.99341632,0.008446176442,-0.06176033252,422418.218,422418.218,-422418.218,232
147,softening-ubiquitous,9,-8.5,-44.35,0.01894591837,-0.04829329229,-76890.86712,-76890.86712,76890.86713,224
147,softening-ubiquitous,347,-8.57627669,-44.99341632,0.008446176442,-0.06176033252,-76890.86712,-76890.86712,76890.86713,224
147,softening-ubiquitous,13,-4.25,-44.35,-0.009300647497,-0.06254828943,-76890.86712,-76890.86712,76890.86713,224
147,softening-ubiquitous,349,-4.288138345,-44.99341632,-0.02385292389,-0.07934696482,-76890.86712,-76890.86712,76890.86713,224
148,softening-ubiquitous,13,-4.25,-44.35,-0.009300647497,-0.06254828943,126021.8389,126021.8389,-126021.8389,224
148,softening-ubiquitous,349,-4.288138345,-44.99341632,-0.02385292389,-0.07934696482,126021.8389,126021.8389,-126021.8389,224
148,softening-ubiquitous,17,0,-44.35,-0.03678950718,-0.07933319094,126021.8389,126021.8389,-126021.8389,224
148,softening-ubiquitous,351,0,-44.99341632,-0.05210567444,-0.09643609988,126021.8389,126021.8389,-126021.8389,224
149,softening-ubiquitous,17,0,-44.35,-0.03678950718,-0.07933319094,31115.30663,31115.30663,-31115.30662,224
149,softening-ubiquitous,351,0,-44.99341632,-0.05210567444,-0.09643609988,31115.30663,31115.30663,-31115.30662,224
149,softening-ubiquitous,21,4.25,-44.35,-0.06244323586,-0.09499223651,31115.30663,31115.30663,-31115.30662,224
149,softening-ubiquitous,353,4.288138345,-44.99341632,-0.0757539312,-0.1100247959,31115.30663,31115.30663,-31115.30662,224
150,softening-ubiquitous,21,4.25,-44.35,-0.06244323586,-0.09499223651,-145417.9641,-145400.9775,145409.4708,224
150,softening-ubiquitous,353,4.288138345,-44.99341632,-0.0757539312,-0.1100247959,-145417.9641,-145400.9775,145409.4708,224
150,softening-ubiquitous,25,8.5,-44.35,-0.08593691573,-0.1094094531,-145417.9641,-145400.9775,145409.4708,224
150,softening-ubiquitous,355,8.57627669,-44.99341632,-0.09556380278,-0.1203237222,-145417.9641,-145400.9775,145409.4708,224
151,softening-ubiquitous,25,8.5,-44.35,-0.08593691573,-0.1094094531,727314.755,727371.1545,-727342.9526,240
151,softening-ubiquitous,355,8.57627669,-44.99341632,-0.09556380278,-0.1203237222,727314.755,727371.1545,-727342.9526,240
151,softening-ubiquitous,29,12.75,-44.35,-0.1081894019,-0.1185370245,727314.755,727371.1545,-727342.9526,240
151,softening-ubiquitous,357,12.86441504,-44.99341632,-0.1143086993,-0.1278198617,727314.755,727371.1545,-727342.9526,240
152,softening-ubiquitous,29,12.75,-44.35,-0.1081894019,-0.1185370245,-7628273.164,-4391880.601,-4227040.542,68
152,softening-ubiquitous,357,12.86441504,-44.99341632,-0.1143086993,-0.1278198617,-7628273.164,-4391880.601,-4227040.542,68
152,softening-ubiquitous,33,17,-44.35,-0.1305750735,-0.1401580607,-7628273.164,-4391880.601,-4227040.542,68
152,softening-ubiquitous,359,17.15255338,-44.99341632,-0.1277717431,-0.1385967787,-7628273.164,-4391880.601,-4227040.542,68
153,softening-ubiquitous,33,17,-44.35,-0.1305750735,-0.1401580607,-5833140.826,-4592230.664,-698832.6804,64
153,softening-ubiquitous,359,17.15255338,-44.99341632,-0.1277717431,-0.1385967787,-5833140.826,-4592230.664,-698832.6804,64
153,softening-ubiquitous,35,17,-36.95833333,-0.1724013137,-0.1515398448,-5833140.826,-4592230.664,-698832.6804,64
153,softening-ubiquitous,361,17.18670711,-37.66461705,-0.1671792208,-0.1491249375,-5833140.826,-4592230.664,-698832.6804,64
154,softening-ubiquitous,35,17,-36.95833333,-0.1724013137,-0.1515398448,990058.3839,966656.2357,-1015991.124,192
154,softening-ubiquitous,361,17.18670711,-37.66461705,-0.1671792208,-0.1491249375,990058.3839,966656.2357,-1015991.124,192
154,softening-ubiquitous,53,17,-29.56666667,-0.2102652208,-0.1609104449,990058.3839,966656.2357,-1015991.124,192
154,softening-ubiquitous,363,17.22973181,-30.33581779,-0.2054444659,-0.1581281317,990058.3839,966656.2357,-1015991.124,192
155,softening-ubiquitous,53,17,-29.56666667,-0.2102652208,-0.1609104449,-375637.6374,-531342.9114,234321.6531,192
155,softening-ubiquitous,363,17.22973181,-30.33581779,-0.2054444659,-0.1581281317,-375637.6374,-531342.9114,234321.6531,192
155,softening-ubiquitous,71,17,-22.175,-0.2421056049,-0.1671891747,-375637.6374,-531342.9114,234321.6531,192
155,softening-ubiquitous,365,17.28559949,-23.00701852,-0.2364398186,-0.1637219628,-375637.6374,-531342.9114,234321.6531,192
156,softening-ubiquitous,71,17,-22.175,-0.2421056049,-0.1671891747,274530.2949,206330.0098,-337787.1377,192
156,softening-ubiquitous,365,17.28559949,-23.00701852,-0.2364398186,-0.1637219628,274530.2949,206330.0098,-337787.1377,192
156,softening-ubiquitous,89,17,-14.78333333,-0.2716537054,-0.174064721,274530.2949,206330.0098,-337787.1377,192
156,softening-ubiquitous,367,17.36106948,-15.67821926,-0.2653033747,-0.169516809,274530.2949,206330.0098,-337787.1377,192
157,softening-ubiquitous,89,17,-14.78333333,-0.2716537054,-0.174064721,-156261.7462,-195871.6263,120300.9102,192
157,softening-ubiquitous,367,17.36106948,-15.67821926,-0.2653033747,-0.169516809,-156261.7462,-195871.6263,120300.9102,192
157,softening-ubiquitous,107,17,-7.391666667,-0.2977235649,-0.1784461097,-156261.7462,-195871.6263,120300.9102,192
157,softening-ubiquitous,369,17.46865358,-8.349419991,-0.2880956592,-0.1706040715,-156261.7462,-195871.6263,120300.9102,192
158,softening-ubiquitous,107,17,-7.391666667,-0.2977235649,-0.1784461097,91493.59909,78335.95222,-103330.1465,192
158,softening-ubiquitous,369,17.46865358,-8.349419991,-0.2880956592,-0.1706040715,91493.59909,78335.95222,-103330.1465,192
158,softening-ubiquitous,125,17,0,-0.3244251718,-0.1841108177,91493.59909,78335.95222,-103330.1465,192
158,softening-ubiquitous,371,17.63438948,-1.020620726,-0.3107953926,-0.1718842798,91493.59909,78335.95222,-103330.1465,192
159,softening-ubiquitous,125,17,0,-0.3244251718,-0.1841108177,-58993.57169,-63416.49292,54422.02911,192
159,softening-ubiquitous,371,17.63438948,-1.020620726,-0.3107953926,-0.1718842798,-58993.57169,-63416.49292,54422.02911,192
159,softening-ubiquitous,143,17,7.391666667,-0.3496320756,-0.1881932856,-58993.57169,-63416.49292,54422.02911,192
159,softening-ubiquitous,373,17.70592934,6.562891785,-0.333082299,-0.1723666734,-58993.57169,-63416.49292,54422.02911,192
160,softening-ubiquitous,143,17,7.391666667,-0.3496320756,-0.1881932856,149523.5118,140915.9301,-241184.1793,192
160,softening-ubiquitous,373,17.70592934,6.562891785,-0.333082299,-0.1723666734,149523.5118,140915.9301,-241184.1793,192
160,softening-ubiquitous,161,17,14.78333333,-0.3842678899,-0.1924952416,149523.5118,140915.9301,-241184.1793,192
160,softening-ubiquitous,375,17.70592934,14.2614993,-0.3630727096,-0.1710928241,149523.5118,140915.9301,-241184.1793,192
161,softening-ubiquitous,161,17,14.78333333,-0.3842678899,-0.1924952416,-45090.54907,-47051.67128,-9210.07476,192
161,softening-ubiquitous,375,17.70592934,14.2614993,-0.3630727096,-0.1710928241,-45090.54907,-47051.67128,-9210.07476,192
161,softening-ubiquitous,179,17,22.175,-0.3977499505,-0.1956004359,-45090.54907,-47051.67128,-9210.07476,192
161,softening-ubiquitous,377,17.70592934,21.96010681,-0.3779295232,-0.1758165567,-45090.54907,-47051.67128,-9210.07476,192
162,softening-ubiquitous,179,17,22.175,-0.3977499505,-0.1956004359,-110980.0817,-136441.1811,87062.11395,192
162,softening-ubiquitous,377,17.70592934,21.96010681,-0.3779295232,-0.1758165567,-110980.0817,-136441.1811,87062.11395,192
162,softening-ubiquitous,197,17,27.35,-0.4002089313,-0.1983463926,-110980.0817,-136441.1811,87062.11395,192
162,softening-ubiquitous,379,17.70592934,27.35,-0.3794856187,-0.1782683865,-110980.0817,-136441.1811,87062.11395,192
163,softening-ubiquitous,197,17,27.35,-0.4002089313,-0.1983463926,176933.0497,190084.311,-257339.4226,192
163,softening-ubiquitous,379,17.70592934,27.35,-0.3794856187,-0.1782683865,176933.0497,190084.311,-257339.4226,192
163,softening-ubiquitous,215,16.85486247,29.56666667,-0.4004901696,-0.1999460012,176933.0497,190084.311,-257339.4226,192
163,softening-ubiquitous,381,17.56202623,29.65966928,-0.3801025459,-0.1809686411,176933.0497,190084.311,-257339.4226,192
164,softening-ubiquitous,215,16.85486247,29.56666667,-0.4004901696,-0.1999460012,363822.4441,495055.7809,-695569.9919,204
164,softening-ubiquitous,381,17.56202623,29.65966928,-0.3801025459,-0.1809686411,363822.4441,495055.7809,-695569.9919,204
164,softening-ubiquitous,233,16.42073905,31.74992377,-0.3988054929,-0.1998392163,363822.4441,495055.7809,-695569.9919,204
164,softening-ubiquitous,383,17.1315951,31.94039707,-0.3824748504,-0.1875019153,363822.4441,495055.7809,-695569.9919,204
165,softening-ubiquitous,233,16.42073905,31.74992377,-0.3988054929,-0.1998392163,821981.2308,536696.0538,-1073699.132,200
165,softening-ubiquitous,383,17.1315951,31.94039707,-0.3824748504,-0.1875019153,821981.2308,536696.0538,-1073699.132,200
165,softening-ubiquitous,251,14.72243186,35.85,-0.3793453855,-0.1903808989,821981.2308,536696.0538,-1073699.132,200
165,softening-ubiquitous,385,15.44773231,36.26875241,-0.3700291206,-0.1939394539,821981.2308,536696.0538,-1073699.132,200
166,softening-ubiquitous,251,14.72243186,35.85,-0.3793453855,-0.1903808989,-8194260.736,-8194689.551,8194475.143,240
166,softening-ubiquitous,385,15.44773231,36.26875241,-0.3700291206,-0.1939394539,-8194260.736,-8194689.551,8194475.143,240
166,softening-ubiquitous,269,14.02426221,36.95833333,-0.3419529806,-0.1629751847,-8194260.736,-8194689.551,8194475.143,240
166,softening-ubiquitous,387,14.75550071,37.45932106,0.02761340375,0.1975210132,-8194260.736,-8194689.551,8194475.143,240
167,softening-ubiquitous,269,14.02426221,36.95833333,-0.3419529806,-0.1629751847,-10111675.56,-10112585.07,10112130.32,229
167,softening-ubiquitous,387,14.75550071,37.45932106,0.02761340375,0.1975210132,-10111675.56,-10112585.07,10112130.32,229
167,softening-ubiquitous,287,12.02081528,39.37081528,-0.01921452059,0.1115292625,-10111675.56,-10112585.07,10112130.32,229
167,softening-ubiquitous,389,12.70658042,40.05658042,0.02333476596,0.1886839985,-10111675.56,-10112585.07,10112130.32,229
168,softening-ubiquitous,287,12.02081528,39.37081528,-0.01921452059,0.1115292625,306657.5429,901378.0673,-1421009.225,234
168,softening-ubiquitous,389,12.70658042,40.05658042,0.02333476596,0.1886839985,306657.5429,901378.0673,-1421009.225,234
168,softening-ubiquitous,305,8.5,42.07243186,0.05051071381,0.1863051124,306657.5429,901378.0673,-1421009.225,234
168,softening-ubiquitous,391,8.882660499,42.73521929,0.04793809313,0.1941820208,306657.5429,901378.0673,-1421009.225,234
169,softening-ubiquitous,305,8.5,42.07243186,0.05051071381,0.1863051124,641920.9485,699484.6656,-856623.5567,224
169,softening-ubiquitous,391,8.882660499,42.73521929,0.04793809313,0.1941820208,641920.9485,699484.6656,-856623.5567,224
169,softening-ubiquitous,323,4.399923767,43.77073905,0.06883032893,0.1927397836,641920.9485,699484.6656,-856623.5567,224
169,softening-ubiquitous,393,4.573646758,44.41908208,0.06805841113,0.196117596,641920.9485,699484.6656,-856623.5567,224
170,softening-ubiquitous,323,4.399923767,43.77073905,0.06883032893,0.1927397836,-675180.5429,-1360089.299,-379593.2136,192
170,softening-ubiquitous,393,4.573646758,44.41908208,0.06805841113,0.196117596,-675180.5429,-1360089.299,-379593.2136,192
170,softening-ubiquitous,341,2,44.35,0.07786394095,0.1951873171,-675180.5429,-1360089.299,-379593.2136,192
170,softening-ubiquitous,395,2.075696037,44.99341632,0.07768151967,0.1976315661,-675180.5429,-1360089.299,-379593.2136,192
171,softening-ubiquitous,341,2,44.35,0.07786394095,0.1951873171,-1187369.215,-1178182.229,1147173.092,192
171,softening-ubiquitous,395,2.075696037,44.99341632,0.07768151967,0.1976315661,-1187369.215,-1178182.229,1147173.092,192
171,softening-ubiquitous,339,1.5,44.35,0.07949592511,0.1944981201,-1187369.215,-1178182.229,1147173.092,192
171,softening-ubiquitous,397,1.556772028,44.99341632,0.07918787745,0.1972329528,-1187369.215,-1178182.229,1147173.092,192
172,softening-ubiquitous,339,1.5,44.35,0.07949592511,0.1944981201,-472017.2606,-503775.9921,332428.8976,192
172,softening-ubiquitous,397,1.556772028,44.99341632,0.07918787745,0.1972329528,-472017.2606,-503775.9921,332428.8976,192
172,softening-ubiquitous,337,1,44.35,0.0811274252,0.1939634729,-472017.2606,-503775.9921,332428.8976,192
172,softening-ubiquitous,399,1.037848019,44.99341632,0.0809135019,0.1968241733,-472017.2606,-503775.9921,332428.8976,192
173,softening-ubiquitous,337,1,44.35,0.0811274252,0.1939634729,-105640.7722,-135145.2574,-31328.15484,192
173,softening-ubiquitous,399,1.037848019,44.99341632,0.0809135019,0.1968241733,-105640.7722,-135145.2574,-31328.15484,192
173,softening-ubiquitous,335,0.5,44.35,0.08277059524,0.1936270929,-105640.7722,-135145.2574,-31328.15484,192
173,softening-ubiquitous,401,0.5189240093,44.99341632,0.08282302969,0.1965859273,-105640.7722,-135145.2574,-31328.15484,192
174,softening-ubiquitous,335,0.5,44.35,0.08277059524,0.1936270929,-50700.99443,-69083.76573,-67528.99951,192
174,softening-ubiquitous,401,0.5189240093,44.99341632,0.08282302969,0.1965859273,-50700.99443,-69083.76573,-67528.99951,192
174,softening-ubiquitous,333,0,44.35,0.08442342404,0.1934987704,-50700.99443,-69083.76573,-67528.99951,192
174,softening-ubiquitous,403,0,44.99341632,0.08480325403,0.1964890782,-50700.99443,-69083.76573,-67528.99951,192
175,softening-ubiquitous,333,0,44.35,0.08442342404,0.1934987704,2360.994686,5463.12052,-65802.95143,192
175,softening-ubiquitous,403,0,44.99341632,0.08480325403,0.1964890782,2360.994686,5463.12052,-65802.95143,192
175,softening-ubiquitous,331,-0.5,44.35,0.08608143482,0.1935480763,2360.994686,5463.12052,-65802.95143,192
175,softening-ubiquitous,405,-0.5189240093,44.99341632,0.08672578552,0.1965211668,2360.994686,5463.12052,-65802.95143,192
176,softening-ubiquitous,331,-0.5,44.35,0.08608143482,0.1935480763,38444.55364,42712.5929,-65867.4695,192
176,softening-ubiquitous,405,-0.5189240093,44.99341632,0.08672578552,0.1965211668,38444.55364,42712.5929,-65867.4695,192
176,softening-ubiquitous,329,-1,44.35,0.08774217935,0.1937102576,38444.55364,42712.5929,-65867.4695,192
176,softening-ubiquitous,407,-1.037848019,44.99341632,0.08854239301,0.1966363554,38444.55364,42712.5929,-65867.4695,192
177,softening-ubiquitous,329,-1,44.35,0.08774217935,0.1937102576,124871.1137,121571.6302,-129598.101,192
177,softening-ubiquitous,407,-1.037848019,44.99341632,0.08854239301,0.1966363554,124871.1137,121571.6302,-129598.101,192
177,softening-ubiquitous,327,-1.5,44.35,0.08941034485,0.1939589895,124871.1137,121571.6302,-129598.101,192
177,softening-ubiquitous,409,-1.556772028,44.99341632,0.09023718857,0.1967801462,124871.1137,121571.6302,-129598.101,192
178,softening-ubiquitous,327,-1.5,44.35,0.08941034485,0.1939589895,-726276.0509,-956597.5888,412859.3187,192
178,softening-ubiquitous,409,-1.556772028,44.99341632,0.09023718857,0.1967801462,-726276.0509,-956597.5888,412859.3187,192
178,softening-ubiquitous,325,-2,44.35,0.09104589717,0.1943567028,-726276.0509,-956597.5888,412859.3187,192
178,softening-ubiquitous,411,-2.075696037,44.99341632,0.09196701794,0.196800242,-726276.0509,-956597.5888,412859.3187,192
179,softening-ubiquitous,325,-2,44.35,0.09104589717,0.1943567028,-987611.0788,-881208.9186,557781.232,192
179,softening-ubiquitous,411,-2.075696037,44.99341632,0.09196701794,0.196800242,-987611.0788,-881208.9186,557781.232,192
179,softening-ubiquitous,307,-4.399923767,43.77073905,0.09899232447,0.1906780144,-987611.0788,-881208.9186,557781.232,192
179,softening-ubiquitous,413,-4.573646758,44.41908208,0.09927124822,0.1933748991,-987611.0788,-881208.9186,557781.232,192
180,softening-ubiquitous,307,-4.399923767,43.77073905,0.09899232447,0.1906780144,-6277842.652,-1601930.848,-3245112.631,64
180,softening-ubiquitous,413,-4.573646758,44.41908208,0.09927124822,0.1933748991,-6277842.652,-1601930.848,-3245112.631,64
180,softening-ubiquitous,289,-8.5,42.07243186,0.1119522967,0.1832206204,-6277842.652,-1601930.848,-3245112.631,64
180,softening-ubiquitous,415,-8.882660499,42.73521929,0.1096201306,0.1823521344,-6277842.652,-1601930.848,-3245112.631,64
181,softening-ubiquitous,289,-8.5,42.07243186,0.1119522967,0.1832206204,-10024073.62,-5879636.055,-5980515.713,0
181,softening-ubiquitous,415,-8.882660499,42.73521929,0.1096201306,0.1823521344,-10024073.62,-5879636.055,-5980515.713,0
181,softening-ubiquitous,271,-12.02081528,39.37081528,0.1262192962,0.1740718729,-10024073.62,-5879636.055,-5980515.713,0
181,softening-ubiquitous,417,-12.70658042,40.05658042,0.1231017927,0.1722529379,-10024073.62,-5879636.055,-5980515.713,0
182,softening-ubiquitous,271,-12.02081528,39.37081528,0.1262192962,0.1740718729,-6036120.807,-6392303.132,-6041557.78,0
182,softening-ubiquitous,417,-12.70658042,40.05658042,0.1231017927,0.1722529379,-6036120.807,-6392303.132,-6041557.78,0
182,softening-ubiquitous,253,-14.02426221,36.95833333,0.1376729244,0.1692351849,-6036120.807,-6392303.132,-6041557.78,0
182,softening-ubiquitous,419,-14.75550071,37.45932106,0.1351481595,0.1667813171,-6036120.807,-6392303.132,-6041557.78,0
183,softening-ubiquitous,253,-14.02426221,36.95833333,0.1376729244,0.1692351849,-4642059.069,-7749967.628,-4358979.077,0
183,softening-ubiquitous,419,-14.75550071,37.45932106,0.1351481595,0.1667813171,-4642059.069,-7749967.628,-4358979.077,0
183,softening-ubiquitous,235,-14.72243186,35.85,0.1426213329,0.1676643974,-4642059.069,-7749967.628,-4358979.077,0
183,softening-ubiquitous,421,-15.44773231,36.26875241,0.140463051,0.1647739444,-4642059.069,-7749967.628,-4358979.077,0
184,softening-ubiquitous,235,-14.72243186,35.85,0.1426213329,0.1676643974,-1758914.444,-2831282.885,-2325832.27,64
184,softening-ubiquitous,421,-15.44773231,36.26875241,0.140463051,0.1647739444,-1758914.444,-2831282.885,-2325832.27,64
184,softening-ubiquitous,217,-16.42073905,31.74992377,0.1614299228,0.1640782796,-1758914.444,-2831282.885,-2325832.27,64
184,softening-ubiquitous,423,-17.1315951,31.94039707,0.1588817097,0.1602037961,-1758914.444,-2831282.885,-2325832.27,64
185,softening-ubiquitous,217,-16.42073905,31.74992377,0.1614299228,0.1640782796,251894.901,321742.2691,-382993.755,192
185,softening-ubiquitous,423,-17.1315951,31.94039707,0.1588817097,0.1602037961,251894.901,321742.2691,-382993.755,192
185,softening-ubiquitous,199,-16.85486247,29.56666667,0.1703547864,0.1637554238,251894.901,321742.2691,-382993.755,192
185,softening-ubiquitous,425,-17.56202623,29.65966928,0.1687299913,0.160138512,251894.901,321742.2691,-382993.755,192
186,softening-ubiquitous,199,-16.85486247,29.56666667,0.1703547864,0.1637554238,-422072.9355,-123393.5487,-137591.6373,208
186,softening-ubiquitous,425,-17.56202623,29.65966928,0.1687299913,0.160138512,-422072.9355,-123393.5487,-137591.6373,208
186,softening-ubiquitous,181,-17,27.35,0.1807138426,0.165383054,-422072.9355,-123393.5487,-137591.6373,208
186,softening-ubiquitous,427,-17.70592934,27.35,0.1786523127,0.161118341,-422072.9355,-123393.5487,-137591.6373,208
187,softening-ubiquitous,181,-17,27.35,0.1807138426,0.165383054,-160104.1956,-27468.25743,-88557.52236,192
187,softening-ubiquitous,427,-17.70592934,27.35,0.1786523127,0.161118341,-160104.1956,-27468.25743,-88557.52236,192
187,softening-ubiquitous,163,-17,22.175,0.2026014551,0.1683368053,-160104.1956,-27468.25743,-88557.52236,192
187,softening-ubiquitous,429,-17.70592934,21.96010681,0.2011177081,0.1644621578,-160104.1956,-27468.25743,-88557.52236,192
188,softening-ubiquitous,163,-17,22.175,0.2026014551,0.1683368053,152483.2265,182085.6811,-208365.5095,192
188,softening-ubiquitous,429,-17.70592934,21.96010681,0.2011177081,0.1644621578,152483.2265,182085.6811,-208365.5095,192
188,softening-ubiquitous,145,-17,14.78333333,0.2260033196,0.1680543978,152483.2265,182085.6811,-208365.5095,192
188,softening-ubiquitous,431,-17.70592934,14.2614993,0.2258085022,0.1640590588,152483.2265,182085.6811,-208365.5095,192
189,softening-ubiquitous,145,-17,14.78333333,0.2260033196,0.1680543978,186800.0925,253809.1177,-312568.0575,192
189,softening-ubiquitous,431,-17.70592934,14.2614993,0.2258085022,0.1640590588,186800.0925,253809.1177,-312568.0575,192
189,softening-ubiquitous,127,-17,7.391666667,0.2476465046,0.1664115931,186800.0925,253809.1177,-312568.0575,192
189,softening-ubiquitous,433,-17.70592934,6.562891785,0.2440833838,0.1590194949,186800.0925,253809.1177,-312568.0575,192
190,softening-ubiquitous,127,-17,7.391666667,0.2476465046,0.1664115931,-151969.3907,153502.6355,-420405.3859,208
190,softening-ubiquitous,433,-17.70592934,6.562891785,0.2440833838,0.1590194949,-151969.3907,153502.6355,-420405.3859,208
190,softening-ubiquitous,109,-17,0,0.2570779642,0.1557795897,-151969.3907,153502.6355,-420405.3859,208
190,softening-ubiquitous,435,-17.63438948,-1.020620726,0.2474669786,0.1421680301,-151969.3907,153502.6355,-420405.3859,208
191,softening-ubiquitous,109,-17,0,0.2570779642,0.1557795897,-199496.4013,-950.2846958,-172527.6168,216
191,softening-ubiquitous,435,-17.63438948,-1.020620726,0.2474669786,0.1421680301,-199496.4013,-950.2846958,-172527.6168,216
191,softening-ubiquitous,91,-17,-7.391666667,0.2602593013,0.1393458083,-199496.4013,-950.2846958,-172527.6168,216
191,softening-ubiquitous,437,-17.46865358,-8.349419991,0.2518659778,0.1286419927,-199496.4013,-950.2846958,-172527.6168,216
192,softening-ubiquitous,91,-17,-7.391666667,0.2602593013,0.1393458083,490482.7217,731683.7781,-942436.1412,208
192,softening-ubiquitous,437,-17.46865358,-8.349419991,0.2518659778,0.1286419927,490482.7217,731683.7781,-942436.1412,208
192,softening-ubiquitous,73,-17,-14.78333333,0.252411898,0.1168079082,490482.7217,731683.7781,-942436.1412,208
192,softening-ubiquitous,439,-17.36106948,-15.67821926,0.24709542,0.1092030907,490482.7217,731683.7781,-942436.1412,208
193,softening-ubiquitous,73,-17,-14.78333333,0.252411898,0.1168079082,-262759.1823,33926.49873,-293153.1577,216
193,softening-ubiquitous,439,-17.36106948,-15.67821926,0.24709542,0.1092030907,-262759.1823,33926.49873,-293153.1577,216
193,softening-ubiquitous,55,-17,-22.175,0.2322542948,0.08288324338,-262759.1823,33926.49873,-293153.1577,216
193,softening-ubiquitous,441,-17.28559949,-23.00701852,0.2247110944,0.07564002374,-262759.1823,33926.49873,-293153.1577,216
194,softening-ubiquitous,55,-17,-22.175,0.2322542948,0.08288324338,312306.8307,632081.0906,-911484.9991,216
194,softening-ubiquitous,441,-17.28559949,-23.00701852,0.2247110944,0.07564002374,312306.8307,632081.0906,-911484.9991,216
194,softening-ubiquitous,37,-17,-29.56666667,0.1960928746,0.04539781945,312306.8307,632081.0906,-911484.9991,216
194,softening-ubiquitous,443,-17.22973181,-30.33581779,0.1853859862,0.03511103684,312306.8307,632081.0906,-911484.9991,216
195,softening-ubiquitous,37,-17,-29.56666667,0.1960928746,0.04539781945,61656.26405,107233.3093,-147076.8019,250
195,softening-ubiquitous,443,-17.22973181,-30.33581779,0.1853859862,0.03511103684,61656.26405,107233.3093,-147076.8019,250
195,softening-ubiquitous,4,-17,-36.95833333,0.1411965957,-0.003866953269,61656.26405,107233.3093,-147076.8019,250
195,softening-ubiquitous,445,-17.18670711,-37.66461705,0.1297394185,-0.01140528558,61656.26405,107233.3093,-147076.8019,250
196,softening-ubiquitous,4,-17,-36.95833333,0.1411965957,-0.003866953269,-5147569.018,-5172127.615,5051072.719,213
196,softening-ubiquitous,445,-17.18670711,-37.66461705,0.1297394185,-0.01140528558,-5147569.018,-5172127.615,5051072.719,213
196,softening-ubiquitous,1,-17,-44.35,0.07397368825,-0.05062571349,-5147569.018,-5172127.615,5051072.719,213
196,softening-ubiquitous,343,-17.15255338,-44.99341632,0.0710360482,-0.05435638246,-5147569.018,-5172127.615,5051072.719,213
197,softening-ubiquitous,343,-17.15255338,-44.99341632,0.0710360482,-0.05435638246,-5816672.154,-5816615.667,5816566.186,208
197,softening-ubiquitous,447,-17.43148612,-46.16985616,0.06575290916,-0.06062444739,-5816672.154,-5816615.667,5816566.186,208
197,softening-ubiquitous,345,-12.86441504,-44.99341632,0.04301512152,-0.05117372285,-5816672.154,-5816615.667,5816566.186,208
197,softening-ubiquitous,449,-13.07361459,-46.16985616,0.03707925598,-0.06724268191,-5816672.154,-5816615.667,5816566.186,208
198,softening-ubiquitous,345,-12.86441504,-44.99341632,0.04301512152,-0.05117372285,-108329.7184,-104485.2028,101126.07,240
198,softening-ubiquitous,449,-13.07361459,-46.16985616,0.03707925598,-0.06724268191,-108329.7184,-104485.2028,101126.07,240
198,softening-ubiquitous,347,-8.57627669,-44.99341632,0.008446176442,-0.06176033252,-108329.7184,-104485.2028,101126.07,240
198,softening-ubiquitous,451,-8.71574306,-46.16985616,0.0009675579719,-0.07602622021,-108329.7184,-104485.2028,101126.07,240
199,softening-ubiquitous,347,-8.57627669,-44.99341632,0.008446176442,-0.06176033252,308102.1178,318517.9454,-327618.8104,208
199,softening-ubiquitous,451,-8.71574306,-46.16985616,0.0009675579719,-0.07602622021,308102.1178,318517.9454,-327618.8104,208
199,softening-ubiquitous,349,-4.288138345,-44.99341632,-0.02385292389,-0.07934696482,308102.1178,318517.9454,-327618.8104,208
199,softening-ubiquitous,453,-4.35787153,-46.16985616,-0.03050537954,-0.09019644491,308102.1178,318517.9454,-327618.8104,208
200,softening-ubiquitous,349,-4.288138345,-44.99341632,-0.02385292389,-0.07934696482,-7991.169356,19925.8014,-44318.05625,208
200,softening-ubiquitous,453,-4.35787153,-46.16985616,-0.03050537954,-0.09019644491,-7991.169356,19925.8014,-44318.05625,208
200,softening-ubiquitous,351,0,-44.99341632,-0.05210567444,-0.09643609988,-7991.169356,19925.8014,-44318.05625,208
200,softening-ubiquitous,455,0,-46.16985616,-0.05748284503,-0.105164251,-7991.169356,19925.8014,-44318.05625,208
201,softening-ubiquitous,351,0,-44.99341632,-0.05210567444,-0.09643609988,39191.52008,112517.5817,-176585.4033,240
201,softening-ubiquitous,455,0,-46.16985616,-0.05748284503,-0.105164251,39191.52008,112517.5817,-176585.4033,240
201,softening-ubiquitous,353,4.288138345,-44.99341632,-0.0757539312,-0.1100247959,39191.52008,112517.5817,-176585.4033,240
201,softening-ubiquitous,457,4.35787153,-46.16985616,-0.08001794499,-0.1174863432,39191.52008,112517.5817,-176585.4033,240
202,softening-ubiquitous,353,4.288138345,-44.99341632,-0.0757539312,-0.1100247959,-325140.8653,-135095.6816,-31079.58727,192
202,softening-ubiquitous,457,4.35787153,-46.16985616,-0.08001794499,-0.1174863432,-325140.8653,-135095.6816,-31079.58727,192
202,softening-ubiquitous,355,8.57627669,-44.99341632,-0.09556380278,-0.1203237222,-325140.8653,-135095.6816,-31079.58727,192
202,softening-ubiquitous,459,8.71574306,-46.16985616,-0.09934839234,-0.1267277966,-325140.8653,-135095.6816,-31079.58727,192
203,softening-ubiquitous,355,8.57627669,-44.99341632,-0.09556380278,-0.1203237222,-1285414.974,117863.3096,-1344021.08,80
203,softening-ubiquitous,459,8.71574306,-46.16985616,-0.09934839234,-0.1267277966,-1285414.974,117863.3096,-1344021.08,80
203,softening-ubiquitous,357,12.86441504,-44.99341632,-0.1143086993,-0.1278198617,-1285414.974,117863.3096,-1344021.08,80
203,softening-ubiquitous,461,13.07361459,-46.16985616,-0.1157094178,-0.1337703211,-1285414.974,117863.3096,-1344021.08,80
204,softening-ubiquitous,357,12.86441504,-44.99341632,-0.1143086993,-0.1278198617,-16340587.08,-7976882.355,-8461923.106,69
204,softening-ubiquitous,461,13.07361459,-46.16985616,-0.1157094178,-0.1337703211,-16340587.08,-7976882.355,-8461923.106,69
204,softening-ubiquitous,359,17.15255338,-44.99341632,-0.1277717431,-0.1385967787,-16340587.08,-7976882.355,-8461923.106,69
204,softening-ubiquitous,463,17.43148612,-46.16985616,-0.1228163755,-0.1363691371,-16340587.08,-7976882.355,-8461923.106,69
205,softening-ubiquitous,359,17.15255338,-44.99341632,-0.1277717431,-0.1385967787,-8770555.391,-9444333.38,-3334898.548,64
205,softening-ubiquitous,463,17.43148612,-46.16985616,-0.1228163755,-0.1363691371,-8770555.391,-9444333.38,-3334898.548,64
205,softening-ubiquitous,361,17.18670711,-37.66461705,-0.1671792208,-0.1491249375,-8770555.391,-9444333.38,-3334898.548,64
205,softening-ubiquitous,465,17.52808746,-38.95600536,-0.1588786564,-0.1453574719,-8770555.391,-9444333.38,-3334898.548,64
206,softening-ubiquitous,361,17.18670711,-37.66461705,-0.1671792208,-0.1491249375,528522.3111,497371.2391,-571383.9145,208
206,softening-ubiquitous,465,17.52808746,-38.95600536,-0.1588786564,-0.1453574719,528522.3111,497371.2391,-571383.9145,208
206,softening-ubiquitous,363,17.22973181,-30.33581779,-0.2054444659,-0.1581281317,528522.3111,497371.2391,-571383.9145,208
206,softening-ubiquitous,467,17.64977969,-31.74215456,-0.1969998942,-0.1535558344,528522.3111,497371.2391,-571383.9145,208
207,softening-ubiquitous,363,17.22973181,-30.33581779,-0.2054444659,-0.1581281317,35057.4412,-85189.74923,-144648.045,192
207,softening-ubiquitous,467,17.64977969,-31.74215456,-0.1969998942,-0.1535558344,35057.4412,-85189.74923,-144648.045,192
207,softening-ubiquitous,365,17.28559949,-23.00701852,-0.2364398186,-0.1637219628,35057.4412,-85189.74923,-144648.045,192
207,softening-ubiquitous,469,17.80779735,-24.52830375,-0.228665471,-0.1595349882,35057.4412,-85189.74923,-144648.045,192
208,softening-ubiquitous,365,17.28559949,-23.00701852,-0.2364398186,-0.1637219628,-40508.77425,-142591.0964,-51378.80765,192
208,softening-ubiquitous,469,17.80779735,-24.52830375,-0.228665471,-0.1595349882,-40508.77425,-142591.0964,-51378.80765,192
208,softening-ubiquitous,367,17.36106948,-15.67821926,-0.2653033747,-0.169516809,-40508.77425,-142591.0964,-51378.80765,192
208,softening-ubiquitous,471,18.02125871,-17.31445295,-0.2566504596,-0.1641335109,-40508.77425,-142591.0964,-51378.80765,192
209,softening-ubiquitous,367,17.36106948,-15.67821926,-0.2653033747,-0.169516809,43465.33456,-2842.69719,-84745.6429,192
209,softening-ubiquitous,471,18.02125871,-17.31445295,-0.2566504596,-0.1641335109,43465.33456,-2842.69719,-84745.6429,192
209,softening-ubiquitous,369,17.46865358,-8.349419991,-0.2880956592,-0.1706040715,43465.33456,-2842.69719,-84745.6429,192
209,softening-ubiquitous,473,18.3255525,-10.10060215,-0.2798457968,-0.1652875162,43465.33456,-2842.69719,-84745.6429,192
210,softening-ubiquitous,369,17.46865358,-8.349419991,-0.2880956592,-0.1706040715,-30807.77546,-49704.38017,14274.09036,208
210,softening-ubiquitous,473,18.3255525,-10.10060215,-0.2798457968,-0.1652875162,-30807.77546,-49704.38017,14274.09036,208
210,softening-ubiquitous,371,17.63438948,-1.020620726,-0.3107953926,-0.1718842798,-30807.77546,-49704.38017,14274.09036,208
210,softening-ubiquitous,475,18.79432442,-2.886751346,-0.3012979153,-0.1648899054,-30807.77546,-49704.38017,14274.09036,208
211,softening-ubiquitous,371,17.63438948,-1.020620726,-0.3107953926,-0.1718842798,54461.73067,47197.83133,-61129.89676,192
211,softening-ubiquitous,475,18.79432442,-2.886751346,-0.3012979153,-0.1648899054,54461.73067,47197.83133,-61129.89676,192
211,softening-ubiquitous,373,17.70592934,6.562891785,-0.333082299,-0.1723666734,54461.73067,47197.83133,-61129.89676,192
211,softening-ubiquitous,477,18.99666968,5.047537311,-0.3246947987,-0.1652576255,54461.73067,47197.83133,-61129.89676,192
212,softening-ubiquitous,373,17.70592934,6.562891785,-0.333082299,-0.1723666734,81649.42416,69256.23849,-154206.0418,192
212,softening-ubiquitous,477,18.99666968,5.047537311,-0.3246947987,-0.1652576255,81649.42416,69256.23849,-154206.0418,192
212,softening-ubiquitous,375,17.70592934,14.2614993,-0.3630727096,-0.1710928241,81649.42416,69256.23849,-154206.0418,192
212,softening-ubiquitous,479,18.99666968,13.30736378,-0.3551518284,-0.1627321858,81649.42416,69256.23849,-154206.0418,192
213,softening-ubiquitous,375,17.70592934,14.2614993,-0.3630727096,-0.1710928241,-11408.32383,-19739.84554,-50881.09804,192
213,softening-ubiquitous,479,18.99666968,13.30736378,-0.3551518284,-0.1627321858,-11408.32383,-19739.84554,-50881.09804,192
213,softening-ubiquitous,377,17.70592934,21.96010681,-0.3779295232,-0.1758165567,-11408.32383,-19739.84554,-50881.09804,192
213,softening-ubiquitous,481,18.99666968,21.56719026,-0.3721641086,-0.1701175233,-11408.32383,-19739.84554,-50881.09804,192
214,softening-ubiquitous,377,17.70592934,21.96010681,-0.3779295232,-0.1758165567,-47132.03506,-58319.84599,1263.142717,192
214,softening-ubiquitous,481,18.99666968,21.56719026,-0.3721641086,-0.1701175233,-47132.03506,-58319.84599,1263.142717,192
214,softening-ubiquitous,379,17.70592934,27.35,-0.3794856187,-0.1782683865,-47132.03506,-58319.84599,1263.142717,192
214,softening-ubiquitous,483,18.99666968,27.35,-0.3736417057,-0.1741183387,-47132.03506,-58319.84599,1263.142717,192
215,softening-ubiquitous,379,17.70592934,27.35,-0.3794856187,-0.1782683865,382661.6697,357879.9679,-423290.8401,192
215,softening-ubiquitous,483,18.99666968,27.35,-0.3736417057,-0.1741183387,382661.6697,357879.9679,-423290.8401,192
215,softening-ubiquitous,381,17.56202623,29.65966928,-0.3801025459,-0.1809686411,382661.6697,357879.9679,-423290.8401,192
215,softening-ubiquitous,485,18.85502362,29.82971779,-0.3731998,-0.1781738178,382661.6697,357879.9679,-423290.8401,192
216,softening-ubiquitous,381,17.56202623,29.65966928,-0.3801025459,-0.1809686411,239744.1596,93530.74891,-414513.871,192
216,softening-ubiquitous,485,18.85502362,29.82971779,-0.3731998,-0.1781738178,239744.1596,93530.74891,-414513.871,192
216,softening-ubiquitous,383,17.1315951,31.94039707,-0.3824748504,-0.1875019153,239744.1596,93530.74891,-414513.871,192
216,softening-ubiquitous,487,18.43134358,32.28866363,-0.3712308005,-0.1857128634,239744.1596,93530.74891,-414513.871,192
217,softening-ubiquitous,383,17.1315951,31.94039707,-0.3824748504,-0.1875019153,-4414846.289,-4712081.88,4126655.994,192
217,softening-ubiquitous,487,18.43134358,32.28866363,-0.3712308005,-0.1857128634,-4414846.289,-4712081.88,4126655.994,192
217,softening-ubiquitous,385,15.44773231,36.26875241,-0.3700291206,-0.1939394539,-4414846.289,-4712081.88,4126655.994,192
217,softening-ubiquitous,489,16.77389132,37.03441067,-0.3678914036,-0.1928885106,-4414846.289,-4712081.88,4126655.994,192
218,softening-ubiquitous,385,15.44773231,36.26875241,-0.3700291206,-0.1939394539,-7314153.766,-7314153.766,7314158.76,240
218,softening-ubiquitous,489,16.77389132,37.03441067,-0.3678914036,-0.1928885106,-7314153.766,-7314153.766,7314158.76,240
218,softening-ubiquitous,387,14.75550071,37.45932106,0.02761340375,0.1975210132,-7314153.766,-7314153.766,7314158.76,240
218,softening-ubiquitous,491,16.09251702,38.37534061,0.02670472354,0.2019483503,-7314153.766,-7314153.766,7314158.76,240
219,softening-ubiquitous,387,14.75550071,37.45932106,0.02761340375,0.1975210132,-4537263.485,-4957615.416,4998571.92,0
219,softening-ubiquitous,491,16.09251702,38.37534061,0.02670472354,0.2019483503,-4537263.485,-4957615.416,4998571.92,0
219,softening-ubiquitous,389,12.70658042,40.05658042,0.02333476596,0.1886839985,-4537263.485,-4957615.416,4998571.92,0
219,softening-ubiquitous,493,13.96045201,41.31045201,0.02106855646,0.1939823093,-4537263.485,-4957615.416,4998571.92,0
220,softening-ubiquitous,389,12.70658042,40.05658042,0.02333476596,0.1886839985,-6783150.61,-6024264.971,5323911.228,64
220,softening-ubiquitous,493,13.96045201,41.31045201,0.02106855646,0.1939823093,-6783150.61,-6024264.971,5323911.228,64
220,softening-ubiquitous,391,8.882660499,42.73521929,0.04793809313,0.1941820208,-6783150.61,-6024264.971,5323911.228,64
220,softening-ubiquitous,495,9.582327335,43.9470778,0.04311130528,0.2034875222,-6783150.61,-6024264.971,5323911.228,64
221,softening-ubiquitous,391,8.882660499,42.73521929,0.04793809313,0.1941820208,-1055601.728,-1036270.755,876882.1435,192
221,softening-ubiquitous,495,9.582327335,43.9470778,0.04311130528,0.2034875222,-1055601.728,-1036270.755,876882.1435,192
221,softening-ubiquitous,393,4.573646758,44.41908208,0.06805841113,0.196117596,-1055601.728,-1036270.755,876882.1435,192
221,softening-ubiquitous,497,4.891286588,45.60453006,0.06511765111,0.2032198937,-1055601.728,-1036270.755,876882.1435,192
222,softening-ubiquitous,393,4.573646758,44.41908208,0.06805841113,0.196117596,81217.41709,-661484.9684,-963846.7857,64
222,softening-ubiquitous,497,4.891286588,45.60453006,0.06511765111,0.2032198937,81217.41709,-661484.9684,-963846.7857,64
222,softening-ubiquitous,395,2.075696037,44.99341632,0.07768151967,0.1976315661,81217.41709,-661484.9684,-963846.7857,64
222,softening-ubiquitous,499,2.214100725,46.16985616,0.07649614486,0.202740359,81217.41709,-661484.9684,-963846.7857,64
223,softening-ubiquitous,395,2.075696037,44.99341632,0.07768151967,0.1976315661,3180.056785,-61189.77391,-71841.28934,192
223,softening-ubiquitous,499,2.214100725,46.16985616,0.07649614486,0.202740359,3180.056785,-61189.77391,-71841.28934,192
223,softening-ubiquitous,397,1.556772028,44.99341632,0.07918787745,0.1972329528,3180.056785,-61189.77391,-71841.28934,192
223,softening-ubiquitous,501,1.660575544,46.16985616,0.07858239518,0.2022485118,3180.056785,-61189.77391,-71841.28934,192
224,softening-ubiquitous,397,1.556772028,44.99341632,0.07918787745,0.1972329528,-435649.9795,-563026.4105,305951.0879,192
224,softening-ubiquitous,501,1.660575544,46.16985616,0.07858239518,0.2022485118,-435649.9795,-563026.4105,305951.0879,192
224,softening-ubiquitous,399,1.037848019,44.99341632,0.0809135019,0.1968241733,-435649.9795,-563026.4105,305951.0879,192
224,softening-ubiquitous,503,1.107050362,46.16985616,0.08063366949,0.2019809425,-435649.9795,-563026.4105,305951.0879,192
225,softening-ubiquitous,399,1.037848019,44.99341632,0.0809135019,0.1968241733,-444558.2897,-712643.8969,161289.0282,64
225,softening-ubiquitous,503,1.107050362,46.16985616,0.08063366949,0.2019809425,-444558.2897,-712643.8969,161289.0282,64
225,softening-ubiquitous,401,0.5189240093,44.99341632,0.08282302969,0.1965859273,-444558.2897,-712643.8969,161289.0282,64
225,softening-ubiquitous,505,0.5535251812,46.16985616,0.08269813696,0.2017848133,-444558.2897,-712643.8969,161289.0282,64
226,softening-ubiquitous,401,0.5189240093,44.99341632,0.08282302969,0.1965859273,-407078.5189,-1013266.687,-266209.7194,64
226,softening-ubiquitous,505,0.5535251812,46.16985616,0.08269813696,0.2017848133,-407078.5189,-1013266.687,-266209.7194,64
226,softening-ubiquitous,403,0,44.99341632,0.08480325403,0.1964890782,-407078.5189,-1013266.687,-266209.7194,64
226,softening-ubiquitous,507,0,46.16985616,0.0846990342,0.2015804809,-407078.5189,-1013266.687,-266209.7194,64
227,softening-ubiquitous,403,0,44.99341632,0.08480325403,0.1964890782,-622627.4654,-867835.1178,-741370.0104,64
227,softening-ubiquitous,507,0,46.16985616,0.0846990342,0.2015804809,-622627.4654,-867835.1178,-741370.0104,64
227,softening-ubiquitous,405,-0.5189240093,44.99341632,0.08672578552,0.1965211668,-622627.4654,-867835.1178,-741370.0104,64
227,softening-ubiquitous,509,-0.5535251812,46.16985616,0.08658870669,0.2013162582,-622627.4654,-867835.1178,-741370.0104,64
228,softening-ubiquitous,405,-0.5189240093,44.99341632,0.08672578552,0.1965211668,-1205281.028,-749328.2334,-1181862.858,64
228,softening-ubiquitous,509,-0.5535251812,46.16985616,0.08658870669,0.2013162582,-1205281.028,-749328.2334,-1181862.858,64
228,softening-ubiquitous,407,-1.037848019,44.99341632,0.08854239301,0.1966363554,-1205281.028,-749328.2334,-1181862.858,64
228,softening-ubiquitous,511,-1.107050362,46.16985616,0.08828677572,0.2009753468,-1205281.028,-749328.2334,-1181862.858,64
229,softening-ubiquitous,407,-1.037848019,44.99341632,0.08854239301,0.1966363554,-2140616.304,-725000.8668,-1689448.698,64
229,softening-ubiquitous,511,-1.107050362,46.16985616,0.08828677572,0.2009753468,-2140616.304,-725000.8668,-1689448.698,64
229,softening-ubiquitous,409,-1.556772028,44.99341632,0.09023718857,0.1967801462,-2140616.304,-725000.8668,-1689448.698,64
229,softening-ubiquitous,513,-1.660575544,46.16985616,0.08972692373,0.2005599486,-2140616.304,-725000.8668,-1689448.698,64
230,softening-ubiquitous,409,-1.556772028,44.99341632,0.09023718857,0.1967801462,-2962237.935,-542760.0628,-2571725.678,64
230,softening-ubiquitous,513,-1.660575544,46.16985616,0.08972692373,0.2005599486,-2962237.935,-542760.0628,-2571725.678,64
230,softening-ubiquitous,411,-2.075696037,44.99341632,0.09196701794,0.196800242,-2962237.935,-542760.0628,-2571725.678,64
230,softening-ubiquitous,515,-2.214100725,46.16985616,0.0907479704,0.2001254824,-2962237.935,-542760.0628,-2571725.678,64
231,softening-ubiquitous,411,-2.075696037,44.99341632,0.09196701794,0.196800242,-8117917.036,-2468852.143,-3137059.646,64
231,softening-ubiquitous,515,-2.214100725,46.16985616,0.0907479704,0.2001254824,-8117917.036,-2468852.143,-3137059.646,64
231,softening-ubiquitous,413,-4.573646758,44.41908208,0.09927124822,0.1933748991,-8117917.036,-2468852.143,-3137059.646,64
231,softening-ubiquitous,517,-4.891286588,45.60453006,0.09533168724,0.1933108959,-8117917.036,-2468852.143,-3137059.646,64
232,softening-ubiquitous,413,-4.573646758,44.41908208,0.09927124822,0.1933748991,-10987187.69,-3530360.637,-4871360.904,0
232,softening-ubiquitous,517,-4.891286588,45.60453006,0.09533168724,0.1933108959,-10987187.69,-3530360.637,-4871360.904,0
232,softening-ubiquitous,415,-8.882660499,42.73521929,0.1096201306,0.1823521344,-10987187.69,-3530360.637,-4871360.904,0
232,softening-ubiquitous,519,-9.582327335,43.9470778,0.1049685966,0.1809110137,-10987187.69,-3530360.637,-4871360.904,0
233,softening-ubiquitous,415,-8.882660499,42.73521929,0.1096201306,0.1823521344,-8950634.835,-5013461.194,-5481356.573,0
233,softening-ubiquitous,519,-9.582327335,43.9470778,0.1049685966,0.1809110137,-8950634.835,-5013461.194,-5481356.573,0
233,softening-ubiquitous,417,-12.70658042,40.05658042,0.1231017927,0.1722529379,-8950634.835,-5013461.194,-5481356.573,0
233,softening-ubiquitous,521,-13.96045201,41.31045201,0.1179259901,0.1688130205,-8950634.835,-5013461.194,-5481356.573,0
234,softening-ubiquitous,417,-12.70658042,40.05658042,0.1231017927,0.1722529379,-6858120.323,-5537629.585,-5099239.911,0
234,softening-ubiquitous,521,-13.96045201,41.31045201,0.1179259901,0.1688130205,-6858120.323,-5537629.585,-5099239.911,0
234,softening-ubiquitous,419,-14.75550071,37.45932106,0.1351481595,0.1667813171,-6858120.323,-5537629.585,-5099239.911,0
234,softening-ubiquitous,523,-16.09251702,38.37534061,0.1309894912,0.1625453562,-6858120.323,-5537629.585,-5099239.911,0
235,softening-ubiquitous,419,-14.75550071,37.45932106,0.1351481595,0.1667813171,-5128773.739,-5020875.828,-4524237.732,0
235,softening-ubiquitous,523,-16.09251702,38.37534061,0.1309894912,0.1625453562,-5128773.739,-5020875.828,-4524237.732,0
235,softening-ubiquitous,421,-15.44773231,36.26875241,0.140463051,0.1647739444,-5128773.739,-5020875.828,-4524237.732,0
235,softening-ubiquitous,525,-16.77389132,37.03441067,0.1368932868,0.1604822621,-5128773.739,-5020875.828,-4524237.732,0
236,softening-ubiquitous,421,-15.44773231,36.26875241,0.140463051,0.1647739444,-2863403.041,-4734855.396,-3618256.726,0
236,softening-ubiquitous,525,-16.77389132,37.03441067,0.1368932868,0.1604822621,-2863403.041,-4734855.396,-3618256.726,0
236,softening-ubiquitous,423,-17.1315951,31.94039707,0.1588817097,0.1602037961,-2863403.041,-4734855.396,-3618256.726,0
236,softening-ubiquitous,527,-18.43134358,32.28866363,0.1566743686,0.155515822,-2863403.041,-4734855.396,-3618256.726,0
237,softening-ubiquitous,423,-17.1315951,31.94039707,0.1588817097,0.1602037961,-1627532.138,-2555364.446,-1996476.653,64
237,softening-ubiquitous,527,-18.43134358,32.28866363,0.1566743686,0.155515822,-1627532.138,-2555364.446,-1996476.653,64
237,softening-ubiquitous,425,-17.56202623,29.65966928,0.1687299913,0.160138512,-1627532.138,-2555364.446,-1996476.653,64
237,softening-ubiquitous,529,-18.85502362,29.82971779,0.166339453,0.1545163333,-1627532.138,-2555364.446,-1996476.653,64
238,softening-ubiquitous,425,-17.56202623,29.65966928,0.1687299913,0.160138512,-447692.8007,-5956.214641,-716413.9474,80
238,softening-ubiquitous,529,-18.85502362,29.82971779,0.166339453,0.1545163333,-447692.8007,-5956.214641,-716413.9474,80
238,softening-ubiquitous,427,-17.70592934,27.35,0.1786523127,0.161118341,-447692.8007,-5956.214641,-716413.9474,80
238,softening-ubiquitous,531,-18.99666968,27.35,0.1768183738,0.1552376049,-447692.8007,-5956.214641,-716413.9474,80
239,softening-ubiquitous,427,-17.70592934,27.35,0.1786523127,0.161118341,-43627.55134,136461.3636,-293896.1424,192
239,softening-ubiquitous,531,-18.99666968,27.35,0.1768183738,0.1552376049,-43627.55134,136461.3636,-293896.1424,192
239,softening-ubiquitous,429,-17.70592934,21.96010681,0.2011177081,0.1644621578,-43627.55134,136461.3636,-293896.1424,192
239,softening-ubiquitous,533,-18.99666968,21.56719026,0.1999187007,0.1582945055,-43627.55134,136461.3636,-293896.1424,192
240,softening-ubiquitous,429,-17.70592934,21.96010681,0.2011177081,0.1644621578,115023.3099,180997.5285,-239183.1549,192
240,softening-ubiquitous,533,-18.99666968,21.56719026,0.1999187007,0.1582945055,115023.3099,180997.5285,-239183.1549,192
240,softening-ubiquitous,431,-17.70592934,14.2614993,0.2258085022,0.1640590588,115023.3099,180997.5285,-239183.1549,192
240,softening-ubiquitous,535,-18.99666968,13.30736378,0.2274503522,0.159381898,115023.3099,180997.5285,-239183.1549,192
241,softening-ubiquitous,431,-17.70592934,14.2614993,0.2258085022,0.1640590588,105456.3697,1671326.27,-213731.4855,128
241,softening-ubiquitous,535,-18.99666968,13.30736378,0.2274503522,0.159381898,105456.3697,1671326.27,-213731.4855,128
241,softening-ubiquitous,433,-17.70592934,6.562891785,0.2440833838,0.1590194949,105456.3697,1671326.27,-213731.4855,128
241,softening-ubiquitous,537,-18.99666968,5.047537311,0.2469570449,0.1549170078,105456.3697,1671326.27,-213731.4855,128
242,softening-ubiquitous,433,-17.70592934,6.562891785,0.2440833838,0.1590194949,-103325.5395,150139.5769,-371577.7459,208
242,softening-ubiquitous,537,-18.99666968,5.047537311,0.2469570449,0.1549170078,-103325.5395,150139.5769,-371577.7459,208
242,softening-ubiquitous,435,-17.63438948,-1.020620726,0.2474669786,0.1421680301,-103325.5395,150139.5769,-371577.7459,208
242,softening-ubiquitous,539,-18.79432442,-2.886751346,0.2492856419,0.1368984086,-103325.5395,150139.5769,-371577.7459,208
243,softening-ubiquitous,435,-17.63438948,-1.020620726,0.2474669786,0.1421680301,201551.2423,390925.2461,-556389.8137,208
243,softening-ubiquitous,539,-18.79432442,-2.886751346,0.2492856419,0.1368984086,201551.2423,390925.2461,-556389.8137,208
243,softening-ubiquitous,437,-17.46865358,-8.349419991,0.2518659778,0.1286419927,201551.2423,390925.2461,-556389.8137,208
243,softening-ubiquitous,541,-18.3255525,-10.10060215,0.2481638396,0.1198688639,201551.2423,390925.2461,-556389.8137,208
244,softening-ubiquitous,437,-17.46865358,-8.349419991,0.2518659778,0.1286419927,-88894.33015,163359.2839,-383763.1143,208
244,softening-ubiquitous,541,-18.3255525,-10.10060215,0.2481638396,0.1198688639,-88894.33015,163359.2839,-383763.1143,208
244,softening-ubiquitous,439,-17.36106948,-15.67821926,0.24709542,0.1092030907,-88894.33015,163359.2839,-383763.1143,208
244,softening-ubiquitous,543,-18.02125871,-17.31445295,0.2431664809,0.1016220727,-88894.33015,163359.2839,-383763.1143,208
245,softening-ubiquitous,439,-17.36106948,-15.67821926,0.24709542,0.1092030907,228900.4825,531766.6089,-796392.5133,208
245,softening-ubiquitous,543,-18.02125871,-17.31445295,0.2431664809,0.1016220727,228900.4825,531766.6089,-796392.5133,208
245,softening-ubiquitous,441,-17.28559949,-23.00701852,0.2247110944,0.07564002374,228900.4825,531766.6089,-796392.5133,208
245,softening-ubiquitous,545,-17.80779735,-24.52830375,0.2175007076,0.06768791988,228900.4825,531766.6089,-796392.5133,208
246,softening-ubiquitous,441,-17.28559949,-23.00701852,0.2247110944,0.07564002374,-183604.0951,65368.89719,-282906.2431,208
246,softening-ubiquitous,545,-17.80779735,-24.52830375,0.2175007076,0.06768791988,-183604.0951,65368.89719,-282906.2431,208
246,softening-ubiquitous,443,-17.22973181,-30.33581779,0.1853859862,0.03511103684,-183604.0951,65368.89719,-282906.2431,208
246,softening-ubiquitous,547,-17.64977969,-31.74215456,0.1748026818,0.0262559742,-183604.0951,65368.89719,-282906.2431,208
247,softening-ubiquitous,443,-17.22973181,-30.33581779,0.1853859862,0.03511103684,-69194.58733,33962.2743,-124084.8896,240
247,softening-ubiquitous,547,-17.64977969,-31.74215456,0.1748026818,0.0262559742,-69194.58733,33962.2743,-124084.8896,240
247,softening-ubiquitous,445,-17.18670711,-37.66461705,0.1297394185,-0.01140528558,-69194.58733,33962.2743,-124084.8896,240
247,softening-ubiquitous,549,-17.52808746,-38.95600536,0.1190573852,-0.01767733989,-69194.58733,33962.2743,-124084.8896,240
248,softening-ubiquitous,445,-17.18670711,-37.66461705,0.1297394185,-0.01140528558,-6380574.535,-6332831.658,6291116.69,208
248,softening-ubiquitous,549,-17.52808746,-38.95600536,0.1190573852,-0.01767733989,-6380574.535,-6332831.658,6291116.69,208
248,softening-ubiquitous,343,-17.15255338,-44.99341632,0.0710360482,-0.05435638246,-6380574.535,-6332831.658,6291116.69,208
248,softening-ubiquitous,447,-17.43148612,-46.16985616,0.06575290916,-0.06062444739,-6380574.535,-6332831.658,6291116.69,208
249,softening-ubiquitous,447,-17.43148612,-46.16985616,0.06575290916,-0.06062444739,-4751960.951,-4740671.463,4730807.386,208
249,softening-ubiquitous,551,-17.79269062,-47.69328925,0.05896368243,-0.06865594205,-4751960.951,-4740671.463,4730807.386,208
249,softening-ubiquitous,449,-13.07361459,-46.16985616,0.03707925598,-0.06724268191,-4751960.951,-4740671.463,4730807.386,208
249,softening-ubiquitous,553,-13.34451796,-47.69328925,0.03164010381,-0.08077077271,-4751960.951,-4740671.463,4730807.386,208
250,softening-ubiquitous,449,-13.07361459,-46.16985616,0.03707925598,-0.06724268191,-2448355.631,-2421766.497,2398534.535,240
250,softening-ubiquitous,553,-13.34451796,-47.69328925,0.03164010381,-0.08077077271,-2448355.631,-2421766.497,2398534.535,240
250,softening-ubiquitous,451,-8.71574306,-46.16985616,0.0009675579719,-0.07602622021,-2448355.631,-2421766.497,2398534.535,240
250,softening-ubiquitous,555,-8.896345309,-47.69328925,-0.00326983338,-0.09050464389,-2448355.631,-2421766.497,2398534.535,240
251,softening-ubiquitous,451,-8.71574306,-46.16985616,0.0009675579719,-0.07602622021,186333.7427,243524.7652,-293494.8029,208
251,softening-ubiquitous,555,-8.896345309,-47.69328925,-0.00326983338,-0.09050464389,186333.7427,243524.7652,-293494.8029,208
251,softening-ubiquitous,453,-4.35787153,-46.16985616,-0.03050537954,-0.09019644491,186333.7427,243524.7652,-293494.8029,208
251,softening-ubiquitous,557,-4.448172654,-47.69328925,-0.03618326755,-0.102097438,186333.7427,243524.7652,-293494.8029,208
252,softening-ubiquitous,453,-4.35787153,-46.16985616,-0.03050537954,-0.09019644491,77386.14636,195503.3765,-298706.973,240
252,softening-ubiquitous,557,-4.448172654,-47.69328925,-0.03618326755,-0.102097438,77386.14636,195503.3765,-298706.973,240
252,softening-ubiquitous,455,0,-46.16985616,-0.05748284503,-0.105164251,77386.14636,195503.3765,-298706.973,240
252,softening-ubiquitous,559,0,-47.69328925,-0.06299663295,-0.1152967421,77386.14636,195503.3765,-298706.973,240
253,softening-ubiquitous,455,0,-46.16985616,-0.05748284503,-0.105164251,-328500.4682,-44435.49829,-203784.7591,208
253,softening-ubiquitous,559,0,-47.69328925,-0.06299663295,-0.1152967421,-328500.4682,-44435.49829,-203784.7591,208
253,softening-ubiquitous,457,4.35787153,-46.16985616,-0.08001794499,-0.1174863432,-328500.4682,-44435.49829,-203784.7591,208
253,softening-ubiquitous,561,4.448172654,-47.69328925,-0.08457555074,-0.1259701158,-328500.4682,-44435.49829,-203784.7591,208
254,softening-ubiquitous,457,4.35787153,-46.16985616,-0.08001794499,-0.1174863432,-1030742.696,148910.8171,-1179721.99,64
254,softening-ubiquitous,561,4.448172654,-47.69328925,-0.08457555074,-0.1259701158,-1030742.696,148910.8171,-1179721.99,64
254,softening-ubiquitous,459,8.71574306,-46.16985616,-0.09934839234,-0.1267277966,-1030742.696,148910.8171,-1179721.99,64
254,softening-ubiquitous,563,8.896345309,-47.69328925,-0.1019510369,-0.1339703969,-1030742.696,148910.8171,-1179721.99,64
255,softening-ubiquitous,459,8.71574306,-46.16985616,-0.09934839234,-0.1267277966,-9979304.949,-2471087.565,-4089334.648,64
255,softening-ubiquitous,563,8.896345309,-47.69328925,-0.1019510369,-0.1339703969,-9979304.949,-2471087.565,-4089334.648,64
255,softening-ubiquitous,461,13.07361459,-46.16985616,-0.1157094178,-0.1337703211,-9979304.949,-2471087.565,-4089334.648,64
255,softening-ubiquitous,565,13.34451796,-47.69328925,-0.1126692878,-0.1357775565,-9979304.949,-2471087.565,-4089334.648,64
256,softening-ubiquitous,461,13.07361459,-46.16985616,-0.1157094178,-0.1337703211,-17234959.35,-9830971.003,-10012220.86,0
256,softening-ubiquitous,565,13.34451796,-47.69328925,-0.1126692878,-0.1357775565,-17234959.35,-9830971.003,-10012220.86,0
256,softening-ubiquitous,463,17.43148612,-46.16985616,-0.1228163755,-0.1363691371,-17234959.35,-9830971.003,-10012220.86,0
256,softening-ubiquitous,567,17.79269062,-47.69328925,-0.116577578,-0.1342018608,-17234959.35,-9830971.003,-10012220.86,0
257,softening-ubiquitous,463,17.43148612,-46.16985616,-0.1228163755,-0.1363691371,-11688279.85,-13803674.02,-5735409.871,0
257,softening-ubiquitous,567,17.79269062,-47.69328925,-0.116577578,-0.1342018608,-11688279.85,-13803674.02,-5735409.871,0
257,softening-ubiquitous,465,17.52808746,-38.95600536,-0.1588786564,-0.1453574719,-11688279.85,-13803674.02,-5735409.871,0
257,softening-ubiquitous,569,17.97015861,-40.62829118,-0.1496604545,-0.1413054013,-11688279.85,-13803674.02,-5735409.871,0
258,softening-ubiquitous,465,17.52808746,-38.95600536,-0.1588786564,-0.1453574719,-749239.4126,-2490390.402,-771544.7658,64
258,softening-ubiquitous,569,17.97015861,-40.62829118,-0.1496604545,-0.1413054013,-749239.4126,-2490390.402,-771544.7658,64
258,softening-ubiquitous,467,17.64977969,-31.74215456,-0.1969998942,-0.1535558344,-749239.4126,-2490390.402,-771544.7658,64
258,softening-ubiquitous,571,18.19372152,-33.56329312,-0.1861217377,-0.1481974989,-749239.4126,-2490390.402,-771544.7658,64
259,softening-ubiquitous,467,17.64977969,-31.74215456,-0.1969998942,-0.1535558344,404311.0383,303595.7338,-496702.6653,192
259,softening-ubiquitous,571,18.19372152,-33.56329312,-0.1861217377,-0.1481974989,404311.0383,303595.7338,-496702.6653,192
259,softening-ubiquitous,469,17.80779735,-24.52830375,-0.228665471,-0.1595349882,404311.0383,303595.7338,-496702.6653,192
259,softening-ubiquitous,573,18.48401849,-26.49829505,-0.2187945082,-0.1541595034,404311.0383,303595.7338,-496702.6653,192
260,softening-ubiquitous,469,17.80779735,-24.52830375,-0.228665471,-0.1595349882,-68911.26587,-212950.7084,-58366.88748,192
260,softening-ubiquitous,573,18.48401849,-26.49829505,-0.2187945082,-0.1541595034,-68911.26587,-212950.7084,-58366.88748,192
260,softening-ubiquitous,471,18.02125871,-17.31445295,-0.2566504596,-0.1641335109,-68911.26587,-212950.7084,-58366.88748,192
260,softening-ubiquitous,575,18.87617204,-19.43329699,-0.2461950645,-0.1579611278,-68911.26587,-212950.7084,-58366.88748,192
261,softening-ubiquitous,471,18.02125871,-17.31445295,-0.2566504596,-0.1641335109,44783.38892,-24238.16954,-105633.833,192
261,softening-ubiquitous,575,18.87617204,-19.43329699,-0.2461950645,-0.1579611278,44783.38892,-24238.16954,-105633.833,192
261,softening-ubiquitous,473,18.3255525,-10.10060215,-0.2798457968,-0.1652875162,44783.38892,-24238.16954,-105633.833,192
261,softening-ubiquitous,577,19.43519544,-12.36829892,-0.2695373058,-0.1588113996,44783.38892,-24238.16954,-105633.833,192
262,softening-ubiquitous,473,18.3255525,-10.10060215,-0.2798457968,-0.1652875162,-28678.65646,-53396.50811,6480.53069,192
262,softening-ubiquitous,577,19.43519544,-12.36829892,-0.2695373058,-0.1588113996,-28678.65646,-53396.50811,6480.53069,192
262,softening-ubiquitous,475,18.79432442,-2.886751346,-0.3012979153,-0.1648899054,-28678.65646,-53396.50811,6480.53069,192
262,softening-ubiquitous,579,20.29638445,-5.303300859,-0.2909547293,-0.1577743172,-28678.65646,-53396.50811,6480.53069,192
263,softening-ubiquitous,475,18.79432442,-2.886751346,-0.3012979153,-0.1648899054,40426.38679,26567.24745,-52847.21403,208
263,softening-ubiquitous,579,20.29638445,-5.303300859,-0.2909547293,-0.1577743172,40426.38679,26567.24745,-52847.21403,208
263,softening-ubiquitous,477,18.99666968,5.047537311,-0.3246947987,-0.1652576255,40426.38679,26567.24745,-52847.21403,208
263,softening-ubiquitous,581,20.66811643,3.085226057,-0.315323802,-0.1575233632,40426.38679,26567.24745,-52847.21403,208
264,softening-ubiquitous,477,18.99666968,5.047537311,-0.3246947987,-0.1652576255,116648.4745,95750.70103,-160926.8685,192
264,softening-ubiquitous,581,20.66811643,3.085226057,-0.315323802,-0.1575233632,116648.4745,95750.70103,-160926.8685,192
264,softening-ubiquitous,479,18.99666968,13.30736378,-0.3551518284,-0.1627321858,116648.4745,95750.70103,-160926.8685,192
264,softening-ubiquitous,583,20.66811643,12.07180413,-0.3479790785,-0.1550441732,116648.4745,95750.70103,-160926.8685,192
265,softening-ubiquitous,479,18.99666968,13.30736378,-0.3551518284,-0.1627321858,-31652.83603,-48248.8456,-44110.39547,192
265,softening-ubiquitous,583,20.66811643,12.07180413,-0.3479790785,-0.1550441732,-31652.83603,-48248.8456,-44110.39547,192
265,softening-ubiquitous,481,18.99666968,21.56719026,-0.3721641086,-0.1701175233,-31652.83603,-48248.8456,-44110.39547,192
265,softening-ubiquitous,585,20.66811643,21.05838221,-0.3662973687,-0.1645298881,-31652.83603,-48248.8456,-44110.39547,192
266,softening-ubiquitous,481,18.99666968,21.56719026,-0.3721641086,-0.1701175233,108245.7867,86890.9939,-135121.6633,192
266,softening-ubiquitous,585,20.66811643,21.05838221,-0.3662973687,-0.1645298881,108245.7867,86890.9939,-135121.6633,192
266,softening-ubiquitous,483,18.99666968,27.35,-0.3736417057,-0.1741183387,108245.7867,86890.9939,-135121.6633,192
266,softening-ubiquitous,587,20.66811643,27.35,-0.3675688758,-0.1713094632,108245.7867,86890.9939,-135121.6633,192
267,softening-ubiquitous,483,18.99666968,27.35,-0.3736417057,-0.1741183387,-425329.9623,-473158.8231,372934.0815,192
267,softening-ubiquitous,587,20.66811643,27.35,-0.3675688758,-0.1713094632,-425329.9623,-473158.8231,372934.0815,192
267,softening-ubiquitous,485,18.85502362,29.82971779,-0.3731998,-0.1781738178,-425329.9623,-473158.8231,372934.0815,192
267,softening-ubiquitous,589,20.52939313,30.04992244,-0.3658312619,-0.1770640958,-425329.9623,-473158.8231,372934.0815,192
268,softening-ubiquitous,485,18.85502362,29.82971779,-0.3731998,-0.1781738178,-3351186.291,-3395814.553,3309826.197,192
268,softening-ubiquitous,589,20.52939313,30.04992244,-0.3658312619,-0.1770640958,-3351186.291,-3395814.553,3309826.197,192
268,softening-ubiquitous,487,18.43134358,32.28866363,-0.3712308005,-0.1857128634,-3351186.291,-3395814.553,3309826.197,192
268,softening-ubiquitous,591,20.11445543,32.73965209,-0.3630204613,-0.1811140338,-3351186.291,-3395814.553,3309826.197,192
269,softening-ubiquitous,487,18.43134358,32.28866363,-0.3712308005,-0.1857128634,-4775366.364,-4758715.303,4345190.144,192
269,softening-ubiquitous,591,20.11445543,32.73965209,-0.3630204613,-0.1811140338,-4775366.364,-4758715.303,4345190.144,192
269,softening-ubiquitous,489,16.77389132,37.03441067,-0.3678914036,-0.1928885106,-4775366.364,-4758715.303,4345190.144,192
269,softening-ubiquitous,593,18.49120353,38.02590134,-0.3698672432,-0.187432959,-4775366.364,-4758715.303,4345190.144,192
270,softening-ubiquitous,489,16.77389132,37.03441067,-0.3678914036,-0.1928885106,-3568129.433,-3568129.433,3568131.535,240
270,softening-ubiquitous,593,18.49120353,38.02590134,-0.3698672432,-0.187432959,-3568129.433,-3568129.433,3568131.535,240
270,softening-ubiquitous,491,16.09251702,38.37534061,0.02670472354,0.2019483503,-3568129.433,-3568129.433,3568131.535,240
270,softening-ubiquitous,595,17.82388891,39.56154193,0.02504796062,0.2080985012,-3568129.433,-3568129.433,3568131.535,240
271,softening-ubiquitous,491,16.09251702,38.37534061,0.02670472354,0.2019483503,-3898304.948,-3784955.036,3861453.523,0
271,softening-ubiquitous,595,17.82388891,39.56154193,0.02504796062,0.2080985012,-3898304.948,-3784955.036,3861453.523,0
271,softening-ubiquitous,493,13.96045201,41.31045201,0.02106855646,0.1939823093,-3898304.948,-3784955.036,3861453.523,0
271,softening-ubiquitous,597,15.58415548,42.93415548,0.01797742324,0.200088648,-3898304.948,-3784955.036,3861453.523,0
272,softening-ubiquitous,493,13.96045201,41.31045201,0.02106855646,0.1939823093,-4549020.466,-4132590.746,3494206.692,64
272,softening-ubiquitous,597,15.58415548,42.93415548,0.01797742324,0.200088648,-4549020.466,-4132590.746,3494206.692,64
272,softening-ubiquitous,495,9.582327335,43.9470778,0.04311130528,0.2034875222,-4549020.466,-4132590.746,3494206.692,64
272,softening-ubiquitous,599,10.48836228,45.51637636,0.04116026531,0.2106136663,-4549020.466,-4132590.746,3494206.692,64
273,softening-ubiquitous,495,9.582327335,43.9470778,0.04311130528,0.2034875222,-4301204.873,-3833595.142,3351646.913,192
273,softening-ubiquitous,599,10.48836228,45.51637636,0.04116026531,0.2106136663,-4301204.873,-3833595.142,3351646.913,192
273,softening-ubiquitous,497,4.891286588,45.60453006,0.06511765111,0.2032198937,-4301204.873,-3833595.142,3351646.913,192
273,softening-ubiquitous,601,5.30261491,47.13962826,0.06228868003,0.2119250467,-4301204.873,-3833595.142,3351646.913,192
274,softening-ubiquitous,497,4.891286588,45.60453006,0.06511765111,0.2032198937,-2162792.522,-1440965.658,471994.9709,64
274,softening-ubiquitous,601,5.30261491,47.13962826,0.06228868003,0.2119250467,-2162792.522,-1440965.658,471994.9709,64
274,softening-ubiquitous,499,2.214100725,46.16985616,0.07649614486,0.202740359,-2162792.522,-1440965.658,471994.9709,64
274,softening-ubiquitous,603,2.393328147,47.69328925,0.07396839928,0.2096645032,-2162792.522,-1440965.658,471994.9709,64
275,softening-ubiquitous,499,2.214100725,46.16985616,0.07649614486,0.202740359,-2835969.455,-1608225.964,-947332.1381,64
275,softening-ubiquitous,603,2.393328147,47.69328925,0.07396839928,0.2096645032,-2835969.455,-1608225.964,-947332.1381,64
275,softening-ubiquitous,501,1.660575544,46.16985616,0.07858239518,0.2022485118,-2835969.455,-1608225.964,-947332.1381,64
275,softening-ubiquitous,605,1.79499611,47.69328925,0.07636951221,0.2088413899,-2835969.455,-1608225.964,-947332.1381,64
276,softening-ubiquitous,501,1.660575544,46.16985616,0.07858239518,0.2022485118,-3384794.045,-1369661.488,-1504086.547,64
276,softening-ubiquitous,605,1.79499611,47.69328925,0.07636951221,0.2088413899,-3384794.045,-1369661.488,-1504086.547,64
276,softening-ubiquitous,503,1.107050362,46.16985616,0.08063366949,0.2019809425,-3384794.045,-1369661.488,-1504086.547,64
276,softening-ubiquitous,607,1.196664074,47.69328925,0.07856950497,0.2080561157,-3384794.045,-1369661.488,-1504086.547,64
277,softening-ubiquitous,503,1.107050362,46.16985616,0.08063366949,0.2019809425,-4433230.905,-1661586.857,-1923032.044,64
277,softening-ubiquitous,607,1.196664074,47.69328925,0.07856950497,0.2080561157,-4433230.905,-1661586.857,-1923032.044,64
277,softening-ubiquitous,505,0.5535251812,46.16985616,0.08269813696,0.2017848133,-4433230.905,-1661586.857,-1923032.044,64
277,softening-ubiquitous,609,0.5983320368,47.69328925,0.08047835832,0.2072378105,-4433230.905,-1661586.857,-1923032.044,64
278,softening-ubiquitous,505,0.5535251812,46.16985616,0.08269813696,0.2017848133,-5736888.265,-2026521.196,-2358972.619,64
278,softening-ubiquitous,609,0.5983320368,47.69328925,0.08047835832,0.2072378105,-5736888.265,-2026521.196,-2358972.619,64
278,softening-ubiquitous,507,0,46.16985616,0.0846990342,0.2015804809,-5736888.265,-2026521.196,-2358972.619,64
278,softening-ubiquitous,611,0,47.69328925,0.08211292574,0.2062940541,-5736888.265,-2026521.196,-2358972.619,64
279,softening-ubiquitous,507,0,46.16985616,0.0846990342,0.2015804809,-6872429.647,-2151070.175,-2890295.516,64
279,softening-ubiquitous,611,0,47.69328925,0.08211292574,0.2062940541,-6872429.647,-2151070.175,-2890295.516,64
279,softening-ubiquitous,509,-0.5535251812,46.16985616,0.08658870669,0.2013162582,-6872429.647,-2151070.175,-2890295.516,64
279,softening-ubiquitous,613,-0.5983320368,47.69328925,0.08340524769,0.2051716544,-6872429.647,-2151070.175,-2890295.516,64
280,softening-ubiquitous,509,-0.5535251812,46.16985616,0.08658870669,0.2013162582,-7993945.817,-2139238.373,-3612153.23,64
280,softening-ubiquitous,613,-0.5983320368,47.69328925,0.08340524769,0.2051716544,-7993945.817,-2139238.373,-3612153.23,64
280,softening-ubiquitous,511,-1.107050362,46.16985616,0.08828677572,0.2009753468,-7993945.817,-2139238.373,-3612153.23,64
280,softening-ubiquitous,615,-1.196664074,47.69328925,0.08435465453,0.203879521,-7993945.817,-2139238.373,-3612153.23,64
281,softening-ubiquitous,511,-1.107050362,46.16985616,0.08828677572,0.2009753468,-9144809.674,-2213294.984,-4293354.211,64
281,softening-ubiquitous,615,-1.196664074,47.69328925,0.08435465453,0.203879521,-9144809.674,-2213294.984,-4293354.211,64
281,softening-ubiquitous,513,-1.660575544,46.16985616,0.08972692373,0.2005599486,-9144809.674,-2213294.984,-4293354.211,64
281,softening-ubiquitous,617,-1.79499611,47.69328925,0.08497170959,0.2023890989,-9144809.674,-2213294.984,-4293354.211,64
282,softening-ubiquitous,513,-1.660575544,46.16985616,0.08972692373,0.2005599486,-10765331.74,-2439451.108,-4806763.505,64
282,softening-ubiquitous,617,-1.79499611,47.69328925,0.08497170959,0.2023890989,-10765331.74,-2439451.108,-4806763.505,64
282,softening-ubiquitous,515,-2.214100725,46.16985616,0.0907479704,0.2001254824,-10765331.74,-2439451.108,-4806763.505,64
282,softening-ubiquitous,619,-2.393328147,47.69328925,0.08537414644,0.2007234348,-10765331.74,-2439451.108,-4806763.505,64
283,softening-ubiquitous,515,-2.214100725,46.16985616,0.0907479704,0.2001254824,-10918112.53,-2530569.757,-4375372.7,0
283,softening-ubiquitous,619,-2.393328147,47.69328925,0.08537414644,0.2007234348,-10918112.53,-2530569.757,-4375372.7,0
283,softening-ubiquitous,517,-4.891286588,45.60453006,0.09533168724,0.1933108959,-10918112.53,-2530569.757,-4375372.7,0
283,softening-ubiquitous,621,-5.30261491,47.13962826,0.0895806228,0.1928744422,-10918112.53,-2530569.757,-4375372.7,0
284,softening-ubiquitous,517,-4.891286588,45.60453006,0.09533168724,0.1933108959,-10015447.1,-3941587.127,-4766836.323,0
284,softening-ubiquitous,621,-5.30261491,47.13962826,0.0895806228,0.1928744422,-10015447.1,-3941587.127,-4766836.323,0
284,softening-ubiquitous,519,-9.582327335,43.9470778,0.1049685966,0.1809110137,-10015447.1,-3941587.127,-4766836.323,0
284,softening-ubiquitous,623,-10.48836228,45.51637636,0.09915302779,0.1789152214,-10015447.1,-3941587.127,-4766836.323,0
285,softening-ubiquitous,519,-9.582327335,43.9470778,0.1049685966,0.1809110137,-8855809.549,-4550288.003,-4689514.301,0
285,softening-ubiquitous,623,-10.48836228,45.51637636,0.09915302779,0.1789152214,-8855809.549,-4550288.003,-4689514.301,0
285,softening-ubiquitous,521,-13.96045201,41.31045201,0.1179259901,0.1688130205,-8855809.549,-4550288.003,-4689514.301,0
285,softening-ubiquitous,625,-15.58415548,42.93415548,0.1117401885,0.1644764499,-8855809.549,-4550288.003,-4689514.301,0
286,softening-ubiquitous,521,-13.96045201,41.31045201,0.1179259901,0.1688130205,-7241015.556,-4366695.977,-4470181.962,0
286,softening-ubiquitous,625,-15.58415548,42.93415548,0.1117401885,0.1644764499,-7241015.556,-4366695.977,-4470181.962,0
286,softening-ubiquitous,523,-16.09251702,38.37534061,0.1309894912,0.1625453562,-7241015.556,-4366695.977,-4470181.962,0
286,softening-ubiquitous,627,-17.82388891,39.56154193,0.1261697095,0.1574928933,-7241015.556,-4366695.977,-4470181.962,0
287,softening-ubiquitous,523,-16.09251702,38.37534061,0.1309894912,0.1625453562,-5997565.815,-4152768.842,-4376409.346,0
287,softening-ubiquitous,627,-17.82388891,39.56154193,0.1261697095,0.1574928933,-5997565.815,-4152768.842,-4376409.346,0
287,softening-ubiquitous,525,-16.77389132,37.03441067,0.1368932868,0.1604822621,-5997565.815,-4152768.842,-4376409.346,0
287,softening-ubiquitous,629,-18.49120353,38.02590134,0.1326832144,0.1553271993,-5997565.815,-4152768.842,-4376409.346,0
288,softening-ubiquitous,525,-16.77389132,37.03441067,0.1368932868,0.1604822621,-4004808.702,-3829373.529,-3867109.126,0
288,softening-ubiquitous,629,-18.49120353,38.02590134,0.1326832144,0.1553271993,-4004808.702,-3829373.529,-3867109.126,0
288,softening-ubiquitous,527,-18.43134358,32.28866363,0.1566743686,0.155515822,-4004808.702,-3829373.529,-3867109.126,0
288,softening-ubiquitous,631,-20.11445543,32.73965209,0.154309009,0.1501632117,-4004808.702,-3829373.529,-3867109.126,0
289,softening-ubiquitous,527,-18.43134358,32.28866363,0.1566743686,0.155515822,-1991833.617,-3553165.224,-2719810.335,0
289,softening-ubiquitous,631,-20.11445543,32.73965209,0.154309009,0.1501632117,-1991833.617,-3553165.224,-2719810.335,0
289,softening-ubiquitous,529,-18.85502362,29.82971779,0.166339453,0.1545163333,-1991833.617,-3553165.224,-2719810.335,0
289,softening-ubiquitous,633,-20.52939313,30.04992244,0.1646750593,0.1487748385,-1991833.617,-3553165.224,-2719810.335,0
290,softening-ubiquitous,529,-18.85502362,29.82971779,0.166339453,0.1545163333,-1398004.794,-2140164.218,-1910890.67,64
290,softening-ubiquitous,633,-20.52939313,30.04992244,0.1646750593,0.1487748385,-1398004.794,-2140164.218,-1910890.67,64
290,softening-ubiquitous,531,-18.99666968,27.35,0.1768183738,0.1552376049,-1398004.794,-2140164.218,-1910890.67,64
290,softening-ubiquitous,635,-20.66811643,27.35,0.1749147706,0.148618147,-1398004.794,-2140164.218,-1910890.67,64
291,softening-ubiquitous,531,-18.99666968,27.35,0.1768183738,0.1552376049,-110832.6084,251218.6785,-567635.2511,64
291,softening-ubiquitous,635,-20.66811643,27.35,0.1749147706,0.148618147,-110832.6084,251218.6785,-567635.2511,64
291,softening-ubiquitous,533,-18.99666968,21.56719026,0.1999187007,0.1582945055,-110832.6084,251218.6785,-567635.2511,64
291,softening-ubiquitous,637,-20.66811643,21.05838221,0.1992216996,0.1511504482,-110832.6084,251218.6785,-567635.2511,64
292,softening-ubiquitous,533,-18.99666968,21.56719026,0.1999187007,0.1582945055,167356.2536,170306.7826,-173322.281,192
292,softening-ubiquitous,637,-20.66811643,21.05838221,0.1992216996,0.1511504482,167356.2536,170306.7826,-173322.281,192
292,softening-ubiquitous,535,-18.99666968,13.30736378,0.2274503522,0.159381898,167356.2536,170306.7826,-173322.281,192
292,softening-ubiquitous,639,-20.66811643,12.07180413,0.2249222762,0.1490385798,167356.2536,170306.7826,-173322.281,192
293,softening-ubiquitous,535,-18.99666968,13.30736378,0.2274503522,0.159381898,30691.79225,167479.2252,-327981.5249,192
293,softening-ubiquitous,639,-20.66811643,12.07180413,0.2249222762,0.1490385798,30691.79225,167479.2252,-327981.5249,192
293,softening-ubiquitous,537,-18.99666968,5.047537311,0.2469570449,0.1549170078,30691.79225,167479.2252,-327981.5249,192
293,softening-ubiquitous,641,-20.66811643,3.085226057,0.249090676,0.1481791296,30691.79225,167479.2252,-327981.5249,192
294,softening-ubiquitous,537,-18.99666968,5.047537311,0.2469570449,0.1549170078,-11998.78453,201348.4037,-387669.6448,208
294,softening-ubiquitous,641,-20.66811643,3.085226057,0.249090676,0.1481791296,-11998.78453,201348.4037,-387669.6448,208
294,softening-ubiquitous,539,-18.79432442,-2.886751346,0.2492856419,0.1368984086,-11998.78453,201348.4037,-387669.6448,208
294,softening-ubiquitous,643,-20.29638445,-5.303300859,0.2510132602,0.1302513984,-11998.78453,201348.4037,-387669.6448,208
295,softening-ubiquitous,539,-18.79432442,-2.886751346,0.2492856419,0.1368984086,127974.6421,323912.5554,-495111.1233,208
295,softening-ubiquitous,643,-20.29638445,-5.303300859,0.2510132602,0.1302513984,127974.6421,323912.5554,-495111.1233,208
295,softening-ubiquitous,541,-18.3255525,-10.10060215,0.2481638396,0.1198688639,127974.6421,323912.5554,-495111.1233,208
295,softening-ubiquitous,645,-19.43519544,-12.36829892,0.2447934133,0.1104166791,127974.6421,323912.5554,-495111.1233,208
296,softening-ubiquitous,541,-18.3255525,-10.10060215,0.2481638396,0.1198688639,83173.62349,355955.2938,-594295.2922,208
296,softening-ubiquitous,645,-19.43519544,-12.36829892,0.2447934133,0.1104166791,83173.62349,355955.2938,-594295.2922,208
296,softening-ubiquitous,543,-18.02125871,-17.31445295,0.2431664809,0.1016220727,83173.62349,355955.2938,-594295.2922,208
296,softening-ubiquitous,647,-18.87617204,-19.43329699,0.2383915665,0.0932421853,83173.62349,355955.2938,-594295.2922,208
297,softening-ubiquitous,543,-18.02125871,-17.31445295,0.2431664809,0.1016220727,60584.41189,360060.9308,-621725.1719,208
297,softening-ubiquitous,647,-18.87617204,-19.43329699,0.2383915665,0.0932421853,60584.41189,360060.9308,-621725.1719,208
297,softening-ubiquitous,545,-17.80779735,-24.52830375,0.2175007076,0.06768791988,60584.41189,360060.9308,-621725.1719,208
297,softening-ubiquitous,649,-18.48401849,-26.49829505,0.2087575539,0.05883445394,60584.41189,360060.9308,-621725.1719,208
298,softening-ubiquitous,545,-17.80779735,-24.52830375,0.2175007076,0.06768791988,-200338.2981,17749.09439,-208300.4961,208
298,softening-ubiquitous,649,-18.48401849,-26.49829505,0.2087575539,0.05883445394,-200338.2981,17749.09439,-208300.4961,208
298,softening-ubiquitous,547,-17.64977969,-31.74215456,0.1748026818,0.0262559742,-200338.2981,17749.09439,-208300.4961,208
298,softening-ubiquitous,651,-18.19372152,-33.56329312,0.1625289598,0.01769296602,-200338.2981,17749.09439,-208300.4961,208
299,softening-ubiquitous,547,-17.64977969,-31.74215456,0.1748026818,0.0262559742,-1631997.18,-1525824.552,1433074.385,240
299,softening-ubiquitous,651,-18.19372152,-33.56329312,0.1625289598,0.01769296602,-1631997.18,-1525824.552,1433074.385,240
299,softening-ubiquitous,549,-17.52808746,-38.95600536,0.1190573852,-0.01767733989,-1631997.18,-1525824.552,1433074.385,240
299,softening-ubiquitous,653,-17.97015861,-40.62829118,0.10764345,-0.0256719278,-1631997.18,-1525824.552,1433074.385,240
300,softening-ubiquitous,549,-17.52808746,-38.95600536,0.1190573852,-0.01767733989,-5778348.251,-5742520.479,5711216.264,208
300,softening-ubiquitous,653,-17.97015861,-40.62829118,0.10764345,-0.0256719278,-5778348.251,-5742520.479,5711216.264,208
300,softening-ubiquitous,447,-17.43148612,-46.16985616,0.06575290916,-0.06062444739,-5778348.251,-5742520.479,5711216.264,208
300,softening-ubiquitous,551,-17.79269062,-47.69328925,0.05896368243,-0.06865594205,-5778348.251,-5742520.479,5711216.264,208
301,softening-ubiquitous,551,-17.79269062,-47.69328925,0.05896368243,-0.06865594205,-3789349.645,-3741227.333,3699180.891,208
301,softening-ubiquitous,655,-18.22042704,-49.49733053,0.0513869006,-0.07814893645,-3789349.645,-3741227.333,3699180.891,208
301,softening-ubiquitous,553,-13.34451796,-47.69328925,0.03164010381,-0.08077077271,-3789349.645,-3741227.333,3699180.891,208
301,softening-ubiquitous,657,-13.66532028,-49.49733053,0.02378813359,-0.09419120685,-3789349.645,-3741227.333,3699180.891,208
302,softening-ubiquitous,553,-13.34451796,-47.69328925,0.03164010381,-0.08077077271,-3598575.713,-3510050.235,3432702.098,240
302,softening-ubiquitous,657,-13.66532028,-49.49733053,0.02378813359,-0.09419120685,-3598575.713,-3510050.235,3432702.098,240
302,softening-ubiquitous,555,-8.896345309,-47.69328925,-0.00326983338,-0.09050464389,-3598575.713,-3510050.235,3432702.098,240
302,softening-ubiquitous,659,-9.110213522,-49.49733053,-0.00855520206,-0.1061782566,-3598575.713,-3510050.235,3432702.098,240
303,softening-ubiquitous,555,-8.896345309,-47.69328925,-0.00326983338,-0.09050464389,-1072394.263,-897476.199,744643.5018,208
303,softening-ubiquitous,659,-9.110213522,-49.49733053,-0.00855520206,-0.1061782566,-1072394.263,-897476.199,744643.5018,208
303,softening-ubiquitous,557,-4.448172654,-47.69328925,-0.03618326755,-0.102097438,-1072394.263,-897476.199,744643.5018,208
303,softening-ubiquitous,661,-4.555106761,-49.49733053,-0.04106348216,-0.1158666221,-1072394.263,-897476.199,744643.5018,208
304,softening-ubiquitous,557,-4.448172654,-47.69328925,-0.03618326755,-0.102097438,-143762.7925,218616.178,-535240.7607,208
304,softening-ubiquitous,661,-4.555106761,-49.49733053,-0.04106348216,-0.1158666221,-143762.7925,218616.178,-535240.7607,208
304,softening-ubiquitous,559,0,-47.69328925,-0.06299663295,-0.1152967421,-143762.7925,218616.178,-535240.7607,208
304,softening-ubiquitous,663,0,-49.49733053,-0.06782702335,-0.1260042017,-143762.7925,218616.178,-535240.7607,208
305,softening-ubiquitous,559,0,-47.69328925,-0.06299663295,-0.1152967421,-1366621.248,-3729.716399,-1187081.507,80
305,softening-ubiquitous,663,0,-49.49733053,-0.06782702335,-0.1260042017,-1366621.248,-3729.716399,-1187081.507,80
305,softening-ubiquitous,561,4.448172654,-47.69328925,-0.08457555074,-0.1259701158,-1366621.248,-3729.716399,-1187081.507,80
305,softening-ubiquitous,665,4.555106761,-49.49733053,-0.08786734355,-0.1347638918,-1366621.248,-3729.716399,-1187081.507,80
306,softening-ubiquitous,561,4.448172654,-47.69328925,-0.08457555074,-0.1259701158,-6671707.945,-1406405.746,-3194155.254,80
306,softening-ubiquitous,665,4.555106761,-49.49733053,-0.08786734355,-0.1347638918,-6671707.945,-1406405.746,-3194155.254,80
306,softening-ubiquitous,563,8.896345309,-47.69328925,-0.1019510369,-0.1339703969,-6671707.945,-1406405.746,-3194155.254,80
306,softening-ubiquitous,667,9.110213522,-49.49733053,-0.1005618929,-0.1381567626,-6671707.945,-1406405.746,-3194155.254,80
307,softening-ubiquitous,563,8.896345309,-47.69328925,-0.1019510369,-0.1339703969,-13714368.75,-3824427.165,-6558508.534,64
307,softening-ubiquitous,667,9.110213522,-49.49733053,-0.1005618929,-0.1381567626,-13714368.75,-3824427.165,-6558508.534,64
307,softening-ubiquitous,565,13.34451796,-47.69328925,-0.1126692878,-0.1357775565,-13714368.75,-3824427.165,-6558508.534,64
307,softening-ubiquitous,669,13.66532028,-49.49733053,-0.1064669209,-0.1361260723,-13714368.75,-3824427.165,-6558508.534,64
308,softening-ubiquitous,565,13.34451796,-47.69328925,-0.1126692878,-0.1357775565,-13847895.72,-10346376.18,-9626150.841,0
308,softening-ubiquitous,669,13.66532028,-49.49733053,-0.1064669209,-0.1361260723,-13847895.72,-10346376.18,-9626150.841,0
308,softening-ubiquitous,567,17.79269062,-47.69328925,-0.116577578,-0.1342018608,-13847895.72,-10346376.18,-9626150.841,0
308,softening-ubiquitous,671,18.22042704,-49.49733053,-0.1095729065,-0.1322163788,-13847895.72,-10346376.18,-9626150.841,0
309,softening-ubiquitous,567,17.79269062,-47.69328925,-0.116577578,-0.1342018608,-12697753.6,-14637693.51,-6577545.212,0
309,softening-ubiquitous,671,18.22042704,-49.49733053,-0.1095729065,-0.1322163788,-12697753.6,-14637693.51,-6577545.212,0
309,softening-ubiquitous,569,17.97015861,-40.62829118,-0.1496604545,-0.1413054013,-12697753.6,-14637693.51,-6577545.212,0
309,softening-ubiquitous,673,18.4936569,-42.60860308,-0.13989188,-0.1373620582,-12697753.6,-14637693.51,-6577545.212,0
310,softening-ubiquitous,569,17.97015861,-40.62829118,-0.1496604545,-0.1413054013,-3791505.239,-8820278.834,-2967176.76,64
310,softening-ubiquitous,673,18.4936569,-42.60860308,-0.13989188,-0.1373620582,-3791505.239,-8820278.834,-2967176.76,64
310,softening-ubiquitous,571,18.19372152,-33.56329312,-0.1861217377,-0.1481974989,-3791505.239,-8820278.834,-2967176.76,64
310,softening-ubiquitous,675,18.83785451,-35.71987562,-0.1738766357,-0.1427300933,-3791505.239,-8820278.834,-2967176.76,64
311,softening-ubiquitous,571,18.19372152,-33.56329312,-0.1861217377,-0.1481974989,333695.8459,108133.339,-533817.5492,208
311,softening-ubiquitous,675,18.83785451,-35.71987562,-0.1738766357,-0.1427300933,333695.8459,108133.339,-533817.5492,208
311,softening-ubiquitous,573,18.48401849,-26.49829505,-0.2187945082,-0.1541595034,333695.8459,108133.339,-533817.5492,208
311,softening-ubiquitous,677,19.28479594,-28.83114817,-0.2067263893,-0.1476872493,333695.8459,108133.339,-533817.5492,208
312,softening-ubiquitous,573,18.48401849,-26.49829505,-0.2187945082,-0.1541595034,52954.15712,-76574.57008,-166721.7162,192
312,softening-ubiquitous,677,19.28479594,-28.83114817,-0.2067263893,-0.1476872493,52954.15712,-76574.57008,-166721.7162,192
312,softening-ubiquitous,575,18.87617204,-19.43329699,-0.2461950645,-0.1579611278,52954.15712,-76574.57008,-166721.7162,192
312,softening-ubiquitous,679,19.88855583,-21.94242072,-0.2344790366,-0.151308369,52954.15712,-76574.57008,-166721.7162,192
313,softening-ubiquitous,575,18.87617204,-19.43329699,-0.2461950645,-0.1579611278,3992.46386,-149396.9271,-137907.4985,208
313,softening-ubiquitous,679,19.88855583,-21.94242072,-0.2344790366,-0.151308369,3992.46386,-149396.9271,-137907.4985,208
313,softening-ubiquitous,577,19.43519544,-12.36829892,-0.2695373058,-0.1588113996,3992.46386,-149396.9271,-137907.4985,208
313,softening-ubiquitous,681,20.74922865,-15.05369326,-0.2579640733,-0.1518679092,3992.46386,-149396.9271,-137907.4985,208
314,softening-ubiquitous,577,19.43519544,-12.36829892,-0.2695373058,-0.1588113996,-46220.17012,-88670.73888,8879.387857,192
314,softening-ubiquitous,681,20.74922865,-15.05369326,-0.2579640733,-0.1518679092,-46220.17012,-88670.73888,8879.387857,192
314,softening-ubiquitous,579,20.29638445,-5.303300859,-0.2909547293,-0.1577743172,-46220.17012,-88670.73888,8879.387857,192
314,softening-ubiquitous,683,22.07511586,-8.164965809,-0.2794441592,-0.1500245014,-46220.17012,-88670.73888,8879.387857,192
315,softening-ubiquitous,579,20.29638445,-5.303300859,-0.2909547293,-0.1577743172,62685.93693,45226.64279,-77758.50334,208
315,softening-ubiquitous,683,22.07511586,-8.164965809,-0.2794441592,-0.1500245014,62685.93693,45226.64279,-77758.50334,208
315,softening-ubiquitous,581,20.66811643,3.085226057,-0.315323802,-0.1575233632,62685.93693,45226.64279,-77758.50334,208
315,softening-ubiquitous,685,22.64743468,0.7614676128,-0.3060394625,-0.1502574876,62685.93693,45226.64279,-77758.50334,208
316,softening-ubiquitous,581,20.66811643,3.085226057,-0.315323802,-0.1575233632,158617.3791,-139694.5593,-142207.8241,0
316,softening-ubiquitous,685,22.64743468,0.7614676128,-0.3060394625,-0.1502574876,158617.3791,-139694.5593,-142207.8241,0
316,softening-ubiquitous,583,20.66811643,12.07180413,-0.3479790785,-0.1550441732,158617.3791,-139694.5593,-142207.8241,0
316,softening-ubiquitous,687,22.64743468,10.60866103,-0.3415466578,-0.1478470356,158617.3791,-139694.5593,-142207.8241,0
317,softening-ubiquitous,583,20.66811643,12.07180413,-0.3479790785,-0.1550441732,-15742.01343,-46686.22982,-105864.6419,192
317,softening-ubiquitous,687,22.64743468,10.60866103,-0.3415466578,-0.1478470356,-15742.01343,-46686.22982,-105864.6419,192
317,softening-ubiquitous,585,20.66811643,21.05838221,-0.3662973687,-0.1645298881,-15742.01343,-46686.22982,-105864.6419,192
317,softening-ubiquitous,689,22.64743468,20.45585444,-0.3598872588,-0.1591292981,-15742.01343,-46686.22982,-105864.6419,192
318,softening-ubiquitous,585,20.66811643,21.05838221,-0.3662973687,-0.1645298881,-198295.1568,-230281.9787,169299.3309,192
318,softening-ubiquitous,689,22.64743468,20.45585444,-0.3598872588,-0.1591292981,-198295.1568,-230281.9787,169299.3309,192
318,softening-ubiquitous,587,20.66811643,27.35,-0.3675688758,-0.1713094632,-198295.1568,-230281.9787,169299.3309,192
318,softening-ubiquitous,691,22.64743468,27.35,-0.3609865175,-0.1685711367,-198295.1568,-230281.9787,169299.3309,192
319,softening-ubiquitous,587,20.66811643,27.35,-0.3675688758,-0.1713094632,-2858702.669,-2885165.991,2833182.494,192
319,softening-ubiquitous,691,22.64743468,27.35,-0.3609865175,-0.1685711367,-2858702.669,-2885165.991,2833182.494,192
319,softening-ubiquitous,589,20.52939313,30.04992244,-0.3658312619,-0.1770640958,-2858702.669,-2885165.991,2833182.494,192
319,softening-ubiquitous,693,22.51217251,30.31068761,-0.3599998063,-0.1734157863,-2858702.669,-2885165.991,2833182.494,192
320,softening-ubiquitous,589,20.52939313,30.04992244,-0.3658312619,-0.1770640958,-4554767.593,-4612375.503,4497904.656,192
320,softening-ubiquitous,693,22.51217251,30.31068761,-0.3599998063,-0.1734157863,-4554767.593,-4612375.503,4497904.656,192
320,softening-ubiquitous,591,20.11445543,32.73965209,-0.3630204613,-0.1811140338,-4554767.593,-4612375.503,4497904.656,192
320,softening-ubiquitous,695,22.10758745,33.2737102,-0.3621463914,-0.1757349585,-4554767.593,-4612375.503,4497904.656,192
321,softening-ubiquitous,591,20.11445543,32.73965209,-0.3630204613,-0.1811140338,-3837233.516,-4357531.09,3534637.479,0
321,softening-ubiquitous,695,22.10758745,33.2737102,-0.3621463914,-0.1757349585,-3837233.516,-4357531.09,3534637.479,0
321,softening-ubiquitous,593,18.49120353,38.02590134,-0.3698672432,-0.187432959,-3837233.516,-4357531.09,3534637.479,0
321,softening-ubiquitous,697,20.52483543,39.20001926,-0.3721144589,-0.1807049575,-3837233.516,-4357531.09,3534637.479,0
322,softening-ubiquitous,593,18.49120353,38.02590134,-0.3698672432,-0.187432959,-3528295.748,-3528295.748,3529158.394,240
322,softening-ubiquitous,697,20.52483543,39.20001926,-0.3721144589,-0.1807049575,-3528295.748,-3528295.748,3529158.394,240
322,softening-ubiquitous,595,17.82388891,39.56154193,0.02504796062,0.2080985012,-3528295.748,-3528295.748,3529158.394,240
322,softening-ubiquitous,699,19.87417021,40.96623515,0.02273614999,0.2155089513,-3528295.748,-3528295.748,3529158.394,240
323,softening-ubiquitous,595,17.82388891,39.56154193,0.02504796062,0.2080985012,-3613147.323,-3324174.392,3430570.586,0
323,softening-ubiquitous,699,19.87417021,40.96623515,0.02273614999,0.2155089513,-3613147.323,-3324174.392,3430570.586,0
323,softening-ubiquitous,597,15.58415548,42.93415548,0.01797742324,0.200088648,-3613147.323,-3324174.392,3430570.586,0
323,softening-ubiquitous,701,17.50693642,44.85693642,0.01431740677,0.2071885253,-3613147.323,-3324174.392,3430570.586,0
324,softening-ubiquitous,597,15.58415548,42.93415548,0.01797742324,0.200088648,-3975289.387,-3815475.325,3042897.859,192
324,softening-ubiquitous,701,17.50693642,44.85693642,0.01431740677,0.2071885253,-3975289.387,-3815475.325,3042897.859,192
324,softening-ubiquitous,599,10.48836228,45.51637636,0.04116026531,0.2106136663,-3975289.387,-3815475.325,3042897.859,192
324,softening-ubiquitous,703,11.56128399,47.37473128,0.04023437004,0.2180842818,-3975289.387,-3815475.325,3042897.859,192
325,softening-ubiquitous,599,10.48836228,45.51637636,0.04116026531,0.2106136663,-4485480.092,-3864739.198,3116422.607,64
325,softening-ubiquitous,703,11.56128399,47.37473128,0.04023437004,0.2180842818,-4485480.092,-3864739.198,3116422.607,64
325,softening-ubiquitous,601,5.30261491,47.13962826,0.06228868003,0.2119250467,-4485480.092,-3864739.198,3116422.607,64
325,softening-ubiquitous,705,5.789707698,48.95748329,0.06039903668,0.219633598,-4485480.092,-3864739.198,3116422.607,64
326,softening-ubiquitous,601,5.30261491,47.13962826,0.06228868003,0.2119250467,-7388758.485,-3946135.571,897246.9839,64
326,softening-ubiquitous,705,5.789707698,48.95748329,0.06039903668,0.219633598,-7388758.485,-3946135.571,897246.9839,64
326,softening-ubiquitous,603,2.393328147,47.69328925,0.07396839928,0.2096645032,-7388758.485,-3946135.571,897246.9839,64
326,softening-ubiquitous,707,2.605568298,49.49733053,0.06985086812,0.2158701265,-7388758.485,-3946135.571,897246.9839,64
327,softening-ubiquitous,603,2.393328147,47.69328925,0.07396839928,0.2096645032,-10230028.51,-3971017.586,-1584760.37,64
327,softening-ubiquitous,707,2.605568298,49.49733053,0.06985086812,0.2158701265,-10230028.51,-3971017.586,-1584760.37,64
327,softening-ubiquitous,605,1.79499611,47.69328925,0.07636951221,0.2088413899,-10230028.51,-3971017.586,-1584760.37,64
327,softening-ubiquitous,709,1.954176223,49.49733053,0.07170434955,0.2144001282,-10230028.51,-3971017.586,-1584760.37,64
328,softening-ubiquitous,605,1.79499611,47.69328925,0.07636951221,0.2088413899,-10531673.88,-3634245.792,-2497122.25,64
328,softening-ubiquitous,709,1.954176223,49.49733053,0.07170434955,0.2144001282,-10531673.88,-3634245.792,-2497122.25,64
328,softening-ubiquitous,607,1.196664074,47.69328925,0.07856950497,0.2080561157,-10531673.88,-3634245.792,-2497122.25,64
328,softening-ubiquitous,711,1.302784149,49.49733053,0.07328904757,0.2127501128,-10531673.88,-3634245.792,-2497122.25,64
329,softening-ubiquitous,607,1.196664074,47.69328925,0.07856950497,0.2080561157,-10804877.3,-3298122.331,-3375289.463,64
329,softening-ubiquitous,711,1.302784149,49.49733053,0.07328904757,0.2127501128,-10804877.3,-3298122.331,-3375289.463,64
329,softening-ubiquitous,609,0.5983320368,47.69328925,0.08047835832,0.2072378105,-10804877.3,-3298122.331,-3375289.463,64
329,softening-ubiquitous,713,0.6513920744,49.49733053,0.07459441567,0.2109790397,-10804877.3,-3298122.331,-3375289.463,64
330,softening-ubiquitous,609,0.5983320368,47.69328925,0.08047835832,0.2072378105,-10866567.91,-2999810.355,-3975237.416,64
330,softening-ubiquitous,713,0.6513920744,49.49733053,0.07459441567,0.2109790397,-10866567.91,-2999810.355,-3975237.416,64
330,softening-ubiquitous,611,0,47.69328925,0.08211292574,0.2062940541,-10866567.91,-2999810.355,-3975237.416,64
330,softening-ubiquitous,715,0,49.49733053,0.07555713937,0.2090645008,-10866567.91,-2999810.355,-3975237.416,64
331,softening-ubiquitous,611,0,47.69328925,0.08211292574,0.2062940541,-11393890.63,-3024476.057,-4364641.935,64
331,softening-ubiquitous,715,0,49.49733053,0.07555713937,0.2090645008,-11393890.63,-3024476.057,-4364641.935,64
331,softening-ubiquitous,613,-0.5983320368,47.69328925,0.08340524769,0.2051716544,-11393890.63,-3024476.057,-4364641.935,64
331,softening-ubiquitous,717,-0.6513920744,49.49733053,0.07635326131,0.2070345514,-11393890.63,-3024476.057,-4364641.935,64
332,softening-ubiquitous,613,-0.5983320368,47.69328925,0.08340524769,0.2051716544,-11675539.03,-2891005.885,-4584503.23,64
332,softening-ubiquitous,717,-0.6513920744,49.49733053,0.07635326131,0.2070345514,-11675539.03,-2891005.885,-4584503.23,64
332,softening-ubiquitous,615,-1.196664074,47.69328925,0.08435465453,0.203879521,-11675539.03,-2891005.885,-4584503.23,64
332,softening-ubiquitous,719,-1.302784149,49.49733053,0.07702525806,0.2049666643,-11675539.03,-2891005.885,-4584503.23,64
333,softening-ubiquitous,615,-1.196664074,47.69328925,0.08435465453,0.203879521,-11640613.51,-1825317.778,-4611118.569,0
333,softening-ubiquitous,719,-1.302784149,49.49733053,0.07702525806,0.2049666643,-11640613.51,-1825317.778,-4611118.569,0
333,softening-ubiquitous,617,-1.79499611,47.69328925,0.08497170959,0.2023890989,-11640613.51,-1825317.778,-4611118.569,0
333,softening-ubiquitous,721,-1.954176223,49.49733053,0.0775900401,0.2029798626,-11640613.51,-1825317.778,-4611118.569,0
334,softening-ubiquitous,617,-1.79499611,47.69328925,0.08497170959,0.2023890989,-10618796.67,-2245136.881,-4396983.528,0
334,softening-ubiquitous,721,-1.954176223,49.49733053,0.0775900401,0.2029798626,-10618796.67,-2245136.881,-4396983.528,0
334,softening-ubiquitous,619,-2.393328147,47.69328925,0.08537414644,0.2007234348,-10618796.67,-2245136.881,-4396983.528,0
334,softening-ubiquitous,723,-2.605568298,49.49733053,0.07817433272,0.2010997986,-10618796.67,-2245136.881,-4396983.528,0
335,softening-ubiquitous,619,-2.393328147,47.69328925,0.08537414644,0.2007234348,-10499623.58,-3002315.885,-4562737.769,0
335,softening-ubiquitous,723,-2.605568298,49.49733053,0.07817433272,0.2010997986,-10499623.58,-3002315.885,-4562737.769,0
335,softening-ubiquitous,621,-5.30261491,47.13962826,0.0895806228,0.1928744422,-10499623.58,-3002315.885,-4562737.769,0
335,softening-ubiquitous,725,-5.789707698,48.95748329,0.08280991691,0.1922899654,-10499623.58,-3002315.885,-4562737.769,0
336,softening-ubiquitous,621,-5.30261491,47.13962826,0.0895806228,0.1928744422,-9946593.166,-3944606.619,-4409267.063,0
336,softening-ubiquitous,725,-5.789707698,48.95748329,0.08280991691,0.1922899654,-9946593.166,-3944606.619,-4409267.063,0
336,softening-ubiquitous,623,-10.48836228,45.51637636,0.09915302779,0.1789152214,-9946593.166,-3944606.619,-4409267.063,0
336,softening-ubiquitous,727,-11.56128399,47.37473128,0.09248256773,0.1765135196,-9946593.166,-3944606.619,-4409267.063,0
337,softening-ubiquitous,623,-10.48836228,45.51637636,0.09915302779,0.1789152214,-8804823.238,-4023212.847,-4124154.693,0
337,softening-ubiquitous,727,-11.56128399,47.37473128,0.09248256773,0.1765135196,-8804823.238,-4023212.847,-4124154.693,0
337,softening-ubiquitous,625,-15.58415548,42.93415548,0.1117401885,0.1644764499,-8804823.238,-4023212.847,-4124154.693,0
337,softening-ubiquitous,729,-17.50693642,44.85693642,0.1049483686,0.1595484796,-8804823.238,-4023212.847,-4124154.693,0
338,softening-ubiquitous,625,-15.58415548,42.93415548,0.1117401885,0.1644764499,-7577280.352,-3612492.5,-4046253.244,0
338,softening-ubiquitous,729,-17.50693642,44.85693642,0.1049483686,0.1595484796,-7577280.352,-3612492.5,-4046253.244,0
338,softening-ubiquitous,627,-17.82388891,39.56154193,0.1261697095,0.1574928933,-7577280.352,-3612492.5,-4046253.244,0
338,softening-ubiquitous,731,-19.87417021,40.96623515,0.1209554722,0.1518956112,-7577280.352,-3612492.5,-4046253.244,0
339,softening-ubiquitous,627,-17.82388891,39.56154193,0.1261697095,0.1574928933,-6505814.628,-3420524.413,-4163548.471,0
339,softening-ubiquitous,731,-19.87417021,40.96623515,0.1209554722,0.1518956112,-6505814.628,-3420524.413,-4163548.471,0
339,softening-ubiquitous,629,-18.49120353,38.02590134,0.1326832144,0.1553271993,-6505814.628,-3420524.413,-4163548.471,0
339,softening-ubiquitous,733,-20.52483543,39.20001926,0.1281530292,0.1496525492,-6505814.628,-3420524.413,-4163548.471,0
340,softening-ubiquitous,629,-18.49120353,38.02590134,0.1326832144,0.1553271993,-4765515.73,-3318680.847,-3948900.085,0
340,softening-ubiquitous,733,-20.52483543,39.20001926,0.1281530292,0.1496525492,-4765515.73,-3318680.847,-3948900.085,0
340,softening-ubiquitous,631,-20.11445543,32.73965209,0.154309009,0.1501632117,-4765515.73,-3318680.847,-3948900.085,0
340,softening-ubiquitous,735,-22.10758745,33.2737102,0.1517912575,0.1442370714,-4765515.73,-3318680.847,-3948900.085,0
341,softening-ubiquitous,631,-20.11445543,32.73965209,0.154309009,0.1501632117,-2906830.046,-2875992.025,-3252298.92,0
341,softening-ubiquitous,735,-22.10758745,33.2737102,0.1517912575,0.1442370714,-2906830.046,-2875992.025,-3252298.92,0
341,softening-ubiquitous,633,-20.52939313,30.04992244,0.1646750593,0.1487748385,-2906830.046,-2875992.025,-3252298.92,0
341,softening-ubiquitous,737,-22.51217251,30.31068761,0.1631079674,0.1427896817,-2906830.046,-2875992.025,-3252298.92,0
342,softening-ubiquitous,633,-20.52939313,30.04992244,0.1646750593,0.1487748385,-1443645.357,-2717549.501,-2381821.976,0
342,softening-ubiquitous,737,-22.51217251,30.31068761,0.1631079674,0.1427896817,-1443645.357,-2717549.501,-2381821.976,0
342,softening-ubiquitous,635,-20.66811643,27.35,0.1749147706,0.148618147,-1443645.357,-2717549.501,-2381821.976,0
342,softening-ubiquitous,739,-22.64743468,27.35,0.1737844347,0.1420318417,-1443645.357,-2717549.501,-2381821.976,0
343,softening-ubiquitous,635,-20.66811643,27.35,0.1749147706,0.148618147,-748952.4748,-215804.1738,-1099048.548,64
343,softening-ubiquitous,739,-22.64743468,27.35,0.1737844347,0.1420318417,-748952.4748,-215804.1738,-1099048.548,64
343,softening-ubiquitous,637,-20.66811643,21.05838221,0.1992216996,0.1511504482,-748952.4748,-215804.1738,-1099048.548,64
343,softening-ubiquitous,741,-22.64743468,20.45585444,0.1986782976,0.1434113597,-748952.4748,-215804.1738,-1099048.548,64
344,softening-ubiquitous,637,-20.66811643,21.05838221,0.1992216996,0.1511504482,214427.5319,238321.0538,-259523.2096,192
344,softening-ubiquitous,741,-22.64743468,20.45585444,0.1986782976,0.1434113597,214427.5319,238321.0538,-259523.2096,192
344,softening-ubiquitous,639,-20.66811643,12.07180413,0.2249222762,0.1490385798,214427.5319,238321.0538,-259523.2096,192
344,softening-ubiquitous,743,-22.64743468,10.60866103,0.226340425,0.1415301865,214427.5319,238321.0538,-259523.2096,192
345,softening-ubiquitous,639,-20.66811643,12.07180413,0.2249222762,0.1490385798,70306.70482,182300.9081,-309560.3387,208
345,softening-ubiquitous,743,-22.64743468,10.60866103,0.226340425,0.1415301865,70306.70482,182300.9081,-309560.3387,208
345,softening-ubiquitous,641,-20.66811643,3.085226057,0.249090676,0.1481791296,70306.70482,182300.9081,-309560.3387,208
345,softening-ubiquitous,745,-22.64743468,0.7614676128,0.2527847844,0.1421023599,70306.70482,182300.9081,-309560.3387,208
346,softening-ubiquitous,641,-20.66811643,3.085226057,0.249090676,0.1481791296,1172.701416,234901.0698,-439047.5518,208
346,softening-ubiquitous,745,-22.64743468,0.7614676128,0.2527847844,0.1421023599,1172.701416,234901.0698,-439047.5518,208
346,softening-ubiquitous,643,-20.29638445,-5.303300859,0.2510132602,0.1302513984,1172.701416,234901.0698,-439047.5518,208
346,softening-ubiquitous,747,-22.07511586,-8.164965809,0.2528895423,0.1233825526,1172.701416,234901.0698,-439047.5518,208
347,softening-ubiquitous,643,-20.29638445,-5.303300859,0.2510132602,0.1302513984,206433.121,401266.901,-571498.3323,208
347,softening-ubiquitous,747,-22.07511586,-8.164965809,0.2528895423,0.1233825526,206433.121,401266.901,-571498.3323,208
347,softening-ubiquitous,645,-19.43519544,-12.36829892,0.2447934133,0.1104166791,206433.121,401266.901,-571498.3323,208
347,softening-ubiquitous,749,-20.74922865,-15.05369326,0.2435845072,0.103220108,206433.121,401266.901,-571498.3323,208
348,softening-ubiquitous,645,-19.43519544,-12.36829892,0.2447934133,0.1104166791,109672.993,400783.9808,-655138.9392,208
348,softening-ubiquitous,749,-20.74922865,-15.05369326,0.2435845072,0.103220108,109672.993,400783.9808,-655138.9392,208
348,softening-ubiquitous,647,-18.87617204,-19.43329699,0.2383915665,0.0932421853,109672.993,400783.9808,-655138.9392,208
348,softening-ubiquitous,751,-19.88855583,-21.94242072,0.2320060522,0.084247949,109672.993,400783.9808,-655138.9392,208
349,softening-ubiquitous,647,-18.87617204,-19.43329699,0.2383915665,0.0932421853,-148837.623,140945.9662,-394141.1123,208
349,softening-ubiquitous,751,-19.88855583,-21.94242072,0.2320060522,0.084247949,-148837.623,140945.9662,-394141.1123,208
349,softening-ubiquitous,649,-18.48401849,-26.49829505,0.2087575539,0.05883445394,-148837.623,140945.9662,-394141.1123,208
349,softening-ubiquitous,753,-19.28479594,-28.83114817,0.1972191518,0.04910522037,-148837.623,140945.9662,-394141.1123,208
350,softening-ubiquitous,649,-18.48401849,-26.49829505,0.2087575539,0.05883445394,-635164.9803,-431078.5594,252771.0017,240
350,softening-ubiquitous,753,-19.28479594,-28.83114817,0.1972191518,0.04910522037,-635164.9803,-431078.5594,252771.0017,240
350,softening-ubiquitous,651,-18.19372152,-33.56329312,0.1625289598,0.01769296602,-635164.9803,-431078.5594,252771.0017,240
350,softening-ubiquitous,755,-18.83785451,-35.71987562,0.1486981611,0.008224016551,-635164.9803,-431078.5594,252771.0017,240
351,softening-ubiquitous,651,-18.19372152,-33.56329312,0.1625289598,0.01769296602,-3318549.455,-3232885.335,3158044.724,240
351,softening-ubiquitous,755,-18.83785451,-35.71987562,0.1486981611,0.008224016551,-3318549.455,-3232885.335,3158044.724,240
351,softening-ubiquitous,653,-17.97015861,-40.62829118,0.10764345,-0.0256719278,-3318549.455,-3232885.335,3158044.724,240
351,softening-ubiquitous,757,-18.4936569,-42.60860308,0.09564725441,-0.03548843899,-3318549.455,-3232885.335,3158044.724,240
352,softening-ubiquitous,653,-17.97015861,-40.62829118,0.10764345,-0.0256719278,-4671786.882,-4644361.977,4620399.652,208
352,softening-ubiquitous,757,-18.4936569,-42.60860308,0.09564725441,-0.03548843899,-4671786.882,-4644361.977,4620399.652,208
352,softening-ubiquitous,551,-17.79269062,-47.69328925,0.05896368243,-0.06865594205,-4671786.882,-4644361.977,4620399.652,208
352,softening-ubiquitous,655,-18.22042704,-49.49733053,0.0513869006,-0.07814893645,-4671786.882,-4644361.977,4620399.652,208
353,softening-ubiquitous,655,-18.22042704,-49.49733053,0.0513869006,-0.07814893645,-3238972.207,-3144459.828,3061880.669,208
353,softening-ubiquitous,759,-18.70559864,-51.5436131,0.04310302819,-0.08900348203,-3238972.207,-3144459.828,3061880.669,208
353,softening-ubiquitous,657,-13.66532028,-49.49733053,0.02378813359,-0.09419120685,-3238972.207,-3144459.828,3061880.669,208
353,softening-ubiquitous,761,-14.02919898,-51.5436131,0.01494162846,-0.1071421521,-3238972.207,-3144459.828,3061880.669,208
354,softening-ubiquitous,657,-13.66532028,-49.49733053,0.02378813359,-0.09419120685,-3964140.193,-3697164.467,3463897.435,208
354,softening-ubiquitous,761,-14.02919898,-51.5436131,0.01494162846,-0.1071421521,-3964140.193,-3697164.467,3463897.435,208
354,softening-ubiquitous,659,-9.110213522,-49.49733053,-0.00855520206,-0.1061782566,-3964140.193,-3697164.467,3463897.435,208
354,softening-ubiquitous,763,-9.352799322,-51.5436131,-0.0151349788,-0.1212542627,-3964140.193,-3697164.467,3463897.435,208
355,softening-ubiquitous,659,-9.110213522,-49.49733053,-0.00855520206,-0.1061782566,-2690793.267,-2187778.232,1748274.518,208
355,softening-ubiquitous,763,-9.352799322,-51.5436131,-0.0151349788,-0.1212542627,-2690793.267,-2187778.232,1748274.518,208
355,softening-ubiquitous,661,-4.555106761,-49.49733053,-0.04106348216,-0.1158666221,-2690793.267,-2187778.232,1748274.518,208
355,softening-ubiquitous,765,-4.676399661,-51.5436131,-0.04534709907,-0.1304146129,-2690793.267,-2187778.232,1748274.518,208
356,softening-ubiquitous,661,-4.555106761,-49.49733053,-0.04106348216,-0.1158666221,-2066556.754,-597072.8555,-686872.1338,80
356,softening-ubiquitous,765,-4.676399661,-51.5436131,-0.04534709907,-0.1304146129,-2066556.754,-597072.8555,-686872.1338,80
356,softening-ubiquitous,663,0,-49.49733053,-0.06782702335,-0.1260042017,-2066556.754,-597072.8555,-686872.1338,80
356,softening-ubiquitous,767,0,-51.5436131,-0.07090841358,-0.1370198277,-2066556.754,-597072.8555,-686872.1338,80
357,softening-ubiquitous,663,0,-49.49733053,-0.06782702335,-0.1260042017,-5157616.777,-772679.7496,-3058609.475,80
357,softening-ubiquitous,767,0,-51.5436131,-0.07090841358,-0.1370198277,-5157616.777,-772679.7496,-3058609.475,80
357,softening-ubiquitous,665,4.555106761,-49.49733053,-0.08786734355,-0.1347638918,-5157616.777,-772679.7496,-3058609.475,80
357,softening-ubiquitous,769,4.676399661,-51.5436131,-0.08735500288,-0.1413633766,-5157616.777,-772679.7496,-3058609.475,80
358,softening-ubiquitous,665,4.555106761,-49.49733053,-0.08786734355,-0.1347638918,-11241020.97,-2592644.039,-5196578.984,64
358,softening-ubiquitous,769,4.676399661,-51.5436131,-0.08735500288,-0.1413633766,-11241020.97,-2592644.039,-5196578.984,64
358,softening-ubiquitous,667,9.110213522,-49.49733053,-0.1005618929,-0.1381567626,-11241020.97,-2592644.039,-5196578.984,64
358,softening-ubiquitous,771,9.352799322,-51.5436131,-0.09489364683,-0.1393598789,-11241020.97,-2592644.039,-5196578.984,64
359,softening-ubiquitous,667,9.110213522,-49.49733053,-0.1005618929,-0.1381567626,-14585955.51,-5666004.985,-8200470.375,0
359,softening-ubiquitous,771,9.352799322,-51.5436131,-0.09489364683,-0.1393598789,-14585955.51,-5666004.985,-8200470.375,0
359,softening-ubiquitous,669,13.66532028,-49.49733053,-0.1064669209,-0.1361260723,-14585955.51,-5666004.985,-8200470.375,0
359,softening-ubiquitous,773,14.02919898,-51.5436131,-0.09938129938,-0.1358897761,-14585955.51,-5666004.985,-8200470.375,0
360,softening-ubiquitous,669,13.66532028,-49.49733053,-0.1064669209,-0.1361260723,-12401623,-9399696.883,-8113567.62,0
360,softening-ubiquitous,773,14.02919898,-51.5436131,-0.09938129938,-0.1358897761,-12401623,-9399696.883,-8113567.62,0
360,softening-ubiquitous,671,18.22042704,-49.49733053,-0.1095729065,-0.1322163788,-12401623,-9399696.883,-8113567.62,0
360,softening-ubiquitous,775,18.70559864,-51.5436131,-0.1021875079,-0.130443293,-12401623,-9399696.883,-8113567.62,0
361,softening-ubiquitous,671,18.22042704,-49.49733053,-0.1095729065,-0.1322163788,-12558442.96,-12885696.43,-6745130.821,0
361,softening-ubiquitous,775,18.70559864,-51.5436131,-0.1021875079,-0.130443293,-12558442.96,-12885696.43,-6745130.821,0
361,softening-ubiquitous,673,18.4936569,-42.60860308,-0.13989188,-0.1373620582,-12558442.96,-12885696.43,-6745130.821,0
361,softening-ubiquitous,777,19.08744897,-44.85482536,-0.1296306498,-0.1337799962,-12558442.96,-12885696.43,-6745130.821,0
362,softening-ubiquitous,673,18.4936569,-42.60860308,-0.13989188,-0.1373620582,-7137822.596,-11869090.21,-4641796.118,0
362,softening-ubiquitous,777,19.08744897,-44.85482536,-0.1296306498,-0.1337799962,-7137822.596,-11869090.21,-4641796.118,0
362,softening-ubiquitous,675,18.83785451,-35.71987562,-0.1738766357,-0.1427300933,-7137822.596,-11869090.21,-4641796.118,0
362,softening-ubiquitous,779,19.56847975,-38.16603761,-0.1611941789,-0.1375722697,-7137822.596,-11869090.21,-4641796.118,0
363,softening-ubiquitous,675,18.83785451,-35.71987562,-0.1738766357,-0.1427300933,-1248928.787,-5041428.559,-2103804.447,64
363,softening-ubiquitous,779,19.56847975,-38.16603761,-0.1611941789,-0.1375722697,-1248928.787,-5041428.559,-2103804.447,64
363,softening-ubiquitous,677,19.28479594,-28.83114817,-0.2067263893,-0.1476872493,-1248928.787,-5041428.559,-2103804.447,64
363,softening-ubiquitous,781,20.1930994,-31.47724986,-0.1927461268,-0.1407967411,-1248928.787,-5041428.559,-2103804.447,64
364,softening-ubiquitous,677,19.28479594,-28.83114817,-0.2067263893,-0.1476872493,362640.9283,229036.5792,-479750.9868,208
364,softening-ubiquitous,781,20.1930994,-31.47724986,-0.1927461268,-0.1407967411,362640.9283,229036.5792,-479750.9868,208
364,softening-ubiquitous,679,19.88855583,-21.94242072,-0.2344790366,-0.151308369,362640.9283,229036.5792,-479750.9868,208
364,softening-ubiquitous,783,21.03687949,-24.78846211,-0.2207296654,-0.1433601675,362640.9283,229036.5792,-479750.9868,208
365,softening-ubiquitous,679,19.88855583,-21.94242072,-0.2344790366,-0.151308369,-33968.78171,-305312.2274,-198449.6669,208
365,softening-ubiquitous,783,21.03687949,-24.78846211,-0.2207296654,-0.1433601675,-33968.78171,-305312.2274,-198449.6669,208
365,softening-ubiquitous,681,20.74922865,-15.05369326,-0.2579640733,-0.1518679092,-33968.78171,-305312.2274,-198449.6669,208
365,softening-ubiquitous,785,22.23970633,-18.09967436,-0.2446861157,-0.1438950666,-33968.78171,-305312.2274,-198449.6669,208
366,softening-ubiquitous,681,20.74922865,-15.05369326,-0.2579640733,-0.1518679092,-56925.34315,-251270.6654,-108895.8072,208
366,softening-ubiquitous,785,22.23970633,-18.09967436,-0.2446861157,-0.1438950666,-56925.34315,-251270.6654,-108895.8072,208
366,softening-ubiquitous,683,22.07511586,-8.164965809,-0.2794441592,-0.1500245014,-56925.34315,-251270.6654,-108895.8072,208
366,softening-ubiquitous,787,24.09269003,-11.41088661,-0.2658691258,-0.1408501314,-56925.34315,-251270.6654,-108895.8072,208
367,softening-ubiquitous,683,22.07511586,-8.164965809,-0.2794441592,-0.1500245014,-27775.43441,-150805.3783,-78077.23998,208
367,softening-ubiquitous,787,24.09269003,-11.41088661,-0.2658691258,-0.1408501314,-27775.43441,-150805.3783,-78077.23998,208
367,softening-ubiquitous,685,22.64743468,0.7614676128,-0.3060394625,-0.1502574876,-27775.43441,-150805.3783,-78077.23998,208
367,softening-ubiquitous,789,24.89252991,-1.874318201,-0.2955111604,-0.1417757345,-27775.43441,-150805.3783,-78077.23998,208
368,softening-ubiquitous,685,22.64743468,0.7614676128,-0.3060394625,-0.1502574876,220350.1948,-473549.3945,-109642.3524,0
368,softening-ubiquitous,789,24.89252991,-1.874318201,-0.2955111604,-0.1417757345,220350.1948,-473549.3945,-109642.3524,0
368,softening-ubiquitous,687,22.64743468,10.60866103,-0.3415466578,-0.1478470356,220350.1948,-473549.3945,-109642.3524,0
368,softening-ubiquitous,791,24.89252991,8.949051421,-0.3342488456,-0.1397907908,220350.1948,-473549.3945,-109642.3524,0
369,softening-ubiquitous,687,22.64743468,10.60866103,-0.3415466578,-0.1478470356,75340.20726,-36626.4773,-214995.9338,192
369,softening-ubiquitous,791,24.89252991,8.949051421,-0.3342488456,-0.1397907908,75340.20726,-36626.4773,-214995.9338,192
369,softening-ubiquitous,689,22.64743468,20.45585444,-0.3598872588,-0.1591292981,75340.20726,-36626.4773,-214995.9338,192
369,softening-ubiquitous,793,24.89252991,19.77242104,-0.3527836831,-0.1538958191,75340.20726,-36626.4773,-214995.9338,192
370,softening-ubiquitous,689,22.64743468,20.45585444,-0.3598872588,-0.1591292981,-1252847.176,-1301620.246,1209428.456,192
370,softening-ubiquitous,793,24.89252991,19.77242104,-0.3527836831,-0.1538958191,-1252847.176,-1301620.246,1209428.456,192
370,softening-ubiquitous,691,22.64743468,27.35,-0.3609865175,-0.1685711367,-1252847.176,-1301620.246,1209428.456,192
370,softening-ubiquitous,795,24.89252991,27.35,-0.3549952686,-0.1640364403,-1252847.176,-1301620.246,1209428.456,192
371,softening-ubiquitous,691,22.64743468,27.35,-0.3609865175,-0.1685711367,-3846998.086,-3869361.763,3825242.173,192
371,softening-ubiquitous,795,24.89252991,27.35,-0.3549952686,-0.1640364403,-3846998.086,-3869361.763,3825242.173,192
371,softening-ubiquitous,693,22.51217251,30.31068761,-0.3599998063,-0.1734157863,-3846998.086,-3869361.763,3825242.173,192
371,softening-ubiquitous,797,24.76119361,30.60646754,-0.3566188166,-0.1666399705,-3846998.086,-3869361.763,3825242.173,192
372,softening-ubiquitous,693,22.51217251,30.31068761,-0.3599998063,-0.1734157863,-3423840.597,-3456913.212,3384661.16,192
372,softening-ubiquitous,797,24.76119361,30.60646754,-0.3566188166,-0.1666399705,-3423840.597,-3456913.212,3384661.16,192
372,softening-ubiquitous,695,22.10758745,33.2737102,-0.3621463914,-0.1757349585,-3423840.597,-3456913.212,3384661.16,192
372,softening-ubiquitous,799,24.3683513,33.87948005,-0.3622453544,-0.1683165146,-3423840.597,-3456913.212,3384661.16,192
373,softening-ubiquitous,695,22.10758745,33.2737102,-0.3621463914,-0.1757349585,-3845739.211,-3354239.388,3307907.306,0
373,softening-ubiquitous,799,24.3683513,33.87948005,-0.3622453544,-0.1683165146,-3845739.211,-3354239.388,3307907.306,0
373,softening-ubiquitous,697,20.52483543,39.20001926,-0.3721144589,-0.1807049575,-3845739.211,-3354239.388,3307907.306,0
373,softening-ubiquitous,801,22.83153737,40.53179425,-0.3746788166,-0.172963481,-3845739.211,-3354239.388,3307907.306,0
374,softening-ubiquitous,697,20.52483543,39.20001926,-0.3721144589,-0.1807049575,-3162169.653,-3162169.653,3313674.799,240
374,softening-ubiquitous,801,22.83153737,40.53179425,-0.3746788166,-0.172963481,-3162169.653,-3162169.653,3313674.799,240
374,softening-ubiquitous,699,19.87417021,40.96623515,0.02273614999,0.2155089513,-3162169.653,-3162169.653,3313674.799,240
374,softening-ubiquitous,803,22.19975717,42.5595464,0.01991426995,0.2237596278,-3162169.653,-3162169.653,3313674.799,240
375,softening-ubiquitous,699,19.87417021,40.96623515,0.02273614999,0.2155089513,-3498517.482,-3038479.804,3184851.043,0
375,softening-ubiquitous,803,22.19975717,42.5595464,0.01991426995,0.2237596278,-3498517.482,-3038479.804,3184851.043,0
375,softening-ubiquitous,701,17.50693642,44.85693642,0.01431740677,0.2071885253,-3498517.482,-3038479.804,3184851.043,0
375,softening-ubiquitous,805,19.68790265,47.03790265,0.01019859928,0.2153045083,-3498517.482,-3038479.804,3184851.043,0
376,softening-ubiquitous,701,17.50693642,44.85693642,0.01431740677,0.2071885253,-3889230.203,-3721572.164,2812321.755,192
376,softening-ubiquitous,805,19.68790265,47.03790265,0.01019859928,0.2153045083,-3889230.203,-3721572.164,2812321.755,192
376,softening-ubiquitous,703,11.56128399,47.37473128,0.04023437004,0.2180842818,-3889230.203,-3721572.164,2812321.755,192
376,softening-ubiquitous,807,12.77827444,49.48262057,0.03941767063,0.2264083789,-3889230.203,-3721572.164,2812321.755,192
377,softening-ubiquitous,703,11.56128399,47.37473128,0.04023437004,0.2180842818,-5380857.202,-3858585.208,2147327.186,64
377,softening-ubiquitous,807,12.77827444,49.48262057,0.03941767063,0.2264083789,-5380857.202,-3858585.208,2147327.186,64
377,softening-ubiquitous,705,5.789707698,48.95748329,0.06039903668,0.219633598,-5380857.202,-3858585.208,2147327.186,64
377,softening-ubiquitous,809,6.342205858,51.01943449,0.05773637313,0.225732286,-5380857.202,-3858585.208,2147327.186,64
378,softening-ubiquitous,705,5.789707698,48.95748329,0.06039903668,0.219633598,-12297850.93,-5552283.962,-355226.3416,64
378,softening-ubiquitous,809,6.342205858,51.01943449,0.05773637313,0.225732286,-12297850.93,-5552283.962,-355226.3416,64
378,softening-ubiquitous,707,2.605568298,49.49733053,0.06985086812,0.2158701265,-12297850.93,-5552283.962,-355226.3416,64
378,softening-ubiquitous,811,2.846307424,51.5436131,0.06374700138,0.2192842758,-12297850.93,-5552283.962,-355226.3416,64
379,softening-ubiquitous,707,2.605568298,49.49733053,0.06985086812,0.2158701265,-14612275.03,-5799836.116,-1916399.684,64
379,softening-ubiquitous,811,2.846307424,51.5436131,0.06374700138,0.2192842758,-14612275.03,-5799836.116,-1916399.684,64
379,softening-ubiquitous,709,1.954176223,49.49733053,0.07170434955,0.2144001282,-14612275.03,-5799836.116,-1916399.684,64
379,softening-ubiquitous,813,2.134730568,51.5436131,0.06469869135,0.2171829811,-14612275.03,-5799836.116,-1916399.684,64
380,softening-ubiquitous,709,1.954176223,49.49733053,0.07170434955,0.2144001282,-14881397.49,-5565100.182,-2543459.458,64
380,softening-ubiquitous,813,2.134730568,51.5436131,0.06469869135,0.2171829811,-14881397.49,-5565100.182,-2543459.458,64
380,softening-ubiquitous,711,1.302784149,49.49733053,0.07328904757,0.2127501128,-14881397.49,-5565100.182,-2543459.458,64
380,softening-ubiquitous,815,1.423153712,51.5436131,0.06559716667,0.2149417433,-14881397.49,-5565100.182,-2543459.458,64
381,softening-ubiquitous,711,1.302784149,49.49733053,0.07328904757,0.2127501128,-14833556.1,-5132439.688,-3031313.672,64
381,softening-ubiquitous,815,1.423153712,51.5436131,0.06559716667,0.2149417433,-14833556.1,-5132439.688,-3031313.672,64
381,softening-ubiquitous,713,0.6513920744,49.49733053,0.07459441567,0.2109790397,-14833556.1,-5132439.688,-3031313.672,64
381,softening-ubiquitous,817,0.711576856,51.5436131,0.06644059962,0.2125963998,-14833556.1,-5132439.688,-3031313.672,64
382,softening-ubiquitous,713,0.6513920744,49.49733053,0.07459441567,0.2109790397,-14702914.43,-3398411.751,-3319914.378,0
382,softening-ubiquitous,817,0.711576856,51.5436131,0.06644059962,0.2125963998,-14702914.43,-3398411.751,-3319914.378,0
382,softening-ubiquitous,715,0,49.49733053,0.07555713937,0.2090645008,-14702914.43,-3398411.751,-3319914.378,0
382,softening-ubiquitous,819,0,51.5436131,0.06721505511,0.210253679,-14702914.43,-3398411.751,-3319914.378,0
383,softening-ubiquitous,715,0,49.49733053,0.07555713937,0.2090645008,-13886009.67,-3518254.223,-3467685.34,0
383,softening-ubiquitous,819,0,51.5436131,0.06721505511,0.210253679,-13886009.67,-3518254.223,-3467685.34,0
383,softening-ubiquitous,717,-0.6513920744,49.49733053,0.07635326131,0.2070345514,-13886009.67,-3518254.223,-3467685.34,0
383,softening-ubiquitous,821,-0.711576856,51.5436131,0.06798502744,0.2079806885,-13886009.67,-3518254.223,-3467685.34,0
384,softening-ubiquitous,717,-0.6513920744,49.49733053,0.07635326131,0.2070345514,-13065950.36,-3213703.374,-3532947.125,0
384,softening-ubiquitous,821,-0.711576856,51.5436131,0.06798502744,0.2079806885,-13065950.36,-3213703.374,-3532947.125,0
384,softening-ubiquitous,719,-1.302784149,49.49733053,0.07702525806,0.2049666643,-13065950.36,-3213703.374,-3532947.125,0
384,softening-ubiquitous,823,-1.423153712,51.5436131,0.0687550192,0.205761723,-13065950.36,-3213703.374,-3532947.125,0
385,softening-ubiquitous,719,-1.302784149,49.49733053,0.07702525806,0.2049666643,-12311252.57,-2844755.833,-3702630.334,0
385,softening-ubiquitous,823,-1.423153712,51.5436131,0.0687550192,0.205761723,-12311252.57,-2844755.833,-3702630.334,0
385,softening-ubiquitous,721,-1.954176223,49.49733053,0.0775900401,0.2029798626,-12311252.57,-2844755.833,-3702630.334,0
385,softening-ubiquitous,825,-2.134730568,51.5436131,0.06952448461,0.2036133231,-12311252.57,-2844755.833,-3702630.334,0
386,softening-ubiquitous,721,-1.954176223,49.49733053,0.0775900401,0.2029798626,-12193681.32,-2893075.137,-3892182.983,0
386,softening-ubiquitous,825,-2.134730568,51.5436131,0.06952448461,0.2036133231,-12193681.32,-2893075.137,-3892182.983,0
386,softening-ubiquitous,723,-2.605568298,49.49733053,0.07817433272,0.2010997986,-12193681.32,-2893075.137,-3892182.983,0
386,softening-ubiquitous,827,-2.846307424,51.5436131,0.07024996694,0.2015317591,-12193681.32,-2893075.137,-3892182.983,0
387,softening-ubiquitous,723,-2.605568298,49.49733053,0.07817433272,0.2010997986,-11267173.34,-3168628.314,-4149618.99,0
387,softening-ubiquitous,827,-2.846307424,51.5436131,0.07024996694,0.2015317591,-11267173.34,-3168628.314,-4149618.99,0
387,softening-ubiquitous,725,-5.789707698,48.95748329,0.08280991691,0.1922899654,-11267173.34,-3168628.314,-4149618.99,0
387,softening-ubiquitous,829,-6.342205858,51.01943449,0.07529391693,0.191644828,-11267173.34,-3168628.314,-4149618.99,0
388,softening-ubiquitous,725,-5.789707698,48.95748329,0.08280991691,0.1922899654,-10033704.36,-3754278.818,-4009925.734,0
388,softening-ubiquitous,829,-6.342205858,51.01943449,0.07529391693,0.191644828,-10033704.36,-3754278.818,-4009925.734,0
388,softening-ubiquitous,727,-11.56128399,47.37473128,0.09248256773,0.1765135196,-10033704.36,-3754278.818,-4009925.734,0
388,softening-ubiquitous,831,-12.77827444,49.48262057,0.08522786301,0.1738198373,-10033704.36,-3754278.818,-4009925.734,0
389,softening-ubiquitous,727,-11.56128399,47.37473128,0.09248256773,0.1765135196,-8875221.242,-3586431.584,-3703067.168,0
389,softening-ubiquitous,831,-12.77827444,49.48262057,0.08522786301,0.1738198373,-8875221.242,-3586431.584,-3703067.168,0
389,softening-ubiquitous,729,-17.50693642,44.85693642,0.1049483686,0.1595484796,-8875221.242,-3586431.584,-3703067.168,0
389,softening-ubiquitous,833,-19.68790265,47.03790265,0.09772963616,0.1542056338,-8875221.242,-3586431.584,-3703067.168,0
390,softening-ubiquitous,729,-17.50693642,44.85693642,0.1049483686,0.1595484796,-7817035.892,-3122000.136,-3757109.805,0
390,softening-ubiquitous,833,-19.68790265,47.03790265,0.09772963616,0.1542056338,-7817035.892,-3122000.136,-3757109.805,0
390,softening-ubiquitous,731,-19.87417021,40.96623515,0.1209554722,0.1518956112,-7817035.892,-3122000.136,-3757109.805,0
390,softening-ubiquitous,835,-22.19975717,42.5595464,0.1154748661,0.1458976896,-7817035.892,-3122000.136,-3757109.805,0
391,softening-ubiquitous,731,-19.87417021,40.96623515,0.1209554722,0.1518956112,-6877094.309,-2978466.658,-3980780.98,0
391,softening-ubiquitous,835,-22.19975717,42.5595464,0.1154748661,0.1458976896,-6877094.309,-2978466.658,-3980780.98,0
391,softening-ubiquitous,733,-20.52483543,39.20001926,0.1281530292,0.1496525492,-6877094.309,-2978466.658,-3980780.98,0
391,softening-ubiquitous,837,-22.83153737,40.53179425,0.1234225963,0.1435837943,-6877094.309,-2978466.658,-3980780.98,0
392,softening-ubiquitous,733,-20.52483543,39.20001926,0.1281530292,0.1496525492,-5326896.488,-2929895.983,-3976087.558,0
392,softening-ubiquitous,837,-22.83153737,40.53179425,0.1234225963,0.1435837943,-5326896.488,-2929895.983,-3976087.558,0
392,softening-ubiquitous,735,-22.10758745,33.2737102,0.1517912575,0.1442370714,-5326896.488,-2929895.983,-3976087.558,0
392,softening-ubiquitous,839,-24.3683513,33.87948005,0.1492134329,0.1379524346,-5326896.488,-2929895.983,-3976087.558,0
393,softening-ubiquitous,735,-22.10758745,33.2737102,0.1517912575,0.1442370714,-3447245.522,-2713158.938,-3553612.687,0
393,softening-ubiquitous,839,-24.3683513,33.87948005,0.1492134329,0.1379524346,-3447245.522,-2713158.938,-3553612.687,0
393,softening-ubiquitous,737,-22.51217251,30.31068761,0.1631079674,0.1427896817,-3447245.522,-2713158.938,-3553612.687,0
393,softening-ubiquitous,841,-24.76119361,30.60646754,0.1614733311,0.1364234306,-3447245.522,-2713158.938,-3553612.687,0
394,softening-ubiquitous,737,-22.51217251,30.31068761,0.1631079674,0.1427896817,-2694721.322,-2330292.91,-2999606.344,0
394,softening-ubiquitous,841,-24.76119361,30.60646754,0.1614733311,0.1364234306,-2694721.322,-2330292.91,-2999606.344,0
394,softening-ubiquitous,739,-22.64743468,27.35,0.1737844347,0.1420318417,-2694721.322,-2330292.91,-2999606.344,0
394,softening-ubiquitous,843,-24.89252991,27.35,0.1732174643,0.1356421668,-2694721.322,-2330292.91,-2999606.344,0
395,softening-ubiquitous,739,-22.64743468,27.35,0.1737844347,0.1420318417,-1060458.593,-903688.6186,-1604855.709,64
395,softening-ubiquitous,843,-24.89252991,27.35,0.1732174643,0.1356421668,-1060458.593,-903688.6186,-1604855.709,64
395,softening-ubiquitous,741,-22.64743468,20.45585444,0.1986782976,0.1434113597,-1060458.593,-903688.6186,-1604855.709,64
395,softening-ubiquitous,845,-24.89252991,19.77242104,0.1984903046,0.1354424245,-1060458.593,-903688.6186,-1604855.709,64
396,softening-ubiquitous,741,-22.64743468,20.45585444,0.1986782976,0.1434113597,238839.5262,298490.1434,-350663.0259,192
396,softening-ubiquitous,845,-24.89252991,19.77242104,0.1984903046,0.1354424245,238839.5262,298490.1434,-350663.0259,192
396,softening-ubiquitous,743,-22.64743468,10.60866103,0.226340425,0.1415301865,238839.5262,298490.1434,-350663.0259,192
396,softening-ubiquitous,847,-24.89252991,8.949051421,0.2283418848,0.1338565314,238839.5262,298490.1434,-350663.0259,192
397,softening-ubiquitous,743,-22.64743468,10.60866103,0.226340425,0.1415301865,102144.0287,151600.9367,-285414.1158,192
397,softening-ubiquitous,847,-24.89252991,8.949051421,0.2283418848,0.1338565314,102144.0287,151600.9367,-285414.1158,192
397,softening-ubiquitous,745,-22.64743468,0.7614676128,0.2527847844,0.1421023599,102144.0287,151600.9367,-285414.1158,192
397,softening-ubiquitous,849,-24.89252991,-1.874318201,0.2563209231,0.1357088886,102144.0287,151600.9367,-285414.1158,192
398,softening-ubiquitous,745,-22.64743468,0.7614676128,0.2527847844,0.1421023599,72649.81725,301893.1016,-502049.3837,208
398,softening-ubiquitous,849,-24.89252991,-1.874318201,0.2563209231,0.1357088886,72649.81725,301893.1016,-502049.3837,208
398,softening-ubiquitous,747,-22.07511586,-8.164965809,0.2528895423,0.1233825526,72649.81725,301893.1016,-502049.3837,208
398,softening-ubiquitous,851,-24.09269003,-11.41088661,0.2538950709,0.1163967475,72649.81725,301893.1016,-502049.3837,208
399,softening-ubiquitous,747,-22.07511586,-8.164965809,0.2528895423,0.1233825526,249960.0464,453832.6176,-631959.7957,208
399,softening-ubiquitous,851,-24.09269003,-11.41088661,0.2538950709,0.1163967475,249960.0464,453832.6176,-631959.7957,208
399,softening-ubiquitous,749,-20.74922865,-15.05369326,0.2435845072,0.103220108,249960.0464,453832.6176,-631959.7957,208
399,softening-ubiquitous,853,-22.23970633,-18.09967436,0.2408572336,0.09582279144,249960.0464,453832.6176,-631959.7957,208
400,softening-ubiquitous,749,-20.74922865,-15.05369326,0.2435845072,0.103220108,-55875.0462,254391.7945,-525483.9569,208
400,softening-ubiquitous,853,-22.23970633,-18.09967436,0.2408572336,0.09582279144,-55875.0462,254391.7945,-525483.9569,208
400,softening-ubiquitous,751,-19.88855583,-21.94242072,0.2320060522,0.084247949,-55875.0462,254391.7945,-525483.9569,208
400,softening-ubiquitous,855,-21.03687949,-24.78846211,0.2228572146,0.07466951495,-55875.0462,254391.7945,-525483.9569,208
401,softening-ubiquitous,751,-19.88855583,-21.94242072,0.2320060522,0.084247949,-559228.9636,-268681.7415,14819.3864,208
401,softening-ubiquitous,855,-21.03687949,-24.78846211,0.2228572146,0.07466951495,-559228.9636,-268681.7415,14819.3864,208
401,softening-ubiquitous,753,-19.28479594,-28.83114817,0.1972191518,0.04910522037,-559228.9636,-268681.7415,14819.3864,208
401,softening-ubiquitous,857,-20.1930994,-31.47724986,0.1831469635,0.03853793349,-559228.9636,-268681.7415,14819.3864,208
402,softening-ubiquitous,753,-19.28479594,-28.83114817,0.1972191518,0.04910522037,-1911344.232,-1737348.478,1585348.113,240
402,softening-ubiquitous,857,-20.1930994,-31.47724986,0.1831469635,0.03853793349,-1911344.232,-1737348.478,1585348.113,240
402,softening-ubiquitous,755,-18.83785451,-35.71987562,0.1486981611,0.008224016551,-1911344.232,-1737348.478,1585348.113,240
402,softening-ubiquitous,859,-19.56847975,-38.16603761,0.1336363641,-0.002795981407,-1911344.232,-1737348.478,1585348.113,240
403,softening-ubiquitous,755,-18.83785451,-35.71987562,0.1486981611,0.008224016551,-3834038.083,-3771264.207,3716435.136,224
403,softening-ubiquitous,859,-19.56847975,-38.16603761,0.1336363641,-0.002795981407,-3834038.083,-3771264.207,3716435.136,224
403,softening-ubiquitous,757,-18.4936569,-42.60860308,0.09564725441,-0.03548843899,-3834038.083,-3771264.207,3716435.136,224
403,softening-ubiquitous,861,-19.08744897,-44.85482536,0.08309943706,-0.0475688172,-3834038.083,-3771264.207,3716435.136,224
404,softening-ubiquitous,757,-18.4936569,-42.60860308,0.09564725441,-0.03548843899,-3931836.243,-3905230.615,3881984.248,224
404,softening-ubiquitous,861,-19.08744897,-44.85482536,0.08309943706,-0.0475688172,-3931836.243,-3905230.615,3881984.248,224
404,softening-ubiquitous,655,-18.22042704,-49.49733053,0.0513869006,-0.07814893645,-3931836.243,-3905230.615,3881984.248,224
404,softening-ubiquitous,759,-18.70559864,-51.5436131,0.04310302819,-0.08900348203,-3931836.243,-3905230.615,3881984.248,224
405,softening-ubiquitous,759,-18.70559864,-51.5436131,0.04310302819,-0.08900348203,-3169471.383,-2859574.556,2588805.701,80
405,softening-ubiquitous,863,-19.24206764,-53.80625,0.03424913616,-0.1012098851,-3169471.383,-2859574.556,2588805.701,80
405,softening-ubiquitous,761,-14.02919898,-51.5436131,0.01494162846,-0.1071421521,-3169471.383,-2859574.556,2588805.701,80
405,softening-ubiquitous,865,-14.43155073,-53.80625,0.005507275126,-0.1201585555,-3169471.383,-2859574.556,2588805.701,80
406,softening-ubiquitous,761,-14.02919898,-51.5436131,0.01494162846,-0.1071421521,-4233133.475,-3531469.009,2918397.602,80
406,softening-ubiquitous,865,-14.43155073,-53.80625,0.005507275126,-0.1201585555,-4233133.475,-3531469.009,2918397.602,80
406,softening-ubiquitous,763,-9.352799322,-51.5436131,-0.0151349788,-0.1212542627,-4233133.475,-3531469.009,2918397.602,80
406,softening-ubiquitous,867,-9.621033821,-53.80625,-0.02232726987,-0.1350568251,-4233133.475,-3531469.009,2918397.602,80
407,softening-ubiquitous,763,-9.352799322,-51.5436131,-0.0151349788,-0.1212542627,-5069454.78,-3314972.555,1782013.519,80
407,softening-ubiquitous,867,-9.621033821,-53.80625,-0.02232726987,-0.1350568251,-5069454.78,-3314972.555,1782013.519,80
407,softening-ubiquitous,765,-4.676399661,-51.5436131,-0.04534709907,-0.1304146129,-5069454.78,-3314972.555,1782013.519,80
407,softening-ubiquitous,869,-4.810516911,-53.80625,-0.04896578931,-0.1437306455,-5069454.78,-3314972.555,1782013.519,80
408,softening-ubiquitous,765,-4.676399661,-51.5436131,-0.04534709907,-0.1304146129,-6046596.884,-2073278.387,-1398363.794,80
408,softening-ubiquitous,869,-4.810516911,-53.80625,-0.04896578931,-0.1437306455,-6046596.884,-2073278.387,-1398363.794,80
408,softening-ubiquitous,767,0,-51.5436131,-0.07090841358,-0.1370198277,-6046596.884,-2073278.387,-1398363.794,80
408,softening-ubiquitous,871,0,-53.80625,-0.07031636182,-0.1465708404,-6046596.884,-2073278.387,-1398363.794,80
409,softening-ubiquitous,767,0,-51.5436131,-0.07090841358,-0.1370198277,-10869237.02,-2560217.325,-4699853.989,80
409,softening-ubiquitous,871,0,-53.80625,-0.07031636182,-0.1465708404,-10869237.02,-2560217.325,-4699853.989,80
409,softening-ubiquitous,769,4.676399661,-51.5436131,-0.08735500288,-0.1413633766,-10869237.02,-2560217.325,-4699853.989,80
409,softening-ubiquitous,873,4.810516911,-53.80625,-0.08211003311,-0.1440907445,-10869237.02,-2560217.325,-4699853.989,80
410,softening-ubiquitous,769,4.676399661,-51.5436131,-0.08735500288,-0.1413633766,-14476233.9,-3062932.02,-6890150.998,0
410,softening-ubiquitous,873,4.810516911,-53.80625,-0.08211003311,-0.1440907445,-14476233.9,-3062932.02,-6890150.998,0
410,softening-ubiquitous,771,9.352799322,-51.5436131,-0.09489364683,-0.1393598789,-14476233.9,-3062932.02,-6890150.998,0
410,softening-ubiquitous,875,9.621033821,-53.80625,-0.08758162451,-0.1399039132,-14476233.9,-3062932.02,-6890150.998,0
411,softening-ubiquitous,771,9.352799322,-51.5436131,-0.09489364683,-0.1393598789,-13340077.85,-6573687.336,-7949081.441,0
411,softening-ubiquitous,875,9.621033821,-53.80625,-0.08758162451,-0.1399039132,-13340077.85,-6573687.336,-7949081.441,0
411,softening-ubiquitous,773,14.02919898,-51.5436131,-0.09938129938,-0.1358897761,-13340077.85,-6573687.336,-7949081.441,0
411,softening-ubiquitous,877,14.43155073,-53.80625,-0.09176745027,-0.1354129146,-13340077.85,-6573687.336,-7949081.441,0
412,softening-ubiquitous,773,14.02919898,-51.5436131,-0.09938129938,-0.1358897761,-11647365.81,-8371663.865,-6923538.152,0
412,softening-ubiquitous,877,14.43155073,-53.80625,-0.09176745027,-0.1354129146,-11647365.81,-8371663.865,-6923538.152,0
412,softening-ubiquitous,775,18.70559864,-51.5436131,-0.1021875079,-0.130443293,-11647365.81,-8371663.865,-6923538.152,0
412,softening-ubiquitous,879,19.24206764,-53.80625,-0.09462195364,-0.1288917683,-11647365.81,-8371663.865,-6923538.152,0
413,softening-ubiquitous,775,18.70559864,-51.5436131,-0.1021875079,-0.130443293,-12285544.32,-11245504.34,-6387849.293,0
413,softening-ubiquitous,879,19.24206764,-53.80625,-0.09462195364,-0.1288917683,-12285544.32,-11245504.34,-6387849.293,0
413,softening-ubiquitous,777,19.08744897,-44.85482536,-0.1296306498,-0.1337799962,-12285544.32,-11245504.34,-6387849.293,0
413,softening-ubiquitous,881,19.74402294,-47.33854167,-0.1192353646,-0.1306273677,-12285544.32,-11245504.34,-6387849.293,0
414,softening-ubiquitous,777,19.08744897,-44.85482536,-0.1296306498,-0.1337799962,-9705394.123,-11525633.02,-5651303.419,0
414,softening-ubiquitous,881,19.74402294,-47.33854167,-0.1192353646,-0.1306273677,-9705394.123,-11525633.02,-5651303.419,0
414,softening-ubiquitous,779,19.56847975,-38.16603761,-0.1611941789,-0.1375722697,-9705394.123,-11525633.02,-5651303.419,0
414,softening-ubiquitous,883,20.37635432,-40.87083333,-0.1480926545,-0.1329330453,-9705394.123,-11525633.02,-5651303.419,0
415,softening-ubiquitous,779,19.56847975,-38.16603761,-0.1611941789,-0.1375722697,-3558246.988,-9507069.138,-4079437.604,0
415,softening-ubiquitous,883,20.37635432,-40.87083333,-0.1480926545,-0.1329330453,-3558246.988,-9507069.138,-4079437.604,0
415,softening-ubiquitous,781,20.1930994,-31.47724986,-0.1927461268,-0.1407967411,-3558246.988,-9507069.138,-4079437.604,0
415,softening-ubiquitous,885,21.19743816,-34.403125,-0.1781922953,-0.1346363369,-3558246.988,-9507069.138,-4079437.604,0
416,softening-ubiquitous,781,20.1930994,-31.47724986,-0.1927461268,-0.1407967411,-696706.5014,-4009912.828,-2124596.433,80
416,softening-ubiquitous,885,21.19743816,-34.403125,-0.1781922953,-0.1346363369,-696706.5014,-4009912.828,-2124596.433,80
416,softening-ubiquitous,783,21.03687949,-24.78846211,-0.2207296654,-0.1433601675,-696706.5014,-4009912.828,-2124596.433,80
416,softening-ubiquitous,887,22.3066159,-27.93541667,-0.2057148242,-0.1354163699,-696706.5014,-4009912.828,-2124596.433,80
417,softening-ubiquitous,783,21.03687949,-24.78846211,-0.2207296654,-0.1433601675,86852.29013,-396536.8868,-504604.3221,80
417,softening-ubiquitous,887,22.3066159,-27.93541667,-0.2057148242,-0.1354163699,86852.29013,-396536.8868,-504604.3221,80
417,softening-ubiquitous,785,22.23970633,-18.09967436,-0.2446861157,-0.1438950666,86852.29013,-396536.8868,-504604.3221,80
417,softening-ubiquitous,889,23.88777285,-21.46770833,-0.2293116513,-0.1343938583,86852.29013,-396536.8868,-504604.3221,80
418,softening-ubiquitous,785,22.23970633,-18.09967436,-0.2446861157,-0.1438950666,-51624.02034,-620580.5235,-434625.424,80
418,softening-ubiquitous,889,23.88777285,-21.46770833,-0.2293116513,-0.1343938583,-51624.02034,-620580.5235,-434625.424,80
418,softening-ubiquitous,787,24.09269003,-11.41088661,-0.2658691258,-0.1408501314,-51624.02034,-620580.5235,-434625.424,80
418,softening-ubiquitous,891,26.32358318,-15,-0.2500631173,-0.1303252104,-51624.02034,-620580.5235,-434625.424,80
419,softening-ubiquitous,787,24.09269003,-11.41088661,-0.2658691258,-0.1408501314,-237162.7234,-700558.7703,-114036.5764,64
419,softening-ubiquitous,891,26.32358318,-15,-0.2500631173,-0.1303252104,-237162.7234,-700558.7703,-114036.5764,64
419,softening-ubiquitous,789,24.89252991,-1.874318201,-0.2955111604,-0.1417757345,-237162.7234,-700558.7703,-114036.5764,64
419,softening-ubiquitous,893,27.375,-4.788786765,-0.2839104197,-0.1318984776,-237162.7234,-700558.7703,-114036.5764,64
420,softening-ubiquitous,789,24.89252991,-1.874318201,-0.2955111604,-0.1417757345,364991.3813,-1136825.551,-163075.4567,0
420,softening-ubiquitous,893,27.375,-4.788786765,-0.2839104197,-0.1318984776,364991.3813,-1136825.551,-163075.4567,0
420,softening-ubiquitous,791,24.89252991,8.949051421,-0.3342488456,-0.1397907908,364991.3813,-1136825.551,-163075.4567,0
420,softening-ubiquitous,895,27.375,7.113970588,-0.3260298801,-0.131198815,364991.3813,-1136825.551,-163075.4567,0
421,softening-ubiquitous,791,24.89252991,8.949051421,-0.3342488456,-0.1397907908,-96244.03151,-310975.6925,-108275.5587,192
421,softening-ubiquitous,895,27.375,7.113970588,-0.3260298801,-0.131198815,-96244.03151,-310975.6925,-108275.5587,192
421,softening-ubiquitous,793,24.89252991,19.77242104,-0.3527836831,-0.1538958191,-96244.03151,-310975.6925,-108275.5587,192
421,softening-ubiquitous,897,27.375,19.01672794,-0.3453245784,-0.1482998869,-96244.03151,-310975.6925,-108275.5587,192
422,softening-ubiquitous,793,24.89252991,19.77242104,-0.3527836831,-0.1538958191,-2214759.193,-2257769.874,2176282.434,192
422,softening-ubiquitous,897,27.375,19.01672794,-0.3453245784,-0.1482998869,-2214759.193,-2257769.874,2176282.434,192
422,softening-ubiquitous,795,24.89252991,27.35,-0.3549952686,-0.1640364403,-2214759.193,-2257769.874,2176282.434,192
422,softening-ubiquitous,899,27.375,27.35,-0.3507951911,-0.1574955001,-2214759.193,-2257769.874,2176282.434,192
423,softening-ubiquitous,795,24.89252991,27.35,-0.3549952686,-0.1640364403,-3535765.452,-3599848.117,3475490.18,192
423,softening-ubiquitous,899,27.375,27.35,-0.3507951911,-0.1574955001,-3535765.452,-3599848.117,3475490.18,192
423,softening-ubiquitous,797,24.76119361,30.60646754,-0.3566188166,-0.1666399705,-3535765.452,-3599848.117,3475490.18,192
423,softening-ubiquitous,901,27.24800466,30.93352041,-0.3561911588,-0.1587495217,-3535765.452,-3599848.117,3475490.18,192
424,softening-ubiquitous,797,24.76119361,30.60646754,-0.3566188166,-0.1666399705,-2871323.441,-3661397.459,3215201.872,0
424,softening-ubiquitous,901,27.24800466,30.93352041,-0.3561911588,-0.1587495217,-2871323.441,-3661397.459,3215201.872,0
424,softening-ubiquitous,799,24.3683513,33.87948005,-0.3622453544,-0.1683165146,-2871323.441,-3661397.459,3215201.872,0
424,softening-ubiquitous,903,26.86814667,34.5492982,-0.3629341717,-0.159879358,-2871323.441,-3661397.459,3215201.872,0
425,softening-ubiquitous,799,24.3683513,33.87948005,-0.3622453544,-0.1683165146,-3844371.922,-3101795.631,3165532.554,0
425,softening-ubiquitous,903,26.86814667,34.5492982,-0.3629341717,-0.159879358,-3844371.922,-3101795.631,3165532.554,0
425,softening-ubiquitous,801,22.83153737,40.53179425,-0.3746788166,-0.172963481,-3844371.922,-3101795.631,3165532.554,0
425,softening-ubiquitous,905,25.38212788,42.00437836,-0.3772693629,-0.164202686,-3844371.922,-3101795.631,3165532.554,0
426,softening-ubiquitous,801,22.83153737,40.53179425,-0.3746788166,-0.172963481,-2985269.158,-2985269.158,3098580.211,240
426,softening-ubiquitous,905,25.38212788,42.00437836,-0.3772693629,-0.164202686,-2985269.158,-2985269.158,3098580.211,240
426,softening-ubiquitous,803,22.19975717,42.5595464,0.01991426995,0.2237596278,-2985269.158,-2985269.158,3098580.211,240
426,softening-ubiquitous,907,24.77122943,44.32131913,0.01669833406,0.2326571812,-2985269.158,-2985269.158,3098580.211,240
427,softening-ubiquitous,803,22.19975717,42.5595464,0.01991426995,0.2237596278,-3387987.982,-2849429.539,2956979.454,0
427,softening-ubiquitous,907,24.77122943,44.32131913,0.01669833406,0.2326571812,-3387987.982,-2849429.539,2956979.454,0
427,softening-ubiquitous,805,19.68790265,47.03790265,0.01019859928,0.2153045083,-3387987.982,-2849429.539,2956979.454,0
427,softening-ubiquitous,909,22.09946337,49.44946337,0.005845356298,0.2240640649,-3387987.982,-2849429.539,2956979.454,0
428,softening-ubiquitous,805,19.68790265,47.03790265,0.01019859928,0.2153045083,-3654984.595,-3380018.476,2511616.496,192
428,softening-ubiquitous,909,22.09946337,49.44946337,0.005845356298,0.2240640649,-3654984.595,-3380018.476,2511616.496,192
428,softening-ubiquitous,807,12.77827444,49.48262057,0.03941767063,0.2264083789,-3654984.595,-3380018.476,2511616.496,192
428,softening-ubiquitous,911,14.12393781,51.81337788,0.03748726574,0.2349827944,-3654984.595,-3380018.476,2511616.496,192
429,softening-ubiquitous,807,12.77827444,49.48262057,0.03941767063,0.2264083789,-8106957.703,-4460349.996,640070.1721,64
429,softening-ubiquitous,911,14.12393781,51.81337788,0.03748726574,0.2349827944,-8106957.703,-4460349.996,640070.1721,64
429,softening-ubiquitous,809,6.342205858,51.01943449,0.05773637313,0.225732286,-8106957.703,-4460349.996,640070.1721,64
429,softening-ubiquitous,913,6.953119881,53.29939667,0.05291168634,0.2298815746,-8106957.703,-4460349.996,640070.1721,64
430,softening-ubiquitous,809,6.342205858,51.01943449,0.05773637313,0.225732286,-14644426.7,-6051436.682,-1438514.265,64
430,softening-ubiquitous,913,6.953119881,53.29939667,0.05291168634,0.2298815746,-14644426.7,-6051436.682,-1438514.265,64
430,softening-ubiquitous,811,2.846307424,51.5436131,0.06374700138,0.2192842758,-14644426.7,-6051436.682,-1438514.265,64
430,softening-ubiquitous,915,3.1125,53.80625,0.05603399319,0.2205406729,-14644426.7,-6051436.682,-1438514.265,64
431,softening-ubiquitous,811,2.846307424,51.5436131,0.06374700138,0.2192842758,-14893188.99,-6567689.321,-2071603.405,0
431,softening-ubiquitous,915,3.1125,53.80625,0.05603399319,0.2205406729,-14893188.99,-6567689.321,-2071603.405,0
431,softening-ubiquitous,813,2.134730568,51.5436131,0.06469869135,0.2171829811,-14893188.99,-6567689.321,-2071603.405,0
431,softening-ubiquitous,917,2.334375,53.80625,0.05674748982,0.2182949711,-14893188.99,-6567689.321,-2071603.405,0
432,softening-ubiquitous,813,2.134730568,51.5436131,0.06469869135,0.2171829811,-14590419.72,-6234511.548,-2026341.702,0
432,softening-ubiquitous,917,2.334375,53.80625,0.05674748982,0.2182949711,-14590419.72,-6234511.548,-2026341.702,0
432,softening-ubiquitous,815,1.423153712,51.5436131,0.06559716667,0.2149417433,-14590419.72,-6234511.548,-2026341.702,0
432,softening-ubiquitous,919,1.55625,53.80625,0.0574816684,0.215980437,-14590419.72,-6234511.548,-2026341.702,0
433,softening-ubiquitous,815,1.423153712,51.5436131,0.06559716667,0.2149417433,-14183512.16,-5579703.413,-1975047.278,0
433,softening-ubiquitous,919,1.55625,53.80625,0.0574816684,0.215980437,-14183512.16,-5579703.413,-1975047.278,0
433,softening-ubiquitous,817,0.711576856,51.5436131,0.06644059962,0.2125963998,-14183512.16,-5579703.413,-1975047.278,0
433,softening-ubiquitous,921,0.778125,53.80625,0.05824375463,0.2136118456,-14183512.16,-5579703.413,-1975047.278,0
434,softening-ubiquitous,817,0.711576856,51.5436131,0.06644059962,0.2125963998,-13675831.96,-4772972.319,-2072479.965,0
434,softening-ubiquitous,921,0.778125,53.80625,0.05824375463,0.2136118456,-13675831.96,-4772972.319,-2072479.965,0
434,softening-ubiquitous,819,0,51.5436131,0.06721505511,0.210253679,-13675831.96,-4772972.319,-2072479.965,0
434,softening-ubiquitous,923,0,53.80625,0.05904005012,0.2112267489,-13675831.96,-4772972.319,-2072479.965,0
435,softening-ubiquitous,819,0,51.5436131,0.06721505511,0.210253679,-13450091.54,-4206788.418,-2281439.501,0
435,softening-ubiquitous,923,0,53.80625,0.05904005012,0.2112267489,-13450091.54,-4206788.418,-2281439.501,0
435,softening-ubiquitous,821,-0.711576856,51.5436131,0.06798502744,0.2079806885,-13450091.54,-4206788.418,-2281439.501,0
435,softening-ubiquitous,925,-0.778125,53.80625,0.05984193539,0.2088581377,-13450091.54,-4206788.418,-2281439.501,0
436,softening-ubiquitous,821,-0.711576856,51.5436131,0.06798502744,0.2079806885,-13256151.17,-3808758.851,-2484677.725,0
436,softening-ubiquitous,925,-0.778125,53.80625,0.05984193539,0.2088581377,-13256151.17,-3808758.851,-2484677.725,0
436,softening-ubiquitous,823,-1.423153712,51.5436131,0.0687550192,0.205761723,-13256151.17,-3808758.851,-2484677.725,0
436,softening-ubiquitous,927,-1.55625,53.80625,0.06063768716,0.206520102,-13256151.17,-3808758.851,-2484677.725,0
437,softening-ubiquitous,823,-1.423153712,51.5436131,0.0687550192,0.205761723,-13068392.42,-3550796.694,-2730608.716,0
437,softening-ubiquitous,927,-1.55625,53.80625,0.06063768716,0.206520102,-13068392.42,-3550796.694,-2730608.716,0
437,softening-ubiquitous,825,-2.134730568,51.5436131,0.06952448461,0.2036133231,-13068392.42,-3550796.694,-2730608.716,0
437,softening-ubiquitous,929,-2.334375,53.80625,0.0614179376,0.2042137949,-13068392.42,-3550796.694,-2730608.716,0
438,softening-ubiquitous,825,-2.134730568,51.5436131,0.06952448461,0.2036133231,-12706663.59,-3373676.507,-2953974.242,0
438,softening-ubiquitous,929,-2.334375,53.80625,0.0614179376,0.2042137949,-12706663.59,-3373676.507,-2953974.242,0
438,softening-ubiquitous,827,-2.846307424,51.5436131,0.07024996694,0.2015317591,-12706663.59,-3373676.507,-2953974.242,0
438,softening-ubiquitous,931,-3.1125,53.80625,0.06218568595,0.2019409307,-12706663.59,-3373676.507,-2953974.242,0
439,softening-ubiquitous,827,-2.846307424,51.5436131,0.07024996694,0.2015317591,-11752223.58,-3361628.756,-3371608.502,0
439,softening-ubiquitous,931,-3.1125,53.80625,0.06218568595,0.2019409307,-11752223.58,-3361628.756,-3371608.502,0
439,softening-ubiquitous,829,-6.342205858,51.01943449,0.07529391693,0.191644828,-11752223.58,-3361628.756,-3371608.502,0
439,softening-ubiquitous,933,-6.953119881,53.29939667,0.06738465191,0.1909545853,-11752223.58,-3361628.756,-3371608.502,0
440,softening-ubiquitous,829,-6.342205858,51.01943449,0.07529391693,0.191644828,-10208806.93,-3551317.065,-3507254.865,0
440,softening-ubiquitous,933,-6.953119881,53.29939667,0.06738465191,0.1909545853,-10208806.93,-3551317.065,-3507254.865,0
440,softening-ubiquitous,831,-12.77827444,49.48262057,0.08522786301,0.1738198373,-10208806.93,-3551317.065,-3507254.865,0
440,softening-ubiquitous,935,-14.12393781,51.81337788,0.07757264762,0.1709191877,-10208806.93,-3551317.065,-3507254.865,0
441,softening-ubiquitous,831,-12.77827444,49.48262057,0.08522786301,0.1738198373,-8963537.161,-3248964.399,-3362279.402,0
441,softening-ubiquitous,935,-14.12393781,51.81337788,0.07757264762,0.1709191877,-8963537.161,-3248964.399,-3362279.402,0
441,softening-ubiquitous,833,-19.68790265,47.03790265,0.09772963616,0.1542056338,-8963537.161,-3248964.399,-3362279.402,0
441,softening-ubiquitous,937,-22.09946337,49.44946337,0.09018822782,0.1485312896,-8963537.161,-3248964.399,-3362279.402,0
442,softening-ubiquitous,833,-19.68790265,47.03790265,0.09772963616,0.1542056338,-7986208.408,-2829238.973,-3536397.469,0
442,softening-ubiquitous,937,-22.09946337,49.44946337,0.09018822782,0.1485312896,-7986208.408,-2829238.973,-3536397.469,0
442,softening-ubiquitous,835,-22.19975717,42.5595464,0.1154748661,0.1458976896,-7986208.408,-2829238.973,-3536397.469,0
442,softening-ubiquitous,939,-24.77122943,44.32131913,0.1097871144,0.1395701702,-7986208.408,-2829238.973,-3536397.469,0
443,softening-ubiquitous,835,-22.19975717,42.5595464,0.1154748661,0.1458976896,-7136391.606,-2715218.839,-3830108.41,0
443,softening-ubiquitous,939,-24.77122943,44.32131913,0.1097871144,0.1395701702,-7136391.606,-2715218.839,-3830108.41,0
443,softening-ubiquitous,837,-22.83153737,40.53179425,0.1234225963,0.1435837943,-7136391.606,-2715218.839,-3830108.41,0
443,softening-ubiquitous,941,-25.38212788,42.00437836,0.1185427923,0.1371963009,-7136391.606,-2715218.839,-3830108.41,0
444,softening-ubiquitous,837,-22.83153737,40.53179425,0.1234225963,0.1435837943,-5728432.445,-2698172.266,-3962567.209,0
444,softening-ubiquitous,941,-25.38212788,42.00437836,0.1185427923,0.1371963009,-5728432.445,-2698172.266,-3962567.209,0
444,softening-ubiquitous,839,-24.3683513,33.87948005,0.1492134329,0.1379524346,-5728432.445,-2698172.266,-3962567.209,0
444,softening-ubiquitous,943,-26.86814667,34.5492982,0.1466059326,0.13139264,-5728432.445,-2698172.266,-3962567.209,0
445,softening-ubiquitous,839,-24.3683513,33.87948005,0.1492134329,0.1379524346,-3963074.964,-2627249.558,-3730196.992,0
445,softening-ubiquitous,943,-26.86814667,34.5492982,0.1466059326,0.13139264,-3963074.964,-2627249.558,-3730196.992,0
445,softening-ubiquitous,841,-24.76119361,30.60646754,0.1614733311,0.1364234306,-3963074.964,-2627249.558,-3730196.992,0
445,softening-ubiquitous,945,-27.24800466,30.93352041,0.1598687301,0.1297895947,-3963074.964,-2627249.558,-3730196.992,0
446,softening-ubiquitous,841,-24.76119361,30.60646754,0.1614733311,0.1364234306,-2910054.486,-2411571.049,-3346455.786,0
446,softening-ubiquitous,945,-27.24800466,30.93352041,0.1598687301,0.1297895947,-2910054.486,-2411571.049,-3346455.786,0
446,softening-ubiquitous,843,-24.89252991,27.35,0.1732174643,0.1356421668,-2910054.486,-2411571.049,-3346455.786,0
446,softening-ubiquitous,947,-27.375,27.35,0.1725198226,0.1290149799,-2910054.486,-2411571.049,-3346455.786,0
447,softening-ubiquitous,843,-24.89252991,27.35,0.1732174643,0.1356421668,-1592765.182,-2277850.768,-2225487.009,0
447,softening-ubiquitous,947,-27.375,27.35,0.1725198226,0.1290149799,-1592765.182,-2277850.768,-2225487.009,0
447,softening-ubiquitous,845,-24.89252991,19.77242104,0.1984903046,0.1354424245,-1592765.182,-2277850.768,-2225487.009,0
447,softening-ubiquitous,949,-27.375,19.01672794,0.1997283041,0.1280458809,-1592765.182,-2277850.768,-2225487.009,0
448,softening-ubiquitous,845,-24.89252991,19.77242104,0.1984903046,0.1354424245,159343.2606,240705.7897,-311541.412,208
448,softening-ubiquitous,949,-27.375,19.01672794,0.1997283041,0.1280458809,159343.2606,240705.7897,-311541.412,208
448,softening-ubiquitous,847,-24.89252991,8.949051421,0.2283418848,0.1338565314,159343.2606,240705.7897,-311541.412,208
448,softening-ubiquitous,951,-27.375,7.113970588,0.2303941071,0.1261198434,159343.2606,240705.7897,-311541.412,208
449,softening-ubiquitous,847,-24.89252991,8.949051421,0.2283418848,0.1338565314,49444.20602,206098.6611,-445020.6017,208
449,softening-ubiquitous,951,-27.375,7.113970588,0.2303941071,0.1261198434,49444.20602,206098.6611,-445020.6017,208
449,softening-ubiquitous,849,-24.89252991,-1.874318201,0.2563209231,0.1357088886,49444.20602,206098.6611,-445020.6017,208
449,softening-ubiquitous,953,-27.375,-4.788786765,0.2589734685,0.1290871435,49444.20602,206098.6611,-445020.6017,208
450,softening-ubiquitous,849,-24.89252991,-1.874318201,0.2563209231,0.1357088886,205396.2353,346266.4642,-468580.9799,208
450,softening-ubiquitous,953,-27.375,-4.788786765,0.2589734685,0.1290871435,205396.2353,346266.4642,-468580.9799,208
450,softening-ubiquitous,851,-24.09269003,-11.41088661,0.2538950709,0.1163967475,205396.2353,346266.4642,-468580.9799,208
450,softening-ubiquitous,955,-26.32358318,-15,0.2534365991,0.1099672739,205396.2353,346266.4642,-468580.9799,208
451,softening-ubiquitous,851,-24.09269003,-11.41088661,0.2538950709,0.1163967475,-17003.09813,233116.2817,-451649.913,208
451,softening-ubiquitous,955,-26.32358318,-15,0.2534365991,0.1099672739,-17003.09813,233116.2817,-451649.913,208
451,softening-ubiquitous,853,-22.23970633,-18.09967436,0.2408572336,0.09582279144,-17003.09813,233116.2817,-451649.913,208
451,softening-ubiquitous,957,-23.88777285,-21.46770833,0.2358910236,0.08882114795,-17003.09813,233116.2817,-451649.913,208
452,softening-ubiquitous,853,-22.23970633,-18.09967436,0.2408572336,0.09582279144,-580720.1745,-258222.1389,-23556.87976,208
452,softening-ubiquitous,957,-23.88777285,-21.46770833,0.2358910236,0.08882114795,-580720.1745,-258222.1389,-23556.87976,208
452,softening-ubiquitous,855,-21.03687949,-24.78846211,0.2228572146,0.07466951495,-580720.1745,-258222.1389,-23556.87976,208
452,softening-ubiquitous,959,-22.3066159,-27.93541667,0.2107682777,0.06472242997,-580720.1745,-258222.1389,-23556.87976,208
453,softening-ubiquitous,855,-21.03687949,-24.78846211,0.2228572146,0.07466951495,-1513842.391,-1225234.572,973066.7496,240
453,softening-ubiquitous,959,-22.3066159,-27.93541667,0.2107682777,0.06472242997,-1513842.391,-1225234.572,973066.7496,240
453,softening-ubiquitous,857,-20.1930994,-31.47724986,0.1831469635,0.03853793349,-1513842.391,-1225234.572,973066.7496,240
453,softening-ubiquitous,961,-21.19743816,-34.403125,0.1672510204,0.02685729375,-1513842.391,-1225234.572,973066.7496,240
454,softening-ubiquitous,857,-20.1930994,-31.47724986,0.1831469635,0.03853793349,-2857506.438,-2719441.087,2598808.045,240
454,softening-ubiquitous,961,-21.19743816,-34.403125,0.1672510204,0.02685729375,-2857506.438,-2719441.087,2598808.045,240
454,softening-ubiquitous,859,-19.56847975,-38.16603761,0.1336363641,-0.002795981407,-2857506.438,-2719441.087,2598808.045,240
454,softening-ubiquitous,963,-20.37635432,-40.87083333,0.118299906,-0.01571483406,-2857506.438,-2719441.087,2598808.045,240
455,softening-ubiquitous,859,-19.56847975,-38.16603761,0.1336363641,-0.002795981407,-3796750.63,-3767328.028,3741620.275,208
455,softening-ubiquitous,963,-20.37635432,-40.87083333,0.118299906,-0.01571483406,-3796750.63,-3767328.028,3741620.275,208
455,softening-ubiquitous,861,-19.08744897,-44.85482536,0.08309943706,-0.0475688172,-3796750.63,-3767328.028,3741620.275,208
455,softening-ubiquitous,965,-19.74402294,-47.33854167,0.07118132722,-0.06076724741,-3796750.63,-3767328.028,3741620.275,208
456,softening-ubiquitous,861,-19.08744897,-44.85482536,0.08309943706,-0.0475688172,-3552098.099,-3490657.148,3436997.528,240
456,softening-ubiquitous,965,-19.74402294,-47.33854167,0.07118132722,-0.06076724741,-3552098.099,-3490657.148,3436997.528,240
456,softening-ubiquitous,759,-18.70559864,-51.5436131,0.04310302819,-0.08900348203,-3552098.099,-3490657.148,3436997.528,240
456,softening-ubiquitous,863,-19.24206764,-53.80625,0.03424913616,-0.1012098851,-3552098.099,-3490657.148,3436997.528,240
457,softening-ubiquitous,863,-19.24206764,-53.80625,0.03424913616,-0.1012098851,-3654987.403,-2839811.114,2127560.033,80
457,softening-ubiquitous,967,-19.82532814,-56.26623693,0.0248167063,-0.1146272926,-3654987.403,-2839811.114,2127560.033,80
457,softening-ubiquitous,865,-14.43155073,-53.80625,0.005507275126,-0.1201585555,-3654987.403,-2839811.114,2127560.033,80
457,softening-ubiquitous,969,-14.86899611,-56.26623693,-0.003438187716,-0.1329230761,-3654987.403,-2839811.114,2127560.033,80
458,softening-ubiquitous,865,-14.43155073,-53.80625,0.005507275126,-0.1201585555,-5589708.652,-3585837.05,1834972.657,80
458,softening-ubiquitous,969,-14.86899611,-56.26623693,-0.003438187716,-0.1329230761,-5589708.652,-3585837.05,1834972.657,80
458,softening-ubiquitous,867,-9.621033821,-53.80625,-0.02232726987,-0.1350568251,-5589708.652,-3585837.05,1834972.657,80
458,softening-ubiquitous,971,-9.912664072,-56.26623693,-0.02913198971,-0.1473441731,-5589708.652,-3585837.05,1834972.657,80
459,softening-ubiquitous,867,-9.621033821,-53.80625,-0.02232726987,-0.1350568251,-8245840.98,-4225971.439,713655.5596,80
459,softening-ubiquitous,971,-9.912664072,-56.26623693,-0.02913198971,-0.1473441731,-8245840.98,-4225971.439,713655.5596,80
459,softening-ubiquitous,869,-4.810516911,-53.80625,-0.04896578931,-0.1437306455,-8245840.98,-4225971.439,713655.5596,80
459,softening-ubiquitous,973,-4.956332036,-56.26623693,-0.05069573728,-0.15405633,-8245840.98,-4225971.439,713655.5596,80
460,softening-ubiquitous,869,-4.810516911,-53.80625,-0.04896578931,-0.1437306455,-11782135.99,-4137596.181,-2541827.521,80
460,softening-ubiquitous,973,-4.956332036,-56.26623693,-0.05069573728,-0.15405633,-11782135.99,-4137596.181,-2541827.521,80
460,softening-ubiquitous,871,0,-53.80625,-0.07031636182,-0.1465708404,-11782135.99,-4137596.181,-2541827.521,80
460,softening-ubiquitous,975,0,-56.26623693,-0.06555426931,-0.1521788103,-11782135.99,-4137596.181,-2541827.521,80
461,softening-ubiquitous,871,0,-53.80625,-0.07031636182,-0.1465708404,-13667619.71,-3612723.804,-5565791.19,64
461,softening-ubiquitous,975,0,-56.26623693,-0.06555426931,-0.1521788103,-13667619.71,-3612723.804,-5565791.19,64
461,softening-ubiquitous,873,4.810516911,-53.80625,-0.08211003311,-0.1440907445,-13667619.71,-3612723.804,-5565791.19,64
461,softening-ubiquitous,977,4.956332036,-56.26623693,-0.0739988299,-0.1457391823,-13667619.71,-3612723.804,-5565791.19,64
462,softening-ubiquitous,873,4.810516911,-53.80625,-0.08211003311,-0.1440907445,-14013352.67,-3997764.145,-7363803.198,0
462,softening-ubiquitous,977,4.956332036,-56.26623693,-0.0739988299,-0.1457391823,-14013352.67,-3997764.145,-7363803.198,0
462,softening-ubiquitous,875,9.621033821,-53.80625,-0.08758162451,-0.1399039132,-14013352.67,-3997764.145,-7363803.198,0
462,softening-ubiquitous,979,9.912664072,-56.26623693,-0.07966162818,-0.1403465083,-14013352.67,-3997764.145,-7363803.198,0
463,softening-ubiquitous,875,9.621033821,-53.80625,-0.08758162451,-0.1399039132,-12869707.6,-6438224.989,-7207590.175,0
463,softening-ubiquitous,979,9.912664072,-56.26623693,-0.07966162818,-0.1403465083,-12869707.6,-6438224.989,-7207590.175,0
463,softening-ubiquitous,877,14.43155073,-53.80625,-0.09176745027,-0.1354129146,-12869707.6,-6438224.989,-7207590.175,0
463,softening-ubiquitous,981,14.86899611,-56.26623693,-0.08387480621,-0.1348749422,-12869707.6,-6438224.989,-7207590.175,0
464,softening-ubiquitous,877,14.43155073,-53.80625,-0.09176745027,-0.1354129146,-11373607.8,-7509478.374,-5988234.739,0
464,softening-ubiquitous,981,14.86899611,-56.26623693,-0.08387480621,-0.1348749422,-11373607.8,-7509478.374,-5988234.739,0
464,softening-ubiquitous,879,19.24206764,-53.80625,-0.09462195364,-0.1288917683,-11373607.8,-7509478.374,-5988234.739,0
464,softening-ubiquitous,983,19.82532814,-56.26623693,-0.08694825648,-0.1275478274,-11373607.8,-7509478.374,-5988234.739,0
465,softening-ubiquitous,879,19.24206764,-53.80625,-0.09462195364,-0.1288917683,-11943117.38,-9650659.936,-5817067.878,0
465,softening-ubiquitous,983,19.82532814,-56.26623693,-0.08694825648,-0.1275478274,-11943117.38,-9650659.936,-5817067.878,0
465,softening-ubiquitous,881,19.74402294,-47.33854167,-0.1192353646,-0.1306273677,-11943117.38,-9650659.936,-5817067.878,0
465,softening-ubiquitous,985,20.45786411,-50.03889084,-0.1089675431,-0.1279249586,-11943117.38,-9650659.936,-5817067.878,0
466,softening-ubiquitous,881,19.74402294,-47.33854167,-0.1192353646,-0.1306273677,-10800380.62,-10608174.85,-5833227.506,0
466,softening-ubiquitous,985,20.45786411,-50.03889084,-0.1089675431,-0.1279249586,-10800380.62,-10608174.85,-5833227.506,0
466,softening-ubiquitous,883,20.37635432,-40.87083333,-0.1480926545,-0.1329330453,-10800380.62,-10608174.85,-5833227.506,0
466,softening-ubiquitous,987,21.25469272,-43.81154475,-0.1348519129,-0.1287667806,-10800380.62,-10608174.85,-5833227.506,0
467,softening-ubiquitous,883,20.37635432,-40.87083333,-0.1480926545,-0.1329330453,-6858734.978,-9618590.327,-5262220.73,0
467,softening-ubiquitous,987,21.25469272,-43.81154475,-0.1348519129,-0.1287667806,-6858734.978,-9618590.327,-5262220.73,0
467,softening-ubiquitous,885,21.19743816,-34.403125,-0.1781922953,-0.1346363369,-6858734.978,-9618590.327,-5262220.73,0
467,softening-ubiquitous,989,22.28937662,-37.58419865,-0.1630461576,-0.1291812672,-6858734.978,-9618590.327,-5262220.73,0
468,softening-ubiquitous,885,21.19743816,-34.403125,-0.1781922953,-0.1346363369,-2676164.348,-8264049.06,-4277988.351,0
468,softening-ubiquitous,989,22.28937662,-37.58419865,-0.1630461576,-0.1291812672,-2676164.348,-8264049.06,-4277988.351,0
468,softening-ubiquitous,887,22.3066159,-27.93541667,-0.2057148242,-0.1354163699,-2676164.348,-8264049.06,-4277988.351,0
468,softening-ubiquitous,991,23.68710032,-31.35685256,-0.1902440469,-0.1287010109,-2676164.348,-8264049.06,-4277988.351,0
469,softening-ubiquitous,887,22.3066159,-27.93541667,-0.2057148242,-0.1354163699,-998956.9996,-7192758.342,-3022215.313,0
469,softening-ubiquitous,991,23.68710032,-31.35685256,-0.1902440469,-0.1287010109,-998956.9996,-7192758.342,-3022215.313,0
469,softening-ubiquitous,889,23.88777285,-21.46770833,-0.2293116513,-0.1343938583,-998956.9996,-7192758.342,-3022215.313,0
469,softening-ubiquitous,993,25.6795858,-25.12950646,-0.2142378275,-0.1264618606,-998956.9996,-7192758.342,-3022215.313,0
470,softening-ubiquitous,889,23.88777285,-21.46770833,-0.2293116513,-0.1343938583,-605377.8829,-6746976.251,-2161500.129,0
470,softening-ubiquitous,993,25.6795858,-25.12950646,-0.2142378275,-0.1264618606,-605377.8829,-6746976.251,-2161500.129,0
470,softening-ubiquitous,891,26.32358318,-15,-0.2500631173,-0.1303252104,-605377.8829,-6746976.251,-2161500.129,0
470,softening-ubiquitous,995,28.74905763,-18.90216037,-0.2347336836,-0.1206923302,-605377.8829,-6746976.251,-2161500.129,0
471,softening-ubiquitous,891,26.32358318,-15,-0.2500631173,-0.1303252104,-562501.9353,-6072544.544,-1366608.42,0
471,softening-ubiquitous,995,28.74905763,-18.90216037,-0.2347336836,-0.1206923302,-562501.9353,-6072544.544,-1366608.42,0
471,softening-ubiquitous,893,27.375,-4.788786765,-0.2839104197,-0.1318984776,-562501.9353,-6072544.544,-1366608.42,0
471,softening-ubiquitous,997,30.07399426,-7.957458943,-0.2713602473,-0.1215232801,-562501.9353,-6072544.544,-1366608.42,0
472,softening-ubiquitous,893,27.375,-4.788786765,-0.2839104197,-0.1318984776,308623.2612,-2156310.995,-901496.9304,0
472,softening-ubiquitous,997,30.07399426,-7.957458943,-0.2713602473,-0.1215232801,308623.2612,-2156310.995,-901496.9304,0
472,softening-ubiquitous,895,27.375,7.113970588,-0.3260298801,-0.131198815,308623.2612,-2156310.995,-901496.9304,0
472,softening-ubiquitous,999,30.07399426,5.118831697,-0.317006229,-0.1225289646,308623.2612,-2156310.995,-901496.9304,0
473,softening-ubiquitous,895,27.375,7.113970588,-0.3260298801,-0.131198815,-374653.3675,-550087.4865,221075.605,192
473,softening-ubiquitous,999,30.07399426,5.118831697,-0.317006229,-0.1225289646,-374653.3675,-550087.4865,221075.605,192
473,softening-ubiquitous,897,27.375,19.01672794,-0.3453245784,-0.1482998869,-374653.3675,-550087.4865,221075.605,192
473,softening-ubiquitous,1001,30.07399426,18.19512234,-0.3381109375,-0.1418191884,-374653.3675,-550087.4865,221075.605,192
474,softening-ubiquitous,897,27.375,19.01672794,-0.3453245784,-0.1482998869,-2920650.438,-3143693.464,2724442.919,192
474,softening-ubiquitous,1001,30.07399426,18.19512234,-0.3381109375,-0.1418191884,-2920650.438,-3143693.464,2724442.919,192
474,softening-ubiquitous,899,27.375,27.35,-0.3507951911,-0.1574955001,-2920650.438,-3143693.464,2724442.919,192
474,softening-ubiquitous,1003,30.07399426,27.35,-0.3492098142,-0.1496768363,-2920650.438,-3143693.464,2724442.919,192
475,softening-ubiquitous,899,27.375,27.35,-0.3507951911,-0.1574955001,-2392720.115,-3853437.267,2993826.951,0
475,softening-ubiquitous,1003,30.07399426,27.35,-0.3492098142,-0.1496768363,-2392720.115,-3853437.267,2993826.951,0
475,softening-ubiquitous,901,27.24800466,30.93352041,-0.3561911588,-0.1587495217,-2392720.115,-3853437.267,2993826.951,0
475,softening-ubiquitous,1005,29.9517185,31.28909924,-0.3563081878,-0.1499251567,-2392720.115,-3853437.267,2993826.951,0
476,softening-ubiquitous,901,27.24800466,30.93352041,-0.3561911588,-0.1587495217,-3505833.855,-3123787.143,3004198.129,0
476,softening-ubiquitous,1005,29.9517185,31.28909924,-0.3563081878,-0.1499251567,-3505833.855,-3123787.143,3004198.129,0
476,softening-ubiquitous,903,26.86814667,34.5492982,-0.3629341717,-0.159879358,-3505833.855,-3123787.143,3004198.129,0
476,softening-ubiquitous,1007,29.58597733,35.27753873,-0.3638071286,-0.15075912,-3505833.855,-3123787.143,3004198.129,0
477,softening-ubiquitous,903,26.86814667,34.5492982,-0.3629341717,-0.159879358,-3578214.815,-2925622.62,3033959.017,0
477,softening-ubiquitous,1007,29.58597733,35.27753873,-0.3638071286,-0.15075912,-3578214.815,-2925622.62,3033959.017,0
477,softening-ubiquitous,905,25.38212788,42.00437836,-0.3772693629,-0.164202686,-3578214.815,-2925622.62,3033959.017,0
477,softening-ubiquitous,1009,28.15518411,43.60540312,-0.3798905956,-0.1547096003,-3578214.815,-2925622.62,3033959.017,0
478,softening-ubiquitous,905,25.38212788,42.00437836,-0.3772693629,-0.164202686,-2840850.712,-2840850.712,2930969.106,240
478,softening-ubiquitous,1009,28.15518411,43.60540312,-0.3798905956,-0.1547096003,-2840850.712,-2840850.712,2930969.106,240
478,softening-ubiquitous,907,24.77122943,44.32131913,0.01669833406,0.2326571812,-2840850.712,-2840850.712,2930969.106,240
478,softening-ubiquitous,1011,27.56698874,46.23675588,0.01316342881,0.2419275819,-2840850.712,-2840850.712,2930969.106,240
479,softening-ubiquitous,907,24.77122943,44.32131913,0.01669833406,0.2326571812,-3291587.549,-2710205.814,2842609.371,0
479,softening-ubiquitous,1011,27.56698874,46.23675588,0.01316342881,0.2419275819,-3291587.549,-2710205.814,2842609.371,0
479,softening-ubiquitous,909,22.09946337,49.44946337,0.005845356298,0.2240640649,-3291587.549,-2710205.814,2842609.371,0
479,softening-ubiquitous,1013,24.72136345,52.07136345,0.001594538633,0.233325616,-3291587.549,-2710205.814,2842609.371,0
480,softening-ubiquitous,909,22.09946337,49.44946337,0.005845356298,0.2240640649,-4318895.09,-3288907.613,1834900.642,64
480,softening-ubiquitous,1013,24.72136345,52.07136345,0.001594538633,0.233325616,-4318895.09,-3288907.613,1834900.642,64
480,softening-ubiquitous,911,14.12393781,51.81337788,0.03748726574,0.2349827944,-4318895.09,-3288907.613,1834900.642,64
480,softening-ubiquitous,1015,15.58697162,54.34742678,0.0342503038,0.2432601391,-4318895.09,-3288907.613,1834900.642,64
481,softening-ubiquitous,911,14.12393781,51.81337788,0.03748726574,0.2349827944,-10801770.99,-5061664.19,-445270.9495,64
481,softening-ubiquitous,1015,15.58697162,54.34742678,0.0342503038,0.2432601391,-10801770.99,-5061664.19,-445270.9495,64
481,softening-ubiquitous,913,6.953119881,53.29939667,0.05291168634,0.2298815746,-10801770.99,-5061664.19,-445270.9495,64
481,softening-ubiquitous,1017,7.617318594,55.77822001,0.04589425009,0.2322960736,-10801770.99,-5061664.19,-445270.9495,64
482,softening-ubiquitous,913,6.953119881,53.29939667,0.05291168634,0.2298815746,-13872395.83,-6166366.76,-1809455.213,0
482,softening-ubiquitous,1017,7.617318594,55.77822001,0.04589425009,0.2322960736,-13872395.83,-6166366.76,-1809455.213,0
482,softening-ubiquitous,915,3.1125,53.80625,0.05603399319,0.2205406729,-13872395.83,-6166366.76,-1809455.213,0
482,softening-ubiquitous,1019,3.401910227,56.26623693,0.04804370236,0.2216135654,-13872395.83,-6166366.76,-1809455.213,0
483,softening-ubiquitous,915,3.1125,53.80625,0.05603399319,0.2205406729,-13109145.56,-6504465.131,-1878933.512,0
483,softening-ubiquitous,1019,3.401910227,56.26623693,0.04804370236,0.2216135654,-13109145.56,-6504465.131,-1878933.512,0
483,softening-ubiquitous,917,2.334375,53.80625,0.05674748982,0.2182949711,-13109145.56,-6504465.131,-1878933.512,0
483,softening-ubiquitous,1021,2.551432671,56.26623693,0.04877600388,0.2193065779,-13109145.56,-6504465.131,-1878933.512,0
484,softening-ubiquitous,917,2.334375,53.80625,0.05674748982,0.2182949711,-13065234.47,-6090826.959,-1709438.421,0
484,softening-ubiquitous,1021,2.551432671,56.26623693,0.04877600388,0.2193065779,-13065234.47,-6090826.959,-1709438.421,0
484,softening-ubiquitous,919,1.55625,53.80625,0.0574816684,0.215980437,-13065234.47,-6090826.959,-1709438.421,0
484,softening-ubiquitous,1023,1.700955114,56.26623693,0.04951422232,0.2169335299,-13065234.47,-6090826.959,-1709438.421,0
485,softening-ubiquitous,919,1.55625,53.80625,0.0574816684,0.215980437,-13055494.84,-5631891.578,-1615560.482,0
485,softening-ubiquitous,1023,1.700955114,56.26623693,0.04951422232,0.2169335299,-13055494.84,-5631891.578,-1615560.482,0
485,softening-ubiquitous,921,0.778125,53.80625,0.05824375463,0.2136118456,-13055494.84,-5631891.578,-1615560.482,0
485,softening-ubiquitous,1025,0.8504775569,56.26623693,0.05026244643,0.2145133469,-13055494.84,-5631891.578,-1615560.482,0
486,softening-ubiquitous,921,0.778125,53.80625,0.05824375463,0.2136118456,-13067892.14,-5163366.231,-1637056.257,0
486,softening-ubiquitous,1025,0.8504775569,56.26623693,0.05026244643,0.2145133469,-13067892.14,-5163366.231,-1637056.257,0
486,softening-ubiquitous,923,0,53.80625,0.05904005012,0.2112267489,-13067892.14,-5163366.231,-1637056.257,0
486,softening-ubiquitous,1027,0,56.26623693,0.05101985335,0.2120612821,-13067892.14,-5163366.231,-1637056.257,0
487,softening-ubiquitous,923,0,53.80625,0.05904005012,0.2112267489,-12966277.79,-4712537.751,-1754127.363,0
487,softening-ubiquitous,1027,0,56.26623693,0.05101985335,0.2120612821,-12966277.79,-4712537.751,-1754127.363,0
487,softening-ubiquitous,925,-0.778125,53.80625,0.05984193539,0.2088581377,-12966277.79,-4712537.751,-1754127.363,0
487,softening-ubiquitous,1029,-0.8504775569,56.26623693,0.05178925667,0.2095933921,-12966277.79,-4712537.751,-1754127.363,0
488,softening-ubiquitous,925,-0.778125,53.80625,0.05984193539,0.2088581377,-12816516.06,-4346908.617,-1910243.881,0
488,softening-ubiquitous,1029,-0.8504775569,56.26623693,0.05178925667,0.2095933921,-12816516.06,-4346908.617,-1910243.881,0
488,softening-ubiquitous,927,-1.55625,53.80625,0.06063768716,0.206520102,-12816516.06,-4346908.617,-1910243.881,0
488,softening-ubiquitous,1031,-1.700955114,56.26623693,0.05256465042,0.2071249985,-12816516.06,-4346908.617,-1910243.881,0
489,softening-ubiquitous,927,-1.55625,53.80625,0.06063768716,0.206520102,-12626580.58,-4058437.618,-2069415.061,0
489,softening-ubiquitous,1031,-1.700955114,56.26623693,0.05256465042,0.2071249985,-12626580.58,-4058437.618,-2069415.061,0
489,softening-ubiquitous,929,-2.334375,53.80625,0.0614179376,0.2042137949,-12626580.58,-4058437.618,-2069415.061,0
489,softening-ubiquitous,1033,-2.551432671,56.26623693,0.05334031753,0.2046671312,-12626580.58,-4058437.618,-2069415.061,0
490,softening-ubiquitous,929,-2.334375,53.80625,0.0614179376,0.2042137949,-12445663.52,-3848741.365,-2227080.308,0
490,softening-ubiquitous,1033,-2.551432671,56.26623693,0.05334031753,0.2046671312,-12445663.52,-3848741.365,-2227080.308,0
490,softening-ubiquitous,931,-3.1125,53.80625,0.06218568595,0.2019409307,-12445663.52,-3848741.365,-2227080.308,0
490,softening-ubiquitous,1035,-3.401910227,56.26623693,0.05410807299,0.2022252225,-12445663.52,-3848741.365,-2227080.308,0
491,softening-ubiquitous,931,-3.1125,53.80625,0.06218568595,0.2019409307,-11743610.84,-3602110.42,-2636805.236,0
491,softening-ubiquitous,1035,-3.401910227,56.26623693,0.05410807299,0.2022252225,-11743610.84,-3602110.42,-2636805.236,0
491,softening-ubiquitous,933,-6.953119881,53.29939667,0.06738465191,0.1909545853,-11743610.84,-3602110.42,-2636805.236,0
491,softening-ubiquitous,1037,-7.617318594,55.77822001,0.05929389536,0.1901827517,-11743610.84,-3602110.42,-2636805.236,0
492,softening-ubiquitous,933,-6.953119881,53.29939667,0.06738465191,0.1909545853,-10298990.64,-3420736.058,-2979083.898,0
492,softening-ubiquitous,1037,-7.617318594,55.77822001,0.05929389536,0.1901827517,-10298990.64,-3420736.058,-2979083.898,0
492,softening-ubiquitous,935,-14.12393781,51.81337788,0.07757264762,0.1709191877,-10298990.64,-3420736.058,-2979083.898,0
492,softening-ubiquitous,1039,-15.58697162,54.34742678,0.0696438751,0.1678486477,-10298990.64,-3420736.058,-2979083.898,0
493,softening-ubiquitous,935,-14.12393781,51.81337788,0.07757264762,0.1709191877,-9014571.116,-3022008.758,-3061192.272,0
493,softening-ubiquitous,1039,-15.58697162,54.34742678,0.0696438751,0.1678486477,-9014571.116,-3022008.758,-3061192.272,0
493,softening-ubiquitous,937,-22.09946337,49.44946337,0.09018822782,0.1485312896,-9014571.116,-3022008.758,-3061192.272,0
493,softening-ubiquitous,1041,-24.72136345,52.07136345,0.08237766438,0.1425520484,-9014571.116,-3022008.758,-3061192.272,0
494,softening-ubiquitous,937,-22.09946337,49.44946337,0.09018822782,0.1485312896,-8086589.497,-2680684.376,-3349965.288,0
494,softening-ubiquitous,1041,-24.72136345,52.07136345,0.08237766438,0.1425520484,-8086589.497,-2680684.376,-3349965.288,0
494,softening-ubiquitous,939,-24.77122943,44.32131913,0.1097871144,0.1395701702,-8086589.497,-2680684.376,-3349965.288,0
494,softening-ubiquitous,1043,-27.56698874,46.23675588,0.1039195729,0.1329463369,-8086589.497,-2680684.376,-3349965.288,0
495,softening-ubiquitous,939,-24.77122943,44.32131913,0.1097871144,0.1395701702,-7309202.661,-2588254.048,-3701268.099,0
495,softening-ubiquitous,1043,-27.56698874,46.23675588,0.1039195729,0.1329463369,-7309202.661,-2588254.048,-3701268.099,0
495,softening-ubiquitous,941,-25.38212788,42.00437836,0.1185427923,0.1371963009,-7309202.661,-2588254.048,-3701268.099,0
495,softening-ubiquitous,1045,-28.15518411,43.60540312,0.1135299487,0.1305275982,-7309202.661,-2588254.048,-3701268.099,0
496,softening-ubiquitous,941,-25.38212788,42.00437836,0.1185427923,0.1371963009,-6025116.585,-2592929.928,-3923018.803,0
496,softening-ubiquitous,1045,-28.15518411,43.60540312,0.1135299487,0.1305275982,-6025116.585,-2592929.928,-3923018.803,0
496,softening-ubiquitous,943,-26.86814667,34.5492982,0.1466059326,0.13139264,-6025116.585,-2592929.928,-3923018.803,0
496,softening-ubiquitous,1047,-29.58597733,35.27753873,0.1439881095,0.1246000946,-6025116.585,-2592929.928,-3923018.803,0
497,softening-ubiquitous,943,-26.86814667,34.5492982,0.1466059326,0.13139264,-4332300.141,-2588809.488,-3827385.522,0
497,softening-ubiquitous,1047,-29.58597733,35.27753873,0.1439881095,0.1246000946,-4332300.141,-2588809.488,-3827385.522,0
497,softening-ubiquitous,945,-27.24800466,30.93352041,0.1598687301,0.1297895947,-4332300.141,-2588809.488,-3827385.522,0
497,softening-ubiquitous,1049,-29.9517185,31.28909924,0.1582757695,0.1229373923,-4332300.141,-2588809.488,-3827385.522,0
498,softening-ubiquitous,945,-27.24800466,30.93352041,0.1598687301,0.1297895947,-3342590.595,-2519800.681,-3445175.989,0
498,softening-ubiquitous,1049,-29.9517185,31.28909924,0.1582757695,0.1229373923,-3342590.595,-2519800.681,-3445175.989,0
498,softening-ubiquitous,947,-27.375,27.35,0.1725198226,0.1290149799,-3342590.595,-2519800.681,-3445175.989,0
498,softening-ubiquitous,1051,-30.07399426,27.35,0.1719108715,0.1220545152,-3342590.595,-2519800.681,-3445175.989,0
499,softening-ubiquitous,947,-27.375,27.35,0.1725198226,0.1290149799,-1974737.476,-2063046.927,-2630026.771,0
499,softening-ubiquitous,1051,-30.07399426,27.35,0.1719108715,0.1220545152,-1974737.476,-2063046.927,-2630026.771,0
499,softening-ubiquitous,949,-27.375,19.01672794,0.1997283041,0.1280458809,-1974737.476,-2063046.927,-2630026.771,0
499,softening-ubiquitous,1053,-30.07399426,18.19512234,0.2012007734,0.1208904108,-1974737.476,-2063046.927,-2630026.771,0
500,softening-ubiquitous,949,-27.375,19.01672794,0.1997283041,0.1280458809,-47261.434,290626.2056,-555795.5323,64
500,softening-ubiquitous,1053,-30.07399426,18.19512234,0.2012007734,0.1208904108,-47261.434,290626.2056,-555795.5323,64
500,softening-ubiquitous,951,-27.375,7.113970588,0.2303941071,0.1261198434,-47261.434,290626.2056,-555795.5323,64
500,softening-ubiquitous,1055,-30.07399426,5.118831697,0.2325102058,0.1186451842,-47261.434,290626.2056,-555795.5323,64
501,softening-ubiquitous,951,-27.375,7.113970588,0.2303941071,0.1261198434,294080.8084,298481.4253,-431936.3305,208
501,softening-ubiquitous,1055,-30.07399426,5.118831697,0.2325102058,0.1186451842,294080.8084,298481.4253,-431936.3305,208
501,softening-ubiquitous,953,-27.375,-4.788786765,0.2589734685,0.1290871435,294080.8084,298481.4253,-431936.3305,208
501,softening-ubiquitous,1057,-30.07399426,-7.957458943,0.2603601721,0.1225405493,294080.8084,298481.4253,-431936.3305,208
502,softening-ubiquitous,953,-27.375,-4.788786765,0.2589734685,0.1290871435,-189221.5721,64032.25626,-285262.7494,208
502,softening-ubiquitous,1057,-30.07399426,-7.957458943,0.2603601721,0.1225405493,-189221.5721,64032.25626,-285262.7494,208
502,softening-ubiquitous,955,-26.32358318,-15,0.2534365991,0.1099672739,-189221.5721,64032.25626,-285262.7494,208
502,softening-ubiquitous,1059,-28.74905763,-18.90216037,0.2467281867,0.1002772839,-189221.5721,64032.25626,-285262.7494,208
503,softening-ubiquitous,955,-26.32358318,-15,0.2534365991,0.1099672739,-723105.2454,-459085.8287,228401.8416,208
503,softening-ubiquitous,1059,-28.74905763,-18.90216037,0.2467281867,0.1002772839,-723105.2454,-459085.8287,228401.8416,208
503,softening-ubiquitous,957,-23.88777285,-21.46770833,0.2358910236,0.08882114795,-723105.2454,-459085.8287,228401.8416,208
503,softening-ubiquitous,1061,-25.6795858,-25.12950646,0.2282775675,0.08207078315,-723105.2454,-459085.8287,228401.8416,208
504,softening-ubiquitous,957,-23.88777285,-21.46770833,0.2358910236,0.08882114795,-1567292.359,-1222671.237,921562.4228,240
504,softening-ubiquitous,1061,-25.6795858,-25.12950646,0.2282775675,0.08207078315,-1567292.359,-1222671.237,921562.4228,240
504,softening-ubiquitous,959,-22.3066159,-27.93541667,0.2107682777,0.06472242997,-1567292.359,-1222671.237,921562.4228,240
504,softening-ubiquitous,1063,-23.68710032,-31.35685256,0.1962054102,0.05358575954,-1567292.359,-1222671.237,921562.4228,240
505,softening-ubiquitous,959,-22.3066159,-27.93541667,0.2107682777,0.06472242997,-2518955.285,-2265601.093,2044253.224,240
505,softening-ubiquitous,1063,-23.68710032,-31.35685256,0.1962054102,0.05358575954,-2518955.285,-2265601.093,2044253.224,240
505,softening-ubiquitous,961,-21.19743816,-34.403125,0.1672510204,0.02685729375,-2518955.285,-2265601.093,2044253.224,240
505,softening-ubiquitous,1065,-22.28937662,-37.58419865,0.1504634742,0.01310750457,-2518955.285,-2265601.093,2044253.224,240
506,softening-ubiquitous,961,-21.19743816,-34.403125,0.1672510204,0.02685729375,-3363547.154,-3264989.419,3178903.319,240
506,softening-ubiquitous,1065,-22.28937662,-37.58419865,0.1504634742,0.01310750457,-3363547.154,-3264989.419,3178903.319,240
506,softening-ubiquitous,963,-20.37635432,-40.87083333,0.118299906,-0.01571483406,-3363547.154,-3264989.419,3178903.319,240
506,softening-ubiquitous,1067,-21.25469272,-43.81154475,0.1015381,-0.0324296567,-3363547.154,-3264989.419,3178903.319,240
507,softening-ubiquitous,963,-20.37635432,-40.87083333,0.118299906,-0.01571483406,-3624129.196,-3594216.483,3568134.724,224
507,softening-ubiquitous,1067,-21.25469272,-43.81154475,0.1015381,-0.0324296567,-3624129.196,-3594216.483,3568134.724,224
507,softening-ubiquitous,965,-19.74402294,-47.33854167,0.07118132722,-0.06076724741,-3624129.196,-3594216.483,3568134.724,224
507,softening-ubiquitous,1069,-20.45786411,-50.03889084,0.05919371506,-0.07567356926,-3624129.196,-3594216.483,3568134.724,224
508,softening-ubiquitous,965,-19.74402294,-47.33854167,0.07118132722,-0.06076724741,-3395012.253,-3252072.301,3127200.587,224
508,softening-ubiquitous,1069,-20.45786411,-50.03889084,0.05919371506,-0.07567356926,-3395012.253,-3252072.301,3127200.587,224
508,softening-ubiquitous,863,-19.24206764,-53.80625,0.03424913616,-0.1012098851,-3395012.253,-3252072.301,3127200.587,224
508,softening-ubiquitous,967,-19.82532814,-56.26623693,0.0248167063,-0.1146272926,-3395012.253,-3252072.301,3127200.587,224
509,softening-ubiquitous,967,-19.82532814,-56.26623693,0.0248167063,-0.1146272926,-5448754.432,-3179747.727,1197228.734,80
509,softening-ubiquitous,1071,-20.45188895,-58.90884929,0.01590600013,-0.1279920291,-5448754.432,-3179747.727,1197228.734,80
509,softening-ubiquitous,969,-14.86899611,-56.26623693,-0.003438187716,-0.1329230761,-5448754.432,-3179747.727,1197228.734,80
509,softening-ubiquitous,1073,-15.33891671,-58.90884929,-0.01128323263,-0.1453031267,-5448754.432,-3179747.727,1197228.734,80
510,softening-ubiquitous,969,-14.86899611,-56.26623693,-0.003438187716,-0.1329230761,-8164778.453,-3955086.513,276915.7071,80
510,softening-ubiquitous,1073,-15.33891671,-58.90884929,-0.01128323263,-0.1453031267,-8164778.453,-3955086.513,276915.7071,80
510,softening-ubiquitous,971,-9.912664072,-56.26623693,-0.02913198971,-0.1473441731,-8164778.453,-3955086.513,276915.7071,80
510,softening-ubiquitous,1075,-10.22594448,-58.90884929,-0.03369954415,-0.157256908,-8164778.453,-3955086.513,276915.7071,80
511,softening-ubiquitous,971,-9.912664072,-56.26623693,-0.02913198971,-0.1473441731,-12308326.32,-5096323.358,-1205134.779,80
511,softening-ubiquitous,1075,-10.22594448,-58.90884929,-0.03369954415,-0.157256908,-12308326.32,-5096323.358,-1205134.779,80
511,softening-ubiquitous,973,-4.956332036,-56.26623693,-0.05069573728,-0.15405633,-12308326.32,-5096323.358,-1205134.779,80
511,softening-ubiquitous,1077,-5.112972238,-58.90884929,-0.04872601312,-0.1598452141,-12308326.32,-5096323.358,-1205134.779,80
512,softening-ubiquitous,973,-4.956332036,-56.26623693,-0.05069573728,-0.15405633,-16656123.07,-5905490.962,-3481295.279,64
512,softening-ubiquitous,1077,-5.112972238,-58.90884929,-0.04872601312,-0.1598452141,-16656123.07,-5905490.962,-3481295.279,64
512,softening-ubiquitous,975,0,-56.26623693,-0.06555426931,-0.1521788103,-16656123.07,-5905490.962,-3481295.279,64
512,softening-ubiquitous,1079,0,-58.90884929,-0.05811219617,-0.1540553272,-16656123.07,-5905490.962,-3481295.279,64
513,softening-ubiquitous,975,0,-56.26623693,-0.06555426931,-0.1521788103,-17383770.58,-4344857.459,-5644983.828,0
513,softening-ubiquitous,1079,0,-58.90884929,-0.05811219617,-0.1540553272,-17383770.58,-4344857.459,-5644983.828,0
513,softening-ubiquitous,977,4.956332036,-56.26623693,-0.0739988299,-0.1457391823,-17383770.58,-4344857.459,-5644983.828,0
513,softening-ubiquitous,1081,5.112972238,-58.90884929,-0.06542201345,-0.147084494,-17383770.58,-4344857.459,-5644983.828,0
514,softening-ubiquitous,977,4.956332036,-56.26623693,-0.0739988299,-0.1457391823,-14427171.38,-4623012.13,-6676275.013,0
514,softening-ubiquitous,1081,5.112972238,-58.90884929,-0.06542201345,-0.147084494,-14427171.38,-4623012.13,-6676275.013,0
514,softening-ubiquitous,979,9.912664072,-56.26623693,-0.07966162818,-0.1403465083,-14427171.38,-4623012.13,-6676275.013,0
514,softening-ubiquitous,1083,10.22594448,-58.90884929,-0.07144716805,-0.1408503051,-14427171.38,-4623012.13,-6676275.013,0
515,softening-ubiquitous,979,9.912664072,-56.26623693,-0.07966162818,-0.1403465083,-12685201.89,-6015615.049,-6358779.484,0
515,softening-ubiquitous,1083,10.22594448,-58.90884929,-0.07144716805,-0.1408503051,-12685201.89,-6015615.049,-6358779.484,0
515,softening-ubiquitous,981,14.86899611,-56.26623693,-0.08387480621,-0.1348749422,-12685201.89,-6015615.049,-6358779.484,0
515,softening-ubiquitous,1085,15.33891671,-58.90884929,-0.07587741307,-0.1343788507,-12685201.89,-6015615.049,-6358779.484,0
516,softening-ubiquitous,981,14.86899611,-56.26623693,-0.08387480621,-0.1348749422,-11308108.42,-6801184.88,-5215406.807,0
516,softening-ubiquitous,1085,15.33891671,-58.90884929,-0.07587741307,-0.1343788507,-11308108.42,-6801184.88,-5215406.807,0
516,softening-ubiquitous,983,19.82532814,-56.26623693,-0.08694825648,-0.1275478274,-11308108.42,-6801184.88,-5215406.807,0
516,softening-ubiquitous,1087,20.45188895,-58.90884929,-0.07921035259,-0.1263793211,-11308108.42,-6801184.88,-5215406.807,0
517,softening-ubiquitous,983,19.82532814,-56.26623693,-0.08694825648,-0.1275478274,-11641316.81,-8284544.603,-5192209.412,0
517,softening-ubiquitous,1087,20.45188895,-58.90884929,-0.07921035259,-0.1263793211,-11641316.81,-8284544.603,-5192209.412,0
517,softening-ubiquitous,985,20.45786411,-50.03889084,-0.1089675431,-0.1279249586,-11641316.81,-8284544.603,-5192209.412,0
517,softening-ubiquitous,1089,21.22469968,-52.93970953,-0.09894723865,-0.1256463492,-11641316.81,-8284544.603,-5192209.412,0
518,softening-ubiquitous,985,20.45786411,-50.03889084,-0.1089675431,-0.1279249586,-11310281.78,-9476708.96,-5566246.474,0
518,softening-ubiquitous,1089,21.22469968,-52.93970953,-0.09894723865,-0.1256463492,-11310281.78,-9476708.96,-5566246.474,0
518,softening-ubiquitous,987,21.25469272,-43.81154475,-0.1348519129,-0.1287667806,-11310281.78,-9476708.96,-5566246.474,0
518,softening-ubiquitous,1091,22.19823753,-46.97056978,-0.1218904107,-0.125140613,-11310281.78,-9476708.96,-5566246.474,0
519,softening-ubiquitous,987,21.25469272,-43.81154475,-0.1348519129,-0.1287667806,-8767673.658,-9258215.639,-5552193.852,0
519,softening-ubiquitous,1091,22.19823753,-46.97056978,-0.1218904107,-0.125140613,-8767673.658,-9258215.639,-5552193.852,0
519,softening-ubiquitous,989,22.28937662,-37.58419865,-0.1630461576,-0.1291812672,-8767673.658,-9258215.639,-5552193.852,0
519,softening-ubiquitous,1093,23.46237881,-41.00143003,-0.1475493731,-0.1241510519,-8767673.658,-9258215.639,-5552193.852,0
520,softening-ubiquitous,989,22.28937662,-37.58419865,-0.1630461576,-0.1291812672,-5154617.594,-8416257.088,-5066351.475,0
520,softening-ubiquitous,1093,23.46237881,-41.00143003,-0.1475493731,-0.1241510519,-5154617.594,-8416257.088,-5066351.475,0
520,softening-ubiquitous,991,23.68710032,-31.35685256,-0.1902440469,-0.1287010109,-5154617.594,-8416257.088,-5066351.475,0
520,softening-ubiquitous,1095,25.17006965,-35.03229027,-0.1736229163,-0.1222019369,-5154617.594,-8416257.088,-5066351.475,0
521,softening-ubiquitous,991,23.68710032,-31.35685256,-0.1902440469,-0.1287010109,-2632460.322,-7718073.528,-4065793.473,0
521,softening-ubiquitous,1095,25.17006965,-35.03229027,-0.1736229163,-0.1222019369,-2632460.322,-7718073.528,-4065793.473,0
521,softening-ubiquitous,993,25.6795858,-25.12950646,-0.2142378275,-0.1264618606,-2632460.322,-7718073.528,-4065793.473,0
521,softening-ubiquitous,1097,27.60442002,-29.06315052,-0.1975696301,-0.1184183319,-2632460.322,-7718073.528,-4065793.473,0
522,softening-ubiquitous,993,25.6795858,-25.12950646,-0.2142378275,-0.1264618606,-1512670.144,-7050714.05,-3049556.982,0
522,softening-ubiquitous,1097,27.60442002,-29.06315052,-0.1975696301,-0.1184183319,-1512670.144,-7050714.05,-3049556.982,0
522,softening-ubiquitous,995,28.74905763,-18.90216037,-0.2347336836,-0.1206923302,-1512670.144,-7050714.05,-3049556.982,0
522,softening-ubiquitous,1099,31.35459536,-23.09401077,-0.2180952367,-0.1108911865,-1512670.144,-7050714.05,-3049556.982,0
523,softening-ubiquitous,995,28.74905763,-18.90216037,-0.2347336836,-0.1206923302,-987849.6183,-6005491.719,-2099069.383,0
523,softening-ubiquitous,1099,31.35459536,-23.09401077,-0.2180952367,-0.1108911865,-987849.6183,-6005491.719,-2099069.383,0
523,softening-ubiquitous,997,30.07399426,-7.957458943,-0.2713602473,-0.1215232801,-987849.6183,-6005491.719,-2099069.383,0
523,softening-ubiquitous,1101,32.97335745,-11.36136818,-0.2580040771,-0.111287278,-987849.6183,-6005491.719,-2099069.383,0
524,softening-ubiquitous,997,30.07399426,-7.957458943,-0.2713602473,-0.1215232801,131474.6098,-3126641.042,-1787095.263,0
524,softening-ubiquitous,1101,32.97335745,-11.36136818,-0.2580040771,-0.111287278,131474.6098,-3126641.042,-1787095.263,0
524,softening-ubiquitous,999,30.07399426,5.118831697,-0.317006229,-0.1225289646,131474.6098,-3126641.042,-1787095.263,0
524,softening-ubiquitous,1103,32.97335745,2.975576946,-0.3072993485,-0.1138383353,131474.6098,-3126641.042,-1787095.263,0
525,softening-ubiquitous,999,30.07399426,5.118831697,-0.317006229,-0.1225289646,-959435.3493,-1633452.081,370512.9257,64
525,softening-ubiquitous,1103,32.97335745,2.975576946,-0.3072993485,-0.1138383353,-959435.3493,-1633452.081,370512.9257,64
525,softening-ubiquitous,1001,30.07399426,18.19512234,-0.3381109375,-0.1418191884,-959435.3493,-1633452.081,370512.9257,64
525,softening-ubiquitous,1105,32.97335745,17.31252207,-0.3312414981,-0.1339018805,-959435.3493,-1633452.081,370512.9257,64
526,softening-ubiquitous,1001,30.07399426,18.19512234,-0.3381109375,-0.1418191884,-2842945.544,-3077157.519,2644461.832,192
526,softening-ubiquitous,1105,32.97335745,17.31252207,-0.3312414981,-0.1339018805,-2842945.544,-3077157.519,2644461.832,192
526,softening-ubiquitous,1003,30.07399426,27.35,-0.3492098142,-0.1496768363,-2842945.544,-3077157.519,2644461.832,192
526,softening-ubiquitous,1107,32.97335745,27.35,-0.3480199325,-0.1402147219,-2842945.544,-3077157.519,2644461.832,192
527,softening-ubiquitous,1003,30.07399426,27.35,-0.3492098142,-0.1496768363,-2644947.87,-2889555.524,2876551.715,0
527,softening-ubiquitous,1107,32.97335745,27.35,-0.3480199325,-0.1402147219,-2644947.87,-2889555.524,2876551.715,0
527,softening-ubiquitous,1005,29.9517185,31.28909924,-0.3563081878,-0.1499251567,-2644947.87,-2889555.524,2876551.715,0
527,softening-ubiquitous,1109,32.85615165,31.67107567,-0.3565445725,-0.1403412872,-2644947.87,-2889555.524,2876551.715,0
528,softening-ubiquitous,1005,29.9517185,31.28909924,-0.3563081878,-0.1499251567,-3640435.685,-2915409.69,2960120.319,0
528,softening-ubiquitous,1109,32.85615165,31.67107567,-0.3565445725,-0.1403412872,-3640435.685,-2915409.69,2960120.319,0
528,softening-ubiquitous,1007,29.58597733,35.27753873,-0.3638071286,-0.15075912,-3640435.685,-2915409.69,2960120.319,0
528,softening-ubiquitous,1111,32.50557532,36.05984266,-0.3648189715,-0.1410345588,-3640435.685,-2915409.69,2960120.319,0
529,softening-ubiquitous,1007,29.58597733,35.27753873,-0.3638071286,-0.15075912,-3355164.257,-2826045.968,2951507.183,0
529,softening-ubiquitous,1111,32.50557532,36.05984266,-0.3648189715,-0.1410345588,-3355164.257,-2826045.968,2951507.183,0
529,softening-ubiquitous,1009,28.15518411,43.60540312,-0.3798905956,-0.1547096003,-3355164.257,-2826045.968,2951507.183,0
529,softening-ubiquitous,1113,31.1341075,45.32528535,-0.3824677982,-0.1446713921,-3355164.257,-2826045.968,2951507.183,0
530,softening-ubiquitous,1009,28.15518411,43.60540312,-0.3798905956,-0.1547096003,-2753690.157,-2753690.157,2824330.071,240
530,softening-ubiquitous,1113,31.1341075,45.32528535,-0.3824677982,-0.1446713921,-2753690.157,-2753690.157,2824330.071,240
530,softening-ubiquitous,1011,27.56698874,46.23675588,0.01316342881,0.2419275819,-2753690.157,-2753690.157,2824330.071,240
530,softening-ubiquitous,1115,30.57030066,48.29439154,0.009451640835,0.2514098013,-2753690.157,-2753690.157,2824330.071,240
531,softening-ubiquitous,1011,27.56698874,46.23675588,0.01316342881,0.2419275819,-3350761.69,-2694081.633,2812367.134,0
531,softening-ubiquitous,1115,30.57030066,48.29439154,0.009451640835,0.2514098013,-3350761.69,-2694081.633,2812367.134,0
531,softening-ubiquitous,1013,24.72136345,52.07136345,0.001594538633,0.233325616,-3350761.69,-2694081.633,2812367.134,0
531,softening-ubiquitous,1117,27.53790911,54.88790911,-0.00235433562,0.2428127235,-3350761.69,-2694081.633,2812367.134,0
532,softening-ubiquitous,1013,24.72136345,52.07136345,0.001594538633,0.233325616,-5838045.753,-3500119.684,990437.652,64
532,softening-ubiquitous,1117,27.53790911,54.88790911,-0.00235433562,0.2428127235,-5838045.753,-3500119.684,990437.652,64
532,softening-ubiquitous,1015,15.58697162,54.34742678,0.0342503038,0.2432601391,-5838045.753,-3500119.684,990437.652,64
532,softening-ubiquitous,1119,17.15861868,57.06959934,0.02945756973,0.2504102427,-5838045.753,-3500119.684,990437.652,64
533,softening-ubiquitous,1015,15.58697162,54.34742678,0.0342503038,0.2432601391,-11825607.46,-5166723.959,-1002821.85,64
533,softening-ubiquitous,1119,17.15861868,57.06959934,0.02945756973,0.2504102427,-11825607.46,-5166723.959,-1002821.85,64
533,softening-ubiquitous,1017,7.617318594,55.77822001,0.04589425009,0.2322960736,-11825607.46,-5166723.959,-1002821.85,64
533,softening-ubiquitous,1121,8.330826337,58.44106716,0.03757745996,0.2342003813,-11825607.46,-5166723.959,-1002821.85,64
534,softening-ubiquitous,1017,7.617318594,55.77822001,0.04589425009,0.2322960736,-12707561.51,-6569552.594,-2050397.883,0
534,softening-ubiquitous,1121,8.330826337,58.44106716,0.03757745996,0.2342003813,-12707561.51,-6569552.594,-2050397.883,0
534,softening-ubiquitous,1019,3.401910227,56.26623693,0.04804370236,0.2216135654,-12707561.51,-6569552.594,-2050397.883,0
534,softening-ubiquitous,1123,3.712805799,58.90884929,0.03997678625,0.2228393946,-12707561.51,-6569552.594,-2050397.883,0
535,softening-ubiquitous,1019,3.401910227,56.26623693,0.04804370236,0.2216135654,-12464327.77,-6035002.558,-1707891.713,0
535,softening-ubiquitous,1123,3.712805799,58.90884929,0.03997678625,0.2228393946,-12464327.77,-6035002.558,-1707891.713,0
535,softening-ubiquitous,1021,2.551432671,56.26623693,0.04877600388,0.2193065779,-12464327.77,-6035002.558,-1707891.713,0
535,softening-ubiquitous,1125,2.784604349,58.90884929,0.04071805409,0.2203949854,-12464327.77,-6035002.558,-1707891.713,0
536,softening-ubiquitous,1021,2.551432671,56.26623693,0.04877600388,0.2193065779,-12399406.33,-5818563.767,-1590582.874,0
536,softening-ubiquitous,1125,2.784604349,58.90884929,0.04071805409,0.2203949854,-12399406.33,-5818563.767,-1590582.874,0
536,softening-ubiquitous,1023,1.700955114,56.26623693,0.04951422232,0.2169335299,-12399406.33,-5818563.767,-1590582.874,0
536,softening-ubiquitous,1127,1.856402899,58.90884929,0.04145888143,0.2179006668,-12399406.33,-5818563.767,-1590582.874,0
537,softening-ubiquitous,1023,1.700955114,56.26623693,0.04951422232,0.2169335299,-12346941.86,-5543993.06,-1518786.828,0
537,softening-ubiquitous,1127,1.856402899,58.90884929,0.04145888143,0.2179006668,-12346941.86,-5543993.06,-1518786.828,0
537,softening-ubiquitous,1025,0.8504775569,56.26623693,0.05026244643,0.2145133469,-12346941.86,-5543993.06,-1518786.828,0
537,softening-ubiquitous,1129,0.9282014496,58.90884929,0.04220358957,0.2153631934,-12346941.86,-5543993.06,-1518786.828,0
538,softening-ubiquitous,1025,0.8504775569,56.26623693,0.05026244643,0.2145133469,-12289842.67,-5239083.729,-1491449.477,0
538,softening-ubiquitous,1129,0.9282014496,58.90884929,0.04220358957,0.2153631934,-12289842.67,-5239083.729,-1491449.477,0
538,softening-ubiquitous,1027,0,56.26623693,0.05101985335,0.2120612821,-12289842.67,-5239083.729,-1491449.477,0
538,softening-ubiquitous,1131,0,58.90884929,0.04295479715,0.212792743,-12289842.67,-5239083.729,-1491449.477,0
539,softening-ubiquitous,1027,0,56.26623693,0.05101985335,0.2120612821,-12239963.42,-4934534.972,-1509853.177,0
539,softening-ubiquitous,1131,0,58.90884929,0.04295479715,0.212792743,-12239963.42,-4934534.972,-1509853.177,0
539,softening-ubiquitous,1029,-0.8504775569,56.26623693,0.05178925667,0.2095933921,-12239963.42,-4934534.972,-1509853.177,0
539,softening-ubiquitous,1133,-0.9282014496,58.90884929,0.04371129839,0.2101991983,-12239963.42,-4934534.972,-1509853.177,0
540,softening-ubiquitous,1029,-0.8504775569,56.26623693,0.05178925667,0.2095933921,-12166529.39,-4644635.487,-1571452.507,0
540,softening-ubiquitous,1133,-0.9282014496,58.90884929,0.04371129839,0.2101991983,-12166529.39,-4644635.487,-1571452.507,0
540,softening-ubiquitous,1031,-1.700955114,56.26623693,0.05256465042,0.2071249985,-12166529.39,-4644635.487,-1571452.507,0
540,softening-ubiquitous,1135,-1.856402899,58.90884929,0.04447230023,0.2075919298,-12166529.39,-4644635.487,-1571452.507,0
541,softening-ubiquitous,1031,-1.700955114,56.26623693,0.05256465042,0.2071249985,-12068324.16,-4389187.693,-1662651.828,0
541,softening-ubiquitous,1135,-1.856402899,58.90884929,0.04447230023,0.2075919298,-12068324.16,-4389187.693,-1662651.828,0
541,softening-ubiquitous,1033,-2.551432671,56.26623693,0.05334031753,0.2046671312,-12068324.16,-4389187.693,-1662651.828,0
541,softening-ubiquitous,1137,-2.784604349,58.90884929,0.04523455434,0.2049793373,-12068324.16,-4389187.693,-1662651.828,0
542,softening-ubiquitous,1033,-2.551432671,56.26623693,0.05334031753,0.2046671312,-11938044.1,-4172023.775,-1766617.417,0
542,softening-ubiquitous,1137,-2.784604349,58.90884929,0.04523455434,0.2049793373,-11938044.1,-4172023.775,-1766617.417,0
542,softening-ubiquitous,1035,-3.401910227,56.26623693,0.05410807299,0.2022252225,-11938044.1,-4172023.775,-1766617.417,0
542,softening-ubiquitous,1139,-3.712805799,58.90884929,0.04599497094,0.202367678,-11938044.1,-4172023.775,-1766617.417,0
543,softening-ubiquitous,1035,-3.401910227,56.26623693,0.05410807299,0.2022252225,-11456184.4,-3808071.731,-2079087.023,0
543,softening-ubiquitous,1139,-3.712805799,58.90884929,0.04599497094,0.202367678,-11456184.4,-3808071.731,-2079087.023,0
543,softening-ubiquitous,1037,-7.617318594,55.77822001,0.05929389536,0.1901827517,-11456184.4,-3808071.731,-2079087.023,0
543,softening-ubiquitous,1141,-8.330826337,58.44106716,0.05110138608,0.1892964707,-11456184.4,-3808071.731,-2079087.023,0
544,softening-ubiquitous,1037,-7.617318594,55.77822001,0.05929389536,0.1901827517,-10253890.38,-3363207.568,-2502797.343,0
544,softening-ubiquitous,1141,-8.330826337,58.44106716,0.05110138608,0.1892964707,-10253890.38,-3363207.568,-2502797.343,0
544,softening-ubiquitous,1039,-15.58697162,54.34742678,0.0696438751,0.1678486477,-10253890.38,-3363207.568,-2502797.343,0
544,softening-ubiquitous,1143,-17.15861868,57.06959934,0.06151312086,0.1646122878,-10253890.38,-3363207.568,-2502797.343,0
545,softening-ubiquitous,1039,-15.58697162,54.34742678,0.0696438751,0.1678486477,-8998926.707,-2899418.786,-2788998.764,0
545,softening-ubiquitous,1143,-17.15861868,57.06959934,0.06151312086,0.1646122878,-8998926.707,-2899418.786,-2788998.764,0
545,softening-ubiquitous,1041,-24.72136345,52.07136345,0.08237766438,0.1425520484,-8998926.707,-2899418.786,-2788998.764,0
545,softening-ubiquitous,1145,-27.53790911,54.88790911,0.07431614249,0.1362620116,-8998926.707,-2899418.786,-2788998.764,0
546,softening-ubiquitous,1041,-24.72136345,52.07136345,0.08237766438,0.1425520484,-8119745.807,-2642404.476,-3182789.359,0
546,softening-ubiquitous,1145,-27.53790911,54.88790911,0.07431614249,0.1362620116,-8119745.807,-2642404.476,-3182789.359,0
546,softening-ubiquitous,1043,-27.56698874,46.23675588,0.1039195729,0.1329463369,-8119745.807,-2642404.476,-3182789.359,0
546,softening-ubiquitous,1147,-30.57030066,48.29439154,0.09787771685,0.126032445,-8119745.807,-2642404.476,-3182789.359,0
547,softening-ubiquitous,1043,-27.56698874,46.23675588,0.1039195729,0.1329463369,-7414029.748,-2567065.833,-3583107.278,0
547,softening-ubiquitous,1147,-30.57030066,48.29439154,0.09787771685,0.126032445,-7414029.748,-2567065.833,-3583107.278,0
547,softening-ubiquitous,1045,-28.15518411,43.60540312,0.1135299487,0.1305275982,-7414029.748,-2567065.833,-3583107.278,0
547,softening-ubiquitous,1149,-31.1341075,45.32528535,0.1083870664,0.1235896901,-7414029.748,-2567065.833,-3583107.278,0
548,softening-ubiquitous,1045,-28.15518411,43.60540312,0.1135299487,0.1305275982,-6237739.538,-2582594.113,-3871976.133,0
548,softening-ubiquitous,1149,-31.1341075,45.32528535,0.1083870664,0.1235896901,-6237739.538,-2582594.113,-3871976.133,0
548,softening-ubiquitous,1047,-29.58597733,35.27753873,0.1439881095,0.1246000946,-6237739.538,-2582594.113,-3871976.133,0
548,softening-ubiquitous,1151,-32.50557532,36.05984266,0.1413583073,0.1176042885,-6237739.538,-2582594.113,-3871976.133,0
549,softening-ubiquitous,1047,-29.58597733,35.27753873,0.1439881095,0.1246000946,-4651037.427,-2615585.321,-3871765.858,0
549,softening-ubiquitous,1151,-32.50557532,36.05984266,0.1413583073,0.1176042885,-4651037.427,-2615585.321,-3871765.858,0
549,softening-ubiquitous,1049,-29.9517185,31.28909924,0.1582757695,0.1229373923,-4651037.427,-2615585.321,-3871765.858,0
549,softening-ubiquitous,1153,-32.85615165,31.67107567,0.1567191724,0.1158988177,-4651037.427,-2615585.321,-3871765.858,0
550,softening-ubiquitous,1049,-29.9517185,31.28909924,0.1582757695,0.1229373923,-3692495.38,-2546804.525,-3578792.835,0
550,softening-ubiquitous,1153,-32.85615165,31.67107567,0.1567191724,0.1158988177,-3692495.38,-2546804.525,-3578792.835,0
550,softening-ubiquitous,1051,-30.07399426,27.35,0.1719108715,0.1220545152,-3692495.38,-2546804.525,-3578792.835,0
550,softening-ubiquitous,1155,-32.97335745,27.35,0.1713861877,0.1149528193,-3692495.38,-2546804.525,-3578792.835,0
551,softening-ubiquitous,1051,-30.07399426,27.35,0.1719108715,0.1220545152,-2160628.338,-2179173.827,-2919536.701,0
551,softening-ubiquitous,1155,-32.97335745,27.35,0.1713861877,0.1149528193,-2160628.338,-2179173.827,-2919536.701,0
551,softening-ubiquitous,1053,-30.07399426,18.19512234,0.2012007734,0.1208904108,-2160628.338,-2179173.827,-2919536.701,0
551,softening-ubiquitous,1157,-32.97335745,17.31252207,0.2026934389,0.1138767767,-2160628.338,-2179173.827,-2919536.701,0
552,softening-ubiquitous,1053,-30.07399426,18.19512234,0.2012007734,0.1208904108,-240547.5521,-822417.9903,-954894.9812,0
552,softening-ubiquitous,1157,-32.97335745,17.31252207,0.2026934389,0.1138767767,-240547.5521,-822417.9903,-954894.9812,0
552,softening-ubiquitous,1055,-30.07399426,5.118831697,0.2325102058,0.1186451842,-240547.5521,-822417.9903,-954894.9812,0
552,softening-ubiquitous,1159,-32.97335745,2.975576946,0.2349786402,0.1118303268,-240547.5521,-822417.9903,-954894.9812,0
553,softening-ubiquitous,1055,-30.07399426,5.118831697,0.2325102058,0.1186451842,75180.35539,180136.0367,-271695.1731,208
553,softening-ubiquitous,1159,-32.97335745,2.975576946,0.2349786402,0.1118303268,75180.35539,180136.0367,-271695.1731,208
553,softening-ubiquitous,1057,-30.07399426,-7.957458943,0.2603601721,0.1225405493,75180.35539,180136.0367,-271695.1731,208
553,softening-ubiquitous,1161,-32.97335745,-11.36136818,0.2612336363,0.117428516,75180.35539,180136.0367,-271695.1731,208
554,softening-ubiquitous,1057,-30.07399426,-7.957458943,0.2603601721,0.1225405493,-768323.7184,-618086.1838,487533.13,208
554,softening-ubiquitous,1161,-32.97335745,-11.36136818,0.2612336363,0.117428516,-768323.7184,-618086.1838,487533.13,208
554,softening-ubiquitous,1059,-28.74905763,-18.90216037,0.2467281867,0.1002772839,-768323.7184,-618086.1838,487533.13,208
554,softening-ubiquitous,1163,-31.35459536,-23.09401077,0.2420892757,0.09437063454,-768323.7184,-618086.1838,487533.13,208
555,softening-ubiquitous,1059,-28.74905763,-18.90216037,0.2467281867,0.1002772839,-2037086.084,-1706081.646,1416870.243,208
555,softening-ubiquitous,1163,-31.35459536,-23.09401077,0.2420892757,0.09437063454,-2037086.084,-1706081.646,1416870.243,208
555,softening-ubiquitous,1061,-25.6795858,-25.12950646,0.2282775675,0.08207078315,-2037086.084,-1706081.646,1416870.243,208
555,softening-ubiquitous,1165,-27.60442002,-29.06315052,0.2181926847,0.07378639046,-2037086.084,-1706081.646,1416870.243,208
556,softening-ubiquitous,1061,-25.6795858,-25.12950646,0.2282775675,0.08207078315,-2684533.182,-2327875.222,2016249.357,240
556,softening-ubiquitous,1165,-27.60442002,-29.06315052,0.2181926847,0.07378639046,-2684533.182,-2327875.222,2016249.357,240
556,softening-ubiquitous,1063,-23.68710032,-31.35685256,0.1962054102,0.05358575954,-2684533.182,-2327875.222,2016249.357,240
556,softening-ubiquitous,1167,-25.17006965,-35.03229027,0.1805912442,0.04026857101,-2684533.182,-2327875.222,2016249.357,240
557,softening-ubiquitous,1063,-23.68710032,-31.35685256,0.1962054102,0.05358575954,-3251438.941,-3022587.39,2822630.93,240
557,softening-ubiquitous,1167,-25.17006965,-35.03229027,0.1805912442,0.04026857101,-3251438.941,-3022587.39,2822630.93,240
557,softening-ubiquitous,1065,-22.28937662,-37.58419865,0.1504634742,0.01310750457,-3251438.941,-3022587.39,2822630.93,240
557,softening-ubiquitous,1169,-23.46237881,-41.00143003,0.1339544614,-0.003056349744,-3251438.941,-3022587.39,2822630.93,240
558,softening-ubiquitous,1065,-22.28937662,-37.58419865,0.1504634742,0.01310750457,-3480881.433,-3433313.698,3391751.926,208
558,softening-ubiquitous,1169,-23.46237881,-41.00143003,0.1339544614,-0.003056349744,-3480881.433,-3433313.698,3391751.926,208
558,softening-ubiquitous,1067,-21.25469272,-43.81154475,0.1015381,-0.0324296567,-3480881.433,-3433313.698,3391751.926,208
558,softening-ubiquitous,1171,-22.19823753,-46.97056978,0.08684335126,-0.04956420504,-3480881.433,-3433313.698,3391751.926,208
559,softening-ubiquitous,1067,-21.25469272,-43.81154475,0.1015381,-0.0324296567,-3495767.707,-3388656.496,3295069.275,240
559,softening-ubiquitous,1171,-22.19823753,-46.97056978,0.08684335126,-0.04956420504,-3495767.707,-3388656.496,3295069.275,240
559,softening-ubiquitous,1069,-20.45786411,-50.03889084,0.05919371506,-0.07567356926,-3495767.707,-3388656.496,3295069.275,240
559,softening-ubiquitous,1173,-21.22469968,-52.93970953,0.04765636726,-0.0914132008,-3495767.707,-3388656.496,3295069.275,240
560,softening-ubiquitous,1069,-20.45786411,-50.03889084,0.05919371506,-0.07567356926,-3481461.447,-3150148.329,2860666.944,240
560,softening-ubiquitous,1173,-21.22469968,-52.93970953,0.04765636726,-0.0914132008,-3481461.447,-3150148.329,2860666.944,240
560,softening-ubiquitous,967,-19.82532814,-56.26623693,0.0248167063,-0.1146272926,-3481461.447,-3150148.329,2860666.944,240
560,softening-ubiquitous,1071,-20.45188895,-58.90884929,0.01590600013,-0.1279920291,-3481461.447,-3150148.329,2860666.944,240
561,softening-ubiquitous,1071,-20.45188895,-58.90884929,0.01590600013,-0.1279920291,-8421909.409,-3839034.321,-165201.045,80
561,softening-ubiquitous,1175,-21.11894127,-61.72224054,0.008121053269,-0.1407030067,-8421909.409,-3839034.321,-165201.045,80
561,softening-ubiquitous,1073,-15.33891671,-58.90884929,-0.01128323263,-0.1453031267,-8421909.409,-3839034.321,-165201.045,80
561,softening-ubiquitous,1177,-15.83920595,-61.72224054,-0.01691612208,-0.1561595176,-8421909.409,-3839034.321,-165201.045,80
562,softening-ubiquitous,1073,-15.33891671,-58.90884929,-0.01128323263,-0.1453031267,-11476656.7,-4502603.57,-1590896.592,80
562,softening-ubiquitous,1177,-15.83920595,-61.72224054,-0.01691612208,-0.1561595176,-11476656.7,-4502603.57,-1590896.592,80
562,softening-ubiquitous,1075,-10.22594448,-58.90884929,-0.03369954415,-0.157256908,-11476656.7,-4502603.57,-1590896.592,80
562,softening-ubiquitous,1179,-10.55947064,-61.72224054,-0.03397011718,-0.1635692028,-11476656.7,-4502603.57,-1590896.592,80
563,softening-ubiquitous,1075,-10.22594448,-58.90884929,-0.03369954415,-0.157256908,-16407018.36,-6071175.649,-2951238.983,64
563,softening-ubiquitous,1179,-10.55947064,-61.72224054,-0.03397011718,-0.1635692028,-16407018.36,-6071175.649,-2951238.983,64
563,softening-ubiquitous,1077,-5.112972238,-58.90884929,-0.04872601312,-0.1598452141,-16407018.36,-6071175.649,-2951238.983,64
563,softening-ubiquitous,1181,-5.279735318,-61.72224054,-0.0431478963,-0.1611513348,-16407018.36,-6071175.649,-2951238.983,64
564,softening-ubiquitous,1077,-5.112972238,-58.90884929,-0.04872601312,-0.1598452141,-18572887.87,-6467847.54,-4149595.917,0
564,softening-ubiquitous,1181,-5.279735318,-61.72224054,-0.0431478963,-0.1611513348,-18572887.87,-6467847.54,-4149595.917,0
564,softening-ubiquitous,1079,0,-58.90884929,-0.05811219617,-0.1540553272,-18572887.87,-6467847.54,-4149595.917,0
564,softening-ubiquitous,1183,0,-61.72224054,-0.05043774268,-0.1553695672,-18572887.87,-6467847.54,-4149595.917,0
565,softening-ubiquitous,1079,0,-58.90884929,-0.05811219617,-0.1540553272,-16257573.07,-5090779.241,-4912588.588,0
565,softening-ubiquitous,1183,0,-61.72224054,-0.05043774268,-0.1553695672,-16257573.07,-5090779.241,-4912588.588,0
565,softening-ubiquitous,1081,5.112972238,-58.90884929,-0.06542201345,-0.147084494,-16257573.07,-5090779.241,-4912588.588,0
565,softening-ubiquitous,1185,5.279735318,-61.72224054,-0.05742036099,-0.1482971844,-16257573.07,-5090779.241,-4912588.588,0
566,softening-ubiquitous,1081,5.112972238,-58.90884929,-0.06542201345,-0.147084494,-14444267.56,-4886860.552,-5517841.418,0
566,softening-ubiquitous,1185,5.279735318,-61.72224054,-0.05742036099,-0.1482971844,-14444267.56,-4886860.552,-5517841.418,0
566,softening-ubiquitous,1083,10.22594448,-58.90884929,-0.07144716805,-0.1408503051,-14444267.56,-4886860.552,-5517841.418,0
566,softening-ubiquitous,1187,10.55947064,-61.72224054,-0.06333528891,-0.1413606868,-14444267.56,-4886860.552,-5517841.418,0
567,softening-ubiquitous,1083,10.22594448,-58.90884929,-0.07144716805,-0.1408503051,-12606239.39,-5682545.119,-5396232.627,0
567,softening-ubiquitous,1187,10.55947064,-61.72224054,-0.06333528891,-0.1413606868,-12606239.39,-5682545.119,-5396232.627,0
567,softening-ubiquitous,1085,15.33891671,-58.90884929,-0.07587741307,-0.1343788507,-12606239.39,-5682545.119,-5396232.627,0
567,softening-ubiquitous,1189,15.83920595,-61.72224054,-0.06790368207,-0.1339753168,-12606239.39,-5682545.119,-5396232.627,0
568,softening-ubiquitous,1085,15.33891671,-58.90884929,-0.07587741307,-0.1343788507,-11274645.36,-6212472.872,-4520514.718,0
568,softening-ubiquitous,1189,15.83920595,-61.72224054,-0.06790368207,-0.1339753168,-11274645.36,-6212472.872,-4520514.718,0
568,softening-ubiquitous,1087,20.45188895,-58.90884929,-0.07921035259,-0.1263793211,-11274645.36,-6212472.872,-4520514.718,0
568,softening-ubiquitous,1191,21.11894127,-61.72224054,-0.07146438535,-0.1253427586,-11274645.36,-6212472.872,-4520514.718,0
569,softening-ubiquitous,1087,20.45188895,-58.90884929,-0.07921035259,-0.1263793211,-11393831.32,-7269953.307,-4567850.097,0
569,softening-ubiquitous,1191,21.11894127,-61.72224054,-0.07146438535,-0.1253427586,-11393831.32,-7269953.307,-4567850.097,0
569,softening-ubiquitous,1089,21.22469968,-52.93970953,-0.09894723865,-0.1256463492,-11393831.32,-7269953.307,-4567850.097,0
569,softening-ubiquitous,1193,22.04109203,-56.02799371,-0.08919282696,-0.1237222352,-11393831.32,-7269953.307,-4567850.097,0
570,softening-ubiquitous,1089,21.22469968,-52.93970953,-0.09894723865,-0.1256463492,-11429635.69,-8327501.428,-5081212.703,0
570,softening-ubiquitous,1193,22.04109203,-56.02799371,-0.08919282696,-0.1237222352,-11429635.69,-8327501.428,-5081212.703,0
570,softening-ubiquitous,1091,22.19823753,-46.97056978,-0.1218904107,-0.125140613,-11429635.69,-8327501.428,-5081212.703,0
570,softening-ubiquitous,1195,23.20275895,-50.33374689,-0.1094576505,-0.1220679412,-11429635.69,-8327501.428,-5081212.703,0
571,softening-ubiquitous,1091,22.19823753,-46.97056978,-0.1218904107,-0.125140613,-10041421.15,-8509506.272,-5403860.201,0
571,softening-ubiquitous,1195,23.20275895,-50.33374689,-0.1094576505,-0.1220679412,-10041421.15,-8509506.272,-5403860.201,0
571,softening-ubiquitous,1093,23.46237881,-41.00143003,-0.1475493731,-0.1241510519,-10041421.15,-8509506.272,-5403860.201,0
571,softening-ubiquitous,1197,24.71118629,-44.63950007,-0.1323334555,-0.1197497683,-10041421.15,-8509506.272,-5403860.201,0
572,softening-ubiquitous,1093,23.46237881,-41.00143003,-0.1475493731,-0.1241510519,-7304409.84,-8086910.979,-5399930.46,0
572,softening-ubiquitous,1197,24.71118629,-44.63950007,-0.1323334555,-0.1197497683,-7304409.84,-8086910.979,-5399930.46,0
572,softening-ubiquitous,1095,25.17006965,-35.03229027,-0.1736229163,-0.1222019369,-7304409.84,-8086910.979,-5399930.46,0
572,softening-ubiquitous,1199,26.74887592,-38.94525325,-0.1565255321,-0.1162569961,-7304409.84,-8086910.979,-5399930.46,0
573,softening-ubiquitous,1095,25.17006965,-35.03229027,-0.1736229163,-0.1222019369,-4677159.504,-7578830.673,-4827981.336,0
573,softening-ubiquitous,1199,26.74887592,-38.94525325,-0.1565255321,-0.1162569961,-4677159.504,-7578830.673,-4827981.336,0
573,softening-ubiquitous,1097,27.60442002,-29.06315052,-0.1975696301,-0.1184183319,-4677159.504,-7578830.673,-4827981.336,0
573,softening-ubiquitous,1201,29.6536467,-33.25100643,-0.1798396023,-0.110760677,-4677159.504,-7578830.673,-4827981.336,0
574,softening-ubiquitous,1097,27.60442002,-29.06315052,-0.1975696301,-0.1184183319,-3131693.758,-7057919.4,-3929480.361,0
574,softening-ubiquitous,1201,29.6536467,-33.25100643,-0.1798396023,-0.110760677,-3131693.758,-7057919.4,-3929480.361,0
574,softening-ubiquitous,1099,31.35459536,-23.09401077,-0.2180952367,-0.1108911865,-3131693.758,-7057919.4,-3929480.361,0
574,softening-ubiquitous,1203,34.12851603,-27.55675961,-0.2004378965,-0.1013268911,-3131693.758,-7057919.4,-3929480.361,0
575,softening-ubiquitous,1099,31.35459536,-23.09401077,-0.2180952367,-0.1108911865,-1753482.782,-6078180.709,-2841058.717,0
575,softening-ubiquitous,1203,34.12851603,-27.55675961,-0.2004378965,-0.1013268911,-1753482.782,-6078180.709,-2841058.717,0
575,softening-ubiquitous,1101,32.97335745,-11.36136818,-0.2580040771,-0.111287278,-1753482.782,-6078180.709,-2841058.717,0
575,softening-ubiquitous,1205,36.06009206,-14.98525514,-0.2438779493,-0.1010756382,-1753482.782,-6078180.709,-2841058.717,0
576,softening-ubiquitous,1101,32.97335745,-11.36136818,-0.2580040771,-0.111287278,-108525.4118,-3937312.232,-2476769.872,0
576,softening-ubiquitous,1205,36.06009206,-14.98525514,-0.2438779493,-0.1010756382,-108525.4118,-3937312.232,-2476769.872,0
576,softening-ubiquitous,1103,32.97335745,2.975576946,-0.3072993485,-0.1138383353,-108525.4118,-3937312.232,-2476769.872,0
576,softening-ubiquitous,1207,36.06009206,0.6938142999,-0.2970843767,-0.1052178236,-108525.4118,-3937312.232,-2476769.872,0
577,softening-ubiquitous,1103,32.97335745,2.975576946,-0.3072993485,-0.1138383353,-1580160.558,-3127202.921,229746.1293,80
577,softening-ubiquitous,1207,36.06009206,0.6938142999,-0.2970843767,-0.1052178236,-1580160.558,-3127202.921,229746.1293,80
577,softening-ubiquitous,1105,32.97335745,17.31252207,-0.3312414981,-0.1339018805,-1580160.558,-3127202.921,229746.1293,80
577,softening-ubiquitous,1209,36.06009206,16.37288374,-0.3252027307,-0.1249519862,-1580160.558,-3127202.921,229746.1293,80
578,softening-ubiquitous,1105,32.97335745,17.31252207,-0.3312414981,-0.1339018805,-2717623.164,-3187831.411,2437646.859,64
578,softening-ubiquitous,1209,36.06009206,16.37288374,-0.3252027307,-0.1249519862,-2717623.164,-3187831.411,2437646.859,64
578,softening-ubiquitous,1107,32.97335745,27.35,-0.3480199325,-0.1402147219,-2717623.164,-3187831.411,2437646.859,64
578,softening-ubiquitous,1211,36.06009206,27.35,-0.3471297813,-0.1296250595,-2717623.164,-3187831.411,2437646.859,64
579,softening-ubiquitous,1107,32.97335745,27.35,-0.3480199325,-0.1402147219,-3146281.221,-3242787.148,2850455.326,0
579,softening-ubiquitous,1211,36.06009206,27.35,-0.3471297813,-0.1296250595,-3146281.221,-3242787.148,2850455.326,0
579,softening-ubiquitous,1109,32.85615165,31.67107567,-0.3565445725,-0.1403412872,-3146281.221,-3242787.148,2850455.326,0
579,softening-ubiquitous,1213,35.94828386,32.07773733,-0.3567556295,-0.1300002292,-3146281.221,-3242787.148,2850455.326,0
580,softening-ubiquitous,1109,32.85615165,31.67107567,-0.3565445725,-0.1403412872,-3612364.55,-3045321.984,2945737.783,0
580,softening-ubiquitous,1213,35.94828386,32.07773733,-0.3567556295,-0.1300002292,-3612364.55,-3045321.984,2945737.783,0
580,softening-ubiquitous,1111,32.50557532,36.05984266,-0.3648189715,-0.1410345588,-3612364.55,-3045321.984,2945737.783,0
580,softening-ubiquitous,1215,35.6138524,36.89270299,-0.3658817202,-0.1308213704,-3612364.55,-3045321.984,2945737.783,0
581,softening-ubiquitous,1111,32.50557532,36.05984266,-0.3648189715,-0.1410345588,-3164138.361,-2833279.586,2888575.851,0
581,softening-ubiquitous,1215,35.6138524,36.89270299,-0.3658817202,-0.1308213704,-3164138.361,-2833279.586,2888575.851,0
581,softening-ubiquitous,1113,31.1341075,45.32528535,-0.3824677982,-0.1446713921,-3164138.361,-2833279.586,2888575.851,0
581,softening-ubiquitous,1217,34.30554391,47.15631501,-0.3849725787,-0.1342418378,-3164138.361,-2833279.586,2888575.851,0
582,softening-ubiquitous,1113,31.1341075,45.32528535,-0.3824677982,-0.1446713921,-2739684.47,-2739684.47,2779090.496,240
582,softening-ubiquitous,1217,34.30554391,47.15631501,-0.3849725787,-0.1342418378,-2739684.47,-2739684.47,2779090.496,240
582,softening-ubiquitous,1115,30.57030066,48.29439154,0.009451640835,0.2514098013,-2739684.47,-2739684.47,2779090.496,240
582,softening-ubiquitous,1219,33.7677017,50.48500196,0.00558118521,0.2609784843,-2739684.47,-2739684.47,2779090.496,240
583,softening-ubiquitous,1115,30.57030066,48.29439154,0.009451640835,0.2514098013,-3893453.763,-2469306.046,2833883,0
583,softening-ubiquitous,1219,33.7677017,50.48500196,0.00558118521,0.2609784843,-3893453.763,-2469306.046,2833883,0
583,softening-ubiquitous,1117,27.53790911,54.88790911,-0.00235433562,0.2428127235,-3893453.763,-2469306.046,2833883,0
583,softening-ubiquitous,1221,30.53647412,57.88647412,-0.006450008187,0.2529508003,-3893453.763,-2469306.046,2833883,0
584,softening-ubiquitous,1117,27.53790911,54.88790911,-0.00235433562,0.2428127235,-8108691.75,-4192747.646,399468.3693,64
584,softening-ubiquitous,1221,30.53647412,57.88647412,-0.006450008187,0.2529508003,-8108691.75,-4192747.646,399468.3693,64
584,softening-ubiquitous,1119,17.15861868,57.06959934,0.02945756973,0.2504102427,-8108691.75,-4192747.646,399468.3693,64
584,softening-ubiquitous,1223,18.83183348,59.96769238,0.02352022548,0.2553309784,-8108691.75,-4192747.646,399468.3693,64
585,softening-ubiquitous,1119,17.15861868,57.06959934,0.02945756973,0.2504102427,-13468882.53,-5108610.69,-1153275.657,0
585,softening-ubiquitous,1223,18.83183348,59.96769238,0.02352022548,0.2553309784,-13468882.53,-5108610.69,-1153275.657,0
585,softening-ubiquitous,1121,8.330826337,58.44106716,0.03757745996,0.2342003813,-13468882.53,-5108610.69,-1153275.657,0
585,softening-ubiquitous,1225,9.090444536,61.27600087,0.0292385933,0.236161205,-13468882.53,-5108610.69,-1153275.657,0
586,softening-ubiquitous,1121,8.330826337,58.44106716,0.03757745996,0.2342003813,-12213910,-6363191.886,-1826863.184,0
586,softening-ubiquitous,1225,9.090444536,61.27600087,0.0292385933,0.236161205,-12213910,-6363191.886,-1826863.184,0
586,softening-ubiquitous,1123,3.712805799,58.90884929,0.03997678625,0.2228393946,-12213910,-6363191.886,-1826863.184,0
586,softening-ubiquitous,1227,4.043793004,61.72224054,0.03182939809,0.2241309505,-12213910,-6363191.886,-1826863.184,0
587,softening-ubiquitous,1123,3.712805799,58.90884929,0.03997678625,0.2228393946,-11891250.71,-5800865.086,-1488707.803,0
587,softening-ubiquitous,1227,4.043793004,61.72224054,0.03182939809,0.2241309505,-11891250.71,-5800865.086,-1488707.803,0
587,softening-ubiquitous,1125,2.784604349,58.90884929,0.04071805409,0.2203949854,-11891250.71,-5800865.086,-1488707.803,0
587,softening-ubiquitous,1229,3.032844753,61.72224054,0.03257345056,0.2215276679,-11891250.71,-5800865.086,-1488707.803,0
588,softening-ubiquitous,1125,2.784604349,58.90884929,0.04071805409,0.2203949854,-11816178.15,-5634350.514,-1417715.835,0
588,softening-ubiquitous,1229,3.032844753,61.72224054,0.03257345056,0.2215276679,-11816178.15,-5634350.514,-1417715.835,0
588,softening-ubiquitous,1127,1.856402899,58.90884929,0.04145888143,0.2179006668,-11816178.15,-5634350.514,-1417715.835,0
588,softening-ubiquitous,1231,2.021896502,61.72224054,0.03331620284,0.2188813185,-11816178.15,-5634350.514,-1417715.835,0
589,softening-ubiquitous,1127,1.856402899,58.90884929,0.04145888143,0.2179006668,-11754909.55,-5436029.066,-1362107.885,0
589,softening-ubiquitous,1231,2.021896502,61.72224054,0.03331620284,0.2188813185,-11754909.55,-5436029.066,-1362107.885,0
589,softening-ubiquitous,1129,0.9282014496,58.90884929,0.04220358957,0.2153631934,-11754909.55,-5436029.066,-1362107.885,0
589,softening-ubiquitous,1233,1.010948251,61.72224054,0.03406010362,0.2161953499,-11754909.55,-5436029.066,-1362107.885,0
590,softening-ubiquitous,1129,0.9282014496,58.90884929,0.04220358957,0.2153631934,-11700978.11,-5217245.49,-1331995.078,0
590,softening-ubiquitous,1233,1.010948251,61.72224054,0.03406010362,0.2161953499,-11700978.11,-5217245.49,-1331995.078,0
590,softening-ubiquitous,1131,0,58.90884929,0.04295479715,0.212792743,-11700978.11,-5217245.49,-1331995.078,0
590,softening-ubiquitous,1235,0,61.72224054,0.03480646728,0.2134753659,-11700978.11,-5217245.49,-1331995.078,0
591,softening-ubiquitous,1131,0,58.90884929,0.04295479715,0.212792743,-11641922.25,-4988639.173,-1329200.009,0
591,softening-ubiquitous,1235,0,61.72224054,0.03480646728,0.2134753659,-11641922.25,-4988639.173,-1329200.009,0
591,softening-ubiquitous,1133,-0.9282014496,58.90884929,0.04371129839,0.2101991983,-11641922.25,-4988639.173,-1329200.009,0
591,softening-ubiquitous,1237,-1.010948251,61.72224054,0.0355561788,0.2107282202,-11641922.25,-4988639.173,-1329200.009,0
592,softening-ubiquitous,1133,-0.9282014496,58.90884929,0.04371129839,0.2101991983,-11577807.23,-4763996.421,-1351201.97,0
592,softening-ubiquitous,1237,-1.010948251,61.72224054,0.0355561788,0.2107282202,-11577807.23,-4763996.421,-1351201.97,0
592,softening-ubiquitous,1135,-1.856402899,58.90884929,0.04447230023,0.2075919298,-11577807.23,-4763996.421,-1351201.97,0
592,softening-ubiquitous,1239,-2.021896502,61.72224054,0.03630847763,0.2079604556,-11577807.23,-4763996.421,-1351201.97,0
593,softening-ubiquitous,1135,-1.856402899,58.90884929,0.04447230023,0.2075919298,-11501246.19,-4551613.028,-1395001.283,0
593,softening-ubiquitous,1239,-2.021896502,61.72224054,0.03630847763,0.2079604556,-11501246.19,-4551613.028,-1395001.283,0
593,softening-ubiquitous,1137,-2.784604349,58.90884929,0.04523455434,0.2049793373,-11501246.19,-4551613.028,-1395001.283,0
593,softening-ubiquitous,1241,-3.032844753,61.72224054,0.0370621602,0.2051788627,-11501246.19,-4551613.028,-1395001.283,0
594,softening-ubiquitous,1137,-2.784604349,58.90884929,0.04523455434,0.2049793373,-11412254.55,-4358771.807,-1454215.133,0
594,softening-ubiquitous,1241,-3.032844753,61.72224054,0.0370621602,0.2051788627,-11412254.55,-4358771.807,-1454215.133,0
594,softening-ubiquitous,1139,-3.712805799,58.90884929,0.04599497094,0.202367678,-11412254.55,-4358771.807,-1454215.133,0
594,softening-ubiquitous,1243,-4.043793004,61.72224054,0.03781503763,0.2023887418,-11412254.55,-4358771.807,-1454215.133,0
595,softening-ubiquitous,1139,-3.712805799,58.90884929,0.04599497094,0.202367678,-11066637.82,-3952939.818,-1675698.759,0
595,softening-ubiquitous,1243,-4.043793004,61.72224054,0.03781503763,0.2023887418,-11066637.82,-3952939.818,-1675698.759,0
595,softening-ubiquitous,1141,-8.330826337,58.44106716,0.05110138608,0.1892964707,-11066637.82,-3952939.818,-1675698.759,0
595,softening-ubiquitous,1245,-9.090444536,61.27600087,0.04282062871,0.1882825294,-11066637.82,-3952939.818,-1675698.759,0
596,softening-ubiquitous,1141,-8.330826337,58.44106716,0.05110138608,0.1892964707,-10097323.32,-3353752.388,-2108691.613,0
596,softening-ubiquitous,1245,-9.090444536,61.27600087,0.04282062871,0.1882825294,-10097323.32,-3353752.388,-2108691.613,0
596,softening-ubiquitous,1143,-17.15861868,57.06959934,0.06151312086,0.1646122878,-10097323.32,-3353752.388,-2108691.613,0
596,softening-ubiquitous,1247,-18.83183348,59.96769238,0.05320811074,0.1611997223,-10097323.32,-3353752.388,-2108691.613,0
597,softening-ubiquitous,1143,-17.15861868,57.06959934,0.06151312086,0.1646122878,-8911941.374,-2864906.826,-2546888.776,0
597,softening-ubiquitous,1247,-18.83183348,59.96769238,0.05320811074,0.1611997223,-8911941.374,-2864906.826,-2546888.776,0
597,softening-ubiquitous,1145,-27.53790911,54.88790911,0.07431614249,0.1362620116,-8911941.374,-2864906.826,-2546888.776,0
597,softening-ubiquitous,1249,-30.53647412,57.88647412,0.06599647208,0.1296365623,-8911941.374,-2864906.826,-2546888.776,0
598,softening-ubiquitous,1145,-27.53790911,54.88790911,0.07431614249,0.1362620116,-8090623.295,-2690155.505,-3028729.156,0
598,softening-ubiquitous,1249,-30.53647412,57.88647412,0.06599647208,0.1296365623,-8090623.295,-2690155.505,-3028729.156,0
598,softening-ubiquitous,1147,-30.57030066,48.29439154,0.09787771685,0.126032445,-8090623.295,-2690155.505,-3028729.156,0
598,softening-ubiquitous,1251,-33.7677017,50.48500196,0.09165301578,0.1188170884,-8090623.295,-2690155.505,-3028729.156,0
599,softening-ubiquitous,1147,-30.57030066,48.29439154,0.09787771685,0.126032445,-7459016.848,-2627641.547,-3470705.428,0
599,softening-ubiquitous,1251,-33.7677017,50.48500196,0.09165301578,0.1188170884,-7459016.848,-2627641.547,-3470705.428,0
599,softening-ubiquitous,1149,-31.1341075,45.32528535,0.1083870664,0.1235896901,-7459016.848,-2627641.547,-3470705.428,0
599,softening-ubiquitous,1253,-34.30554391,47.15631501,0.1031037662,0.1163781497,-7459016.848,-2627641.547,-3470705.428,0
600,softening-ubiquitous,1149,-31.1341075,45.32528535,0.1083870664,0.1235896901,-6386494.918,-2652087.888,-3814042.5,0
600,softening-ubiquitous,1253,-34.30554391,47.15631501,0.1031037662,0.1163781497,-6386494.918,-2652087.888,-3814042.5,0
600,softening-ubiquitous,1151,-32.50557532,36.05984266,0.1413583073,0.1176042885,-6386494.918,-2652087.888,-3814042.5,0
600,softening-ubiquitous,1255,-35.6138524,36.89270299,0.1387094366,0.1104195623,-6386494.918,-2652087.888,-3814042.5,0
601,softening-ubiquitous,1151,-32.50557532,36.05984266,0.1413583073,0.1176042885,-4900551.207,-2698114.331,-3897963.552,0
601,softening-ubiquitous,1255,-35.6138524,36.89270299,0.1387094366,0.1104195623,-4900551.207,-2698114.331,-3897963.552,0
601,softening-ubiquitous,1153,-32.85615165,31.67107567,0.1567191724,0.1158988177,-4900551.207,-2698114.331,-3897963.552,0
601,softening-ubiquitous,1257,-35.94828386,32.07773733,0.1551878076,0.1087137278,-4900551.207,-2698114.331,-3897963.552,0
602,softening-ubiquitous,1153,-32.85615165,31.67107567,0.1567191724,0.1158988177,-3949619.23,-2662724.502,-3692526.585,0
602,softening-ubiquitous,1257,-35.94828386,32.07773733,0.1551878076,0.1087137278,-3949619.23,-2662724.502,-3692526.585,0
602,softening-ubiquitous,1155,-32.97335745,27.35,0.1713861877,0.1149528193,-3949619.23,-2662724.502,-3692526.585,0
602,softening-ubiquitous,1259,-36.06009206,27.35,0.1708999045,0.1077763654,-3949619.23,-2662724.502,-3692526.585,0
603,softening-ubiquitous,1155,-32.97335745,27.35,0.1713861877,0.1149528193,-2349825.82,-2448135.597,-3079602.696,0
603,softening-ubiquitous,1259,-36.06009206,27.35,0.1708999045,0.1077763654,-2349825.82,-2448135.597,-3079602.696,0
603,softening-ubiquitous,1157,-32.97335745,17.31252207,0.2026934389,0.1138767767,-2349825.82,-2448135.597,-3079602.696,0
603,softening-ubiquitous,1261,-36.06009206,16.37288374,0.2041962536,0.1069266118,-2349825.82,-2448135.597,-3079602.696,0
604,softening-ubiquitous,1157,-32.97335745,17.31252207,0.2026934389,0.1138767767,-384649.8539,-1530903.309,-1257686.326,0
604,softening-ubiquitous,1261,-36.06009206,16.37288374,0.2041962536,0.1069266118,-384649.8539,-1530903.309,-1257686.326,0
604,softening-ubiquitous,1159,-32.97335745,2.975576946,0.2349786402,0.1118303268,-384649.8539,-1530903.309,-1257686.326,0
604,softening-ubiquitous,1263,-36.06009206,0.6938142999,0.2373410632,0.1057724789,-384649.8539,-1530903.309,-1257686.326,0
605,softening-ubiquitous,1159,-32.97335745,2.975576946,0.2349786402,0.1118303268,-338207.2166,-244941.3583,164841.5683,224
605,softening-ubiquitous,1263,-36.06009206,0.6938142999,0.2373410632,0.1057724789,-338207.2166,-244941.3583,164841.5683,224
605,softening-ubiquitous,1161,-32.97335745,-11.36136818,0.2612336363,0.117428516,-338207.2166,-244941.3583,164841.5683,224
605,softening-ubiquitous,1265,-36.06009206,-14.98525514,0.2610506506,0.1125448276,-338207.2166,-244941.3583,164841.5683,224
606,softening-ubiquitous,1161,-32.97335745,-11.36136818,0.2612336363,0.117428516,-1942391.596,-1705348.578,1498615.599,208
606,softening-ubiquitous,1265,-36.06009206,-14.98525514,0.2610506506,0.1125448276,-1942391.596,-1705348.578,1498615.599,208
606,softening-ubiquitous,1163,-31.35459536,-23.09401077,0.2420892757,0.09437063454,-1942391.596,-1705348.578,1498615.599,208
606,softening-ubiquitous,1267,-34.12851603,-27.55675961,0.2371460819,0.08720645437,-1942391.596,-1705348.578,1498615.599,208
607,softening-ubiquitous,1163,-31.35459536,-23.09401077,0.2420892757,0.09437063454,-3261930.128,-2869577.497,2526763.815,208
607,softening-ubiquitous,1267,-34.12851603,-27.55675961,0.2371460819,0.08720645437,-3261930.128,-2869577.497,2526763.815,208
607,softening-ubiquitous,1165,-27.60442002,-29.06315052,0.2181926847,0.07378639046,-3261930.128,-2869577.497,2526763.815,208
607,softening-ubiquitous,1269,-29.6536467,-33.25100643,0.207172235,0.06250383076,-3261930.128,-2869577.497,2526763.815,208
608,softening-ubiquitous,1165,-27.60442002,-29.06315052,0.2181926847,0.07378639046,-3491888.765,-3128989.919,2811911.149,240
608,softening-ubiquitous,1269,-29.6536467,-33.25100643,0.207172235,0.06250383076,-3491888.765,-3128989.919,2811911.149,240
608,softening-ubiquitous,1167,-25.17006965,-35.03229027,0.1805912442,0.04026857101,-3491888.765,-3128989.919,2811911.149,240
608,softening-ubiquitous,1271,-26.74887592,-38.94525325,0.1650067289,0.0237804709,-3491888.765,-3128989.919,2811911.149,240
609,softening-ubiquitous,1167,-25.17006965,-35.03229027,0.1805912442,0.04026857101,-3519658.862,-3349834.959,3201453.239,240
609,softening-ubiquitous,1271,-26.74887592,-38.94525325,0.1650067289,0.0237804709,-3519658.862,-3349834.959,3201453.239,240
609,softening-ubiquitous,1169,-23.46237881,-41.00143003,0.1339544614,-0.003056349744,-3519658.862,-3349834.959,3201453.239,240
609,softening-ubiquitous,1273,-24.71118629,-44.63950007,0.1165797311,-0.02320669087,-3519658.862,-3349834.959,3201453.239,240
610,softening-ubiquitous,1169,-23.46237881,-41.00143003,0.1339544614,-0.003056349744,-3428993.477,-3360800.678,3301217.989,240
610,softening-ubiquitous,1273,-24.71118629,-44.63950007,0.1165797311,-0.02320669087,-3428993.477,-3360800.678,3301217.989,240
610,softening-ubiquitous,1171,-22.19823753,-46.97056978,0.08684335126,-0.04956420504,-3428993.477,-3360800.678,3301217.989,240
610,softening-ubiquitous,1275,-23.20275895,-50.33374689,0.07260338464,-0.06825678259,-3428993.477,-3360800.678,3301217.989,240
611,softening-ubiquitous,1171,-22.19823753,-46.97056978,0.08684335126,-0.04956420504,-3470525.622,-3211471.358,2985134.706,208
611,softening-ubiquitous,1275,-23.20275895,-50.33374689,0.07260338464,-0.06825678259,-3470525.622,-3211471.358,2985134.706,208
611,softening-ubiquitous,1173,-21.22469968,-52.93970953,0.04765636726,-0.0914132008,-3470525.622,-3211471.358,2985134.706,208
611,softening-ubiquitous,1277,-22.04109203,-56.02799371,0.03650792628,-0.1075940665,-3470525.622,-3211471.358,2985134.706,208
612,softening-ubiquitous,1173,-21.22469968,-52.93970953,0.04765636726,-0.0914132008,-4280015.183,-3295069.915,2434485.106,224
612,softening-ubiquitous,1277,-22.04109203,-56.02799371,0.03650792628,-0.1075940665,-4280015.183,-3295069.915,2434485.106,224
612,softening-ubiquitous,1071,-20.45188895,-58.90884929,0.01590600013,-0.1279920291,-4280015.183,-3295069.915,2434485.106,224
612,softening-ubiquitous,1175,-21.11894127,-61.72224054,0.008121053269,-0.1407030067,-4280015.183,-3295069.915,2434485.106,224
613,softening-ubiquitous,1175,-21.11894127,-61.72224054,0.008121053269,-0.1407030067,-11349542.01,-4346755.46,-1771850.224,80
613,softening-ubiquitous,1279,-21.82416147,-64.69661043,0.001933107868,-0.1522013965,-11349542.01,-4346755.46,-1771850.224,80
613,softening-ubiquitous,1177,-15.83920595,-61.72224054,-0.01691612208,-0.1561595176,-11349542.01,-4346755.46,-1771850.224,80
613,softening-ubiquitous,1281,-16.3681211,-64.69661043,-0.01878492376,-0.1641904318,-11349542.01,-4346755.46,-1771850.224,80
614,softening-ubiquitous,1177,-15.83920595,-61.72224054,-0.01691612208,-0.1561595176,-15342192.87,-5527336.427,-3047593.497,80
614,softening-ubiquitous,1281,-16.3681211,-64.69661043,-0.01878492376,-0.1641904318,-15342192.87,-5527336.427,-3047593.497,80
614,softening-ubiquitous,1179,-10.55947064,-61.72224054,-0.03397011718,-0.1635692028,-15342192.87,-5527336.427,-3047593.497,80
614,softening-ubiquitous,1283,-10.91208073,-64.69661043,-0.02986258292,-0.1653701572,-15342192.87,-5527336.427,-3047593.497,80
615,softening-ubiquitous,1179,-10.55947064,-61.72224054,-0.03397011718,-0.1635692028,-17642044.35,-6257024.58,-3907835.711,0
615,softening-ubiquitous,1283,-10.91208073,-64.69661043,-0.02986258292,-0.1653701572,-17642044.35,-6257024.58,-3907835.711,0
615,softening-ubiquitous,1181,-5.279735318,-61.72224054,-0.0431478963,-0.1611513348,-17642044.35,-6257024.58,-3907835.711,0
615,softening-ubiquitous,1285,-5.456040367,-64.69661043,-0.03672471723,-0.1620740479,-17642044.35,-6257024.58,-3907835.711,0
616,softening-ubiquitous,1181,-5.279735318,-61.72224054,-0.0431478963,-0.1611513348,-16310135.96,-6536242.244,-4037798.782,0
616,softening-ubiquitous,1285,-5.456040367,-64.69661043,-0.03672471723,-0.1620740479,-16310135.96,-6536242.244,-4037798.782,0
616,softening-ubiquitous,1183,0,-61.72224054,-0.05043774268,-0.1553695672,-16310135.96,-6536242.244,-4037798.782,0
616,softening-ubiquitous,1287,0,-64.69661043,-0.04344364806,-0.1564357646,-16310135.96,-6536242.244,-4037798.782,0
617,softening-ubiquitous,1183,0,-61.72224054,-0.05043774268,-0.1553695672,-15426430.9,-5474725.989,-4078634.035,0
617,softening-ubiquitous,1287,0,-64.69661043,-0.04344364806,-0.1564357646,-15426430.9,-5474725.989,-4078634.035,0
617,softening-ubiquitous,1185,5.279735318,-61.72224054,-0.05742036099,-0.1482971844,-15426430.9,-5474725.989,-4078634.035,0
617,softening-ubiquitous,1289,5.456040367,-64.69661043,-0.04983750767,-0.1493450692,-15426430.9,-5474725.989,-4078634.035,0
618,softening-ubiquitous,1185,5.279735318,-61.72224054,-0.05742036099,-0.1482971844,-13964141.75,-5057293.24,-4550079.144,0
618,softening-ubiquitous,1289,5.456040367,-64.69661043,-0.04983750767,-0.1493450692,-13964141.75,-5057293.24,-4550079.144,0
618,softening-ubiquitous,1187,10.55947064,-61.72224054,-0.06333528891,-0.1413606868,-13964141.75,-5057293.24,-4550079.144,0
618,softening-ubiquitous,1291,10.91208073,-64.69661043,-0.05548453029,-0.1418063718,-13964141.75,-5057293.24,-4550079.144,0
619,softening-ubiquitous,1187,10.55947064,-61.72224054,-0.06333528891,-0.1413606868,-12403868.15,-5466846.059,-4484478.566,0
619,softening-ubiquitous,1291,10.91208073,-64.69661043,-0.05548453029,-0.1418063718,-12403868.15,-5466846.059,-4484478.566,0
619,softening-ubiquitous,1189,15.83920595,-61.72224054,-0.06790368207,-0.1339753168,-12403868.15,-5466846.059,-4484478.566,0
619,softening-ubiquitous,1293,16.3681211,-64.69661043,-0.06005132422,-0.1336449721,-12403868.15,-5466846.059,-4484478.566,0
620,softening-ubiquitous,1189,15.83920595,-61.72224054,-0.06790368207,-0.1339753168,-11181089.17,-5763877.083,-3873805.045,0
620,softening-ubiquitous,1293,16.3681211,-64.69661043,-0.06005132422,-0.1336449721,-11181089.17,-5763877.083,-3873805.045,0
620,softening-ubiquitous,1191,21.11894127,-61.72224054,-0.07146438535,-0.1253427586,-11181089.17,-5763877.083,-3873805.045,0
620,softening-ubiquitous,1295,21.82416147,-64.69661043,-0.06373779929,-0.124388628,-11181089.17,-5763877.083,-3873805.045,0
621,softening-ubiquitous,1191,21.11894127,-61.72224054,-0.07146438535,-0.1253427586,-11142144.61,-6495502.237,-3963811.772,0
621,softening-ubiquitous,1295,21.82416147,-64.69661043,-0.06373779929,-0.124388628,-11142144.61,-6495502.237,-3963811.772,0
621,softening-ubiquitous,1193,22.04109203,-56.02799371,-0.08919282696,-0.1237222352,-11142144.61,-6495502.237,-3963811.772,0
621,softening-ubiquitous,1297,22.9041973,-59.29298556,-0.07968567126,-0.1220608405,-11142144.61,-6495502.237,-3963811.772,0
622,softening-ubiquitous,1193,22.04109203,-56.02799371,-0.08919282696,-0.1237222352,-11326971.25,-7325828.95,-4495887.914,0
622,softening-ubiquitous,1297,22.9041973,-59.29298556,-0.07968567126,-0.1220608405,-11326971.25,-7325828.95,-4495887.914,0
622,softening-ubiquitous,1195,23.20275895,-50.33374689,-0.1094576505,-0.1220679412,-11326971.25,-7325828.95,-4495887.914,0
622,softening-ubiquitous,1299,24.2647578,-53.88936069,-0.09761399971,-0.119460502,-11326971.25,-7325828.95,-4495887.914,0
623,softening-ubiquitous,1195,23.20275895,-50.33374689,-0.1094576505,-0.1220679412,-10705004.45,-7626110.828,-4951179.536,0
623,softening-ubiquitous,1299,24.2647578,-53.88936069,-0.09761399971,-0.119460502,-10705004.45,-7626110.828,-4951179.536,0
623,softening-ubiquitous,1197,24.71118629,-44.63950007,-0.1323334555,-0.1197497683,-10705004.45,-7626110.828,-4951179.536,0
623,softening-ubiquitous,1301,26.03144894,-48.48573582,-0.1178001876,-0.1159919216,-10705004.45,-7626110.828,-4951179.536,0
624,softening-ubiquitous,1197,24.71118629,-44.63950007,-0.1323334555,-0.1197497683,-8916721.956,-7440821.169,-5264924.09,0
624,softening-ubiquitous,1301,26.03144894,-48.48573582,-0.1178001876,-0.1159919216,-8916721.956,-7440821.169,-5264924.09,0
624,softening-ubiquitous,1199,26.74887592,-38.94525325,-0.1565255321,-0.1162569961,-8916721.956,-7440821.169,-5264924.09,0
624,softening-ubiquitous,1303,28.41801945,-43.08211095,-0.1396929671,-0.1110629885,-8916721.956,-7440821.169,-5264924.09,0
625,softening-ubiquitous,1199,26.74887592,-38.94525325,-0.1565255321,-0.1162569961,-6672568.476,-7101829.849,-5141340.639,0
625,softening-ubiquitous,1303,28.41801945,-43.08211095,-0.1396929671,-0.1110629885,-6672568.476,-7101829.849,-5141340.639,0
625,softening-ubiquitous,1201,29.6536467,-33.25100643,-0.1798396023,-0.110760677,-6672568.476,-7101829.849,-5141340.639,0
625,softening-ubiquitous,1305,31.82012752,-37.67848609,-0.1617655306,-0.1038292963,-6672568.476,-7101829.849,-5141340.639,0
626,softening-ubiquitous,1201,29.6536467,-33.25100643,-0.1798396023,-0.110760677,-4975575.547,-6742145.54,-4527105.042,0
626,softening-ubiquitous,1305,31.82012752,-37.67848609,-0.1617655306,-0.1038292963,-4975575.547,-6742145.54,-4527105.042,0
626,softening-ubiquitous,1203,34.12851603,-27.55675961,-0.2004378965,-0.1013268911,-4975575.547,-6742145.54,-4527105.042,0
626,softening-ubiquitous,1307,37.06115688,-32.27486122,-0.1822099283,-0.09233823825,-4975575.547,-6742145.54,-4527105.042,0
627,softening-ubiquitous,1203,34.12851603,-27.55675961,-0.2004378965,-0.1013268911,-2962648.179,-6113916.618,-3486889.515,0
627,softening-ubiquitous,1307,37.06115688,-32.27486122,-0.1822099283,-0.09233823825,-2962648.179,-6113916.618,-3486889.515,0
627,softening-ubiquitous,1205,36.06009206,-14.98525514,-0.2438779493,-0.1010756382,-2962648.179,-6113916.618,-3486889.515,0
627,softening-ubiquitous,1309,39.32344568,-18.81649627,-0.2292237321,-0.09096406806,-2962648.179,-6113916.618,-3486889.515,0
628,softening-ubiquitous,1205,36.06009206,-14.98525514,-0.2438779493,-0.1010756382,-322737.937,-4574697.259,-2970237.107,0
628,softening-ubiquitous,1309,39.32344568,-18.81649627,-0.2292237321,-0.09096406806,-322737.937,-4574697.259,-2970237.107,0
628,softening-ubiquitous,1207,36.06009206,0.6938142999,-0.2970843767,-0.1052178236,-322737.937,-4574697.259,-2970237.107,0
628,softening-ubiquitous,1311,39.32344568,-1.718507882,-0.2862824939,-0.09648908449,-322737.937,-4574697.259,-2970237.107,0
629,softening-ubiquitous,1207,36.06009206,0.6938142999,-0.2970843767,-0.1052178236,-2388401.165,-5078754.661,50896.98643,64
629,softening-ubiquitous,1311,39.32344568,-1.718507882,-0.2862824939,-0.09648908449,-2388401.165,-5078754.661,50896.98643,64
629,softening-ubiquitous,1209,36.06009206,16.37288374,-0.3252027307,-0.1249519862,-2388401.165,-5078754.661,50896.98643,64
629,softening-ubiquitous,1313,39.32344568,15.37948051,-0.3206740072,-0.1149544674,-2388401.165,-5078754.661,50896.98643,64
630,softening-ubiquitous,1209,36.06009206,16.37288374,-0.3252027307,-0.1249519862,-2519032.528,-5860635.008,2047995.317,0
630,softening-ubiquitous,1313,39.32344568,15.37948051,-0.3206740072,-0.1149544674,-2519032.528,-5860635.008,2047995.317,0
630,softening-ubiquitous,1211,36.06009206,27.35,-0.3471297813,-0.1296250595,-2519032.528,-5860635.008,2047995.317,0
630,softening-ubiquitous,1315,39.32344568,27.35,-0.3464651812,-0.1185774759,-2519032.528,-5860635.008,2047995.317,0
631,softening-ubiquitous,1211,36.06009206,27.35,-0.3471297813,-0.1296250595,-3603515.8,-3951588.521,2648090.49,0
631,softening-ubiquitous,1315,39.32344568,27.35,-0.3464651812,-0.1185774759,-3603515.8,-3951588.521,2648090.49,0
631,softening-ubiquitous,1213,35.94828386,32.07773733,-0.3567556295,-0.1300002292,-3603515.8,-3951588.521,2648090.49,0
631,softening-ubiquitous,1317,39.21734393,32.50766766,-0.356854282,-0.1193045568,-3603515.8,-3951588.521,2648090.49,0
632,softening-ubiquitous,1213,35.94828386,32.07773733,-0.3567556295,-0.1300002292,-3511607.619,-3395534.25,2724835.82,0
632,softening-ubiquitous,1317,39.21734393,32.50766766,-0.356854282,-0.1193045568,-3511607.619,-3395534.25,2724835.82,0
632,softening-ubiquitous,1215,35.6138524,36.89270299,-0.3658817202,-0.1308213704,-3511607.619,-3395534.25,2724835.82,0
632,softening-ubiquitous,1319,38.89998111,37.77321852,-0.366940081,-0.1202900852,-3511607.619,-3395534.25,2724835.82,0
633,softening-ubiquitous,1215,35.6138524,36.89270299,-0.3658817202,-0.1308213704,-3038897.336,-2923861.707,2799257.105,0
633,softening-ubiquitous,1319,38.89998111,37.77321852,-0.366940081,-0.1202900852,-3038897.336,-2923861.707,2799257.105,0
633,softening-ubiquitous,1217,34.30554391,47.15631501,-0.3849725787,-0.1342418378,-3038897.336,-2923861.707,2799257.105,0
633,softening-ubiquitous,1321,37.65844584,49.09211384,-0.3874141514,-0.1235282872,-3038897.336,-2923861.707,2799257.105,0
634,softening-ubiquitous,1217,34.30554391,47.15631501,-0.3849725787,-0.1342418378,-2747017.563,-2747017.563,2768254.151,240
634,softening-ubiquitous,1321,37.65844584,49.09211384,-0.3874141514,-0.1235282872,-2747017.563,-2747017.563,2768254.151,240
634,softening-ubiquitous,1219,33.7677017,50.48500196,0.00558118521,0.2609784843,-2747017.563,-2747017.563,2768254.151,240
634,softening-ubiquitous,1323,37.14805392,52.80095631,0.001518378375,0.270564203,-2747017.563,-2747017.563,2768254.151,240
635,softening-ubiquitous,1219,33.7677017,50.48500196,0.00558118521,0.2609784843,-4699385.721,-2392672.843,2510730.534,0
635,softening-ubiquitous,1323,37.14805392,52.80095631,0.001518378375,0.270564203,-4699385.721,-2392672.843,2510730.534,0
635,softening-ubiquitous,1221,30.53647412,57.88647412,-0.006450008187,0.2529508003,-4699385.721,-2392672.843,2510730.534,0
635,softening-ubiquitous,1325,33.70661317,61.05661317,-0.01108078661,0.2631781862,-4699385.721,-2392672.843,2510730.534,0
636,softening-ubiquitous,1221,30.53647412,57.88647412,-0.006450008187,0.2529508003,-8979948.873,-4264292.514,-152179.4356,64
636,softening-ubiquitous,1325,33.70661317,61.05661317,-0.01108078661,0.2631781862,-8979948.873,-4264292.514,-152179.4356,64
636,softening-ubiquitous,1223,18.83183348,59.96769238,0.02352022548,0.2553309784,-8979948.873,-4264292.514,-152179.4356,64
636,softening-ubiquitous,1327,20.60078748,63.03161059,0.01608833888,0.2598074743,-8979948.873,-4264292.514,-152179.4356,64
637,softening-ubiquitous,1223,18.83183348,59.96769238,0.02352022548,0.2553309784,-11988687.85,-5386139.743,-1503491.745,0
637,softening-ubiquitous,1327,20.60078748,63.03161059,0.01608833888,0.2598074743,-11988687.85,-5386139.743,-1503491.745,0
637,softening-ubiquitous,1225,9.090444536,61.27600087,0.0292385933,0.236161205,-11988687.85,-5386139.743,-1503491.745,0
637,softening-ubiquitous,1329,9.893527116,64.27314586,0.02103719852,0.2382290594,-11988687.85,-5386139.743,-1503491.745,0
638,softening-ubiquitous,1225,9.090444536,61.27600087,0.0292385933,0.236161205,-11564320.07,-6091631.543,-1573150.189,0
638,softening-ubiquitous,1329,9.893527116,64.27314586,0.02103719852,0.2382290594,-11564320.07,-6091631.543,-1573150.189,0
638,softening-ubiquitous,1227,4.043793004,61.72224054,0.03182939809,0.2241309505,-11564320.07,-6091631.543,-1573150.189,0
638,softening-ubiquitous,1331,4.393718874,64.69661043,0.02364176607,0.2254290615,-11564320.07,-6091631.543,-1573150.189,0
639,softening-ubiquitous,1227,4.043793004,61.72224054,0.03182939809,0.2241309505,-11327338.06,-5683733.588,-1289476.384,0
639,softening-ubiquitous,1331,4.393718874,64.69661043,0.02364176607,0.2254290615,-11327338.06,-5683733.588,-1289476.384,0
639,softening-ubiquitous,1229,3.032844753,61.72224054,0.03257345056,0.2215276679,-11327338.06,-5683733.588,-1289476.384,0
639,softening-ubiquitous,1333,3.295289155,64.69661043,0.02437101202,0.222667804,-11327338.06,-5683733.588,-1289476.384,0
640,softening-ubiquitous,1229,3.032844753,61.72224054,0.03257345056,0.2215276679,-11266332.81,-5522887.295,-1240408.245,0
640,softening-ubiquitous,1333,3.295289155,64.69661043,0.02437101202,0.222667804,-11266332.81,-5522887.295,-1240408.245,0
640,softening-ubiquitous,1231,2.021896502,61.72224054,0.03331620284,0.2188813185,-11266332.81,-5522887.295,-1240408.245,0
640,softening-ubiquitous,1335,2.196859437,64.69661043,0.02510285064,0.2198590137,-11266332.81,-5522887.295,-1240408.245,0
641,softening-ubiquitous,1231,2.021896502,61.72224054,0.03331620284,0.2188813185,-11210514.35,-5352822.477,-1199720.418,0
641,softening-ubiquitous,1335,2.196859437,64.69661043,0.02510285064,0.2198590137,-11210514.35,-5352822.477,-1199720.418,0
641,softening-ubiquitous,1233,1.010948251,61.72224054,0.03406010362,0.2161953499,-11210514.35,-5352822.477,-1199720.418,0
641,softening-ubiquitous,1337,1.098429718,64.69661043,0.02583739399,0.2170078452,-11210514.35,-5352822.477,-1199720.418,0
642,softening-ubiquitous,1233,1.010948251,61.72224054,0.03406010362,0.2161953499,-11157295.25,-5173059.383,-1172425.344,0
642,softening-ubiquitous,1337,1.098429718,64.69661043,0.02583739399,0.2170078452,-11157295.25,-5173059.383,-1172425.344,0
642,softening-ubiquitous,1235,0,61.72224054,0.03480646728,0.2134753659,-11157295.25,-5173059.383,-1172425.344,0
642,softening-ubiquitous,1339,0,64.69661043,0.02657492778,0.2141197313,-11157295.25,-5173059.383,-1172425.344,0
643,softening-ubiquitous,1235,0,61.72224054,0.03480646728,0.2134753659,-11104562.04,-4988165.067,-1161757.772,0
643,softening-ubiquitous,1339,0,64.69661043,0.02657492778,0.2141197313,-11104562.04,-4988165.067,-1161757.772,0
643,softening-ubiquitous,1237,-1.010948251,61.72224054,0.0355561788,0.2107282202,-11104562.04,-4988165.067,-1161757.772,0
643,softening-ubiquitous,1341,-1.098429718,64.69661043,0.02731548119,0.2112002135,-11104562.04,-4988165.067,-1161757.772,0
644,softening-ubiquitous,1237,-1.010948251,61.72224054,0.0355561788,0.2107282202,-11047749.76,-4802704.147,-1167652.762,0
644,softening-ubiquitous,1341,-1.098429718,64.69661043,0.02731548119,0.2112002135,-11047749.76,-4802704.147,-1167652.762,0
644,softening-ubiquitous,1239,-2.021896502,61.72224054,0.03630847763,0.2079604556,-11047749.76,-4802704.147,-1167652.762,0
644,softening-ubiquitous,1343,-2.196859437,64.69661043,0.02805864657,0.2082554269,-11047749.76,-4802704.147,-1167652.762,0
645,softening-ubiquitous,1239,-2.021896502,61.72224054,0.03630847763,0.2079604556,-10984570.79,-4622333.141,-1188805.367,0
645,softening-ubiquitous,1343,-2.196859437,64.69661043,0.02805864657,0.2082554269,-10984570.79,-4622333.141,-1188805.367,0
645,softening-ubiquitous,1241,-3.032844753,61.72224054,0.0370621602,0.2051788627,-10984570.79,-4622333.141,-1188805.367,0
645,softening-ubiquitous,1345,-3.295289155,64.69661043,0.02880337578,0.2052902771,-10984570.79,-4622333.141,-1188805.367,0
646,softening-ubiquitous,1241,-3.032844753,61.72224054,0.0370621602,0.2051788627,-10913160.52,-4452030.848,-1222608.652,0
646,softening-ubiquitous,1345,-3.295289155,64.69661043,0.02880337578,0.2052902771,-10913160.52,-4452030.848,-1222608.652,0
646,softening-ubiquitous,1243,-4.043793004,61.72224054,0.03781503763,0.2023887418,-10913160.52,-4452030.848,-1222608.652,0
646,softening-ubiquitous,1347,-4.393718874,64.69661043,0.02954836013,0.2023099649,-10913160.52,-4452030.848,-1222608.652,0
647,softening-ubiquitous,1243,-4.043793004,61.72224054,0.03781503763,0.2023887418,-10652393.78,-4047031.936,-1378926.114,0
647,softening-ubiquitous,1347,-4.393718874,64.69661043,0.02954836013,0.2023099649,-10652393.78,-4047031.936,-1378926.114,0
647,softening-ubiquitous,1245,-9.090444536,61.27600087,0.04282062871,0.1882825294,-10652393.78,-4047031.936,-1378926.114,0
647,softening-ubiquitous,1349,-9.893527116,64.27314586,0.03444170765,0.1871391341,-10652393.78,-4047031.936,-1378926.114,0
648,softening-ubiquitous,1245,-9.090444536,61.27600087,0.04282062871,0.1882825294,-9867279.408,-3374494.608,-1794700.589,0
648,softening-ubiquitous,1349,-9.893527116,64.27314586,0.03444170765,0.1871391341,-9867279.408,-3374494.608,-1794700.589,0
648,softening-ubiquitous,1247,-18.83183348,59.96769238,0.05320811074,0.1611997223,-9867279.408,-3374494.608,-1794700.589,0
648,softening-ubiquitous,1351,-20.60078748,63.03161059,0.04472880679,0.1575958811,-9867279.408,-3374494.608,-1794700.589,0
649,softening-ubiquitous,1247,-18.83183348,59.96769238,0.05320811074,0.1611997223,-8762755.253,-2899079.638,-2335672.23,0
649,softening-ubiquitous,1351,-20.60078748,63.03161059,0.04472880679,0.1575958811,-8762755.253,-2899079.638,-2335672.23,0
649,softening-ubiquitous,1249,-30.53647412,57.88647412,0.06599647208,0.1296365623,-8762755.253,-2899079.638,-2335672.23,0
649,softening-ubiquitous,1353,-33.70661317,61.05661317,0.05739490728,0.1226417537,-8762755.253,-2899079.638,-2335672.23,0
650,softening-ubiquitous,1249,-30.53647412,57.88647412,0.06599647208,0.1296365623,-8006596.306,-2804840.427,-2885433.219,0
650,softening-ubiquitous,1353,-33.70661317,61.05661317,0.05739490728,0.1226417537,-8006596.306,-2804840.427,-2885433.219,0
650,softening-ubiquitous,1251,-33.7677017,50.48500196,0.09165301578,0.1188170884,-8006596.306,-2804840.427,-2885433.219,0
650,softening-ubiquitous,1355,-37.14805392,52.80095631,0.08522668492,0.1112765327,-8006596.306,-2804840.427,-2885433.219,0
651,softening-ubiquitous,1251,-33.7677017,50.48500196,0.09165301578,0.1188170884,-7453592.528,-2753748.26,-3360578.686,0
651,softening-ubiquitous,1355,-37.14805392,52.80095631,0.08522668492,0.1112765327,-7453592.528,-2753748.26,-3360578.686,0
651,softening-ubiquitous,1253,-34.30554391,47.15631501,0.1031037662,0.1163781497,-7453592.528,-2753748.26,-3360578.686,0
651,softening-ubiquitous,1357,-37.65844584,49.09211384,0.09766343179,0.1088758121,-7453592.528,-2753748.26,-3360578.686,0
652,softening-ubiquitous,1253,-34.30554391,47.15631501,0.1031037662,0.1163781497,-6480294.976,-2787481.514,-3750797.732,0
652,softening-ubiquitous,1357,-37.65844584,49.09211384,0.09766343179,0.1088758121,-6480294.976,-2787481.514,-3750797.732,0
652,softening-ubiquitous,1255,-35.6138524,36.89270299,0.1387094366,0.1104195623,-6480294.976,-2787481.514,-3750797.732,0
652,softening-ubiquitous,1359,-38.89998111,37.77321852,0.1360249121,0.1030482453,-6480294.976,-2787481.514,-3750797.732,0
653,softening-ubiquitous,1255,-35.6138524,36.89270299,0.1387094366,0.1104195623,-5096159.768,-2851276.259,-3906925.321,0
653,softening-ubiquitous,1359,-38.89998111,37.77321852,0.1360249121,0.1030482453,-5096159.768,-2851276.259,-3906925.321,0
653,softening-ubiquitous,1257,-35.94828386,32.07773733,0.1551878076,0.1087137278,-5096159.768,-2851276.259,-3906925.321,0
653,softening-ubiquitous,1361,-39.21734393,32.50766766,0.1536661548,0.1013979532,-5096159.768,-2851276.259,-3906925.321,0
654,softening-ubiquitous,1257,-35.94828386,32.07773733,0.1551878076,0.1087137278,-4142039.946,-2855287.494,-3748877.843,0
654,softening-ubiquitous,1361,-39.21734393,32.50766766,0.1536661548,0.1013979532,-4142039.946,-2855287.494,-3748877.843,0
654,softening-ubiquitous,1259,-36.06009206,27.35,0.1708999045,0.1077763654,-4142039.946,-2855287.494,-3748877.843,0
654,softening-ubiquitous,1363,-39.32344568,27.35,0.170417503,0.1005211952,-4142039.946,-2855287.494,-3748877.843,0
655,softening-ubiquitous,1259,-36.06009206,27.35,0.1708999045,0.1077763654,-2553786.81,-2811105.353,-3191666.775,0
655,softening-ubiquitous,1363,-39.32344568,27.35,0.170417503,0.1005211952,-2553786.81,-2811105.353,-3191666.775,0
655,softening-ubiquitous,1261,-36.06009206,16.37288374,0.2041962536,0.1069266118,-2553786.81,-2811105.353,-3191666.775,0
655,softening-ubiquitous,1365,-39.32344568,15.37948051,0.2057164375,0.1001077156,-2553786.81,-2811105.353,-3191666.775,0
656,softening-ubiquitous,1261,-36.06009206,16.37288374,0.2041962536,0.1069266118,-531177.5438,-2185164.212,-1372112.618,0
656,softening-ubiquitous,1365,-39.32344568,15.37948051,0.2057164375,0.1001077156,-531177.5438,-2185164.212,-1372112.618,0
656,softening-ubiquitous,1263,-36.06009206,0.6938142999,0.2373410632,0.1057724789,-531177.5438,-2185164.212,-1372112.618,0
656,softening-ubiquitous,1367,-39.32344568,-1.718507882,0.2393153184,0.1003160785,-531177.5438,-2185164.212,-1372112.618,0
657,softening-ubiquitous,1263,-36.06009206,0.6938142999,0.2373410632,0.1057724789,-1188711.807,-982263.2638,789038.2489,80
657,softening-ubiquitous,1367,-39.32344568,-1.718507882,0.2393153184,0.1003160785,-1188711.807,-982263.2638,789038.2489,80
657,softening-ubiquitous,1265,-36.06009206,-14.98525514,0.2610506506,0.1125448276,-1188711.807,-982263.2638,789038.2489,80
657,softening-ubiquitous,1369,-39.32344568,-18.81649627,0.2605179425,0.1070100506,-1188711.807,-982263.2638,789038.2489,80
658,softening-ubiquitous,1265,-36.06009206,-14.98525514,0.2610506506,0.1125448276,-2974583.938,-2681510.675,2425492.849,208
658,softening-ubiquitous,1369,-39.32344568,-18.81649627,0.2605179425,0.1070100506,-2974583.938,-2681510.675,2425492.849,208
658,softening-ubiquitous,1267,-34.12851603,-27.55675961,0.2371460819,0.08720645437,-2974583.938,-2681510.675,2425492.849,208
658,softening-ubiquitous,1371,-37.06115688,-32.27486122,0.2326166817,0.07748011191,-2974583.938,-2681510.675,2425492.849,208
659,softening-ubiquitous,1267,-34.12851603,-27.55675961,0.2371460819,0.08720645437,-3852141.039,-3390190.001,2986565.496,208
659,softening-ubiquitous,1371,-37.06115688,-32.27486122,0.2326166817,0.07748011191,-3852141.039,-3390190.001,2986565.496,208
659,softening-ubiquitous,1269,-29.6536467,-33.25100643,0.207172235,0.06250383076,-3852141.039,-3390190.001,2986565.496,208
659,softening-ubiquitous,1373,-31.82012752,-37.67848609,0.1962646386,0.04751822083,-3852141.039,-3390190.001,2986565.496,208
660,softening-ubiquitous,1269,-29.6536467,-33.25100643,0.207172235,0.06250383076,-3744823.393,-3390478.828,3080874.264,240
660,softening-ubiquitous,1373,-31.82012752,-37.67848609,0.1962646386,0.04751822083,-3744823.393,-3390478.828,3080874.264,240
660,softening-ubiquitous,1271,-26.74887592,-38.94525325,0.1650067289,0.0237804709,-3744823.393,-3390478.828,3080874.264,240
660,softening-ubiquitous,1375,-28.41801945,-43.08211095,0.1496951883,0.003987721734,-3744823.393,-3390478.828,3080874.264,240
661,softening-ubiquitous,1271,-26.74887592,-38.94525325,0.1650067289,0.0237804709,-3398078.877,-3315811.458,3243931.214,208
661,softening-ubiquitous,1375,-28.41801945,-43.08211095,0.1496951883,0.003987721734,-3398078.877,-3315811.458,3243931.214,208
661,softening-ubiquitous,1273,-24.71118629,-44.63950007,0.1165797311,-0.02320669087,-3398078.877,-3315811.458,3243931.214,208
661,softening-ubiquitous,1377,-26.03144894,-48.48573582,0.1006781266,-0.04439183315,-3398078.877,-3315811.458,3243931.214,208
662,softening-ubiquitous,1273,-24.71118629,-44.63950007,0.1165797311,-0.02320669087,-3367216.658,-3196190.558,3046758.43,240
662,softening-ubiquitous,1377,-26.03144894,-48.48573582,0.1006781266,-0.04439183315,-3367216.658,-3196190.558,3046758.43,240
662,softening-ubiquitous,1275,-23.20275895,-50.33374689,0.07260338464,-0.06825678259,-3367216.658,-3196190.558,3046758.43,240
662,softening-ubiquitous,1379,-24.2647578,-53.88936069,0.05918188906,-0.08739216157,-3367216.658,-3196190.558,3046758.43,240
663,softening-ubiquitous,1275,-23.20275895,-50.33374689,0.07260338464,-0.06825678259,-3700077.418,-3135713.45,2642606.801,208
663,softening-ubiquitous,1379,-24.2647578,-53.88936069,0.05918188906,-0.08739216157,-3700077.418,-3135713.45,2642606.801,208
663,softening-ubiquitous,1277,-22.04109203,-56.02799371,0.03650792628,-0.1075940665,-3700077.418,-3135713.45,2642606.801,208
663,softening-ubiquitous,1381,-22.9041973,-59.29298556,0.02614035871,-0.1233979486,-3700077.418,-3135713.45,2642606.801,208
664,softening-ubiquitous,1277,-22.04109203,-56.02799371,0.03650792628,-0.1075940665,-6192361.772,-3622361.059,1376851.947,80
664,softening-ubiquitous,1381,-22.9041973,-59.29298556,0.02614035871,-0.1233979486,-6192361.772,-3622361.059,1376851.947,80
664,softening-ubiquitous,1175,-21.11894127,-61.72224054,0.008121053269,-0.1407030067,-6192361.772,-3622361.059,1376851.947,80
664,softening-ubiquitous,1279,-21.82416147,-64.69661043,0.001933107868,-0.1522013965,-6192361.772,-3622361.059,1376851.947,80
665,softening-ubiquitous,1279,-21.82416147,-64.69661043,0.001933107868,-0.1522013965,-14106249.1,-4991918.308,-2971617.514,80
665,softening-ubiquitous,1383,-22.56558556,-67.82367555,-0.00167685438,-0.1618343656,-14106249.1,-4991918.308,-2971617.514,80
665,softening-ubiquitous,1281,-16.3681211,-64.69661043,-0.01878492376,-0.1641904318,-14106249.1,-4991918.308,-2971617.514,80
665,softening-ubiquitous,1385,-16.92418917,-67.82367555,-0.0165038425,-0.1680127266,-14106249.1,-4991918.308,-2971617.514,80
666,softening-ubiquitous,1281,-16.3681211,-64.69661043,-0.01878492376,-0.1641904318,-16082273.83,-5536812.858,-3640085.808,80
666,softening-ubiquitous,1385,-16.92418917,-67.82367555,-0.0165038425,-0.1680127266,-16082273.83,-5536812.858,-3640085.808,80
666,softening-ubiquitous,1283,-10.91208073,-64.69661043,-0.02986258292,-0.1653701572,-16082273.83,-5536812.858,-3640085.808,80
666,softening-ubiquitous,1387,-11.28279278,-67.82367555,-0.0240540899,-0.1664085059,-16082273.83,-5536812.858,-3640085.808,80
667,softening-ubiquitous,1283,-10.91208073,-64.69661043,-0.02986258292,-0.1653701572,-15582382.38,-6605457.251,-4158987.317,0
667,softening-ubiquitous,1387,-11.28279278,-67.82367555,-0.0240540899,-0.1664085059,-15582382.38,-6605457.251,-4158987.317,0
667,softening-ubiquitous,1285,-5.456040367,-64.69661043,-0.03672471723,-0.1620740479,-15582382.38,-6605457.251,-4158987.317,0
667,softening-ubiquitous,1389,-5.641396389,-67.82367555,-0.03057491744,-0.1629673025,-15582382.38,-6605457.251,-4158987.317,0
668,softening-ubiquitous,1285,-5.456040367,-64.69661043,-0.03672471723,-0.1620740479,-15143886.04,-6365143.316,-3644066.314,0
668,softening-ubiquitous,1389,-5.641396389,-67.82367555,-0.03057491744,-0.1629673025,-15143886.04,-6365143.316,-3644066.314,0
668,softening-ubiquitous,1287,0,-64.69661043,-0.04344364806,-0.1564357646,-15143886.04,-6365143.316,-3644066.314,0
668,softening-ubiquitous,1391,0,-67.82367555,-0.03674472425,-0.1573742282,-15143886.04,-6365143.316,-3644066.314,0
669,softening-ubiquitous,1287,0,-64.69661043,-0.04344364806,-0.1564357646,-14405611.06,-5595445.516,-3545003.283,0
669,softening-ubiquitous,1391,0,-67.82367555,-0.03674472425,-0.1573742282,-14405611.06,-5595445.516,-3545003.283,0
669,softening-ubiquitous,1289,5.456040367,-64.69661043,-0.04983750767,-0.1493450692,-14405611.06,-5595445.516,-3545003.283,0
669,softening-ubiquitous,1393,5.641396389,-67.82367555,-0.04262416052,-0.1501954079,-14405611.06,-5595445.516,-3545003.283,0
670,softening-ubiquitous,1289,5.456040367,-64.69661043,-0.04983750767,-0.1493450692,-13321784.82,-5192159.953,-3754918.107,0
670,softening-ubiquitous,1393,5.641396389,-67.82367555,-0.04262416052,-0.1501954079,-13321784.82,-5192159.953,-3754918.107,0
670,softening-ubiquitous,1291,10.91208073,-64.69661043,-0.05548453029,-0.1418063718,-13321784.82,-5192159.953,-3754918.107,0
670,softening-ubiquitous,1395,11.28279278,-67.82367555,-0.0479158137,-0.1421710967,-13321784.82,-5192159.953,-3754918.107,0
671,softening-ubiquitous,1291,10.91208073,-64.69661043,-0.05548453029,-0.1418063718,-12041727.86,-5303906.756,-3699514.226,0
671,softening-ubiquitous,1395,11.28279278,-67.82367555,-0.0479158137,-0.1421710967,-12041727.86,-5303906.756,-3699514.226,0
671,softening-ubiquitous,1293,16.3681211,-64.69661043,-0.06005132422,-0.1336449721,-12041727.86,-5303906.756,-3699514.226,0
671,softening-ubiquitous,1397,16.92418917,-67.82367555,-0.05236278063,-0.1333364798,-12041727.86,-5303906.756,-3699514.226,0
672,softening-ubiquitous,1293,16.3681211,-64.69661043,-0.06005132422,-0.1336449721,-10969099.16,-5438237.546,-3277108.228,0
672,softening-ubiquitous,1397,16.92418917,-67.82367555,-0.05236278063,-0.1333364798,-10969099.16,-5438237.546,-3277108.228,0
672,softening-ubiquitous,1295,21.82416147,-64.69661043,-0.06373779929,-0.124388628,-10969099.16,-5438237.546,-3277108.228,0
672,softening-ubiquitous,1399,22.56558556,-67.82367555,-0.05605293851,-0.1234682863,-10969099.16,-5438237.546,-3277108.228,0
673,softening-ubiquitous,1295,21.82416147,-64.69661043,-0.06373779929,-0.124388628,-10857512.82,-5917808.061,-3392053.54,0
673,softening-ubiquitous,1399,22.56558556,-67.82367555,-0.05605293851,-0.1234682863,-10857512.82,-5917808.061,-3392053.54,0
673,softening-ubiquitous,1297,22.9041973,-59.29298556,-0.07968567126,-0.1220608405,-10857512.82,-5917808.061,-3392053.54,0
673,softening-ubiquitous,1401,23.8116118,-62.7255923,-0.07039044769,-0.1205686819,-10857512.82,-5917808.061,-3392053.54,0
674,softening-ubiquitous,1297,22.9041973,-59.29298556,-0.07968567126,-0.1220608405,-11083139.07,-6521766.167,-3888810.302,0
674,softening-ubiquitous,1401,23.8116118,-62.7255923,-0.07039044769,-0.1205686819,-11083139.07,-6521766.167,-3888810.302,0
674,softening-ubiquitous,1299,24.2647578,-53.88936069,-0.09761399971,-0.119460502,-11083139.07,-6521766.167,-3888810.302,0
674,softening-ubiquitous,1403,25.38127649,-57.62750904,-0.08630379509,-0.1171861027,-11083139.07,-6521766.167,-3888810.302,0
675,softening-ubiquitous,1299,24.2647578,-53.88936069,-0.09761399971,-0.119460502,-10892017.74,-6800728.918,-4347191.118,0
675,softening-ubiquitous,1403,25.38127649,-57.62750904,-0.08630379509,-0.1171861027,-10892017.74,-6800728.918,-4347191.118,0
675,softening-ubiquitous,1301,26.03144894,-48.48573582,-0.1178001876,-0.1159919216,-10892017.74,-6800728.918,-4347191.118,0
675,softening-ubiquitous,1405,27.41948992,-52.52942579,-0.1040786127,-0.1127483329,-10892017.74,-6800728.918,-4347191.118,0
676,softening-ubiquitous,1301,26.03144894,-48.48573582,-0.1178001876,-0.1159919216,-9871606.746,-6709954.436,-4785052.114,0
676,softening-ubiquitous,1405,27.41948992,-52.52942579,-0.1040786127,-0.1127483329,-9871606.746,-6709954.436,-4785052.114,0
676,softening-ubiquitous,1303,28.41801945,-43.08211095,-0.1396929671,-0.1110629885,-9871606.746,-6709954.436,-4785052.114,0
676,softening-ubiquitous,1407,30.17285181,-47.43134253,-0.1236012198,-0.1065615181,-9871606.746,-6709954.436,-4785052.114,0
677,softening-ubiquitous,1303,28.41801945,-43.08211095,-0.1396929671,-0.1110629885,-8200604.078,-6459952.524,-4975488.706,0
677,softening-ubiquitous,1407,30.17285181,-47.43134253,-0.1236012198,-0.1065615181,-8200604.078,-6459952.524,-4975488.706,0
677,softening-ubiquitous,1305,31.82012752,-37.67848609,-0.1617655306,-0.1038292963,-8200604.078,-6459952.524,-4975488.706,0
677,softening-ubiquitous,1409,34.09782896,-42.33325928,-0.1439998442,-0.09767733569,-8200604.078,-6459952.524,-4975488.706,0
678,softening-ubiquitous,1305,31.82012752,-37.67848609,-0.1617655306,-0.1038292963,-6629344.645,-6219146.738,-4689985.541,0
678,softening-ubiquitous,1409,34.09782896,-42.33325928,-0.1439998442,-0.09767733569,-6629344.645,-6219146.738,-4689985.541,0
678,softening-ubiquitous,1307,37.06115688,-32.27486122,-0.1822099283,-0.09233823825,-6629344.645,-6219146.738,-4689985.541,0
678,softening-ubiquitous,1411,40.14435073,-37.23517602,-0.1639014973,-0.08401834448,-6629344.645,-6219146.738,-4689985.541,0
679,softening-ubiquitous,1307,37.06115688,-32.27486122,-0.1822099283,-0.09233823825,-4314171.925,-6007071.512,-3924757.807,0
679,softening-ubiquitous,1411,40.14435073,-37.23517602,-0.1639014973,-0.08401834448,-4314171.925,-6007071.512,-3924757.807,0
679,softening-ubiquitous,1309,39.32344568,-18.81649627,-0.2292237321,-0.09096406806,-4314171.925,-6007071.512,-3924757.807,0
679,softening-ubiquitous,1413,42.75433008,-22.84442184,-0.21420975,-0.08107184873,-4314171.925,-6007071.512,-3924757.807,0
680,softening-ubiquitous,1309,39.32344568,-18.81649627,-0.2292237321,-0.09096406806,-993701.7296,-5157737.866,-3300673.528,0
680,softening-ubiquitous,1413,42.75433008,-22.84442184,-0.21420975,-0.08107184873,-993701.7296,-5157737.866,-3300673.528,0
680,softening-ubiquitous,1311,39.32344568,-1.718507882,-0.2862824939,-0.09648908449,-993701.7296,-5157737.866,-3300673.528,0
680,softening-ubiquitous,1415,42.75433008,-4.254671452,-0.2752773087,-0.08751533091,-993701.7296,-5157737.866,-3300673.528,0
681,softening-ubiquitous,1311,39.32344568,-1.718507882,-0.2862824939,-0.09648908449,-2555660.591,-5782487.226,-193123.1797,64
681,softening-ubiquitous,1415,42.75433008,-4.254671452,-0.2752773087,-0.08751533091,-2555660.591,-5782487.226,-193123.1797,64
681,softening-ubiquitous,1313,39.32344568,15.37948051,-0.3206740072,-0.1149544674,-2555660.591,-5782487.226,-193123.1797,64
681,softening-ubiquitous,1417,42.75433008,14.33507893,-0.3165288988,-0.104060242,-2555660.591,-5782487.226,-193123.1797,64
682,softening-ubiquitous,1313,39.32344568,15.37948051,-0.3206740072,-0.1149544674,-2996896.211,-5613197.502,1644465.868,0
682,softening-ubiquitous,1417,42.75433008,14.33507893,-0.3165288988,-0.104060242,-2996896.211,-5613197.502,1644465.868,0
682,softening-ubiquitous,1315,39.32344568,27.35,-0.3464651812,-0.1185774759,-2996896.211,-5613197.502,1644465.868,0
682,softening-ubiquitous,1419,42.75433008,27.35,-0.3456541476,-0.1076306044,-2996896.211,-5613197.502,1644465.868,0
683,softening-ubiquitous,1315,39.32344568,27.35,-0.3464651812,-0.1185774759,-3628067.571,-4368003.952,2236760.401,0
683,softening-ubiquitous,1419,42.75433008,27.35,-0.3456541476,-0.1076306044,-3628067.571,-4368003.952,2236760.401,0
683,softening-ubiquitous,1317,39.21734393,32.50766766,-0.356854282,-0.1193045568,-3628067.571,-4368003.952,2236760.401,0
683,softening-ubiquitous,1421,42.65422773,32.95966931,-0.3569341618,-0.1085391907,-3628067.571,-4368003.952,2236760.401,0
684,softening-ubiquitous,1317,39.21734393,32.50766766,-0.356854282,-0.1193045568,-3520082.694,-3709890.988,2365578.262,0
684,softening-ubiquitous,1421,42.65422773,32.95966931,-0.3569341618,-0.1085391907,-3520082.694,-3709890.988,2365578.262,0
684,softening-ubiquitous,1319,38.89998111,37.77321852,-0.366940081,-0.1202900852,-3520082.694,-3709890.988,2365578.262,0
684,softening-ubiquitous,1423,42.35480982,38.69893709,-0.3679908646,-0.1095956132,-3520082.694,-3709890.988,2365578.262,0
685,softening-ubiquitous,1319,38.89998111,37.77321852,-0.366940081,-0.1202900852,-2997981.041,-3039366.284,2669599.327,0
685,softening-ubiquitous,1423,42.35480982,38.69893709,-0.3679908646,-0.1095956132,-2997981.041,-3039366.284,2669599.327,0
685,softening-ubiquitous,1321,37.65844584,49.09211384,-0.3874141514,-0.1235282872,-2997981.041,-3039366.284,2669599.327,0
685,softening-ubiquitous,1425,41.1834757,51.12729078,-0.3898169599,-0.1126151741,-2997981.041,-3039366.284,2669599.327,0
686,softening-ubiquitous,1321,37.65844584,49.09211384,-0.3874141514,-0.1235282872,-2744068.994,-2744068.994,2751376.815,240
686,softening-ubiquitous,1425,41.1834757,51.12729078,-0.3898169599,-0.1126151741,-2744068.994,-2744068.994,2751376.815,240
686,softening-ubiquitous,1323,37.14805392,52.80095631,0.001518378375,0.270564203,-2744068.994,-2744068.994,2751376.815,240
686,softening-ubiquitous,1427,40.7019433,55.2358048,-0.002875689654,0.2799844156,-2744068.994,-2744068.994,2751376.815,240
687,softening-ubiquitous,1323,37.14805392,52.80095631,0.001518378375,0.270564203,-5442822.733,-2490269.96,2028757.681,0
687,softening-ubiquitous,1427,40.7019433,55.2358048,-0.002875689654,0.2799844156,-5442822.733,-2490269.96,2028757.681,0
687,softening-ubiquitous,1325,33.70661317,61.05661317,-0.01108078661,0.2631781862,-5442822.733,-2490269.96,2028757.681,0
687,softening-ubiquitous,1429,37.03949766,64.38949766,-0.01618757679,0.2731943601,-5442822.733,-2490269.96,2028757.681,0
688,softening-ubiquitous,1325,33.70661317,61.05661317,-0.01108078661,0.2631781862,-9311977.225,-4212329.599,-473526.1969,64
688,softening-ubiquitous,1429,37.03949766,64.38949766,-0.01618757679,0.2731943601,-9311977.225,-4212329.599,-473526.1969,64
688,softening-ubiquitous,1327,20.60078748,63.03161059,0.01608833888,0.2598074743,-9311977.225,-4212329.599,-473526.1969,64
688,softening-ubiquitous,1431,22.46055427,66.25282117,0.007825439474,0.2640656818,-9311977.225,-4212329.599,-473526.1969,64
689,softening-ubiquitous,1327,20.60078748,63.03161059,0.01608833888,0.2598074743,-11205401.56,-5607253.294,-1677437.237,0
689,softening-ubiquitous,1431,22.46055427,66.25282117,0.007825439474,0.2640656818,-11205401.56,-5607253.294,-1677437.237,0
689,softening-ubiquitous,1329,9.893527116,64.27314586,0.02103719852,0.2382290594,-11205401.56,-5607253.294,-1677437.237,0
689,softening-ubiquitous,1433,10.73783755,67.42415529,0.01269089706,0.2404313763,-11205401.56,-5607253.294,-1677437.237,0
690,softening-ubiquitous,1329,9.893527116,64.27314586,0.02103719852,0.2382290594,-10940777.5,-5810331.256,-1469853.484,0
690,softening-ubiquitous,1433,10.73783755,67.42415529,0.01269089706,0.2404313763,-10940777.5,-5810331.256,-1469853.484,0
690,softening-ubiquitous,1331,4.393718874,64.69661043,0.02364176607,0.2254290615,-10940777.5,-5810331.256,-1469853.484,0
690,softening-ubiquitous,1435,4.761608888,67.82367555,0.01536690351,0.2267313865,-10940777.5,-5810331.256,-1469853.484,0
691,softening-ubiquitous,1331,4.393718874,64.69661043,0.02364176607,0.2254290615,-10766435,-5559685.042,-1176128.001,0
691,softening-ubiquitous,1435,4.761608888,67.82367555,0.01536690351,0.2267313865,-10766435,-5559685.042,-1176128.001,0
691,softening-ubiquitous,1333,3.295289155,64.69661043,0.02437101202,0.222667804,-10766435,-5559685.042,-1176128.001,0
691,softening-ubiquitous,1437,3.571206666,67.82367555,0.0160835238,0.2238052378,-10766435,-5559685.042,-1176128.001,0
692,softening-ubiquitous,1333,3.295289155,64.69661043,0.02437101202,0.222667804,-10727075.96,-5420530.965,-1117061.967,0
692,softening-ubiquitous,1437,3.571206666,67.82367555,0.0160835238,0.2238052378,-10727075.96,-5420530.965,-1117061.967,0
692,softening-ubiquitous,1335,2.196859437,64.69661043,0.02510285064,0.2198590137,-10727075.96,-5420530.965,-1117061.967,0
692,softening-ubiquitous,1439,2.380804444,67.82367555,0.01680271022,0.220825347,-10727075.96,-5420530.965,-1117061.967,0
693,softening-ubiquitous,1335,2.196859437,64.69661043,0.02510285064,0.2198590137,-10685629.68,-5272960.194,-1071473.592,0
693,softening-ubiquitous,1439,2.380804444,67.82367555,0.01680271022,0.220825347,-10685629.68,-5272960.194,-1071473.592,0
693,softening-ubiquitous,1337,1.098429718,64.69661043,0.02583739399,0.2170078452,-10685629.68,-5272960.194,-1071473.592,0
693,softening-ubiquitous,1441,1.190402222,67.82367555,0.01752497584,0.2177978656,-10685629.68,-5272960.194,-1071473.592,0
694,softening-ubiquitous,1337,1.098429718,64.69661043,0.02583739399,0.2170078452,-10643788.78,-5118915.149,-1039629.126,0
694,softening-ubiquitous,1441,1.190402222,67.82367555,0.01752497584,0.2177978656,-10643788.78,-5118915.149,-1039629.126,0
694,softening-ubiquitous,1339,0,64.69661043,0.02657492778,0.2141197313,-10643788.78,-5118915.149,-1039629.126,0
694,softening-ubiquitous,1443,0,67.82367555,0.01825041924,0.2147287783,-10643788.78,-5118915.149,-1039629.126,0
695,softening-ubiquitous,1339,0,64.69661043,0.02657492778,0.2141197313,-10599833.52,-4960432.23,-1021366.729,0
695,softening-ubiquitous,1443,0,67.82367555,0.01825041924,0.2147287783,-10599833.52,-4960432.23,-1021366.729,0
695,softening-ubiquitous,1341,-1.098429718,64.69661043,0.02731548119,0.2112002135,-10599833.52,-4960432.23,-1021366.729,0
695,softening-ubiquitous,1445,-1.190402222,67.82367555,0.01897915825,0.2116237542,-10599833.52,-4960432.23,-1021366.729,0
696,softening-ubiquitous,1341,-1.098429718,64.69661043,0.02731548119,0.2112002135,-10553103.23,-4801219.665,-1016791.147,0
696,softening-ubiquitous,1445,-1.190402222,67.82367555,0.01897915825,0.2116237542,-10553103.23,-4801219.665,-1016791.147,0
696,softening-ubiquitous,1343,-2.196859437,64.69661043,0.02805864657,0.2082554269,-10553103.23,-4801219.665,-1016791.147,0
696,softening-ubiquitous,1447,-2.380804444,67.82367555,0.01971078545,0.2084883002,-10553103.23,-4801219.665,-1016791.147,0
697,softening-ubiquitous,1343,-2.196859437,64.69661043,0.02805864657,0.2082554269,-10501056.55,-4643852.199,-1024193.094,0
697,softening-ubiquitous,1447,-2.380804444,67.82367555,0.01971078545,0.2084883002,-10501056.55,-4643852.199,-1024193.094,0
697,softening-ubiquitous,1345,-3.295289155,64.69661043,0.02880337578,0.2052902771,-10501056.55,-4643852.199,-1024193.094,0
697,softening-ubiquitous,1449,-3.571206666,67.82367555,0.02044449071,0.2053274331,-10501056.55,-4643852.199,-1024193.094,0
698,softening-ubiquitous,1345,-3.295289155,64.69661043,0.02880337578,0.2052902771,-10443654.77,-4491327.718,-1042981.968,0
698,softening-ubiquitous,1449,-3.571206666,67.82367555,0.02044449071,0.2053274331,-10443654.77,-4491327.718,-1042981.968,0
698,softening-ubiquitous,1347,-4.393718874,64.69661043,0.02954836013,0.2023099649,-10443654.77,-4491327.718,-1042981.968,0
698,softening-ubiquitous,1451,-4.761608888,67.82367555,0.02117938157,0.2021461955,-10443654.77,-4491327.718,-1042981.968,0
699,softening-ubiquitous,1347,-4.393718874,64.69661043,0.02954836013,0.2023099649,-10238815.11,-4104718.982,-1154931.641,0
699,softening-ubiquitous,1451,-4.761608888,67.82367555,0.02117938157,0.2021461955,-10238815.11,-4104718.982,-1154931.641,0
699,softening-ubiquitous,1349,-9.893527116,64.27314586,0.03444170765,0.1871391341,-10238815.11,-4104718.982,-1154931.641,0
699,softening-ubiquitous,1453,-10.73783755,67.42415529,0.025947902,0.1858682679,-10238815.11,-4104718.982,-1154931.641,0
700,softening-ubiquitous,1349,-9.893527116,64.27314586,0.03444170765,0.1871391341,-9592304.006,-3414501.063,-1547165.809,0
700,softening-ubiquitous,1453,-10.73783755,67.42415529,0.025947902,0.1858682679,-9592304.006,-3414501.063,-1547165.809,0
700,softening-ubiquitous,1351,-20.60078748,63.03161059,0.04472880679,0.1575958811,-9592304.006,-3414501.063,-1547165.809,0
700,softening-ubiquitous,1455,-22.46055427,66.25282117,0.03606085657,0.1537843275,-9592304.006,-3414501.063,-1547165.809,0
701,softening-ubiquitous,1351,-20.60078748,63.03161059,0.04472880679,0.1575958811,-8565191.512,-2984458.341,-2152469.334,0
701,softening-ubiquitous,1455,-22.46055427,66.25282117,0.03606085657,0.1537843275,-8565191.512,-2984458.341,-2152469.334,0
701,softening-ubiquitous,1353,-33.70661317,61.05661317,0.05739490728,0.1226417537,-8565191.512,-2984458.341,-2152469.334,0
701,softening-ubiquitous,1457,-37.03949766,64.38949766,0.04848044707,0.1152400125,-8565191.512,-2984458.341,-2152469.334,0
702,softening-ubiquitous,1353,-33.70661317,61.05661317,0.05739490728,0.1226417537,-7877408.265,-2970478.444,-2750829.45,0
702,softening-ubiquitous,1457,-37.03949766,64.38949766,0.04848044707,0.1152400125,-7877408.265,-2970478.444,-2750829.45,0
702,softening-ubiquitous,1355,-37.14805392,52.80095631,0.08522668492,0.1112765327,-7877408.265,-2970478.444,-2750829.45,0
702,softening-ubiquitous,1459,-40.7019433,55.2358048,0.07857348356,0.1033786373,-7877408.265,-2970478.444,-2750829.45,0
703,softening-ubiquitous,1355,-37.14805392,52.80095631,0.08522668492,0.1112765327,-7404828.843,-2931420.273,-3250775.929,0
703,softening-ubiquitous,1459,-40.7019433,55.2358048,0.07857348356,0.1033786373,-7404828.843,-2931420.273,-3250775.929,0
703,softening-ubiquitous,1357,-37.65844584,49.09211384,0.09766343179,0.1088758121,-7404828.843,-2931420.273,-3250775.929,0
703,softening-ubiquitous,1461,-41.1834757,51.12729078,0.09204378946,0.101056003,-7404828.843,-2931420.273,-3250775.929,0
704,softening-ubiquitous,1357,-37.65844584,49.09211384,0.09766343179,0.1088758121,-6528896.079,-2977872.083,-3679797.433,0
704,softening-ubiquitous,1461,-41.1834757,51.12729078,0.09204378946,0.101056003,-6528896.079,-2977872.083,-3679797.433,0
704,softening-ubiquitous,1359,-38.89998111,37.77321852,0.1360249121,0.1030482453,-6528896.079,-2977872.083,-3679797.433,0
704,softening-ubiquitous,1463,-42.35480982,38.69893709,0.1332862703,0.09547791755,-6528896.079,-2977872.083,-3679797.433,0
705,softening-ubiquitous,1359,-38.89998111,37.77321852,0.1360249121,0.1030482453,-5241644.106,-3067390.854,-3894391.431,0
705,softening-ubiquitous,1463,-42.35480982,38.69893709,0.1332862703,0.09547791755,-5241644.106,-3067390.854,-3894391.431,0
705,softening-ubiquitous,1361,-39.21734393,32.50766766,0.1536661548,0.1013979532,-5241644.106,-3067390.854,-3894391.431,0
705,softening-ubiquitous,1465,-42.65422773,32.95966931,0.1521300296,0.09394583261,-5241644.106,-3067390.854,-3894391.431,0
706,softening-ubiquitous,1361,-39.21734393,32.50766766,0.1536661548,0.1013979532,-4343867.505,-3114663.563,-3765307.718,0
706,softening-ubiquitous,1465,-42.65422773,32.95966931,0.1521300296,0.09394583261,-4343867.505,-3114663.563,-3765307.718,0
706,softening-ubiquitous,1363,-39.32344568,27.35,0.170417503,0.1005211952,-4343867.505,-3114663.563,-3765307.718,0
706,softening-ubiquitous,1467,-42.75433008,27.35,0.1699655493,0.09318179289,-4343867.505,-3114663.563,-3765307.718,0
707,softening-ubiquitous,1363,-39.32344568,27.35,0.170417503,0.1005211952,-2644855.069,-3213225.31,-3228636.364,0
707,softening-ubiquitous,1467,-42.75433008,27.35,0.1699655493,0.09318179289,-2644855.069,-3213225.31,-3228636.364,0
707,softening-ubiquitous,1365,-39.32344568,15.37948051,0.2057164375,0.1001077156,-2644855.069,-3213225.31,-3228636.364,0
707,softening-ubiquitous,1469,-42.75433008,14.33507893,0.207099538,0.09341284892,-2644855.069,-3213225.31,-3228636.364,0
708,softening-ubiquitous,1365,-39.32344568,15.37948051,0.2057164375,0.1001077156,-1048443.37,-3022905.039,-1276805.871,0
708,softening-ubiquitous,1469,-42.75433008,14.33507893,0.207099538,0.09341284892,-1048443.37,-3022905.039,-1276805.871,0
708,softening-ubiquitous,1367,-39.32344568,-1.718507882,0.2393153184,0.1003160785,-1048443.37,-3022905.039,-1276805.871,0
708,softening-ubiquitous,1471,-42.75433008,-4.254671452,0.2412716619,0.0950999889,-1048443.37,-3022905.039,-1276805.871,0
709,softening-ubiquitous,1367,-39.32344568,-1.718507882,0.2393153184,0.1003160785,-2093145.397,-2120799.929,1427724.807,80
709,softening-ubiquitous,1471,-42.75433008,-4.254671452,0.2412716619,0.0950999889,-2093145.397,-2120799.929,1427724.807,80
709,softening-ubiquitous,1369,-39.32344568,-18.81649627,0.2605179425,0.1070100506,-2093145.397,-2120799.929,1427724.807,80
709,softening-ubiquitous,1473,-42.75433008,-22.84442184,0.2600221199,0.1002039078,-2093145.397,-2120799.929,1427724.807,80
710,softening-ubiquitous,1369,-39.32344568,-18.81649627,0.2605179425,0.1070100506,-3428528.258,-3117481.78,2845718.553,208
710,softening-ubiquitous,1473,-42.75433008,-22.84442184,0.2600221199,0.1002039078,-3428528.258,-3117481.78,2845718.553,208
710,softening-ubiquitous,1371,-37.06115688,-32.27486122,0.2326166817,0.07748011191,-3428528.258,-3117481.78,2845718.553,208
710,softening-ubiquitous,1475,-40.14435073,-37.23517602,0.2284324596,0.06514799222,-3428528.258,-3117481.78,2845718.553,208
711,softening-ubiquitous,1371,-37.06115688,-32.27486122,0.2326166817,0.07748011191,-3831514.937,-3305494.234,2845889.583,208
711,softening-ubiquitous,1475,-40.14435073,-37.23517602,0.2284324596,0.06514799222,-3831514.937,-3305494.234,2845889.583,208
711,softening-ubiquitous,1373,-31.82012752,-37.67848609,0.1962646386,0.04751822083,-3831514.937,-3305494.234,2845889.583,208
711,softening-ubiquitous,1477,-34.09782896,-42.33325928,0.1849963524,0.02900887007,-3831514.937,-3305494.234,2845889.583,208
712,softening-ubiquitous,1373,-31.82012752,-37.67848609,0.1962646386,0.04751822083,-3458080.621,-3214955.053,3002526.832,240
712,softening-ubiquitous,1477,-34.09782896,-42.33325928,0.1849963524,0.02900887007,-3458080.621,-3214955.053,3002526.832,240
712,softening-ubiquitous,1375,-28.41801945,-43.08211095,0.1496951883,0.003987721734,-3458080.621,-3214955.053,3002526.832,240
712,softening-ubiquitous,1479,-30.17285181,-47.43134253,0.1333828696,-0.01916894242,-3458080.621,-3214955.053,3002526.832,240
713,softening-ubiquitous,1375,-28.41801945,-43.08211095,0.1496951883,0.003987721734,-3184847.067,-3103487.274,3032400.068,240
713,softening-ubiquitous,1479,-30.17285181,-47.43134253,0.1333828696,-0.01916894242,-3184847.067,-3103487.274,3032400.068,240
713,softening-ubiquitous,1377,-26.03144894,-48.48573582,0.1006781266,-0.04439183315,-3184847.067,-3103487.274,3032400.068,240
713,softening-ubiquitous,1481,-27.41948992,-52.52942579,0.08513186854,-0.06658258427,-3184847.067,-3103487.274,3032400.068,240
714,softening-ubiquitous,1377,-26.03144894,-48.48573582,0.1006781266,-0.04439183315,-3435855.234,-3047475.678,2708133.425,240
714,softening-ubiquitous,1481,-27.41948992,-52.52942579,0.08513186854,-0.06658258427,-3435855.234,-3047475.678,2708133.425,240
714,softening-ubiquitous,1379,-24.2647578,-53.88936069,0.05918188906,-0.08739216157,-3435855.234,-3047475.678,2708133.425,240
714,softening-ubiquitous,1483,-25.38127649,-57.62750904,0.04652608626,-0.1062160946,-3435855.234,-3047475.678,2708133.425,240
715,softening-ubiquitous,1379,-24.2647578,-53.88936069,0.05918188906,-0.08739216157,-4615249.964,-3254048.78,2064714.614,80
715,softening-ubiquitous,1483,-25.38127649,-57.62750904,0.04652608626,-0.1062160946,-4615249.964,-3254048.78,2064714.614,80
715,softening-ubiquitous,1381,-22.9041973,-59.29298556,0.02614035871,-0.1233979486,-4615249.964,-3254048.78,2064714.614,80
715,softening-ubiquitous,1485,-23.8116118,-62.7255923,0.01704360722,-0.1381734955,-4615249.964,-3254048.78,2064714.614,80
716,softening-ubiquitous,1381,-22.9041973,-59.29298556,0.02614035871,-0.1233979486,-8938086.868,-4103478.54,-120705.9028,80
716,softening-ubiquitous,1485,-23.8116118,-62.7255923,0.01704360722,-0.1381734955,-8938086.868,-4103478.54,-120705.9028,80
716,softening-ubiquitous,1279,-21.82416147,-64.69661043,0.001933107868,-0.1522013965,-8938086.868,-4103478.54,-120705.9028,80
716,softening-ubiquitous,1383,-22.56558556,-67.82367555,-0.00167685438,-0.1618343656,-8938086.868,-4103478.54,-120705.9028,80
717,softening-ubiquitous,1383,-22.56558556,-67.82367555,-0.00167685438,-0.1618343656,-14882951.91,-5153011.73,-3336891.834,80
717,softening-ubiquitous,1487,-23.34152494,-71.096314,-0.00196043081,-0.1683819257,-14882951.91,-5153011.73,-3336891.834,80
717,softening-ubiquitous,1385,-16.92418917,-67.82367555,-0.0165038425,-0.1680127266,-14882951.91,-5153011.73,-3336891.834,80
717,softening-ubiquitous,1489,-17.5061437,-71.096314,-0.011587655,-0.1694225186,-14882951.91,-5153011.73,-3336891.834,80
718,softening-ubiquitous,1385,-16.92418917,-67.82367555,-0.0165038425,-0.1680127266,-15610527.26,-5991535.38,-4000670.15,0
718,softening-ubiquitous,1489,-17.5061437,-71.096314,-0.011587655,-0.1694225186,-15610527.26,-5991535.38,-4000670.15,0
718,softening-ubiquitous,1387,-11.28279278,-67.82367555,-0.0240540899,-0.1664085059,-15610527.26,-5991535.38,-4000670.15,0
718,softening-ubiquitous,1491,-11.67076247,-71.096314,-0.01829664345,-0.1675005395,-15610527.26,-5991535.38,-4000670.15,0
719,softening-ubiquitous,1387,-11.28279278,-67.82367555,-0.0240540899,-0.1664085059,-14735493.42,-6293429.97,-3859928.692,0
719,softening-ubiquitous,1491,-11.67076247,-71.096314,-0.01829664345,-0.1675005395,-14735493.42,-6293429.97,-3859928.692,0
719,softening-ubiquitous,1389,-5.641396389,-67.82367555,-0.03057491744,-0.1629673025,-14735493.42,-6293429.97,-3859928.692,0
719,softening-ubiquitous,1493,-5.835381234,-71.096314,-0.02453586701,-0.1638728755,-14735493.42,-6293429.97,-3859928.692,0
720,softening-ubiquitous,1389,-5.641396389,-67.82367555,-0.03057491744,-0.1629673025,-14117546.39,-6134566.774,-3343262.89,0
720,softening-ubiquitous,1493,-5.835381234,-71.096314,-0.02453586701,-0.1638728755,-14117546.39,-6134566.774,-3343262.89,0
720,softening-ubiquitous,1391,0,-67.82367555,-0.03674472425,-0.1573742282,-14117546.39,-6134566.774,-3343262.89,0
720,softening-ubiquitous,1495,0,-71.096314,-0.0302956124,-0.1582178116,-14117546.39,-6134566.774,-3343262.89,0
721,softening-ubiquitous,1391,0,-67.82367555,-0.03674472425,-0.1573742282,-13474621.85,-5605414.797,-3101479.181,0
721,softening-ubiquitous,1495,0,-71.096314,-0.0302956124,-0.1582178116,-13474621.85,-5605414.797,-3101479.181,0
721,softening-ubiquitous,1393,5.641396389,-67.82367555,-0.04262416052,-0.1501954079,-13474621.85,-5605414.797,-3101479.181,0
721,softening-ubiquitous,1497,5.835381234,-71.096314,-0.03570484077,-0.1508940714,-13474621.85,-5605414.797,-3101479.181,0
722,softening-ubiquitous,1393,5.641396389,-67.82367555,-0.04262416052,-0.1501954079,-12596157.5,-5228860.444,-3123150.276,0
722,softening-ubiquitous,1497,5.835381234,-71.096314,-0.03570484077,-0.1508940714,-12596157.5,-5228860.444,-3123150.276,0
722,softening-ubiquitous,1395,11.28279278,-67.82367555,-0.0479158137,-0.1421710967,-12596157.5,-5228860.444,-3123150.276,0
722,softening-ubiquitous,1499,11.67076247,-71.096314,-0.04061363826,-0.1424393889,-12596157.5,-5228860.444,-3123150.276,0
723,softening-ubiquitous,1395,11.28279278,-67.82367555,-0.0479158137,-0.1421710967,-11561556.96,-5181066.265,-3038712.282,0
723,softening-ubiquitous,1499,11.67076247,-71.096314,-0.04061363826,-0.1424393889,-11561556.96,-5181066.265,-3038712.282,0
723,softening-ubiquitous,1397,16.92418917,-67.82367555,-0.05236278063,-0.1333364798,-11561556.96,-5181066.265,-3038712.282,0
723,softening-ubiquitous,1501,17.5061437,-71.096314,-0.04484285756,-0.1330058885,-11561556.96,-5181066.265,-3038712.282,0
724,softening-ubiquitous,1397,16.92418917,-67.82367555,-0.05236278063,-0.1333364798,-10632495.65,-5196623.482,-2737366.225,0
724,softening-ubiquitous,1501,17.5061437,-71.096314,-0.04484285756,-0.1330058885,-10632495.65,-5196623.482,-2737366.225,0
724,softening-ubiquitous,1399,22.56558556,-67.82367555,-0.05605293851,-0.1234682863,-10632495.65,-5196623.482,-2737366.225,0
724,softening-ubiquitous,1503,23.34152494,-71.096314,-0.04842420491,-0.1225358241,-10632495.65,-5196623.482,-2737366.225,0
725,softening-ubiquitous,1399,22.56558556,-67.82367555,-0.05605293851,-0.1234682863,-10515685.1,-5491350.145,-2857808.381,0
725,softening-ubiquitous,1503,23.34152494,-71.096314,-0.04842420491,-0.1225358241,-10515685.1,-5491350.145,-2857808.381,0
725,softening-ubiquitous,1401,23.8116118,-62.7255923,-0.07039044769,-0.1205686819,-10515685.1,-5491350.145,-2857808.381,0
725,softening-ubiquitous,1505,24.7612689,-66.31799614,-0.06127616803,-0.1191620552,-10515685.1,-5491350.145,-2857808.381,0
726,softening-ubiquitous,1401,23.8116118,-62.7255923,-0.07039044769,-0.1205686819,-10749139.33,-5906998.243,-3302902.634,0
726,softening-ubiquitous,1505,24.7612689,-66.31799614,-0.06127616803,-0.1191620552,-10749139.33,-5906998.243,-3302902.634,0
726,softening-ubiquitous,1403,25.38127649,-57.62750904,-0.08630379509,-0.1171861027,-10749139.33,-5906998.243,-3302902.634,0
726,softening-ubiquitous,1507,26.54977214,-61.53967829,-0.07542673286,-0.115113714,-10749139.33,-5906998.243,-3302902.634,0
727,softening-ubiquitous,1403,25.38127649,-57.62750904,-0.08630379509,-0.1171861027,-10760892.21,-6119228.121,-3709992.745,0
727,softening-ubiquitous,1507,26.54977214,-61.53967829,-0.07542673286,-0.115113714,-10760892.21,-6119228.121,-3709992.745,0
727,softening-ubiquitous,1405,27.41948992,-52.52942579,-0.1040786127,-0.1127483329,-10760892.21,-6119228.121,-3709992.745,0
727,softening-ubiquitous,1509,28.87214795,-56.76136043,-0.09110609647,-0.1098387153,-10760892.21,-6119228.121,-3709992.745,0
728,softening-ubiquitous,1405,27.41948992,-52.52942579,-0.1040786127,-0.1127483329,-10243653.22,-6050168.557,-4141153.656,0
728,softening-ubiquitous,1509,28.87214795,-56.76136043,-0.09110609647,-0.1098387153,-10243653.22,-6050168.557,-4141153.656,0
728,softening-ubiquitous,1407,30.17285181,-47.43134253,-0.1236012198,-0.1065615181,-10243653.22,-6050168.557,-4141153.656,0
728,softening-ubiquitous,1511,32.00937636,-51.98304258,-0.1084058623,-0.1025503712,-10243653.22,-6050168.557,-4141153.656,0
729,softening-ubiquitous,1407,30.17285181,-47.43134253,-0.1236012198,-0.1065615181,-9118282.366,-5841121.416,-4468966.102,0
729,softening-ubiquitous,1511,32.00937636,-51.98304258,-0.1084058623,-0.1025503712,-9118282.366,-5841121.416,-4468966.102,0
729,softening-ubiquitous,1409,34.09782896,-42.33325928,-0.1439998442,-0.09767733569,-9118282.366,-5841121.416,-4468966.102,0
729,softening-ubiquitous,1513,36.48156355,-47.20472473,-0.1269473229,-0.09211362374,-9118282.366,-5841121.416,-4468966.102,0
730,softening-ubiquitous,1409,34.09782896,-42.33325928,-0.1439998442,-0.09767733569,-7756522.558,-5652904.458,-4451582.583,0
730,softening-ubiquitous,1513,36.48156355,-47.20472473,-0.1269473229,-0.09211362374,-7756522.558,-5652904.458,-4451582.583,0
730,softening-ubiquitous,1411,40.14435073,-37.23517602,-0.1639014973,-0.08401834448,-7756522.558,-5652904.458,-4451582.583,0
730,softening-ubiquitous,1515,43.37107557,-42.42640687,-0.1458222571,-0.07620089754,-7756522.558,-5652904.458,-4451582.583,0
731,softening-ubiquitous,1411,40.14435073,-37.23517602,-0.1639014973,-0.08401834448,-5573499.583,-5808034.626,-4086638.956,0
731,softening-ubiquitous,1515,43.37107557,-42.42640687,-0.1458222571,-0.07620089754,-5573499.583,-5808034.626,-4086638.956,0
731,softening-ubiquitous,1413,42.75433008,-22.84442184,-0.21420975,-0.08107184873,-5573499.583,-5808034.626,-4086638.956,0
731,softening-ubiquitous,1517,46.34493142,-27.05985821,-0.199039489,-0.07142460837,-5573499.583,-5808034.626,-4086638.956,0
732,softening-ubiquitous,1413,42.75433008,-22.84442184,-0.21420975,-0.08107184873,-1916587.658,-5598359.706,-3517846.731,0
732,softening-ubiquitous,1517,46.34493142,-27.05985821,-0.199039489,-0.07142460837,-1916587.658,-5598359.706,-3517846.731,0
732,softening-ubiquitous,1415,42.75433008,-4.254671452,-0.2752773087,-0.08751533091,-1916587.658,-5598359.706,-3517846.731,0
732,softening-ubiquitous,1519,46.34493142,-6.908900285,-0.2642598196,-0.0782961997,-1916587.658,-5598359.706,-3517846.731,0
733,softening-ubiquitous,1415,42.75433008,-4.254671452,-0.2752773087,-0.08751533091,-2567834.201,-6616236.79,-548635.0967,64
733,softening-ubiquitous,1519,46.34493142,-6.908900285,-0.2642598196,-0.0782961997,-2567834.201,-6616236.79,-548635.0967,64
733,softening-ubiquitous,1417,42.75433008,14.33507893,-0.3165288988,-0.104060242,-2567834.201,-6616236.79,-548635.0967,64
733,softening-ubiquitous,1521,46.34493142,13.24205764,-0.312732979,-0.09269928324,-2567834.201,-6616236.79,-548635.0967,64
734,softening-ubiquitous,1417,42.75433008,14.33507893,-0.3165288988,-0.104060242,-3561950.96,-5774644.759,1292229.855,0
734,softening-ubiquitous,1521,46.34493142,13.24205764,-0.312732979,-0.09269928324,-3561950.96,-5774644.759,1292229.855,0
734,softening-ubiquitous,1419,42.75433008,27.35,-0.3456541476,-0.1076306044,-3561950.96,-5774644.759,1292229.855,0
734,softening-ubiquitous,1523,46.34493142,27.35,-0.3446736692,-0.09669158397,-3561950.96,-5774644.759,1292229.855,0
735,softening-ubiquitous,1419,42.75433008,27.35,-0.3456541476,-0.1076306044,-3601381.465,-4569360.412,1830954.198,0
735,softening-ubiquitous,1523,46.34493142,27.35,-0.3446736692,-0.09669158397,-3601381.465,-4569360.412,1830954.198,0
735,softening-ubiquitous,1421,42.65422773,32.95966931,-0.3569341618,-0.1085391907,-3601381.465,-4569360.412,1830954.198,0
735,softening-ubiquitous,1525,46.25110776,33.43271287,-0.3570524061,-0.09776207252,-3601381.465,-4569360.412,1830954.198,0
736,softening-ubiquitous,1421,42.65422773,32.95966931,-0.3569341618,-0.1085391907,-3604701.233,-3916804.659,2009409.083,0
736,softening-ubiquitous,1525,46.25110776,33.43271287,-0.3570524061,-0.09776207252,-3604701.233,-3916804.659,2009409.083,0
736,softening-ubiquitous,1423,42.35480982,38.69893709,-0.3679908646,-0.1095956132,-3604701.233,-3916804.659,2009409.083,0
736,softening-ubiquitous,1527,45.97047014,39.66775035,-0.3690663151,-0.09884180046,-3604701.233,-3916804.659,2009409.083,0
737,softening-ubiquitous,1423,42.35480982,38.69893709,-0.3679908646,-0.1095956132,-3034186.135,-3146961.167,2507637.867,0
737,softening-ubiquitous,1527,45.97047014,39.66775035,-0.3690663151,-0.09884180046,-3034186.135,-3146961.167,2507637.867,0
737,softening-ubiquitous,1425,41.1834757,51.12729078,-0.3898169599,-0.1126151741,-3034186.135,-3146961.167,2507637.867,0
737,softening-ubiquitous,1529,44.87260522,53.2572107,-0.3921937117,-0.1015941895,-3034186.135,-3146961.167,2507637.867,0
738,softening-ubiquitous,1425,41.1834757,51.12729078,-0.3898169599,-0.1126151741,-2712712.001,-2712712.001,2715045.347,240
738,softening-ubiquitous,1529,44.87260522,53.2572107,-0.3921937117,-0.1015941895,-2712712.001,-2712712.001,2715045.347,240
738,softening-ubiquitous,1427,40.7019433,55.2358048,-0.002875689654,0.2799844156,-2712712.001,-2712712.001,2715045.347,240
738,softening-ubiquitous,1531,44.42127581,57.78400207,-0.007657876651,0.2890538454,-2712712.001,-2712712.001,2715045.347,240
739,softening-ubiquitous,1427,40.7019433,55.2358048,-0.002875689654,0.2799844156,-6107783.535,-2684460.819,1518253.302,0
739,softening-ubiquitous,1531,44.42127581,57.78400207,-0.007657876651,0.2890538454,-6107783.535,-2684460.819,1518253.302,0
739,softening-ubiquitous,1429,37.03949766,64.38949766,-0.01618757679,0.2731943601,-6107783.535,-2684460.819,1518253.302,0
739,softening-ubiquitous,1533,40.52753692,67.87753692,-0.02165312319,0.2828753852,-6107783.535,-2684460.819,1518253.302,0
740,softening-ubiquitous,1429,37.03949766,64.38949766,-0.01618757679,0.2731943601,-9436506.899,-4132295.893,-667560.6867,64
740,softening-ubiquitous,1533,40.52753692,67.87753692,-0.02165312319,0.2828753852,-9436506.899,-4132295.893,-667560.6867,64
740,softening-ubiquitous,1431,22.46055427,66.25282117,0.007825439474,0.2640656818,-9436506.899,-4132295.893,-667560.6867,64
740,softening-ubiquitous,1535,24.40689824,69.6239878,-0.000911716442,0.2681478828,-9436506.899,-4132295.893,-667560.6867,64
741,softening-ubiquitous,1431,22.46055427,66.25282117,0.007825439474,0.2640656818,-10763449.18,-5742533.303,-1754369.462,0
741,softening-ubiquitous,1535,24.40689824,69.6239878,-0.000911716442,0.2681478828,-10763449.18,-5742533.303,-1754369.462,0
741,softening-ubiquitous,1433,10.73783755,67.42415529,0.01269089706,0.2404313763,-10763449.18,-5742533.303,-1754369.462,0
741,softening-ubiquitous,1537,11.62145291,70.72185272,0.004188005532,0.2427724208,-10763449.18,-5742533.303,-1754369.462,0
742,softening-ubiquitous,1433,10.73783755,67.42415529,0.01269089706,0.2404313763,-10456625.16,-5555829.127,-1367926.097,0
742,softening-ubiquitous,1537,11.62145291,70.72185272,0.004188005532,0.2427724208,-10456625.16,-5555829.127,-1367926.097,0
742,softening-ubiquitous,1435,4.761608888,67.82367555,0.01536690351,0.2267313865,-10456625.16,-5555829.127,-1367926.097,0
742,softening-ubiquitous,1539,5.146625176,71.096314,0.006973255766,0.2280706195,-10456625.16,-5555829.127,-1367926.097,0
743,softening-ubiquitous,1435,4.761608888,67.82367555,0.01536690351,0.2267313865,-10276765.77,-5393718.514,-1095365.303,0
743,softening-ubiquitous,1539,5.146625176,71.096314,0.006973255766,0.2280706195,-10276765.77,-5393718.514,-1095365.303,0
743,softening-ubiquitous,1437,3.571206666,67.82367555,0.0160835238,0.2238052378,-10276765.77,-5393718.514,-1095365.303,0
743,softening-ubiquitous,1541,3.859968882,71.096314,0.007684679092,0.2249585099,-10276765.77,-5393718.514,-1095365.303,0
744,softening-ubiquitous,1437,3.571206666,67.82367555,0.0160835238,0.2238052378,-10237707.2,-5290802.582,-1027791.842,0
744,softening-ubiquitous,1541,3.859968882,71.096314,0.007684679092,0.2249585099,-10237707.2,-5290802.582,-1027791.842,0
744,softening-ubiquitous,1439,2.380804444,67.82367555,0.01680271022,0.220825347,-10237707.2,-5290802.582,-1027791.842,0
744,softening-ubiquitous,1543,2.573312588,71.096314,0.008394450341,0.2217909652,-10237707.2,-5290802.582,-1027791.842,0
745,softening-ubiquitous,1439,2.380804444,67.82367555,0.01680271022,0.220825347,-10202100.85,-5173349.755,-974890.0381,0
745,softening-ubiquitous,1543,2.573312588,71.096314,0.008394450341,0.2217909652,-10202100.85,-5173349.755,-974890.0381,0
745,softening-ubiquitous,1441,1.190402222,67.82367555,0.01752497584,0.2177978656,-10202100.85,-5173349.755,-974890.0381,0
745,softening-ubiquitous,1545,1.286656294,71.096314,0.009105206392,0.2185729345,-10202100.85,-5173349.755,-974890.0381,0
746,softening-ubiquitous,1441,1.190402222,67.82367555,0.01752497584,0.2177978656,-10166215.75,-5045131.054,-935874.0286,0
746,softening-ubiquitous,1545,1.286656294,71.096314,0.009105206392,0.2185729345,-10166215.75,-5045131.054,-935874.0286,0
746,softening-ubiquitous,1443,0,67.82367555,0.01825041924,0.2147287783,-10166215.75,-5045131.054,-935874.0286,0
746,softening-ubiquitous,1547,0,71.096314,0.009818093587,0.2153096999,-10166215.75,-5045131.054,-935874.0286,0
747,softening-ubiquitous,1443,0,67.82367555,0.01825041924,0.2147287783,-10129193.99,-4910422.66,-909552.0892,0
747,softening-ubiquitous,1547,0,71.096314,0.009818093587,0.2153096999,-10129193.99,-4910422.66,-909552.0892,0
747,softening-ubiquitous,1445,-1.190402222,67.82367555,0.01897915825,0.2116237542,-10129193.99,-4910422.66,-909552.0892,0
747,softening-ubiquitous,1549,-1.286656294,71.096314,0.01053352778,0.2120062201,-10129193.99,-4910422.66,-909552.0892,0
748,softening-ubiquitous,1445,-1.190402222,67.82367555,0.01897915825,0.2116237542,-10089786.96,-4772500.379,-895843.2514,0
748,softening-ubiquitous,1549,-1.286656294,71.096314,0.01053352778,0.2120062201,-10089786.96,-4772500.379,-895843.2514,0
748,softening-ubiquitous,1447,-2.380804444,67.82367555,0.01971078545,0.2084883002,-10089786.96,-4772500.379,-895843.2514,0
748,softening-ubiquitous,1551,-2.573312588,71.096314,0.01125163561,0.2086678498,-10089786.96,-4772500.379,-895843.2514,0
749,softening-ubiquitous,1447,-2.380804444,67.82367555,0.01971078545,0.2084883002,-10047149.04,-4634285.665,-893214.591,0
749,softening-ubiquitous,1551,-2.573312588,71.096314,0.01125163561,0.2086678498,-10047149.04,-4634285.665,-893214.591,0
749,softening-ubiquitous,1449,-3.571206666,67.82367555,0.02044449071,0.2053274331,-10047149.04,-4634285.665,-893214.591,0
749,softening-ubiquitous,1553,-3.859968882,71.096314,0.0119720646,0.2052993527,-10047149.04,-4634285.665,-893214.591,0
750,softening-ubiquitous,1449,-3.571206666,67.82367555,0.02044449071,0.2053274331,-10000652.43,-4498770.271,-901322.06,0
750,softening-ubiquitous,1553,-3.859968882,71.096314,0.0119720646,0.2052993527,-10000652.43,-4498770.271,-901322.06,0
750,softening-ubiquitous,1451,-4.761608888,67.82367555,0.02117938157,0.2021461955,-10000652.43,-4498770.271,-901322.06,0
750,softening-ubiquitous,1555,-5.146625176,71.096314,0.01269422434,0.2019056987,-10000652.43,-4498770.271,-901322.06,0
751,softening-ubiquitous,1451,-4.761608888,67.82367555,0.02117938157,0.2021461955,-9834433.215,-4139965.299,-981856.5645,0
751,softening-ubiquitous,1555,-5.146625176,71.096314,0.01269422434,0.2019056987,-9834433.215,-4139965.299,-981856.5645,0
751,softening-ubiquitous,1453,-10.73783755,67.42415529,0.025947902,0.1858682679,-9834433.215,-4139965.299,-981856.5645,0
751,softening-ubiquitous,1557,-11.62145291,70.72185272,0.01732076518,0.1844708859,-9834433.215,-4139965.299,-981856.5645,0
752,softening-ubiquitous,1453,-10.73783755,67.42415529,0.025947902,0.1858682679,-9290106.058,-3468133.945,-1352070.011,0
752,softening-ubiquitous,1557,-11.62145291,70.72185272,0.01732076518,0.1844708859,-9290106.058,-3468133.945,-1352070.011,0
752,softening-ubiquitous,1455,-22.46055427,66.25282117,0.03606085657,0.1537843275,-9290106.058,-3468133.945,-1352070.011,0
752,softening-ubiquitous,1559,-24.40689824,69.6239878,0.02718179138,0.1497484385,-9290106.058,-3468133.945,-1352070.011,0
753,softening-ubiquitous,1455,-22.46055427,66.25282117,0.03606085657,0.1537843275,-8331767.276,-3106219.383,-1994074.423,0
753,softening-ubiquitous,1559,-24.40689824,69.6239878,0.02718179138,0.1497484385,-8331767.276,-3106219.383,-1994074.423,0
753,softening-ubiquitous,1457,-37.03949766,64.38949766,0.04848044707,0.1152400125,-8331767.276,-3106219.383,-1994074.423,0
753,softening-ubiquitous,1561,-40.52753692,67.87753692,0.03921858679,0.1073939552,-8331767.276,-3106219.383,-1994074.423,0
754,softening-ubiquitous,1457,-37.03949766,64.38949766,0.04848044707,0.1152400125,-7711722.996,-3172201.621,-2622950.045,0
754,softening-ubiquitous,1561,-40.52753692,67.87753692,0.03921858679,0.1073939552,-7711722.996,-3172201.621,-2622950.045,0
754,softening-ubiquitous,1459,-40.7019433,55.2358048,0.07857348356,0.1033786373,-7711722.996,-3172201.621,-2622950.045,0
754,softening-ubiquitous,1563,-44.42127581,57.78400207,0.07166577491,0.09508637013,-7711722.996,-3172201.621,-2622950.045,0
755,softening-ubiquitous,1459,-40.7019433,55.2358048,0.07857348356,0.1033786373,-7319746.742,-3148177.532,-3139487.259,0
755,softening-ubiquitous,1563,-44.42127581,57.78400207,0.07166577491,0.09508637013,-7319746.742,-3148177.532,-3139487.259,0
755,softening-ubiquitous,1461,-41.1834757,51.12729078,0.09204378946,0.101056003,-7319746.742,-3148177.532,-3139487.259,0
755,softening-ubiquitous,1565,-44.87260522,53.2572107,0.08621971848,0.09288563385,-7319746.742,-3148177.532,-3139487.259,0
756,softening-ubiquitous,1461,-41.1834757,51.12729078,0.09204378946,0.101056003,-6540909.455,-3211905.675,-3599606.942,0
756,softening-ubiquitous,1565,-44.87260522,53.2572107,0.08621971848,0.09288563385,-6540909.455,-3211905.675,-3599606.942,0
756,softening-ubiquitous,1463,-42.35480982,38.69893709,0.1332862703,0.09547791755,-6540909.455,-3211905.675,-3599606.942,0
756,softening-ubiquitous,1567,-45.97047014,39.66775035,0.1304750666,0.0876855109,-6540909.455,-3211905.675,-3599606.942,0
757,softening-ubiquitous,1463,-42.35480982,38.69893709,0.1332862703,0.09547791755,-5351508.152,-3333086.344,-3854839.166,0
757,softening-ubiquitous,1567,-45.97047014,39.66775035,0.1304750666,0.0876855109,-5351508.152,-3333086.344,-3854839.166,0
757,softening-ubiquitous,1465,-42.65422773,32.95966931,0.1521300296,0.09394583261,-5351508.152,-3333086.344,-3854839.166,0
757,softening-ubiquitous,1569,-46.25110776,33.43271287,0.1505608953,0.08633097909,-5351508.152,-3333086.344,-3854839.166,0
758,softening-ubiquitous,1465,-42.65422773,32.95966931,0.1521300296,0.09394583261,-4516869.44,-3428011.294,-3762690.31,0
758,softening-ubiquitous,1569,-46.25110776,33.43271287,0.1505608953,0.08633097909,-4516869.44,-3428011.294,-3762690.31,0
758,softening-ubiquitous,1467,-42.75433008,27.35,0.1699655493,0.09318179289,-4516869.44,-3428011.294,-3762690.31,0
758,softening-ubiquitous,1571,-46.34493142,27.35,0.1695271281,0.08576178942,-4516869.44,-3428011.294,-3762690.31,0
759,softening-ubiquitous,1467,-42.75433008,27.35,0.1699655493,0.09318179289,-2763265.571,-3655865.443,-3161236.72,0
759,softening-ubiquitous,1571,-46.34493142,27.35,0.1695271281,0.08576178942,-2763265.571,-3655865.443,-3161236.72,0
759,softening-ubiquitous,1469,-42.75433008,14.33507893,0.207099538,0.09341284892,-2763265.571,-3655865.443,-3161236.72,0
759,softening-ubiquitous,1573,-46.34493142,13.24205764,0.2083459991,0.08673188923,-2763265.571,-3655865.443,-3161236.72,0
760,softening-ubiquitous,1469,-42.75433008,14.33507893,0.207099538,0.09341284892,-1722750.151,-3813365.971,-1029853.572,0
760,softening-ubiquitous,1573,-46.34493142,13.24205764,0.2083459991,0.08673188923,-1722750.151,-3813365.971,-1029853.572,0
760,softening-ubiquitous,1471,-42.75433008,-4.254671452,0.2412716619,0.0950999889,-1722750.151,-3813365.971,-1029853.572,0
760,softening-ubiquitous,1575,-46.34493142,-6.908900285,0.2434335081,0.08971313976,-1722750.151,-3813365.971,-1029853.572,0
761,softening-ubiquitous,1471,-42.75433008,-4.254671452,0.2412716619,0.0950999889,-2716163.151,-2897052.35,1976670.703,64
761,softening-ubiquitous,1575,-46.34493142,-6.908900285,0.2434335081,0.08971313976,-2716163.151,-2897052.35,1976670.703,64
761,softening-ubiquitous,1473,-42.75433008,-22.84442184,0.2600221199,0.1002039078,-2716163.151,-2897052.35,1976670.703,64
761,softening-ubiquitous,1577,-46.34493142,-27.05985821,0.2602673171,0.0928102704,-2716163.151,-2897052.35,1976670.703,64
762,softening-ubiquitous,1473,-42.75433008,-22.84442184,0.2600221199,0.1002039078,-3628156.334,-3101854.297,2642006.693,208
762,softening-ubiquitous,1577,-46.34493142,-27.05985821,0.2602673171,0.0928102704,-3628156.334,-3101854.297,2642006.693,208
762,softening-ubiquitous,1475,-40.14435073,-37.23517602,0.2284324596,0.06514799222,-3628156.334,-3101854.297,2642006.693,208
762,softening-ubiquitous,1579,-43.37107557,-42.42640687,0.2235157516,0.05073284337,-3628156.334,-3101854.297,2642006.693,208
763,softening-ubiquitous,1475,-40.14435073,-37.23517602,0.2284324596,0.06514799222,-3384787.774,-2966996.176,2601955.483,208
763,softening-ubiquitous,1579,-43.37107557,-42.42640687,0.2235157516,0.05073284337,-3384787.774,-2966996.176,2601955.483,208
763,softening-ubiquitous,1477,-34.09782896,-42.33325928,0.1849963524,0.02900887007,-3384787.774,-2966996.176,2601955.483,208
763,softening-ubiquitous,1581,-36.48156355,-47.20472473,0.172537949,0.008044726175,-3384787.774,-2966996.176,2601955.483,208
764,softening-ubiquitous,1477,-34.09782896,-42.33325928,0.1849963524,0.02900887007,-3070716.592,-2934274.235,2815059.22,208
764,softening-ubiquitous,1581,-36.48156355,-47.20472473,0.172537949,0.008044726175,-3070716.592,-2934274.235,2815059.22,208
764,softening-ubiquitous,1479,-30.17285181,-47.43134253,0.1333828696,-0.01916894242,-3070716.592,-2934274.235,2815059.22,208
764,softening-ubiquitous,1583,-32.00937636,-51.98304258,0.1170731862,-0.04312106601,-3070716.592,-2934274.235,2815059.22,208
765,softening-ubiquitous,1479,-30.17285181,-47.43134253,0.1333828696,-0.01916894242,-3160971.713,-2911905.991,2694287.61,208
765,softening-ubiquitous,1583,-32.00937636,-51.98304258,0.1170731862,-0.04312106601,-3160971.713,-2911905.991,2694287.61,208
765,softening-ubiquitous,1481,-27.41948992,-52.52942579,0.08513186854,-0.06658258427,-3160971.713,-2911905.991,2694287.61,208
765,softening-ubiquitous,1585,-28.87214795,-56.76136043,0.07048042664,-0.08816200915,-3160971.713,-2911905.991,2694287.61,208
766,softening-ubiquitous,1481,-27.41948992,-52.52942579,0.08513186854,-0.06658258427,-3901888.059,-3031404.482,2270829.285,80
766,softening-ubiquitous,1585,-28.87214795,-56.76136043,0.07048042664,-0.08816200915,-3901888.059,-3031404.482,2270829.285,80
766,softening-ubiquitous,1483,-25.38127649,-57.62750904,0.04652608626,-0.1062160946,-3901888.059,-3031404.482,2270829.285,80
766,softening-ubiquitous,1587,-26.54977214,-61.53967829,0.0349736904,-0.1240163828,-3901888.059,-3031404.482,2270829.285,80
767,softening-ubiquitous,1483,-25.38127649,-57.62750904,0.04652608626,-0.1062160946,-6541294.889,-3622948.925,1073076.303,80
767,softening-ubiquitous,1587,-26.54977214,-61.53967829,0.0349736904,-0.1240163828,-6541294.889,-3622948.925,1073076.303,80
767,softening-ubiquitous,1485,-23.8116118,-62.7255923,0.01704360722,-0.1381734955,-6541294.889,-3622948.925,1073076.303,80
767,softening-ubiquitous,1589,-24.7612689,-66.31799614,0.01008072264,-0.1511192828,-6541294.889,-3622948.925,1073076.303,80
768,softening-ubiquitous,1485,-23.8116118,-62.7255923,0.01704360722,-0.1381734955,-11614984.46,-4467188.378,-1778117.751,80
768,softening-ubiquitous,1589,-24.7612689,-66.31799614,0.01008072264,-0.1511192828,-11614984.46,-4467188.378,-1778117.751,80
768,softening-ubiquitous,1383,-22.56558556,-67.82367555,-0.00167685438,-0.1618343656,-11614984.46,-4467188.378,-1778117.751,80
768,softening-ubiquitous,1487,-23.34152494,-71.096314,-0.00196043081,-0.1683819257,-11614984.46,-4467188.378,-1778117.751,80
769,softening-ubiquitous,1487,-23.34152494,-71.096314,-0.00196043081,-0.1683819257,-16112894.06,-5147967.224,-3318689.359,0
769,softening-ubiquitous,1591,-24.15050746,-74.50831675,0.0003735423198,-0.170640487,-16112894.06,-5147967.224,-3318689.359,0
769,softening-ubiquitous,1489,-17.5061437,-71.096314,-0.011587655,-0.1694225186,-16112894.06,-5147967.224,-3318689.359,0
769,softening-ubiquitous,1593,-18.11288059,-74.50831675,-0.006417548229,-0.1704933119,-16112894.06,-5147967.224,-3318689.359,0
770,softening-ubiquitous,1489,-17.5061437,-71.096314,-0.011587655,-0.1694225186,-14616679.78,-6090689.401,-3812499.628,0
770,softening-ubiquitous,1593,-18.11288059,-74.50831675,-0.006417548229,-0.1704933119,-14616679.78,-6090689.401,-3812499.628,0
770,softening-ubiquitous,1491,-11.67076247,-71.096314,-0.01829664345,-0.1675005395,-14616679.78,-6090689.401,-3812499.628,0
770,softening-ubiquitous,1595,-12.07525373,-74.50831675,-0.01285325034,-0.1686012631,-14616679.78,-6090689.401,-3812499.628,0
771,softening-ubiquitous,1491,-11.67076247,-71.096314,-0.01829664345,-0.1675005395,-13922376.52,-6031871.133,-3442930.809,0
771,softening-ubiquitous,1595,-12.07525373,-74.50831675,-0.01285325034,-0.1686012631,-13922376.52,-6031871.133,-3442930.809,0
771,softening-ubiquitous,1493,-5.835381234,-71.096314,-0.02453586701,-0.1638728755,-13922376.52,-6031871.133,-3442930.809,0
771,softening-ubiquitous,1597,-6.037626865,-74.50831675,-0.01871737483,-0.1647978867,-13922376.52,-6031871.133,-3442930.809,0
772,softening-ubiquitous,1493,-5.835381234,-71.096314,-0.02453586701,-0.1638728755,-13236012.43,-5897731.663,-3002281.555,0
772,softening-ubiquitous,1597,-6.037626865,-74.50831675,-0.01871737483,-0.1647978867,-13236012.43,-5897731.663,-3002281.555,0
772,softening-ubiquitous,1495,0,-71.096314,-0.0302956124,-0.1582178116,-13236012.43,-5897731.663,-3002281.555,0
772,softening-ubiquitous,1599,0,-74.50831675,-0.02407988918,-0.1590032898,-13236012.43,-5897731.663,-3002281.555,0
773,softening-ubiquitous,1495,0,-71.096314,-0.0302956124,-0.1582178116,-12600191.06,-5524115.486,-2705455.516,0
773,softening-ubiquitous,1599,0,-74.50831675,-0.02407988918,-0.1590032898,-12600191.06,-5524115.486,-2705455.516,0
773,softening-ubiquitous,1497,5.835381234,-71.096314,-0.03570484077,-0.1508940714,-12600191.06,-5524115.486,-2705455.516,0
773,softening-ubiquitous,1601,6.037626865,-74.50831675,-0.02904220733,-0.1514727075,-12600191.06,-5524115.486,-2705455.516,0
774,softening-ubiquitous,1497,5.835381234,-71.096314,-0.03570484077,-0.1508940714,-11849570.97,-5199845.156,-2602539.054,0
774,softening-ubiquitous,1601,6.037626865,-74.50831675,-0.02904220733,-0.1514727075,-11849570.97,-5199845.156,-2602539.054,0
774,softening-ubiquitous,1499,11.67076247,-71.096314,-0.04061363826,-0.1424393889,-11849570.97,-5199845.156,-2602539.054,0
774,softening-ubiquitous,1603,12.07525373,-74.50831675,-0.03354464395,-0.1426086713,-11849570.97,-5199845.156,-2602539.054,0
775,softening-ubiquitous,1499,11.67076247,-71.096314,-0.04061363826,-0.1424393889,-10994213.25,-5071665.766,-2485273.029,0
775,softening-ubiquitous,1603,12.07525373,-74.50831675,-0.03354464395,-0.1426086713,-10994213.25,-5071665.766,-2485273.029,0
775,softening-ubiquitous,1501,17.5061437,-71.096314,-0.04484285756,-0.1330058885,-10994213.25,-5071665.766,-2485273.029,0
775,softening-ubiquitous,1605,18.11288059,-74.50831675,-0.03747919828,-0.132617618,-10994213.25,-5071665.766,-2485273.029,0
776,softening-ubiquitous,1501,17.5061437,-71.096314,-0.04484285756,-0.1330058885,-10193459.61,-5012933.063,-2255144.153,0
776,softening-ubiquitous,1605,18.11288059,-74.50831675,-0.03747919828,-0.132617618,-10193459.61,-5012933.063,-2255144.153,0
776,softening-ubiquitous,1503,23.34152494,-71.096314,-0.04842420491,-0.1225358241,-10193459.61,-5012933.063,-2255144.153,0
776,softening-ubiquitous,1607,24.15050746,-74.50831675,-0.04085489874,-0.1215520343,-10193459.61,-5012933.063,-2255144.153,0
777,softening-ubiquitous,1503,23.34152494,-71.096314,-0.04842420491,-0.1225358241,-10103903.33,-5176319.624,-2366825.053,0
777,softening-ubiquitous,1607,24.15050746,-74.50831675,-0.04085489874,-0.1215520343,-10103903.33,-5176319.624,-2366825.053,0
777,softening-ubiquitous,1505,24.7612689,-66.31799614,-0.06127616803,-0.1191620552,-10103903.33,-5176319.624,-2366825.053,0
777,softening-ubiquitous,1609,25.75136686,-70.06338141,-0.05231887887,-0.1177694623,-10103903.33,-5176319.624,-2366825.053,0
778,softening-ubiquitous,1505,24.7612689,-66.31799614,-0.06127616803,-0.1191620552,-10346718.45,-5448148.122,-2755612.9,0
778,softening-ubiquitous,1609,25.75136686,-70.06338141,-0.05231887887,-0.1177694623,-10346718.45,-5448148.122,-2755612.9,0
778,softening-ubiquitous,1507,26.54977214,-61.53967829,-0.07542673286,-0.115113714,-10346718.45,-5448148.122,-2755612.9,0
778,softening-ubiquitous,1611,27.76802781,-65.61844606,-0.06488664536,-0.1131324209,-10346718.45,-5448148.122,-2755612.9,0
779,softening-ubiquitous,1507,26.54977214,-61.53967829,-0.07542673286,-0.115113714,-10439765.47,-5591168.011,-3102728.863,0
779,softening-ubiquitous,1611,27.76802781,-65.61844606,-0.06488664536,-0.1131324209,-10439765.47,-5591168.011,-3102728.863,0
779,softening-ubiquitous,1509,28.87214795,-56.76136043,-0.09110609647,-0.1098387153,-10439765.47,-5591168.011,-3102728.863,0
779,softening-ubiquitous,1613,30.38666698,-61.17351072,-0.07873721717,-0.1070969091,-10439765.47,-5591168.011,-3102728.863,0
780,softening-ubiquitous,1509,28.87214795,-56.76136043,-0.09110609647,-0.1098387153,-10202318.73,-5523596.907,-3471358.284,0
780,softening-ubiquitous,1613,30.38666698,-61.17351072,-0.07873721717,-0.1070969091,-10202318.73,-5523596.907,-3471358.284,0
780,softening-ubiquitous,1511,32.00937636,-51.98304258,-0.1084058623,-0.1025503712,-10202318.73,-5523596.907,-3471358.284,0
780,softening-ubiquitous,1615,33.92410874,-56.72857538,-0.0940369345,-0.09879635082,-10202318.73,-5523596.907,-3471358.284,0
781,softening-ubiquitous,1511,32.00937636,-51.98304258,-0.1084058623,-0.1025503712,-9478021.919,-5328356.047,-3816170.621,0
781,softening-ubiquitous,1615,33.92410874,-56.72857538,-0.0940369345,-0.09879635082,-9478021.919,-5328356.047,-3816170.621,0
781,softening-ubiquitous,1513,36.48156355,-47.20472473,-0.1269473229,-0.09211362374,-9478021.919,-5328356.047,-3816170.621,0
781,softening-ubiquitous,1617,38.96680875,-52.28364004,-0.1107136807,-0.08687961291,-9478021.919,-5328356.047,-3816170.621,0
782,softening-ubiquitous,1513,36.48156355,-47.20472473,-0.1269473229,-0.09211362374,-8385895.197,-5170286.968,-3933513.355,0
782,softening-ubiquitous,1617,38.96680875,-52.28364004,-0.1107136807,-0.08687961291,-8385895.197,-5170286.968,-3933513.355,0
782,softening-ubiquitous,1515,43.37107557,-42.42640687,-0.1458222571,-0.07620089754,-8385895.197,-5170286.968,-3933513.355,0
782,softening-ubiquitous,1619,46.7352095,-47.83870469,-0.1282827616,-0.06862136339,-8385895.197,-5170286.968,-3933513.355,0
783,softening-ubiquitous,1515,43.37107557,-42.42640687,-0.1458222571,-0.07620089754,-6374907.495,-5496597.146,-3970211.69,0
783,softening-ubiquitous,1619,46.7352095,-47.83870469,-0.1282827616,-0.06862136339,-6374907.495,-5496597.146,-3970211.69,0
783,softening-ubiquitous,1517,46.34493142,-27.05985821,-0.199039489,-0.07142460837,-6374907.495,-5496597.146,-3970211.69,0
783,softening-ubiquitous,1621,50.08843741,-31.45480765,-0.1836017782,-0.06190801716,-6374907.495,-5496597.146,-3970211.69,0
784,softening-ubiquitous,1517,46.34493142,-27.05985821,-0.199039489,-0.07142460837,-3342474.986,-6029066.149,-3557564.166,0
784,softening-ubiquitous,1621,50.08843741,-31.45480765,-0.1836017782,-0.06190801716,-3342474.986,-6029066.149,-3557564.166,0
784,softening-ubiquitous,1519,46.34493142,-6.908900285,-0.2642598196,-0.0782961997,-3342474.986,-6029066.149,-3557564.166,0
784,softening-ubiquitous,1623,50.08843741,-9.676158636,-0.2538299883,-0.06861526595,-3342474.986,-6029066.149,-3557564.166,0
785,softening-ubiquitous,1519,46.34493142,-6.908900285,-0.2642598196,-0.0782961997,-2410056.597,-8056736.631,-926330.0703,0
785,softening-ubiquitous,1623,50.08843741,-9.676158636,-0.2538299883,-0.06861526595,-2410056.597,-8056736.631,-926330.0703,0
785,softening-ubiquitous,1521,46.34493142,13.24205764,-0.312732979,-0.09269928324,-2410056.597,-8056736.631,-926330.0703,0
785,softening-ubiquitous,1625,50.08843741,12.10249038,-0.3089827288,-0.08139113496,-2410056.597,-8056736.631,-926330.0703,0
786,softening-ubiquitous,1521,46.34493142,13.24205764,-0.312732979,-0.09269928324,-3869916.655,-5959657.879,856576.6118,0
786,softening-ubiquitous,1625,50.08843741,12.10249038,-0.3089827288,-0.08139113496,-3869916.655,-5959657.879,856576.6118,0
786,softening-ubiquitous,1523,46.34493142,27.35,-0.3446736692,-0.09669158397,-3869916.655,-5959657.879,856576.6118,0
786,softening-ubiquitous,1627,50.08843741,27.35,-0.3436517427,-0.08581153253,-3869916.655,-5959657.879,856576.6118,0
787,softening-ubiquitous,1523,46.34493142,27.35,-0.3446736692,-0.09669158397,-3702968.812,-4746276.021,1401125.933,0
787,softening-ubiquitous,1627,50.08843741,27.35,-0.3436517427,-0.08581153253,-3702968.812,-4746276.021,1401125.933,0
787,softening-ubiquitous,1525,46.25110776,33.43271287,-0.3570524061,-0.09776207252,-3702968.812,-4746276.021,1401125.933,0
787,softening-ubiquitous,1629,50.00115981,33.92590084,-0.3572172326,-0.08699671557,-3702968.812,-4746276.021,1401125.933,0
788,softening-ubiquitous,1525,46.25110776,33.43271287,-0.3570524061,-0.09776207252,-3724819.576,-4080137.521,1678882.784,0
788,softening-ubiquitous,1629,50.00115981,33.92590084,-0.3572172326,-0.08699671557,-3724819.576,-4080137.521,1678882.784,0
788,softening-ubiquitous,1527,45.97047014,39.66775035,-0.3690663151,-0.09884180046,-3724819.576,-4080137.521,1678882.784,0
788,softening-ubiquitous,1631,49.74010224,40.67782023,-0.3701980118,-0.08810022855,-3724819.576,-4080137.521,1678882.784,0
789,softening-ubiquitous,1527,45.97047014,39.66775035,-0.3690663151,-0.09884180046,-3122643.671,-3247474.651,2324034.234,0
789,softening-ubiquitous,1631,49.74010224,40.67782023,-0.3701980118,-0.08810022855,-3122643.671,-3247474.651,2324034.234,0
789,softening-ubiquitous,1529,44.87260522,53.2572107,-0.3921937117,-0.1015941895,-3122643.671,-3247474.651,2324034.234,0
789,softening-ubiquitous,1633,48.71883519,55.47783261,-0.3945401787,-0.09057295173,-3122643.671,-3247474.651,2324034.234,0
790,softening-ubiquitous,1529,44.87260522,53.2572107,-0.3921937117,-0.1015941895,-2670261.713,-2670261.713,2670813.426,240
790,softening-ubiquitous,1633,48.71883519,55.47783261,-0.3945401787,-0.09057295173,-2670261.713,-2670261.713,2670813.426,240
790,softening-ubiquitous,1531,44.42127581,57.78400207,-0.007657876651,0.2890538454,-2670261.713,-2670261.713,2670813.426,240
790,softening-ubiquitous,1635,48.29899497,60.44071353,-0.01282794859,0.2976071569,-2670261.713,-2670261.713,2670813.426,240
791,softening-ubiquitous,1531,44.42127581,57.78400207,-0.007657876651,0.2890538454,-6698572.185,-2899896.154,1017033.059,0
791,softening-ubiquitous,1635,48.29899497,60.44071353,-0.01282794859,0.2976071569,-6698572.185,-2899896.154,1017033.059,0
791,softening-ubiquitous,1533,40.52753692,67.87753692,-0.02165312319,0.2828753852,-6698572.185,-2899896.154,1017033.059,0
791,softening-ubiquitous,1637,44.16411326,71.51411326,-0.02735553724,0.2921388086,-6698572.185,-2899896.154,1017033.059,0
792,softening-ubiquitous,1533,40.52753692,67.87753692,-0.02165312319,0.2828753852,-9472507.852,-4042874.802,-786218.0196,64
792,softening-ubiquitous,1637,44.16411326,71.51411326,-0.02735553724,0.2921388086,-9472507.852,-4042874.802,-786218.0196,64
792,softening-ubiquitous,1535,24.40689824,69.6239878,-0.000911716442,0.2681478828,-9472507.852,-4042874.802,-786218.0196,64
792,softening-ubiquitous,1639,26.43612666,73.13871453,-0.009914097524,0.272079709,-9472507.852,-4042874.802,-786218.0196,64
793,softening-ubiquitous,1535,24.40689824,69.6239878,-0.000911716442,0.2681478828,-10462381.22,-5799399.705,-1780221.289,0
793,softening-ubiquitous,1639,26.43612666,73.13871453,-0.009914097524,0.272079709,-10462381.22,-5799399.705,-1780221.289,0
793,softening-ubiquitous,1537,11.62145291,70.72185272,0.004188005532,0.2427724208,-10462381.22,-5799399.705,-1780221.289,0
793,softening-ubiquitous,1641,12.54269676,74.15998158,-0.004406222844,0.2452385245,-10462381.22,-5799399.705,-1780221.289,0
794,softening-ubiquitous,1537,11.62145291,70.72185272,0.004188005532,0.2427724208,-10044805.82,-5344199.895,-1233766.821,0
794,softening-ubiquitous,1641,12.54269676,74.15998158,-0.004406222844,0.2452385245,-10044805.82,-5344199.895,-1233766.821,0
794,softening-ubiquitous,1539,5.146625176,71.096314,0.006973255766,0.2280706195,-10044805.82,-5344199.895,-1233766.821,0
794,softening-ubiquitous,1643,5.548037265,74.50831675,-0.001526455165,0.2294558503,-10044805.82,-5344199.895,-1233766.821,0
795,softening-ubiquitous,1539,5.146625176,71.096314,0.006973255766,0.2280706195,-9838513.322,-5228750.41,-998869.5862,0
795,softening-ubiquitous,1643,5.548037265,74.50831675,-0.001526455165,0.2294558503,-9838513.322,-5228750.41,-998869.5862,0
795,softening-ubiquitous,1541,3.859968882,71.096314,0.007684679092,0.2249585099,-9838513.322,-5228750.41,-998869.5862,0
795,softening-ubiquitous,1645,4.161027949,74.50831675,-0.0008262358757,0.2261366838,-9838513.322,-5228750.41,-998869.5862,0
796,softening-ubiquitous,1541,3.859968882,71.096314,0.007684679092,0.2249585099,-9799896.972,-5155743.407,-940294.3179,0
796,softening-ubiquitous,1645,4.161027949,74.50831675,-0.0008262358757,0.2261366838,-9799896.972,-5155743.407,-940294.3179,0
796,softening-ubiquitous,1543,2.573312588,71.096314,0.008394450341,0.2217909652,-9799896.972,-5155743.407,-940294.3179,0
796,softening-ubiquitous,1647,2.774018632,74.50831675,-0.0001274170022,0.2227648563,-9799896.972,-5155743.407,-940294.3179,0
797,softening-ubiquitous,1543,2.573312588,71.096314,0.008394450341,0.2217909652,-9763264.984,-5062927.61,-887949.1768,0
797,softening-ubiquitous,1647,2.774018632,74.50831675,-0.0001274170022,0.2227648563,-9763264.984,-5062927.61,-887949.1768,0
797,softening-ubiquitous,1545,1.286656294,71.096314,0.009105206392,0.2185729345,-9763264.984,-5062927.61,-887949.1768,0
797,softening-ubiquitous,1649,1.387009316,74.50831675,0.0005708146007,0.2193412724,-9763264.984,-5062927.61,-887949.1768,0
798,softening-ubiquitous,1545,1.286656294,71.096314,0.009105206392,0.2185729345,-9728065.522,-4957773.672,-845797.4517,0
798,softening-ubiquitous,1649,1.387009316,74.50831675,0.0005708146007,0.2193412724,-9728065.522,-4957773.672,-845797.4517,0
798,softening-ubiquitous,1547,0,71.096314,0.009818093587,0.2153096999,-9728065.522,-4957773.672,-845797.4517,0
798,softening-ubiquitous,1651,0,74.50831675,0.001269627626,0.215869547,-9728065.522,-4957773.672,-845797.4517,0
799,softening-ubiquitous,1547,0,71.096314,0.009818093587,0.2153096999,-9693011.877,-4844582.406,-814421.6571,0
799,softening-ubiquitous,1651,0,74.50831675,0.001269627626,0.215869547,-9693011.877,-4844582.406,-814421.6571,0
799,softening-ubiquitous,1549,-1.286656294,71.096314,0.01053352778,0.2120062201,-9693011.877,-4844582.406,-814421.6571,0
799,softening-ubiquitous,1653,-1.387009316,74.50831675,0.001969819525,0.2123540708,-9693011.877,-4844582.406,-814421.6571,0
800,softening-ubiquitous,1549,-1.286656294,71.096314,0.01053352778,0.2120062201,-9658146.519,-4727123.781,-794342.4047,0
800,softening-ubiquitous,1653,-1.387009316,74.50831675,0.001969819525,0.2123540708,-9658146.519,-4727123.781,-794342.4047,0
800,softening-ubiquitous,1551,-2.573312588,71.096314,0.01125163561,0.2086678498,-9658146.519,-4727123.781,-794342.4047,0
800,softening-ubiquitous,1655,-2.774018632,74.50831675,0.002671959458,0.208799667,-9658146.519,-4727123.781,-794342.4047,0
801,softening-ubiquitous,1551,-2.573312588,71.096314,0.01125163561,0.2086678498,-9620712.505,-4607212.5,-784884.225,0
801,softening-ubiquitous,1655,-2.774018632,74.50831675,0.002671959458,0.208799667,-9620712.505,-4607212.5,-784884.225,0
801,softening-ubiquitous,1553,-3.859968882,71.096314,0.0119720646,0.2052993527,-9620712.505,-4607212.5,-784884.225,0
801,softening-ubiquitous,1657,-4.161027949,74.50831675,0.003375761512,0.2052111657,-9620712.505,-4607212.5,-784884.225,0
802,softening-ubiquitous,1553,-3.859968882,71.096314,0.0119720646,0.2052993527,-9580663.797,-4487396.63,-785700.2833,0
802,softening-ubiquitous,1657,-4.161027949,74.50831675,0.003375761512,0.2052111657,-9580663.797,-4487396.63,-785700.2833,0
802,softening-ubiquitous,1555,-5.146625176,71.096314,0.01269422434,0.2019056987,-9580663.797,-4487396.63,-785700.2833,0
802,softening-ubiquitous,1659,-5.548037265,74.50831675,0.004080994789,0.2015932915,-9580663.797,-4487396.63,-785700.2833,0
803,softening-ubiquitous,1555,-5.146625176,71.096314,0.01269422434,0.2019056987,-9440107.308,-4161267.435,-844843.9443,0
803,softening-ubiquitous,1659,-5.548037265,74.50831675,0.004080994789,0.2015932915,-9440107.308,-4161267.435,-844843.9443,0
803,softening-ubiquitous,1557,-11.62145291,70.72185272,0.01732076518,0.1844708859,-9440107.308,-4161267.435,-844843.9443,0
803,softening-ubiquitous,1661,-12.54269676,74.15998158,0.008541851641,0.1829455755,-9440107.308,-4161267.435,-844843.9443,0
804,softening-ubiquitous,1557,-11.62145291,70.72185272,0.01732076518,0.1844708859,-8971434.582,-3532738.178,-1196981.855,0
804,softening-ubiquitous,1661,-12.54269676,74.15998158,0.008541851641,0.1829455755,-8971434.582,-3532738.178,-1196981.855,0
804,softening-ubiquitous,1559,-24.40689824,69.6239878,0.02718179138,0.1497484385,-8971434.582,-3532738.178,-1196981.855,0
804,softening-ubiquitous,1663,-26.43612666,73.13871453,0.01806636984,0.1454714812,-8971434.582,-3532738.178,-1196981.855,0
805,softening-ubiquitous,1559,-24.40689824,69.6239878,0.02718179138,0.1497484385,-8074010.884,-3253530.053,-1855792.928,0
805,softening-ubiquitous,1663,-26.43612666,73.13871453,0.01806636984,0.1454714812,-8074010.884,-3253530.053,-1855792.928,0
805,softening-ubiquitous,1561,-40.52753692,67.87753692,0.03921858679,0.1073939552,-8074010.884,-3253530.053,-1855792.928,0
805,softening-ubiquitous,1665,-44.16411326,71.51411326,0.0295767795,0.09906842264,-8074010.884,-3253530.053,-1855792.928,0
806,softening-ubiquitous,1561,-40.52753692,67.87753692,0.03921858679,0.1073939552,-7517941.661,-3396930.364,-2499389.193,0
806,softening-ubiquitous,1665,-44.16411326,71.51411326,0.0295767795,0.09906842264,-7517941.661,-3396930.364,-2499389.193,0
806,softening-ubiquitous,1563,-44.42127581,57.78400207,0.07166577491,0.09508637013,-7517941.661,-3396930.364,-2499389.193,0
806,softening-ubiquitous,1667,-48.29899497,60.44071353,0.06447524855,0.08635999465,-7517941.661,-3396930.364,-2499389.193,0
807,softening-ubiquitous,1563,-44.42127581,57.78400207,0.07166577491,0.09508637013,-7205406.203,-3392426.455,-3024696.114,0
807,softening-ubiquitous,1667,-48.29899497,60.44071353,0.06447524855,0.08635999465,-7205406.203,-3392426.455,-3024696.114,0
807,softening-ubiquitous,1565,-44.87260522,53.2572107,0.08621971848,0.09288563385,-7205406.203,-3392426.455,-3024696.114,0
807,softening-ubiquitous,1669,-48.71883519,55.47783261,0.08016649294,0.08432623852,-7205406.203,-3392426.455,-3024696.114,0
808,softening-ubiquitous,1565,-44.87260522,53.2572107,0.08621971848,0.09288563385,-6521324.829,-3478142.813,-3508606.24,0
808,softening-ubiquitous,1669,-48.71883519,55.47783261,0.08016649294,0.08432623852,-6521324.829,-3478142.813,-3508606.24,0
808,softening-ubiquitous,1567,-45.97047014,39.66775035,0.1304750666,0.0876855109,-6521324.829,-3478142.813,-3508606.24,0
808,softening-ubiquitous,1671,-49.74010224,40.67782023,0.127570781,0.07963956008,-6521324.829,-3478142.813,-3508606.24,0
809,softening-ubiquitous,1567,-45.97047014,39.66775035,0.1304750666,0.0876855109,-5444780.865,-3638869.258,-3794579.044,0
809,softening-ubiquitous,1671,-49.74010224,40.67782023,0.127570781,0.07963956008,-5444780.865,-3638869.258,-3794579.044,0
809,softening-ubiquitous,1569,-46.25110776,33.43271287,0.1505608953,0.08633097909,-5444780.865,-3638869.258,-3794579.044,0
809,softening-ubiquitous,1673,-50.00115981,33.92590084,0.1489536992,0.07852649022,-5444780.865,-3638869.258,-3794579.044,0
810,softening-ubiquitous,1569,-46.25110776,33.43271287,0.1505608953,0.08633097909,-4625218.001,-3774546.446,-3719712.385,0
810,softening-ubiquitous,1673,-50.00115981,33.92590084,0.1489536992,0.07852649022,-4625218.001,-3774546.446,-3719712.385,0
810,softening-ubiquitous,1571,-46.34493142,27.35,0.1695271281,0.08576178942,-4625218.001,-3774546.446,-3719712.385,0
810,softening-ubiquitous,1675,-50.08843741,27.35,0.1690396043,0.07822189014,-4625218.001,-3774546.446,-3719712.385,0
811,softening-ubiquitous,1571,-46.34493142,27.35,0.1695271281,0.08576178942,-3042621.677,-4142039.192,-3033151.243,0
811,softening-ubiquitous,1675,-50.08843741,27.35,0.1690396043,0.07822189014,-3042621.677,-4142039.192,-3033151.243,0
811,softening-ubiquitous,1573,-46.34493142,13.24205764,0.2083459991,0.08673188923,-3042621.677,-4142039.192,-3033151.243,0
811,softening-ubiquitous,1677,-50.08843741,12.10249038,0.2096472637,0.07998093243,-3042621.677,-4142039.192,-3033151.243,0
812,softening-ubiquitous,1573,-46.34493142,13.24205764,0.2083459991,0.08673188923,-2148331.586,-4313841.379,-697403.3827,0
812,softening-ubiquitous,1677,-50.08843741,12.10249038,0.2096472637,0.07998093243,-2148331.586,-4313841.379,-697403.3827,0
812,softening-ubiquitous,1575,-46.34493142,-6.908900285,0.2434335081,0.08971313976,-2148331.586,-4313841.379,-697403.3827,0
812,softening-ubiquitous,1679,-50.08843741,-9.676158636,0.2455306153,0.08384438367,-2148331.586,-4313841.379,-697403.3827,0
813,softening-ubiquitous,1575,-46.34493142,-6.908900285,0.2434335081,0.08971313976,-3319392.573,-4244817.935,2156199.449,0
813,softening-ubiquitous,1679,-50.08843741,-9.676158636,0.2455306153,0.08384438367,-3319392.573,-4244817.935,2156199.449,0
813,softening-ubiquitous,1577,-46.34493142,-27.05985821,0.2602673171,0.0928102704,-3319392.573,-4244817.935,2156199.449,0
813,softening-ubiquitous,1681,-50.08843741,-31.45480765,0.2616788417,0.08506854323,-3319392.573,-4244817.935,2156199.449,0
814,softening-ubiquitous,1577,-46.34493142,-27.05985821,0.2602673171,0.0928102704,-3625285.353,-2985514.511,2426522.823,208
814,softening-ubiquitous,1681,-50.08843741,-31.45480765,0.2616788417,0.08506854323,-3625285.353,-2985514.511,2426522.823,208
814,softening-ubiquitous,1579,-43.37107557,-42.42640687,0.2235157516,0.05073284337,-3625285.353,-2985514.511,2426522.823,208
814,softening-ubiquitous,1683,-46.7352095,-47.83870469,0.2167343214,0.0353548426,-3625285.353,-2985514.511,2426522.823,208
815,softening-ubiquitous,1579,-43.37107557,-42.42640687,0.2235157516,0.05073284337,-3104187.947,-2736270.069,2414805.975,208
815,softening-ubiquitous,1683,-46.7352095,-47.83870469,0.2167343214,0.0353548426,-3104187.947,-2736270.069,2414805.975,208
815,softening-ubiquitous,1581,-36.48156355,-47.20472473,0.172537949,0.008044726175,-3104187.947,-2736270.069,2414805.975,208
815,softening-ubiquitous,1685,-38.96680875,-52.28364004,0.1582809782,-0.01426885286,-3104187.947,-2736270.069,2414805.975,208
816,softening-ubiquitous,1581,-36.48156355,-47.20472473,0.172537949,0.008044726175,-2855665.919,-2721677.106,2604605.866,208
816,softening-ubiquitous,1685,-38.96680875,-52.28364004,0.1582809782,-0.01426885286,-2855665.919,-2721677.106,2604605.866,208
816,softening-ubiquitous,1583,-32.00937636,-51.98304258,0.1170731862,-0.04312106601,-2855665.919,-2721677.106,2604605.866,208
816,softening-ubiquitous,1687,-33.92410874,-56.72857538,0.1006707786,-0.06681043691,-2855665.919,-2721677.106,2604605.866,208
817,softening-ubiquitous,1583,-32.00937636,-51.98304258,0.1170731862,-0.04312106601,-3400683.618,-2817317.328,2307607.614,80
817,softening-ubiquitous,1687,-33.92410874,-56.72857538,0.1006707786,-0.06681043691,-3400683.618,-2817317.328,2307607.614,80
817,softening-ubiquitous,1585,-28.87214795,-56.76136043,0.07048042664,-0.08816200915,-3400683.618,-2817317.328,2307607.614,80
817,softening-ubiquitous,1689,-30.38666698,-61.17351072,0.05671957642,-0.1084793179,-3400683.618,-2817317.328,2307607.614,80
818,softening-ubiquitous,1585,-28.87214795,-56.76136043,0.07048042664,-0.08816200915,-5279820.601,-3242786.561,1462951.065,80
818,softening-ubiquitous,1689,-30.38666698,-61.17351072,0.05671957642,-0.1084793179,-5279820.601,-3242786.561,1462951.065,80
818,softening-ubiquitous,1587,-26.54977214,-61.53967829,0.0349736904,-0.1240163828,-5279820.601,-3242786.561,1462951.065,80
818,softening-ubiquitous,1691,-27.76802781,-65.61844606,0.02515762389,-0.1399261954,-5279820.601,-3242786.561,1462951.065,80
819,softening-ubiquitous,1587,-26.54977214,-61.53967829,0.0349736904,-0.1240163828,-8841733.812,-3950327.187,-323484.1584,80
819,softening-ubiquitous,1691,-27.76802781,-65.61844606,0.02515762389,-0.1399261954,-8841733.812,-3950327.187,-323484.1584,80
819,softening-ubiquitous,1589,-24.7612689,-66.31799614,0.01008072264,-0.1511192828,-8841733.812,-3950327.187,-323484.1584,80
819,softening-ubiquitous,1693,-25.75136686,-70.06338141,0.0060761419,-0.1611395911,-8841733.812,-3950327.187,-323484.1584,80
820,softening-ubiquitous,1589,-24.7612689,-66.31799614,0.01008072264,-0.1511192828,-14008998.77,-4882744.167,-3091139.499,80
820,softening-ubiquitous,1693,-25.75136686,-70.06338141,0.0060761419,-0.1611395911,-14008998.77,-4882744.167,-3091139.499,80
820,softening-ubiquitous,1487,-23.34152494,-71.096314,-0.00196043081,-0.1683819257,-14008998.77,-4882744.167,-3091139.499,80
820,softening-ubiquitous,1591,-24.15050746,-74.50831675,0.0003735423198,-0.170640487,-14008998.77,-4882744.167,-3091139.499,80
821,softening-ubiquitous,1591,-24.15050746,-74.50831675,0.0003735423198,-0.170640487,-14119164.62,-5624660.313,-3544842.459,0
821,softening-ubiquitous,1695,-24.99123476,-78.05420777,0.00450446102,-0.1718444053,-14119164.62,-5624660.313,-3544842.459,0
821,softening-ubiquitous,1593,-18.11288059,-74.50831675,-0.006417548229,-0.1704933119,-14119164.62,-5624660.313,-3544842.459,0
821,softening-ubiquitous,1697,-18.74342607,-78.05420777,-0.001811957311,-0.1715100031,-14119164.62,-5624660.313,-3544842.459,0
822,softening-ubiquitous,1593,-18.11288059,-74.50831675,-0.006417548229,-0.1704933119,-13787038.01,-5912436.08,-3390841.043,0
822,softening-ubiquitous,1697,-18.74342607,-78.05420777,-0.001811957311,-0.1715100031,-13787038.01,-5912436.08,-3390841.043,0
822,softening-ubiquitous,1595,-12.07525373,-74.50831675,-0.01285325034,-0.1686012631,-13787038.01,-5912436.08,-3390841.043,0
822,softening-ubiquitous,1699,-12.49561738,-78.05420777,-0.007760941585,-0.1696735818,-13787038.01,-5912436.08,-3390841.043,0
823,softening-ubiquitous,1595,-12.07525373,-74.50831675,-0.01285325034,-0.1686012631,-13062339.13,-5805747.885,-3038342.166,0
823,softening-ubiquitous,1699,-12.49561738,-78.05420777,-0.007760941585,-0.1696735818,-13062339.13,-5805747.885,-3038342.166,0
823,softening-ubiquitous,1597,-6.037626865,-74.50831675,-0.01871737483,-0.1647978867,-13062339.13,-5805747.885,-3038342.166,0
823,softening-ubiquitous,1701,-6.247808689,-78.05420777,-0.01318660581,-0.1657182266,-13062339.13,-5805747.885,-3038342.166,0
824,softening-ubiquitous,1597,-6.037626865,-74.50831675,-0.01871737483,-0.1647978867,-12387976.9,-5677145.782,-2640836.052,0
824,softening-ubiquitous,1701,-6.247808689,-78.05420777,-0.01318660581,-0.1657182266,-12387976.9,-5677145.782,-2640836.052,0
824,softening-ubiquitous,1599,0,-74.50831675,-0.02407988918,-0.1590032898,-12387976.9,-5677145.782,-2640836.052,0
824,softening-ubiquitous,1703,0,-78.05420777,-0.01811433838,-0.1597424704,-12387976.9,-5677145.782,-2640836.052,0
825,softening-ubiquitous,1599,0,-74.50831675,-0.02407988918,-0.1590032898,-11758141.26,-5396110.087,-2329076.282,0
825,softening-ubiquitous,1703,0,-78.05420777,-0.01811433838,-0.1597424704,-11758141.26,-5396110.087,-2329076.282,0
825,softening-ubiquitous,1601,6.037626865,-74.50831675,-0.02904220733,-0.1514727075,-11758141.26,-5396110.087,-2329076.282,0
825,softening-ubiquitous,1705,6.247808689,-78.05420777,-0.02261433094,-0.1519516189,-11758141.26,-5396110.087,-2329076.282,0
826,softening-ubiquitous,1601,6.037626865,-74.50831675,-0.02904220733,-0.1514727075,-11089648.83,-5125858.338,-2158129.124,0
826,softening-ubiquitous,1705,6.247808689,-78.05420777,-0.02261433094,-0.1519516189,-11089648.83,-5125858.338,-2158129.124,0
826,softening-ubiquitous,1603,12.07525373,-74.50831675,-0.03354464395,-0.1426086713,-11089648.83,-5125858.338,-2158129.124,0
826,softening-ubiquitous,1707,12.49561738,-78.05420777,-0.02667705233,-0.1426764119,-11089648.83,-5125858.338,-2158129.124,0
827,softening-ubiquitous,1603,12.07525373,-74.50831675,-0.03354464395,-0.1426086713,-10366078.04,-4966960.101,-2016326.831,0
827,softening-ubiquitous,1707,12.49561738,-78.05420777,-0.02667705233,-0.1426764119,-10366078.04,-4966960.101,-2016326.831,0
827,softening-ubiquitous,1605,18.11288059,-74.50831675,-0.03747919828,-0.132617618,-10366078.04,-4966960.101,-2016326.831,0
827,softening-ubiquitous,1709,18.74342607,-78.05420777,-0.03024890094,-0.1321452717,-10366078.04,-4966960.101,-2016326.831,0
828,softening-ubiquitous,1605,18.11288059,-74.50831675,-0.03747919828,-0.132617618,-9675777.142,-4868065.567,-1829355.046,0
828,softening-ubiquitous,1709,18.74342607,-78.05420777,-0.03024890094,-0.1321452717,-9675777.142,-4868065.567,-1829355.046,0
828,softening-ubiquitous,1607,24.15050746,-74.50831675,-0.04085489874,-0.1215520343,-9675777.142,-4868065.567,-1829355.046,0
828,softening-ubiquitous,1711,24.99123476,-78.05420777,-0.03333487563,-0.1204836298,-9675777.142,-4868065.567,-1829355.046,0
829,softening-ubiquitous,1607,24.15050746,-74.50831675,-0.04085489874,-0.1215520343,-9622154.099,-4942887.442,-1923137.38,0
829,softening-ubiquitous,1711,24.99123476,-78.05420777,-0.03333487563,-0.1204836298,-9622154.099,-4942887.442,-1923137.38,0
829,softening-ubiquitous,1609,25.75136686,-70.06338141,-0.05231887887,-0.1177694623,-9622154.099,-4942887.442,-1923137.38,0
829,softening-ubiquitous,1713,26.78031663,-73.95573699,-0.04349482044,-0.1163307608,-9622154.099,-4942887.442,-1923137.38,0
830,softening-ubiquitous,1609,25.75136686,-70.06338141,-0.05231887887,-0.1177694623,-9880229.445,-5109264.102,-2252897.774,0
830,softening-ubiquitous,1713,26.78031663,-73.95573699,-0.04349482044,-0.1163307608,-9880229.445,-5109264.102,-2252897.774,0
830,softening-ubiquitous,1611,27.76802781,-65.61844606,-0.06488664536,-0.1131324209,-9880229.445,-5109264.102,-2252897.774,0
830,softening-ubiquitous,1715,29.0340883,-69.85726621,-0.0546066634,-0.111152091,-9880229.445,-5109264.102,-2252897.774,0
831,softening-ubiquitous,1611,27.76802781,-65.61844606,-0.06488664536,-0.1131324209,-10005767.79,-5194031.288,-2546122.534,0
831,softening-ubiquitous,1715,29.0340883,-69.85726621,-0.0546066634,-0.111152091,-10005767.79,-5194031.288,-2546122.534,0
831,softening-ubiquitous,1613,30.38666698,-61.17351072,-0.07873721717,-0.1070969091,-10005767.79,-5194031.288,-2546122.534,0
831,softening-ubiquitous,1717,31.9606163,-65.75879544,-0.06682183479,-0.1043913863,-10005767.79,-5194031.288,-2546122.534,0
832,softening-ubiquitous,1613,30.38666698,-61.17351072,-0.07873721717,-0.1070969091,-9905235.344,-5125378.737,-2845878.941,0
832,softening-ubiquitous,1717,31.9606163,-65.75879544,-0.06682183479,-0.1043913863,-9905235.344,-5125378.737,-2845878.941,0
832,softening-ubiquitous,1615,33.92410874,-56.72857538,-0.0940369345,-0.09879635082,-9905235.344,-5125378.737,-2845878.941,0
832,softening-ubiquitous,1719,35.91397593,-61.66032466,-0.08032456936,-0.09510628624,-9905235.344,-5125378.737,-2845878.941,0
833,softening-ubiquitous,1615,33.92410874,-56.72857538,-0.0940369345,-0.09879635082,-9434780.152,-4948693.467,-3150701.315,0
833,softening-ubiquitous,1719,35.91397593,-61.66032466,-0.08032456936,-0.09510628624,-9434780.152,-4948693.467,-3150701.315,0
833,softening-ubiquitous,1617,38.96680875,-52.28364004,-0.1107136807,-0.08687961291,-9434780.152,-4948693.467,-3150701.315,0
833,softening-ubiquitous,1721,41.5495759,-57.56185388,-0.0952066944,-0.08171826284,-9434780.152,-4948693.467,-3150701.315,0
834,softening-ubiquitous,1617,38.96680875,-52.28364004,-0.1107136807,-0.08687961291,-8568238.918,-4794841.984,-3324300.079,0
834,softening-ubiquitous,1721,41.5495759,-57.56185388,-0.0952066944,-0.08171826284,-8568238.918,-4794841.984,-3324300.079,0
834,softening-ubiquitous,1619,46.7352095,-47.83870469,-0.1282827616,-0.06862136339,-8568238.918,-4794841.984,-3324300.079,0
834,softening-ubiquitous,1723,50.2313533,-53.46338311,-0.1112790913,-0.06103718481,-8568238.918,-4794841.984,-3324300.079,0
835,softening-ubiquitous,1619,46.7352095,-47.83870469,-0.1282827616,-0.06862136339,-6950166.661,-5216736.573,-3638979.518,0
835,softening-ubiquitous,1723,50.2313533,-53.46338311,-0.1112790913,-0.06103718481,-6950166.661,-5216736.573,-3638979.518,0
835,softening-ubiquitous,1621,50.08843741,-31.45480765,-0.1836017782,-0.06190801716,-6950166.661,-5216736.573,-3638979.518,0
835,softening-ubiquitous,1725,53.97883998,-36.02221655,-0.1682162907,-0.05239105002,-6950166.661,-5216736.573,-3638979.518,0
836,softening-ubiquitous,1621,50.08843741,-31.45480765,-0.1836017782,-0.06190801716,-4177977.044,-6053075.724,-3495995.181,0
836,softening-ubiquitous,1725,53.97883998,-36.02221655,-0.1682162907,-0.05239105002,-4177977.044,-6053075.724,-3495995.181,0
836,softening-ubiquitous,1623,50.08843741,-9.676158636,-0.2538299883,-0.06861526595,-4177977.044,-6053075.724,-3495995.181,0
836,softening-ubiquitous,1727,53.97883998,-12.55200524,-0.2433127149,-0.05845930019,-4177977.044,-6053075.724,-3495995.181,0
837,softening-ubiquitous,1623,50.08843741,-9.676158636,-0.2538299883,-0.06861526595,-2837038.629,-7502643.659,-1273138.247,0
837,softening-ubiquitous,1727,53.97883998,-12.55200524,-0.2433127149,-0.05845930019,-2837038.629,-7502643.659,-1273138.247,0
837,softening-ubiquitous,1625,50.08843741,12.10249038,-0.3089827288,-0.08139113496,-2837038.629,-7502643.659,-1273138.247,0
837,softening-ubiquitous,1729,53.97883998,10.91820606,-0.3050465262,-0.07028375536,-2837038.629,-7502643.659,-1273138.247,0
838,softening-ubiquitous,1625,50.08843741,12.10249038,-0.3089827288,-0.08139113496,-3991233.363,-6025850.752,416017.1232,0
838,softening-ubiquitous,1729,53.97883998,10.91820606,-0.3050465262,-0.07028375536,-3991233.363,-6025850.752,416017.1232,0
838,softening-ubiquitous,1627,50.08843741,27.35,-0.3436517427,-0.08581153253,-3991233.363,-6025850.752,416017.1232,0
838,softening-ubiquitous,1731,53.97883998,27.35,-0.3427077349,-0.07501098764,-3991233.363,-6025850.752,416017.1232,0
839,softening-ubiquitous,1627,50.08843741,27.35,-0.3436517427,-0.08581153253,-3919512.006,-4906083.31,1000593.494,0
839,softening-ubiquitous,1731,53.97883998,27.35,-0.3427077349,-0.07501098764,-3919512.006,-4906083.31,1000593.494,0
839,softening-ubiquitous,1629,50.00115981,33.92590084,-0.3572172326,-0.08699671557,-3919512.006,-4906083.31,1000593.494,0
839,softening-ubiquitous,1733,53.89836531,34.43844169,-0.3574359044,-0.07628680885,-3919512.006,-4906083.31,1000593.494,0
840,softening-ubiquitous,1629,50.00115981,33.92590084,-0.3572172326,-0.08699671557,-3873189.261,-4243389.956,1358782.651,0
840,softening-ubiquitous,1733,53.89836531,34.43844169,-0.3574359044,-0.07628680885,-3873189.261,-4243389.956,1358782.651,0
840,softening-ubiquitous,1631,49.74010224,40.67782023,-0.3701980118,-0.08810022855,-3873189.261,-4243389.956,1358782.651,0
840,softening-ubiquitous,1735,53.65765612,41.72752562,-0.3714046523,-0.07743053749,-3873189.261,-4243389.956,1358782.651,0
841,softening-ubiquitous,1631,49.74010224,40.67782023,-0.3701980118,-0.08810022855,-3247152.615,-3361527.01,2125908.274,0
841,softening-ubiquitous,1735,53.65765612,41.72752562,-0.3714046523,-0.07743053749,-3247152.615,-3361527.01,2125908.274,0
841,softening-ubiquitous,1633,48.71883519,55.47783261,-0.3945401787,-0.09057295173,-3247152.615,-3361527.01,2125908.274,0
841,softening-ubiquitous,1737,52.71599266,57.78559255,-0.3968423077,-0.07967128013,-3247152.615,-3361527.01,2125908.274,0
842,softening-ubiquitous,1633,48.71883519,55.47783261,-0.3945401787,-0.09057295173,-2634373.611,-2634373.611,2634579.554,240
842,softening-ubiquitous,1737,52.71599266,57.78559255,-0.3968423077,-0.07967128013,-2634373.611,-2634373.611,2634579.554,240
842,softening-ubiquitous,1635,48.29899497,60.44071353,-0.01282794859,0.2976071569,-2634373.611,-2634373.611,2634579.554,240
842,softening-ubiquitous,1739,52.32887727,63.20167535,-0.01831517792,0.3054759862,-2634373.611,-2634373.611,2634579.554,240
843,softening-ubiquitous,1635,48.29899497,60.44071353,-0.01282794859,0.2976071569,-7216515.254,-3107180.348,510312.454,0
843,softening-ubiquitous,1739,52.32887727,63.20167535,-0.01831517792,0.3054759862,-7216515.254,-3107180.348,510312.454,0
843,softening-ubiquitous,1637,44.16411326,71.51411326,-0.02735553724,0.2921388086,-7216515.254,-3107180.348,510312.454,0
843,softening-ubiquitous,1741,47.94339022,75.29339022,-0.0332269628,0.3008735326,-7216515.254,-3107180.348,510312.454,0
844,softening-ubiquitous,1637,44.16411326,71.51411326,-0.02735553724,0.2921388086,-9660669.351,-3917309.277,-852783.6962,64
844,softening-ubiquitous,1741,47.94339022,75.29339022,-0.0332269628,0.3008735326,-9660669.351,-3917309.277,-852783.6962,64
844,softening-ubiquitous,1639,26.43612666,73.13871453,-0.009914097524,0.272079709,-9660669.351,-3917309.277,-852783.6962,64
844,softening-ubiquitous,1743,28.54498276,76.79136045,-0.01898060059,0.2758395516,-9660669.351,-3917309.277,-852783.6962,64
845,softening-ubiquitous,1639,26.43612666,73.13871453,-0.009914097524,0.272079709,-10225673.59,-5815756.864,-1750745.903,0
845,softening-ubiquitous,1743,28.54498276,76.79136045,-0.01898060059,0.2758395516,-10225673.59,-5815756.864,-1750745.903,0
845,softening-ubiquitous,1641,12.54269676,74.15998158,-0.004406222844,0.2452385245,-10225673.59,-5815756.864,-1750745.903,0
845,softening-ubiquitous,1745,13.50009057,77.7330239,-0.01299076192,0.2478256563,-10225673.59,-5815756.864,-1750745.903,0
846,softening-ubiquitous,1641,12.54269676,74.15998158,-0.004406222844,0.2452385245,-9614890.006,-5165189.14,-1064838.271,0
846,softening-ubiquitous,1745,13.50009057,77.7330239,-0.01299076192,0.2478256563,-9614890.006,-5165189.14,-1064838.271,0
846,softening-ubiquitous,1643,5.548037265,74.50831675,-0.001526455165,0.2294558503,-9614890.006,-5165189.14,-1064838.271,0
846,softening-ubiquitous,1747,5.965200914,78.05420777,-0.01012623178,0.2308603006,-9614890.006,-5165189.14,-1064838.271,0
847,softening-ubiquitous,1643,5.548037265,74.50831675,-0.001526455165,0.2294558503,-9440638.228,-5111526.693,-907303.2776,0
847,softening-ubiquitous,1747,5.965200914,78.05420777,-0.01012623178,0.2308603006,-9440638.228,-5111526.693,-907303.2776,0
847,softening-ubiquitous,1645,4.161027949,74.50831675,-0.0008262358757,0.2261366838,-9440638.228,-5111526.693,-907303.2776,0
847,softening-ubiquitous,1749,4.473900685,78.05420777,-0.009438581525,0.2273344073,-9440638.228,-5111526.693,-907303.2776,0
848,softening-ubiquitous,1645,4.161027949,74.50831675,-0.0008262358757,0.2261366838,-9393681.247,-5035255.822,-849304.0078,0
848,softening-ubiquitous,1749,4.473900685,78.05420777,-0.009438581525,0.2273344073,-9393681.247,-5035255.822,-849304.0078,0
848,softening-ubiquitous,1647,2.774018632,74.50831675,-0.0001274170022,0.2227648563,-9393681.247,-5035255.822,-849304.0078,0
848,softening-ubiquitous,1751,2.982600457,78.05420777,-0.0087554514,0.2237469355,-9393681.247,-5035255.822,-849304.0078,0
849,softening-ubiquitous,1647,2.774018632,74.50831675,-0.0001274170022,0.2227648563,-9353217.056,-4956193.652,-799708.3591,0
849,softening-ubiquitous,1751,2.982600457,78.05420777,-0.0087554514,0.2237469355,-9353217.056,-4956193.652,-799708.3591,0
849,softening-ubiquitous,1649,1.387009316,74.50831675,0.0005708146007,0.2193412724,-9353217.056,-4956193.652,-799708.3591,0
849,softening-ubiquitous,1753,1.491300228,78.05420777,-0.008074839302,0.2201042696,-9353217.056,-4956193.652,-799708.3591,0
850,softening-ubiquitous,1649,1.387009316,74.50831675,0.0005708146007,0.2193412724,-9316411.512,-4868651.208,-758430.7684,0
850,softening-ubiquitous,1753,1.491300228,78.05420777,-0.008074839302,0.2201042696,-9316411.512,-4868651.208,-758430.7684,0
850,softening-ubiquitous,1651,0,74.50831675,0.001269627626,0.215869547,-9316411.512,-4868651.208,-758430.7684,0
850,softening-ubiquitous,1755,0,78.05420777,-0.007395211896,0.2164104094,-9316411.512,-4868651.208,-758430.7684,0
851,softening-ubiquitous,1651,0,74.50831675,0.001269627626,0.215869547,-9281270.335,-4773360.98,-726315.4964,0
851,softening-ubiquitous,1755,0,78.05420777,-0.007395211896,0.2164104094,-9281270.335,-4773360.98,-726315.4964,0
851,softening-ubiquitous,1653,-1.387009316,74.50831675,0.001969819525,0.2123540708,-9281270.335,-4773360.98,-726315.4964,0
851,softening-ubiquitous,1757,-1.491300228,78.05420777,-0.006715520976,0.2126696209,-9281270.335,-4773360.98,-726315.4964,0
852,softening-ubiquitous,1653,-1.387009316,74.50831675,0.001969819525,0.2123540708,-9247433.097,-4672961.792,-703899.0898,0
852,softening-ubiquitous,1757,-1.491300228,78.05420777,-0.006715520976,0.2126696209,-9247433.097,-4672961.792,-703899.0898,0
852,softening-ubiquitous,1655,-2.774018632,74.50831675,0.002671959458,0.208799667,-9247433.097,-4672961.792,-703899.0898,0
852,softening-ubiquitous,1759,-2.982600457,78.05420777,-0.006035075825,0.2088861794,-9247433.097,-4672961.792,-703899.0898,0
853,softening-ubiquitous,1655,-2.774018632,74.50831675,0.002671959458,0.208799667,-9212730.781,-4569608.837,-691250.9155,0
853,softening-ubiquitous,1759,-2.982600457,78.05420777,-0.006035075825,0.2088861794,-9212730.781,-4569608.837,-691250.9155,0
853,softening-ubiquitous,1657,-4.161027949,74.50831675,0.003375761512,0.2052111657,-9212730.781,-4569608.837,-691250.9155,0
853,softening-ubiquitous,1761,-4.473900685,78.05420777,-0.00535347757,0.2050646547,-9212730.781,-4569608.837,-691250.9155,0
854,softening-ubiquitous,1657,-4.161027949,74.50831675,0.003375761512,0.2052111657,-9176719.548,-4465652.425,-687880.8848,0
854,softening-ubiquitous,1761,-4.473900685,78.05420777,-0.00535347757,0.2050646547,-9176719.548,-4465652.425,-687880.8848,0
854,softening-ubiquitous,1659,-5.548037265,74.50831675,0.004080994789,0.2015932915,-9176719.548,-4465652.425,-687880.8848,0
854,softening-ubiquitous,1763,-5.965200914,78.05420777,-0.004670867382,0.2012097072,-9176719.548,-4465652.425,-687880.8848,0
855,softening-ubiquitous,1659,-5.548037265,74.50831675,0.004080994789,0.2015932915,-9053450.157,-4175482.434,-733872.9934,0
855,softening-ubiquitous,1763,-5.965200914,78.05420777,-0.004670867382,0.2012097072,-9053450.157,-4175482.434,-733872.9934,0
855,softening-ubiquitous,1661,-12.54269676,74.15998158,0.008541851641,0.1829455755,-9053450.157,-4175482.434,-733872.9934,0
855,softening-ubiquitous,1765,-13.50009057,77.7330239,-0.0004079820991,0.1812883757,-9053450.157,-4175482.434,-733872.9934,0
856,softening-ubiquitous,1661,-12.54269676,74.15998158,0.008541851641,0.1829455755,-8642503.471,-3606049.006,-1073138.18,0
856,softening-ubiquitous,1765,-13.50009057,77.7330239,-0.0004079820991,0.1812883757,-8642503.471,-3606049.006,-1073138.18,0
856,softening-ubiquitous,1663,-26.43612666,73.13871453,0.01806636984,0.1454714812,-8642503.471,-3606049.006,-1073138.18,0
856,softening-ubiquitous,1767,-28.54498276,76.79136045,0.008688086427,0.1409373901,-8642503.471,-3606049.006,-1073138.18,0
857,softening-ubiquitous,1663,-26.43612666,73.13871453,0.01806636984,0.1454714812,-7801468.714,-3417486.064,-1733798.494,0
857,softening-ubiquitous,1767,-28.54498276,76.79136045,0.008688086427,0.1409373901,-7801468.714,-3417486.064,-1733798.494,0
857,softening-ubiquitous,1665,-44.16411326,71.51411326,0.0295767795,0.09906842264,-7801468.714,-3417486.064,-1733798.494,0
857,softening-ubiquitous,1769,-47.94339022,75.29339022,0.0195271355,0.09023199971,-7801468.714,-3417486.064,-1733798.494,0
858,softening-ubiquitous,1665,-44.16411326,71.51411326,0.0295767795,0.09906842264,-7304214.367,-3633239.569,-2377249.008,0
858,softening-ubiquitous,1769,-47.94339022,75.29339022,0.0195271355,0.09023199971,-7304214.367,-3633239.569,-2377249.008,0
858,softening-ubiquitous,1667,-48.29899497,60.44071353,0.06447524855,0.08635999465,-7304214.367,-3633239.569,-2377249.008,0
858,softening-ubiquitous,1771,-52.32887727,63.20167535,0.05697597531,0.07715840002,-7304214.367,-3633239.569,-2377249.008,0
859,softening-ubiquitous,1667,-48.29899497,60.44071353,0.06447524855,0.08635999465,-7066721.051,-3652598.147,-2904409.419,0
859,softening-ubiquitous,1771,-52.32887727,63.20167535,0.05697597531,0.07715840002,-7066721.051,-3652598.147,-2904409.419,0
859,softening-ubiquitous,1669,-48.71883519,55.47783261,0.08016649294,0.08432623852,-7066721.051,-3652598.147,-2904409.419,0
859,softening-ubiquitous,1773,-52.71599266,57.78559255,0.07385905763,0.07533671023,-7066721.051,-3652598.147,-2904409.419,0
860,softening-ubiquitous,1669,-48.71883519,55.47783261,0.08016649294,0.08432623852,-6478217.22,-3767735.913,-3405567.831,0
860,softening-ubiquitous,1773,-52.71599266,57.78559255,0.07385905763,0.07533671023,-6478217.22,-3767735.913,-3405567.831,0
860,softening-ubiquitous,1671,-49.74010224,40.67782023,0.127570781,0.07963956008,-6478217.22,-3767735.913,-3405567.831,0
860,softening-ubiquitous,1775,-53.65765612,41.72752562,0.1245568308,0.07130152398,-6478217.22,-3767735.913,-3405567.831,0
861,softening-ubiquitous,1671,-49.74010224,40.67782023,0.127570781,0.07963956008,-5511104.342,-3971736.803,-3715145.003,0
861,softening-ubiquitous,1775,-53.65765612,41.72752562,0.1245568308,0.07130152398,-5511104.342,-3971736.803,-3715145.003,0
861,softening-ubiquitous,1673,-50.00115981,33.92590084,0.1489536992,0.07852649022,-5511104.342,-3971736.803,-3715145.003,0
861,softening-ubiquitous,1777,-53.89836531,34.43844169,0.1472872884,0.07049779222,-5511104.342,-3971736.803,-3715145.003,0
862,softening-ubiquitous,1673,-50.00115981,33.92590084,0.1489536992,0.07852649022,-4761724.083,-4160608.37,-3636972.395,0
862,softening-ubiquitous,1777,-53.89836531,34.43844169,0.1472872884,0.07049779222,-4761724.083,-4160608.37,-3636972.395,0
862,softening-ubiquitous,1675,-50.08843741,27.35,0.1690396043,0.07822189014,-4761724.083,-4160608.37,-3636972.395,0
862,softening-ubiquitous,1779,-53.97883998,27.35,0.1685382401,0.07051154561,-4761724.083,-4160608.37,-3636972.395,0
863,softening-ubiquitous,1675,-50.08843741,27.35,0.1690396043,0.07822189014,-3310783.68,-4590804.688,-2878821.694,0
863,softening-ubiquitous,1779,-53.97883998,27.35,0.1685382401,0.07051154561,-3310783.68,-4590804.688,-2878821.694,0
863,softening-ubiquitous,1677,-50.08843741,12.10249038,0.2096472637,0.07998093243,-3310783.68,-4590804.688,-2878821.694,0
863,softening-ubiquitous,1781,-53.97883998,10.91820606,0.2109810766,0.07310386025,-3310783.68,-4590804.688,-2878821.694,0
864,softening-ubiquitous,1677,-50.08843741,12.10249038,0.2096472637,0.07998093243,-2761043.466,-4707127.348,-394158.742,0
864,softening-ubiquitous,1781,-53.97883998,10.91820606,0.2109810766,0.07310386025,-2761043.466,-4707127.348,-394158.742,0
864,softening-ubiquitous,1679,-50.08843741,-9.676158636,0.2455306153,0.08384438367,-2761043.466,-4707127.348,-394158.742,0
864,softening-ubiquitous,1783,-53.97883998,-12.55200524,0.2478439365,0.07747370862,-2761043.466,-4707127.348,-394158.742,0
865,softening-ubiquitous,1679,-50.08843741,-9.676158636,0.2455306153,0.08384438367,-3645490.162,-3899444.045,2137131.327,0
865,softening-ubiquitous,1783,-53.97883998,-12.55200524,0.2478439365,0.07747370862,-3645490.162,-3899444.045,2137131.327,0
865,softening-ubiquitous,1681,-50.08843741,-31.45480765,0.2616788417,0.08506854323,-3645490.162,-3899444.045,2137131.327,0
865,softening-ubiquitous,1785,-53.97883998,-36.02221655,0.2628455299,0.07756216501,-3645490.162,-3899444.045,2137131.327,0
866,softening-ubiquitous,1681,-50.08843741,-31.45480765,0.2616788417,0.08506854323,-3428591.174,-2781835.112,2216739.635,208
866,softening-ubiquitous,1785,-53.97883998,-36.02221655,0.2628455299,0.07756216501,-3428591.174,-2781835.112,2216739.635,208
866,softening-ubiquitous,1683,-46.7352095,-47.83870469,0.2167343214,0.0353548426,-3428591.174,-2781835.112,2216739.635,208
866,softening-ubiquitous,1787,-50.2313533,-53.46338311,0.2077144175,0.01948281002,-3428591.174,-2781835.112,2216739.635,208
867,softening-ubiquitous,1683,-46.7352095,-47.83870469,0.2167343214,0.0353548426,-2885648.456,-2574505.45,2302647.761,240
867,softening-ubiquitous,1787,-50.2313533,-53.46338311,0.2077144175,0.01948281002,-2885648.456,-2574505.45,2302647.761,240
867,softening-ubiquitous,1685,-38.96680875,-52.28364004,0.1582809782,-0.01426885286,-2885648.456,-2574505.45,2302647.761,240
867,softening-ubiquitous,1789,-41.5495759,-57.56185388,0.1419959226,-0.03729361192,-2885648.456,-2574505.45,2302647.761,240
868,softening-ubiquitous,1685,-38.96680875,-52.28364004,0.1582809782,-0.01426885286,-2944253.137,-2605564.767,2309639.625,208
868,softening-ubiquitous,1789,-41.5495759,-57.56185388,0.1419959226,-0.03729361192,-2944253.137,-2605564.767,2309639.625,208
868,softening-ubiquitous,1687,-33.92410874,-56.72857538,0.1006707786,-0.06681043691,-2944253.137,-2605564.767,2309639.625,208
868,softening-ubiquitous,1791,-35.91397593,-61.66032466,0.08499856456,-0.08894111202,-2944253.137,-2605564.767,2309639.625,208
869,softening-ubiquitous,1687,-33.92410874,-56.72857538,0.1006707786,-0.06681043691,-4419307.288,-2957177.331,1679657.788,80
869,softening-ubiquitous,1791,-35.91397593,-61.66032466,0.08499856456,-0.08894111202,-4419307.288,-2957177.331,1679657.788,80
869,softening-ubiquitous,1689,-30.38666698,-61.17351072,0.05671957642,-0.1084793179,-4419307.288,-2957177.331,1679657.788,80
869,softening-ubiquitous,1793,-31.9606163,-65.75879544,0.04434091759,-0.1269919736,-4419307.288,-2957177.331,1679657.788,80
870,softening-ubiquitous,1689,-30.38666698,-61.17351072,0.05671957642,-0.1084793179,-7181329.001,-3566817.995,408679.8107,80
870,softening-ubiquitous,1793,-31.9606163,-65.75879544,0.04434091759,-0.1269919736,-7181329.001,-3566817.995,408679.8107,80
870,softening-ubiquitous,1691,-27.76802781,-65.61844606,0.02515762389,-0.1399261954,-7181329.001,-3566817.995,408679.8107,80
870,softening-ubiquitous,1795,-29.0340883,-69.85726621,0.01800697497,-0.1531076112,-7181329.001,-3566817.995,408679.8107,80
871,softening-ubiquitous,1691,-27.76802781,-65.61844606,0.02515762389,-0.1399261954,-11622571.2,-4461656.735,-1795111.256,80
871,softening-ubiquitous,1795,-29.0340883,-69.85726621,0.01800697497,-0.1531076112,-11622571.2,-4461656.735,-1795111.256,80
871,softening-ubiquitous,1693,-25.75136686,-70.06338141,0.0060761419,-0.1611395911,-11622571.2,-4461656.735,-1795111.256,80
871,softening-ubiquitous,1797,-26.78031663,-73.95573699,0.005731179245,-0.1674664595,-11622571.2,-4461656.735,-1795111.256,80
872,softening-ubiquitous,1693,-25.75136686,-70.06338141,0.0060761419,-0.1611395911,-14917186.85,-5162756.128,-3336077.52,80
872,softening-ubiquitous,1797,-26.78031663,-73.95573699,0.005731179245,-0.1674664595,-14917186.85,-5162756.128,-3336077.52,80
872,softening-ubiquitous,1591,-24.15050746,-74.50831675,0.0003735423198,-0.170640487,-14917186.85,-5162756.128,-3336077.52,80
872,softening-ubiquitous,1695,-24.99123476,-78.05420777,0.00450446102,-0.1718444053,-14917186.85,-5162756.128,-3336077.52,80
873,softening-ubiquitous,1695,-24.99123476,-78.05420777,0.00450446102,-0.1718444053,-13495981.13,-6069922.093,-3350859.889,0
873,softening-ubiquitous,1799,-25.86255052,-81.72911016,0.008367734318,-0.1723468928,-13495981.13,-6069922.093,-3350859.889,0
873,softening-ubiquitous,1697,-18.74342607,-78.05420777,-0.001811957311,-0.1715100031,-13495981.13,-6069922.093,-3350859.889,0
873,softening-ubiquitous,1801,-19.39691289,-81.72911016,0.002459171143,-0.1725875205,-13495981.13,-6069922.093,-3350859.889,0
874,softening-ubiquitous,1697,-18.74342607,-78.05420777,-0.001811957311,-0.1715100031,-12847699.55,-5602855.695,-3061399.276,0
874,softening-ubiquitous,1801,-19.39691289,-81.72911016,0.002459171143,-0.1725875205,-12847699.55,-5602855.695,-3061399.276,0
874,softening-ubiquitous,1699,-12.49561738,-78.05420777,-0.007760941585,-0.1696735818,-12847699.55,-5602855.695,-3061399.276,0
874,softening-ubiquitous,1803,-12.93127526,-81.72911016,-0.003055775878,-0.1706800864,-12847699.55,-5602855.695,-3061399.276,0
875,softening-ubiquitous,1699,-12.49561738,-78.05420777,-0.007760941585,-0.1696735818,-12185004.14,-5611271.77,-2658688.077,0
875,softening-ubiquitous,1803,-12.93127526,-81.72911016,-0.003055775878,-0.1706800864,-12185004.14,-5611271.77,-2658688.077,0
875,softening-ubiquitous,1701,-6.247808689,-78.05420777,-0.01318660581,-0.1657182266,-12185004.14,-5611271.77,-2658688.077,0
875,softening-ubiquitous,1805,-6.465637631,-81.72911016,-0.007985965162,-0.1666186515,-12185004.14,-5611271.77,-2658688.077,0
876,softening-ubiquitous,1701,-6.247808689,-78.05420777,-0.01318660581,-0.1657182266,-11523249.34,-5463579.605,-2277843.67,0
876,softening-ubiquitous,1805,-6.465637631,-81.72911016,-0.007985965162,-0.1666186515,-11523249.34,-5463579.605,-2277843.67,0
876,softening-ubiquitous,1703,0,-78.05420777,-0.01811433838,-0.1597424704,-11523249.34,-5463579.605,-2277843.67,0
876,softening-ubiquitous,1807,0,-81.72911016,-0.01241363013,-0.1604274929,-11523249.34,-5463579.605,-2277843.67,0
877,softening-ubiquitous,1703,0,-78.05420777,-0.01811433838,-0.1597424704,-10916957.55,-5251184.977,-1970580.751,0
877,softening-ubiquitous,1807,0,-81.72911016,-0.01241363013,-0.1604274929,-10916957.55,-5251184.977,-1970580.751,0
877,softening-ubiquitous,1705,6.247808689,-78.05420777,-0.02261433094,-0.1519516189,-10916957.55,-5251184.977,-1970580.751,0
877,softening-ubiquitous,1809,6.465637631,-81.72911016,-0.01640479251,-0.1523375843,-10916957.55,-5251184.977,-1970580.751,0
878,softening-ubiquitous,1705,6.247808689,-78.05420777,-0.02261433094,-0.1519516189,-10311994.01,-5026659.906,-1769158.923,0
878,softening-ubiquitous,1809,6.465637631,-81.72911016,-0.01640479251,-0.1523375843,-10311994.01,-5026659.906,-1769158.923,0
878,softening-ubiquitous,1707,12.49561738,-78.05420777,-0.02667705233,-0.1426764119,-10311994.01,-5026659.906,-1769158.923,0
878,softening-ubiquitous,1811,12.93127526,-81.72911016,-0.01997942503,-0.1426363668,-10311994.01,-5026659.906,-1769158.923,0
879,softening-ubiquitous,1707,12.49561738,-78.05420777,-0.02667705233,-0.1426764119,-9691245.821,-4866045.124,-1615346.054,0
879,softening-ubiquitous,1811,12.93127526,-81.72911016,-0.01997942503,-0.1426363668,-9691245.821,-4866045.124,-1615346.054,0
879,softening-ubiquitous,1709,18.74342607,-78.05420777,-0.03024890094,-0.1321452717,-9691245.821,-4866045.124,-1615346.054,0
879,softening-ubiquitous,1813,19.39691289,-81.72911016,-0.02312149282,-0.1315667884,-9691245.821,-4866045.124,-1615346.054,0
880,softening-ubiquitous,1709,18.74342607,-78.05420777,-0.03024890094,-0.1321452717,-9098142.954,-4750902.258,-1457703.308,0
880,softening-ubiquitous,1813,19.39691289,-81.72911016,-0.02312149282,-0.1315667884,-9098142.954,-4750902.258,-1457703.308,0
880,softening-ubiquitous,1711,24.99123476,-78.05420777,-0.03333487563,-0.1204836298,-9098142.954,-4750902.258,-1457703.308,0
880,softening-ubiquitous,1815,25.86255052,-81.72911016,-0.0258410463,-0.1193022404,-9098142.954,-4750902.258,-1457703.308,0
881,softening-ubiquitous,1711,24.99123476,-78.05420777,-0.03333487563,-0.1204836298,-9077392.276,-4769649.771,-1529425.797,0
881,softening-ubiquitous,1815,25.86255052,-81.72911016,-0.0258410463,-0.1193022404,-9077392.276,-4769649.771,-1529425.797,0
881,softening-ubiquitous,1713,26.78031663,-73.95573699,-0.04349482044,-0.1163307608,-9077392.276,-4769649.771,-1529425.797,0
881,softening-ubiquitous,1817,27.84670304,-77.98970948,-0.03477123093,-0.1147945375,-9077392.276,-4769649.771,-1529425.797,0
882,softening-ubiquitous,1713,26.78031663,-73.95573699,-0.04349482044,-0.1163307608,-9349896.935,-4861780.116,-1798647.698,0
882,softening-ubiquitous,1817,27.84670304,-77.98970948,-0.03477123093,-0.1147945375,-9349896.935,-4861780.116,-1798647.698,0
882,softening-ubiquitous,1715,29.0340883,-69.85726621,-0.0546066634,-0.111152091,-9349896.935,-4861780.116,-1798647.698,0
882,softening-ubiquitous,1819,30.3462123,-74.25030881,-0.04452182996,-0.1090981977,-9349896.935,-4861780.116,-1798647.698,0
883,softening-ubiquitous,1715,29.0340883,-69.85726621,-0.0546066634,-0.111152091,-9493627.194,-4900638.843,-2042951.96,0
883,softening-ubiquitous,1819,30.3462123,-74.25030881,-0.04452182996,-0.1090981977,-9493627.194,-4900638.843,-2042951.96,0
883,softening-ubiquitous,1717,31.9606163,-65.75879544,-0.06682183479,-0.1043913863,-9493627.194,-4900638.843,-2042951.96,0
883,softening-ubiquitous,1821,33.59183116,-70.51090814,-0.05523292575,-0.1016204285,-9493627.194,-4900638.843,-2042951.96,0
884,softening-ubiquitous,1717,31.9606163,-65.75879544,-0.06682183479,-0.1043913863,-9458040.659,-4832336.165,-2284781.916,0
884,softening-ubiquitous,1821,33.59183116,-70.51090814,-0.05523292575,-0.1016204285,-9458040.659,-4832336.165,-2284781.916,0
884,softening-ubiquitous,1719,35.91397593,-61.66032466,-0.08032456936,-0.09510628624,-9458040.659,-4832336.165,-2284781.916,0
884,softening-ubiquitous,1823,37.97624115,-66.77150747,-0.067087569,-0.09133636695,-9458040.659,-4832336.165,-2284781.916,0
885,softening-ubiquitous,1719,35.91397593,-61.66032466,-0.08032456936,-0.09510628624,-9133540.045,-4677835.558,-2536605.765,0
885,softening-ubiquitous,1823,37.97624115,-66.77150747,-0.067087569,-0.09133636695,-9133540.045,-4677835.558,-2536605.765,0
885,softening-ubiquitous,1721,41.5495759,-57.56185388,-0.0952066944,-0.08171826284,-9133540.045,-4677835.558,-2536605.765,0
885,softening-ubiquitous,1825,44.22631275,-63.0321068,-0.08025054096,-0.07643546241,-9133540.045,-4677835.558,-2536605.765,0
886,softening-ubiquitous,1721,41.5495759,-57.56185388,-0.0952066944,-0.08171826284,-8434851.216,-4539511.635,-2720262.241,0
886,softening-ubiquitous,1825,44.22631275,-63.0321068,-0.08025054096,-0.07643546241,-8434851.216,-4539511.635,-2720262.241,0
886,softening-ubiquitous,1723,50.2313533,-53.46338311,-0.1112790913,-0.06103718481,-8434851.216,-4539511.635,-2720262.241,0
886,softening-ubiquitous,1827,53.85469851,-59.29270613,-0.09469824936,-0.05322082199,-8434851.216,-4539511.635,-2720262.241,0
887,softening-ubiquitous,1723,50.2313533,-53.46338311,-0.1112790913,-0.06103718481,-7241347.924,-4968175.353,-3207177.838,0
887,softening-ubiquitous,1827,53.85469851,-59.29270613,-0.09469824936,-0.05322082199,-7241347.924,-4968175.353,-3207177.838,0
887,softening-ubiquitous,1725,53.97883998,-36.02221655,-0.1682162907,-0.05239105002,-7241347.924,-4968175.353,-3207177.838,0
887,softening-ubiquitous,1829,58.01078841,-40.75580305,-0.1529843338,-0.04276027177,-7241347.924,-4968175.353,-3207177.838,0
888,softening-ubiquitous,1725,53.97883998,-36.02221655,-0.1682162907,-0.05239105002,-4856682.628,-5945997.333,-3375901.78,0
888,softening-ubiquitous,1829,58.01078841,-40.75580305,-0.1529843338,-0.04276027177,-4856682.628,-5945997.333,-3375901.78,0
888,softening-ubiquitous,1727,53.97883998,-12.55200524,-0.2433127149,-0.05845930019,-4856682.628,-5945997.333,-3375901.78,0
888,softening-ubiquitous,1831,58.01078841,-15.53248476,-0.2327097822,-0.04799164284,-4856682.628,-5945997.333,-3375901.78,0
889,softening-ubiquitous,1727,53.97883998,-12.55200524,-0.2433127149,-0.05845930019,-3294145.743,-7149497.246,-1569812.173,0
889,softening-ubiquitous,1831,58.01078841,-15.53248476,-0.2327097822,-0.04799164284,-3294145.743,-7149497.246,-1569812.173,0
889,softening-ubiquitous,1729,53.97883998,10.91820606,-0.3050465262,-0.07028375536,-3294145.743,-7149497.246,-1569812.173,0
889,softening-ubiquitous,1833,58.01078841,9.69083353,-0.3009431626,-0.05920078952,-3294145.743,-7149497.246,-1569812.173,0
890,softening-ubiquitous,1729,53.97883998,10.91820606,-0.3050465262,-0.07028375536,-4120152.538,-6071019.312,57506.78135,0
890,softening-ubiquitous,1833,58.01078841,9.69083353,-0.3009431626,-0.05920078952,-4120152.538,-6071019.312,57506.78135,0
890,softening-ubiquitous,1731,53.97883998,27.35,-0.3427077349,-0.07501098764,-4120152.538,-6071019.312,57506.78135,0
890,softening-ubiquitous,1835,58.01078841,27.35,-0.341843786,-0.06428415918,-4120152.538,-6071019.312,57506.78135,0
891,softening-ubiquitous,1731,53.97883998,27.35,-0.3427077349,-0.07501098764,-4142028.715,-5049952.324,652949.9822,0
891,softening-ubiquitous,1835,58.01078841,27.35,-0.341843786,-0.06428415918,-4142028.715,-5049952.324,652949.9822,0
891,softening-ubiquitous,1733,53.89836531,34.43844169,-0.3574359044,-0.07628680885,-4142028.715,-5049952.324,652949.9822,0
891,softening-ubiquitous,1837,57.93736418,34.96963049,-0.3577270297,-0.06566737456,-4142028.715,-5049952.324,652949.9822,0
892,softening-ubiquitous,1733,53.89836531,34.43844169,-0.3574359044,-0.07628680885,-4048010.612,-4423955.515,1051338.58,0
892,softening-ubiquitous,1837,57.93736418,34.96963049,-0.3577270297,-0.06566737456,-4048010.612,-4423955.515,1051338.58,0
892,softening-ubiquitous,1735,53.65765612,41.72752562,-0.3714046523,-0.07743053749,-4048010.612,-4423955.515,1051338.58,0
892,softening-ubiquitous,1839,57.7177437,42.81542281,-0.3726873547,-0.06688570155,-4048010.612,-4423955.515,1051338.58,0
893,softening-ubiquitous,1735,53.65765612,41.72752562,-0.3714046523,-0.07743053749,-3406357.9,-3513248.61,1920501.455,0
893,softening-ubiquitous,1839,57.7177437,42.81542281,-0.3726873547,-0.06688570155,-3406357.9,-3513248.61,1920501.455,0
893,softening-ubiquitous,1737,52.71599266,57.78559255,-0.3968423077,-0.07967128013,-3406357.9,-3513248.61,1920501.455,0
893,softening-ubiquitous,1841,56.85858009,60.17731652,-0.3990955908,-0.06900326581,-3406357.9,-3513248.61,1920501.455,0
894,softening-ubiquitous,1737,52.71599266,57.78559255,-0.3968423077,-0.07967128013,-2647300.518,-2647300.518,2647383.27,240
894,softening-ubiquitous,1841,56.85858009,60.17731652,-0.3990955908,-0.06900326581,-2647300.518,-2647300.518,2647383.27,240
894,softening-ubiquitous,1739,52.32887727,63.20167535,-0.01831517792,0.3054759862,-2647300.518,-2647300.518,2647383.27,240
894,softening-ubiquitous,1843,56.50538017,66.06309019,-0.02374111664,0.3129010739,-2647300.518,-2647300.518,2647383.27,240
895,softening-ubiquitous,1739,52.32887727,63.20167535,-0.01831517792,0.3054759862,-7643359.398,-3828152.4,-113198.0837,0
895,softening-ubiquitous,1843,56.50538017,66.06309019,-0.02374111664,0.3129010739,-7643359.398,-3828152.4,-113198.0837,0
895,softening-ubiquitous,1741,47.94339022,75.29339022,-0.0332269628,0.3008735326,-7643359.398,-3828152.4,-113198.0837,0
895,softening-ubiquitous,1845,51.8601699,79.2101699,-0.03930560771,0.3078248117,-7643359.398,-3828152.4,-113198.0837,0
896,softening-ubiquitous,1741,47.94339022,75.29339022,-0.0332269628,0.3008735326,-10824024.12,-3784580.758,-890959.4494,0
896,softening-ubiquitous,1845,51.8601699,79.2101699,-0.03930560771,0.3078248117,-10824024.12,-3784580.758,-890959.4494,0
896,softening-ubiquitous,1743,28.54498276,76.79136045,-0.01898060059,0.2758395516,-10824024.12,-3784580.758,-890959.4494,0
896,softening-ubiquitous,1847,30.7305661,80.57690184,-0.02760076565,0.2798731133,-10824024.12,-3784580.758,-890959.4494,0
897,softening-ubiquitous,1743,28.54498276,76.79136045,-0.01898060059,0.2758395516,-9757434.757,-5472387.414,-1551859.611,0
897,softening-ubiquitous,1847,30.7305661,80.57690184,-0.02760076565,0.2798731133,-9757434.757,-5472387.414,-1551859.611,0
897,softening-ubiquitous,1745,13.50009057,77.7330239,-0.01299076192,0.2478256563,-9757434.757,-5472387.414,-1551859.611,0
897,softening-ubiquitous,1849,14.49231756,81.43606545,-0.02156153178,0.2503420616,-9757434.757,-5472387.414,-1551859.611,0
898,softening-ubiquitous,1745,13.50009057,77.7330239,-0.01299076192,0.2478256563,-9198025.324,-5148115.58,-928982.9064,0
898,softening-ubiquitous,1849,14.49231756,81.43606545,-0.02156153178,0.2503420616,-9198025.324,-5148115.58,-928982.9064,0
898,softening-ubiquitous,1747,5.965200914,78.05420777,-0.01012623178,0.2308603006,-9198025.324,-5148115.58,-928982.9064,0
898,softening-ubiquitous,1851,6.397542371,81.72911016,-0.01879873816,0.232309566,-9198025.324,-5148115.58,-928982.9064,0
899,softening-ubiquitous,1747,5.965200914,78.05420777,-0.01012623178,0.2308603006,-9034542.315,-4964219.055,-802522.3716,0
899,softening-ubiquitous,1851,6.397542371,81.72911016,-0.01879873816,0.232309566,-9034542.315,-4964219.055,-802522.3716,0
899,softening-ubiquitous,1749,4.473900685,78.05420777,-0.009438581525,0.2273344073,-9034542.315,-4964219.055,-802522.3716,0
899,softening-ubiquitous,1853,4.798156778,81.72911016,-0.01813599435,0.2285485636,-9034542.315,-4964219.055,-802522.3716,0
900,softening-ubiquitous,1749,4.473900685,78.05420777,-0.009438581525,0.2273344073,-8990743.693,-4921492.867,-753416.5758,0
900,softening-ubiquitous,1853,4.798156778,81.72911016,-0.01813599435,0.2285485636,-8990743.693,-4921492.867,-753416.5758,0
900,softening-ubiquitous,1751,2.982600457,78.05420777,-0.0087554514,0.2237469355,-8990743.693,-4921492.867,-753416.5758,0
900,softening-ubiquitous,1855,3.198771186,81.72911016,-0.01747939601,0.2247309941,-8990743.693,-4921492.867,-753416.5758,0
901,softening-ubiquitous,1751,2.982600457,78.05420777,-0.0087554514,0.2237469355,-8949873.894,-4858681.367,-709858.7594,0
901,softening-ubiquitous,1855,3.198771186,81.72911016,-0.01747939601,0.2247309941,-8949873.894,-4858681.367,-709858.7594,0
901,softening-ubiquitous,1753,1.491300228,78.05420777,-0.008074839302,0.2201042696,-8949873.894,-4858681.367,-709858.7594,0
901,softening-ubiquitous,1857,1.599385593,81.72911016,-0.01682641337,0.2208566282,-8949873.894,-4858681.367,-709858.7594,0
902,softening-ubiquitous,1753,1.491300228,78.05420777,-0.008074839302,0.2201042696,-8912877.584,-4785781.315,-672603.0289,0
902,softening-ubiquitous,1857,1.599385593,81.72911016,-0.01682641337,0.2208566282,-8912877.584,-4785781.315,-672603.0289,0
902,softening-ubiquitous,1755,0,78.05420777,-0.007395211896,0.2164104094,-8912877.584,-4785781.315,-672603.0289,0
902,softening-ubiquitous,1859,0,81.72911016,-0.01617538319,0.2169280631,-8912877.584,-4785781.315,-672603.0289,0
903,softening-ubiquitous,1755,0,78.05420777,-0.007395211896,0.2164104094,-8878538.645,-4705655.599,-642819.2973,0
903,softening-ubiquitous,1859,0,81.72911016,-0.01617538319,0.2169280631,-8878538.645,-4705655.599,-642819.2973,0
903,softening-ubiquitous,1757,-1.491300228,78.05420777,-0.006715520976,0.2126696209,-8878538.645,-4705655.599,-642819.2973,0
903,softening-ubiquitous,1861,-1.599385593,81.72911016,-0.01552504508,0.2129489938,-8878538.645,-4705655.599,-642819.2973,0
904,softening-ubiquitous,1757,-1.491300228,78.05420777,-0.006715520976,0.2126696209,-8845651.059,-4620135.21,-621154.5892,0
904,softening-ubiquitous,1861,-1.599385593,81.72911016,-0.01552504508,0.2129489938,-8845651.059,-4620135.21,-621154.5892,0
904,softening-ubiquitous,1759,-2.982600457,78.05420777,-0.006035075825,0.2088861794,-8845651.059,-4620135.21,-621154.5892,0
904,softening-ubiquitous,1863,-3.198771186,81.72911016,-0.01487464434,0.2089238239,-8845651.059,-4620135.21,-621154.5892,0
905,softening-ubiquitous,1759,-2.982600457,78.05420777,-0.006035075825,0.2088861794,-8813711.697,-4531366.014,-607813.1518,0
905,softening-ubiquitous,1863,-3.198771186,81.72911016,-0.01487464434,0.2089238239,-8813711.697,-4531366.014,-607813.1518,0
905,softening-ubiquitous,1761,-4.473900685,78.05420777,-0.00535347757,0.2050646547,-8813711.697,-4531366.014,-607813.1518,0
905,softening-ubiquitous,1865,-4.798156778,81.72911016,-0.01422365909,0.2048567272,-8813711.697,-4531366.014,-607813.1518,0
906,softening-ubiquitous,1761,-4.473900685,78.05420777,-0.00535347757,0.2050646547,-8781154.796,-4441174.42,-603010.1746,0
906,softening-ubiquitous,1865,-4.798156778,81.72911016,-0.01422365909,0.2048567272,-8781154.796,-4441174.42,-603010.1746,0
906,softening-ubiquitous,1763,-5.965200914,78.05420777,-0.004670867382,0.2012097072,-8781154.796,-4441174.42,-603010.1746,0
906,softening-ubiquitous,1867,-6.397542371,81.72911016,-0.013571961,0.2007523157,-8781154.796,-4441174.42,-603010.1746,0
907,softening-ubiquitous,1763,-5.965200914,78.05420777,-0.004670867382,0.2012097072,-8670651.637,-4187778.652,-642485.7705,0
907,softening-ubiquitous,1867,-6.397542371,81.72911016,-0.013571961,0.2007523157,-8670651.637,-4187778.652,-642485.7705,0
907,softening-ubiquitous,1765,-13.50009057,77.7330239,-0.0004079820991,0.1812883757,-8670651.637,-4187778.652,-642485.7705,0
907,softening-ubiquitous,1869,-14.49231756,81.43606545,-0.009548409872,0.1794927213,-8670651.637,-4187778.652,-642485.7705,0
908,softening-ubiquitous,1765,-13.50009057,77.7330239,-0.0004079820991,0.1812883757,-8307950.936,-3687557.691,-974133.9835,0
908,softening-ubiquitous,1869,-14.49231756,81.43606545,-0.009548409872,0.1794927213,-8307950.936,-3687557.691,-974133.9835,0
908,softening-ubiquitous,1767,-28.54498276,76.79136045,0.008688086427,0.1409373901,-8307950.936,-3687557.691,-974133.9835,0
908,softening-ubiquitous,1871,-30.7305661,80.57690184,-0.0009795399691,0.1361310231,-8307950.936,-3687557.691,-974133.9835,0
909,softening-ubiquitous,1767,-28.54498276,76.79136045,0.008688086427,0.1409373901,-7522290.94,-3589675.389,-1624805.189,0
909,softening-ubiquitous,1871,-30.7305661,80.57690184,-0.0009795399691,0.1361310231,-7522290.94,-3589675.389,-1624805.189,0
909,softening-ubiquitous,1769,-47.94339022,75.29339022,0.0195271355,0.09023199971,-7522290.94,-3589675.389,-1624805.189,0
909,softening-ubiquitous,1873,-51.8601699,79.2101699,0.009049073417,0.08086030178,-7522290.94,-3589675.389,-1624805.189,0
910,softening-ubiquitous,1769,-47.94339022,75.29339022,0.0195271355,0.09023199971,-7076925.42,-3869440.394,-2253843.596,0
910,softening-ubiquitous,1873,-51.8601699,79.2101699,0.009049073417,0.08086030178,-7076925.42,-3869440.394,-2253843.596,0
910,softening-ubiquitous,1771,-52.32887727,63.20167535,0.05697597531,0.07715840002,-7076925.42,-3869440.394,-2253843.596,0
910,softening-ubiquitous,1875,-56.50538017,66.06309019,0.04914534664,0.06744043898,-7076925.42,-3869440.394,-2253843.596,0
911,softening-ubiquitous,1771,-52.32887727,63.20167535,0.05697597531,0.07715840002,-6909713.425,-3919175.227,-2776310.374,0
911,softening-ubiquitous,1875,-56.50538017,66.06309019,0.04914534664,0.06744043898,-6909713.425,-3919175.227,-2776310.374,0
911,softening-ubiquitous,1773,-52.71599266,57.78559255,0.07385905763,0.07533671023,-6909713.425,-3919175.227,-2776310.374,0
911,softening-ubiquitous,1877,-56.85858009,60.17731652,0.06727578357,0.06587388584,-6909713.425,-3919175.227,-2776310.374,0
912,softening-ubiquitous,1773,-52.71599266,57.78559255,0.07385905763,0.07533671023,-6414164.841,-4070732.864,-3289265.49,0
912,softening-ubiquitous,1877,-56.85858009,60.17731652,0.06727578357,0.06587388584,-6414164.841,-4070732.864,-3289265.49,0
912,softening-ubiquitous,1775,-53.65765612,41.72752562,0.1245568308,0.07130152398,-6414164.841,-4070732.864,-3289265.49,0
912,softening-ubiquitous,1879,-57.7177437,42.81542281,0.1214145981,0.06262685173,-6414164.841,-4070732.864,-3289265.49,0
913,softening-ubiquitous,1775,-53.65765612,41.72752562,0.1245568308,0.07130152398,-5566282.368,-4328502.538,-3614793.991,0
913,softening-ubiquitous,1879,-57.7177437,42.81542281,0.1214145981,0.06262685173,-5566282.368,-4328502.538,-3614793.991,0
913,softening-ubiquitous,1777,-53.89836531,34.43844169,0.1472872884,0.07049779222,-5566282.368,-4328502.538,-3614793.991,0
913,softening-ubiquitous,1881,-57.93736418,34.96963049,0.1455548092,0.06219931993,-5566282.368,-4328502.538,-3614793.991,0
914,softening-ubiquitous,1777,-53.89836531,34.43844169,0.1472872884,0.07049779222,-4890954.586,-4559085.227,-3532809.812,0
914,softening-ubiquitous,1881,-57.93736418,34.96963049,0.1455548092,0.06219931993,-4890954.586,-4559085.227,-3532809.812,0
914,softening-ubiquitous,1779,-53.97883998,27.35,0.1685382401,0.07051154561,-4890954.586,-4559085.227,-3532809.812,0
914,softening-ubiquitous,1883,-58.01078841,27.35,0.1680169439,0.06259397859,-4890954.586,-4559085.227,-3532809.812,0
915,softening-ubiquitous,1779,-53.97883998,27.35,0.1685382401,0.07051154561,-3630769.576,-5028598.012,-2712107.677,0
915,softening-ubiquitous,1883,-58.01078841,27.35,0.1680169439,0.06259397859,-3630769.576,-5028598.012,-2712107.677,0
915,softening-ubiquitous,1781,-53.97883998,10.91820606,0.2109810766,0.07310386025,-3630769.576,-5028598.012,-2712107.677,0
915,softening-ubiquitous,1885,-58.01078841,9.69083353,0.2124232018,0.0660540836,-3630769.576,-5028598.012,-2712107.677,0
916,softening-ubiquitous,1781,-53.97883998,10.91820606,0.2109810766,0.07310386025,-3306827.961,-4991991.02,-235778.7572,0
916,softening-ubiquitous,1885,-58.01078841,9.69083353,0.2124232018,0.0660540836,-3306827.961,-4991991.02,-235778.7572,0
916,softening-ubiquitous,1783,-53.97883998,-12.55200524,0.2478439365,0.07747370862,-3306827.961,-4991991.02,-235778.7572,0
916,softening-ubiquitous,1887,-58.01078841,-15.53248476,0.2503311389,0.07093892687,-3306827.961,-4991991.02,-235778.7572,0
917,softening-ubiquitous,1783,-53.97883998,-12.55200524,0.2478439365,0.07747370862,-3803118.338,-3699043.601,2064258.666,0
917,softening-ubiquitous,1887,-58.01078841,-15.53248476,0.2503311389,0.07093892687,-3803118.338,-3699043.601,2064258.666,0
917,softening-ubiquitous,1785,-53.97883998,-36.02221655,0.2628455299,0.07756216501,-3803118.338,-3699043.601,2064258.666,0
917,softening-ubiquitous,1889,-58.01078841,-40.75580305,0.2633454902,0.07057602252,-3803118.338,-3699043.601,2064258.666,0
918,softening-ubiquitous,1785,-53.97883998,-36.02221655,0.2628455299,0.07756216501,-3249451.635,-2623236.899,2076089.007,208
918,softening-ubiquitous,1889,-58.01078841,-40.75580305,0.2633454902,0.07057602252,-3249451.635,-2623236.899,2076089.007,208
918,softening-ubiquitous,1787,-50.2313533,-53.46338311,0.2077144175,0.01948281002,-3249451.635,-2623236.899,2076089.007,208
918,softening-ubiquitous,1891,-53.85469851,-59.29270613,0.1962575452,0.003570414849,-3249451.635,-2623236.899,2076089.007,208
919,softening-ubiquitous,1787,-50.2313533,-53.46338311,0.2077144175,0.01948281002,-2801048.817,-2445204.359,2134289.28,208
919,softening-ubiquitous,1891,-53.85469851,-59.29270613,0.1962575452,0.003570414849,-2801048.817,-2445204.359,2134289.28,208
919,softening-ubiquitous,1789,-41.5495759,-57.56185388,0.1419959226,-0.03729361192,-2801048.817,-2445204.359,2134289.28,208
919,softening-ubiquitous,1893,-44.22631275,-63.0321068,0.1251584632,-0.05952198437,-2801048.817,-2445204.359,2134289.28,208
920,softening-ubiquitous,1789,-41.5495759,-57.56185388,0.1419959226,-0.03729361192,-3620056.777,-2670527.58,1840887.162,80
920,softening-ubiquitous,1893,-44.22631275,-63.0321068,0.1251584632,-0.05952198437,-3620056.777,-2670527.58,1840887.162,80
920,softening-ubiquitous,1791,-35.91397593,-61.66032466,0.08499856456,-0.08894111202,-3620056.777,-2670527.58,1840887.162,80
920,softening-ubiquitous,1895,-37.97624115,-66.77150747,0.07018847727,-0.1091761365,-3620056.777,-2670527.58,1840887.162,80
921,softening-ubiquitous,1791,-35.91397593,-61.66032466,0.08499856456,-0.08894111202,-6112588.718,-3251382.409,751435.6982,80
921,softening-ubiquitous,1895,-37.97624115,-66.77150747,0.07018847727,-0.1091761365,-6112588.718,-3251382.409,751435.6982,80
921,softening-ubiquitous,1793,-31.9606163,-65.75879544,0.04434091759,-0.1269919736,-6112588.718,-3251382.409,751435.6982,80
921,softening-ubiquitous,1897,-33.59183116,-70.51090814,0.0340850378,-0.1428015196,-6112588.718,-3251382.409,751435.6982,80
922,softening-ubiquitous,1793,-31.9606163,-65.75879544,0.04434091759,-0.1269919736,-9724365.235,-4037891.803,-930600.1537,80
922,softening-ubiquitous,1897,-33.59183116,-70.51090814,0.0340850378,-0.1428015196,-9724365.235,-4037891.803,-930600.1537,80
922,softening-ubiquitous,1795,-29.0340883,-69.85726621,0.01800697497,-0.1531076112,-9724365.235,-4037891.803,-930600.1537,80
922,softening-ubiquitous,1899,-30.3462123,-74.25030881,0.01445277754,-0.1622762389,-9724365.235,-4037891.803,-930600.1537,80
923,softening-ubiquitous,1795,-29.0340883,-69.85726621,0.01800697497,-0.1531076112,-13545558.4,-4763459.155,-2909384.372,80
923,softening-ubiquitous,1899,-30.3462123,-74.25030881,0.01445277754,-0.1622762389,-13545558.4,-4763459.155,-2909384.372,80
923,softening-ubiquitous,1797,-26.78031663,-73.95573699,0.005731179245,-0.1674664595,-13545558.4,-4763459.155,-2909384.372,80
923,softening-ubiquitous,1901,-27.84670304,-77.98970948,0.008108305505,-0.1701915813,-13545558.4,-4763459.155,-2909384.372,80
924,softening-ubiquitous,1797,-26.78031663,-73.95573699,0.005731179245,-0.1674664595,-15007768.09,-4093077.011,-3773519.324,0
924,softening-ubiquitous,1901,-27.84670304,-77.98970948,0.008108305505,-0.1701915813,-15007768.09,-4093077.011,-3773519.324,0
924,softening-ubiquitous,1695,-24.99123476,-78.05420777,0.00450446102,-0.1718444053,-15007768.09,-4093077.011,-3773519.324,0
924,softening-ubiquitous,1799,-25.86255052,-81.72911016,0.008367734318,-0.1723468928,-15007768.09,-4093077.011,-3773519.324,0
925,softening-ubiquitous,1799,-25.86255052,-81.72911016,0.008367734318,-0.1723468928,-12679172.76,-5710393.873,-3125277.833,0
925,softening-ubiquitous,1903,-26.76341634,-85.52864423,0.01176055023,-0.172946869,-12679172.76,-5710393.873,-3125277.833,0
925,softening-ubiquitous,1801,-19.39691289,-81.72911016,0.002459171143,-0.1725875205,-12679172.76,-5710393.873,-3125277.833,0
925,softening-ubiquitous,1905,-20.07256226,-85.52864423,0.006171394907,-0.1735358269,-12679172.76,-5710393.873,-3125277.833,0
926,softening-ubiquitous,1801,-19.39691289,-81.72911016,0.002459171143,-0.1725875205,-11978542.26,-5460070.296,-2662281.096,0
926,softening-ubiquitous,1905,-20.07256226,-85.52864423,0.006171394907,-0.1735358269,-11978542.26,-5460070.296,-2662281.096,0
926,softening-ubiquitous,1803,-12.93127526,-81.72911016,-0.003055775878,-0.1706800864,-11978542.26,-5460070.296,-2662281.096,0
926,softening-ubiquitous,1907,-13.38170817,-85.52864423,0.001218720571,-0.1716670114,-11978542.26,-5460070.296,-2662281.096,0
927,softening-ubiquitous,1803,-12.93127526,-81.72911016,-0.003055775878,-0.1706800864,-11257355.46,-5369745.283,-2290994.514,0
927,softening-ubiquitous,1907,-13.38170817,-85.52864423,0.001218720571,-0.1716670114,-11257355.46,-5369745.283,-2290994.514,0
927,softening-ubiquitous,1805,-6.465637631,-81.72911016,-0.007985965162,-0.1666186515,-11257355.46,-5369745.283,-2290994.514,0
927,softening-ubiquitous,1909,-6.690854086,-85.52864423,-0.00314076745,-0.1674650451,-11257355.46,-5369745.283,-2290994.514,0
928,softening-ubiquitous,1805,-6.465637631,-81.72911016,-0.007985965162,-0.1666186515,-10625237.55,-5272987.943,-1927152.805,0
928,softening-ubiquitous,1909,-6.690854086,-85.52864423,-0.00314076745,-0.1674650451,-10625237.55,-5272987.943,-1927152.805,0
928,softening-ubiquitous,1807,0,-81.72911016,-0.01241363013,-0.1604274929,-10625237.55,-5272987.943,-1927152.805,0
928,softening-ubiquitous,1911,0,-85.52864423,-0.00698265932,-0.1610454361,-10625237.55,-5272987.943,-1927152.805,0
929,softening-ubiquitous,1807,0,-81.72911016,-0.01241363013,-0.1604274929,-10051717.3,-5100954.994,-1634391.797,0
929,softening-ubiquitous,1911,0,-85.52864423,-0.00698265932,-0.1610454361,-10051717.3,-5100954.994,-1634391.797,0
929,softening-ubiquitous,1809,6.465637631,-81.72911016,-0.01640479251,-0.1523375843,-10051717.3,-5100954.994,-1634391.797,0
929,softening-ubiquitous,1913,6.690854086,-85.52864423,-0.01039472824,-0.1526235929,-10051717.3,-5100954.994,-1634391.797,0
930,softening-ubiquitous,1809,6.465637631,-81.72911016,-0.01640479251,-0.1523375843,-9508691.783,-4918881.717,-1426489.448,0
930,softening-ubiquitous,1913,6.690854086,-85.52864423,-0.01039472824,-0.1526235929,-9508691.783,-4918881.717,-1426489.448,0
930,softening-ubiquitous,1811,12.93127526,-81.72911016,-0.01997942503,-0.1426363668,-9508691.783,-4918881.717,-1426489.448,0
930,softening-ubiquitous,1915,13.38170817,-85.52864423,-0.0134165714,-0.142478242,-9508691.783,-4918881.717,-1426489.448,0
931,softening-ubiquitous,1811,12.93127526,-81.72911016,-0.01997942503,-0.1426363668,-8975795.15,-4770192.911,-1272755.989,0
931,softening-ubiquitous,1915,13.38170817,-85.52864423,-0.0134165714,-0.142478242,-8975795.15,-4770192.911,-1272755.989,0
931,softening-ubiquitous,1813,19.39691289,-81.72911016,-0.02312149282,-0.1315667884,-8975795.15,-4770192.911,-1272755.989,0
931,softening-ubiquitous,1917,20.07256226,-85.52864423,-0.01605817496,-0.1308616624,-8975795.15,-4770192.911,-1272755.989,0
932,softening-ubiquitous,1813,19.39691289,-81.72911016,-0.02312149282,-0.1315667884,-8472819.266,-4655775.132,-1139113.064,0
932,softening-ubiquitous,1917,20.07256226,-85.52864423,-0.01605817496,-0.1308616624,-8472819.266,-4655775.132,-1139113.064,0
932,softening-ubiquitous,1815,25.86255052,-81.72911016,-0.0258410463,-0.1193022404,-8472819.266,-4655775.132,-1139113.064,0
932,softening-ubiquitous,1919,26.76341634,-85.52864423,-0.01833690756,-0.1179824333,-8472819.266,-4655775.132,-1139113.064,0
933,softening-ubiquitous,1815,25.86255052,-81.72911016,-0.0258410463,-0.1193022404,-8479137.663,-4640903.221,-1188805.615,0
933,softening-ubiquitous,1919,26.76341634,-85.52864423,-0.01833690756,-0.1179824333,-8479137.663,-4640903.221,-1188805.615,0
933,softening-ubiquitous,1817,27.84670304,-77.98970948,-0.03477123093,-0.1147945375,-8479137.663,-4640903.221,-1188805.615,0
933,softening-ubiquitous,1921,28.94925518,-82.16049127,-0.02610199687,-0.1131176849,-8479137.663,-4640903.221,-1188805.615,0
934,softening-ubiquitous,1817,27.84670304,-77.98970948,-0.03477123093,-0.1147945375,-8759163.967,-4683757.139,-1397643.652,0
934,softening-ubiquitous,1921,28.94925518,-82.16049127,-0.02610199687,-0.1131176849,-8759163.967,-4683757.139,-1397643.652,0
934,softening-ubiquitous,1819,30.3462123,-74.25030881,-0.04452182996,-0.1090981977,-8759163.967,-4683757.139,-1397643.652,0
934,softening-ubiquitous,1923,31.70283604,-78.79233831,-0.03456486218,-0.1069059463,-8759163.967,-4683757.139,-1397643.652,0
935,softening-ubiquitous,1819,30.3462123,-74.25030881,-0.04452182996,-0.1090981977,-8915859.265,-4689569.332,-1594634.027,0
935,softening-ubiquitous,1923,31.70283604,-78.79233831,-0.03456486218,-0.1069059463,-8915859.265,-4689569.332,-1594634.027,0
935,softening-ubiquitous,1821,33.59183116,-70.51090814,-0.05523292575,-0.1016204285,-8915859.265,-4689569.332,-1594634.027,0
935,softening-ubiquitous,1925,35.27836751,-75.42418535,-0.04385971943,-0.09870055729,-8915859.265,-4689569.332,-1594634.027,0
936,softening-ubiquitous,1821,33.59183116,-70.51090814,-0.05523292575,-0.1016204285,-8915066.718,-4623196.003,-1789116.026,0
936,softening-ubiquitous,1925,35.27836751,-75.42418535,-0.04385971943,-0.09870055729,-8915066.718,-4623196.003,-1789116.026,0
936,softening-ubiquitous,1823,37.97624115,-66.77150747,-0.067087569,-0.09133636695,-8915066.718,-4623196.003,-1789116.026,0
936,softening-ubiquitous,1927,40.10844661,-72.05603239,-0.05416097933,-0.08737692392,-8915066.718,-4623196.003,-1789116.026,0
937,softening-ubiquitous,1823,37.97624115,-66.77150747,-0.067087569,-0.09133636695,-8674753.186,-4494037.6,-1993686.138,0
937,softening-ubiquitous,1927,40.10844661,-72.05603239,-0.05416097933,-0.08737692392,-8674753.186,-4494037.6,-1993686.138,0
937,softening-ubiquitous,1825,44.22631275,-63.0321068,-0.08025054096,-0.07643546241,-8674753.186,-4494037.6,-1993686.138,0
937,softening-ubiquitous,1929,46.99382923,-68.68787943,-0.06565200828,-0.0708871428,-8674753.186,-4494037.6,-1993686.138,0
938,softening-ubiquitous,1825,44.22631275,-63.0321068,-0.08025054096,-0.07643546241,-8095946.272,-4381730.889,-2168576.805,0
938,softening-ubiquitous,1929,46.99382923,-68.68787943,-0.06565200828,-0.0708871428,-8095946.272,-4381730.889,-2168576.805,0
938,softening-ubiquitous,1827,53.85469851,-59.29270613,-0.09469824936,-0.05322082199,-8095946.272,-4381730.889,-2168576.805,0
938,softening-ubiquitous,1931,57.60092688,-65.31972647,-0.07837235897,-0.04499911013,-8095946.272,-4381730.889,-2168576.805,0
939,softening-ubiquitous,1827,53.85469851,-59.29270613,-0.09469824936,-0.05322082199,-7291833.17,-4771131.318,-2744263.794,0
939,softening-ubiquitous,1931,57.60092688,-65.31972647,-0.07837235897,-0.04499911013,-7291833.17,-4771131.318,-2744263.794,0
939,softening-ubiquitous,1829,58.01078841,-40.75580305,-0.1529843338,-0.04276027177,-7291833.17,-4771131.318,-2744263.794,0
939,softening-ubiquitous,1933,62.17947748,-45.64992576,-0.1379127418,-0.03288836684,-7291833.17,-4771131.318,-2744263.794,0
940,softening-ubiquitous,1829,58.01078841,-40.75580305,-0.1529843338,-0.04276027177,-5383578.042,-5792621.572,-3190804.123,0
940,softening-ubiquitous,1933,62.17947748,-45.64992576,-0.1379127418,-0.03288836684,-5383578.042,-5792621.572,-3190804.123,0
940,softening-ubiquitous,1831,58.01078841,-15.53248476,-0.2327097822,-0.04799164284,-5383578.042,-5792621.572,-3190804.123,0
940,softening-ubiquitous,1935,62.17947748,-18.61404512,-0.2220620757,-0.03726374321,-5383578.042,-5792621.572,-3190804.123,0
941,softening-ubiquitous,1831,58.01078841,-15.53248476,-0.2327097822,-0.04799164284,-3740198.165,-6933591.601,-1803282.857,0
941,softening-ubiquitous,1935,62.17947748,-18.61404512,-0.2220620757,-0.03726374321,-3740198.165,-6933591.601,-1803282.857,0
941,softening-ubiquitous,1833,58.01078841,9.69083353,-0.3009431626,-0.05920078952,-3740198.165,-6933591.601,-1803282.857,0
941,softening-ubiquitous,1937,62.17947748,8.421835532,-0.2966876853,-0.04805281721,-3740198.165,-6933591.601,-1803282.857,0
942,softening-ubiquitous,1833,58.01078841,9.69083353,-0.3009431626,-0.05920078952,-4258775.299,-6150469.042,-249761.0508,0
942,softening-ubiquitous,1937,62.17947748,8.421835532,-0.2966876853,-0.04805281721,-4258775.299,-6150469.042,-249761.0508,0
942,softening-ubiquitous,1835,58.01078841,27.35,-0.341843786,-0.06428415918,-4258775.299,-6150469.042,-249761.0508,0
942,softening-ubiquitous,1939,62.17947748,27.35,-0.3410464995,-0.05360773852,-4258775.299,-6150469.042,-249761.0508,0
943,softening-ubiquitous,1835,58.01078841,27.35,-0.341843786,-0.06428415918,-4356200.565,-5213444.088,354870.1832,0
943,softening-ubiquitous,1939,62.17947748,27.35,-0.3410464995,-0.05360773852,-4356200.565,-5213444.088,354870.1832,0
943,softening-ubiquitous,1837,57.93736418,34.96963049,-0.3577270297,-0.06566737456,-4356200.565,-5213444.088,354870.1832,0
943,softening-ubiquitous,1941,62.11334281,35.51883418,-0.3580957772,-0.05515319518,-4356200.565,-5213444.088,354870.1832,0
944,softening-ubiquitous,1837,57.93736418,34.96963049,-0.3577270297,-0.06566737456,-4229864.858,-4632603.197,769167.8693,0
944,softening-ubiquitous,1941,62.11334281,35.51883418,-0.3580957772,-0.05515319518,-4229864.858,-4632603.197,769167.8693,0
944,softening-ubiquitous,1839,57.7177437,42.81542281,-0.3726873547,-0.06688570155,-4229864.858,-4632603.197,769167.8693,0
944,softening-ubiquitous,1943,61.91552625,43.94021526,-0.3740336276,-0.05650848442,-4229864.858,-4632603.197,769167.8693,0
945,softening-ubiquitous,1839,57.7177437,42.81542281,-0.3726873547,-0.06688570155,-3615893.731,-3716771.019,1721938.183,0
945,softening-ubiquitous,1943,61.91552625,43.94021526,-0.3740336276,-0.05650848442,-3615893.731,-3716771.019,1721938.183,0
945,softening-ubiquitous,1841,56.85858009,60.17731652,-0.3990955908,-0.06900326581,-3615893.731,-3716771.019,1721938.183,0
945,softening-ubiquitous,1945,61.14166041,62.65015409,-0.4013301429,-0.05863205469,-3615893.731,-3716771.019,1721938.183,0
946,softening-ubiquitous,1841,56.85858009,60.17731652,-0.3990955908,-0.06900326581,-2725730.343,-2725730.343,2725761.574,240
946,softening-ubiquitous,1945,61.14166041,62.65015409,-0.4013301429,-0.05863205469,-2725730.343,-2725730.343,2725761.574,240
946,softening-ubiquitous,1843,56.50538017,66.06309019,-0.02374111664,0.3129010739,-2725730.343,-2725730.343,2725761.574,240
946,softening-ubiquitous,1947,60.82352618,69.02154787,-0.02917969567,0.319943592,-2725730.343,-2725730.343,2725761.574,240
947,softening-ubiquitous,1843,56.50538017,66.06309019,-0.02374111664,0.3129010739,-8082357.465,-4334584.415,-297094.9571,0
947,softening-ubiquitous,1947,60.82352618,69.02154787,-0.02917969567,0.319943592,-8082357.465,-4334584.415,-297094.9571,0
947,softening-ubiquitous,1845,51.8601699,79.2101699,-0.03930560771,0.3078248117,-8082357.465,-4334584.415,-297094.9571,0
947,softening-ubiquitous,1949,55.90978438,83.25978438,-0.04586022333,0.3145931717,-8082357.465,-4334584.415,-297094.9571,0
948,softening-ubiquitous,1845,51.8601699,79.2101699,-0.03930560771,0.3078248117,-9657590.66,-3869364.868,-1027987.47,0
948,softening-ubiquitous,1949,55.90978438,83.25978438,-0.04586022333,0.3145931717,-9657590.66,-3869364.868,-1027987.47,0
948,softening-ubiquitous,1847,30.7305661,80.57690184,-0.02760076565,0.2798731133,-9657590.66,-3869364.868,-1027987.47,0
948,softening-ubiquitous,1951,32.99027194,84.49082716,-0.03576434429,0.2839646798,-9657590.66,-3869364.868,-1027987.47,0
949,softening-ubiquitous,1847,30.7305661,80.57690184,-0.02760076565,0.2798731133,-9207520.954,-5285474.633,-1363128.578,0
949,softening-ubiquitous,1951,32.99027194,84.49082716,-0.03576434429,0.2839646798,-9207520.954,-5285474.633,-1363128.578,0
949,softening-ubiquitous,1849,14.49231756,81.43606545,-0.02156153178,0.2503420616,-9207520.954,-5285474.633,-1363128.578,0
949,softening-ubiquitous,1953,15.51819522,85.264693,-0.0301085223,0.2528480959,-9207520.954,-5285474.633,-1363128.578,0
950,softening-ubiquitous,1849,14.49231756,81.43606545,-0.02156153178,0.2503420616,-8732998.58,-5077092.538,-832335.3924,0
950,softening-ubiquitous,1953,15.51819522,85.264693,-0.0301085223,0.2528480959,-8732998.58,-5077092.538,-832335.3924,0
950,softening-ubiquitous,1851,6.397542371,81.72911016,-0.01879873816,0.232309566,-8732998.58,-5077092.538,-832335.3924,0
950,softening-ubiquitous,1955,6.84454638,85.52864423,-0.02752687084,0.2337469032,-8732998.58,-5077092.538,-832335.3924,0
951,softening-ubiquitous,1851,6.397542371,81.72911016,-0.01879873816,0.232309566,-8620557.17,-4890739.518,-697865.5309,0
951,softening-ubiquitous,1955,6.84454638,85.52864423,-0.02752687084,0.2337469032,-8620557.17,-4890739.518,-697865.5309,0
951,softening-ubiquitous,1853,4.798156778,81.72911016,-0.01813599435,0.2285485636,-8620557.17,-4890739.518,-697865.5309,0
951,softening-ubiquitous,1957,5.133409785,85.52864423,-0.02690946493,0.2297570633,-8620557.17,-4890739.518,-697865.5309,0
952,softening-ubiquitous,1853,4.798156778,81.72911016,-0.01813599435,0.2285485636,-8576545.682,-4835385.136,-661331.1035,0
952,softening-ubiquitous,1957,5.133409785,85.52864423,-0.02690946493,0.2297570633,-8576545.682,-4835385.136,-661331.1035,0
952,softening-ubiquitous,1855,3.198771186,81.72911016,-0.01747939601,0.2247309941,-8576545.682,-4835385.136,-661331.1035,0
952,softening-ubiquitous,1959,3.42227319,85.52864423,-0.02629522854,0.2257026873,-8576545.682,-4835385.136,-661331.1035,0
953,softening-ubiquitous,1855,3.198771186,81.72911016,-0.01747939601,0.2247309941,-8538619.103,-4778046.255,-625439.5757,0
953,softening-ubiquitous,1959,3.42227319,85.52864423,-0.02629522854,0.2257026873,-8538619.103,-4778046.255,-625439.5757,0
953,softening-ubiquitous,1857,1.599385593,81.72911016,-0.01682641337,0.2208566282,-8538619.103,-4778046.255,-625439.5757,0
953,softening-ubiquitous,1961,1.711136595,85.52864423,-0.02568364046,0.2215872423,-8538619.103,-4778046.255,-625439.5757,0
954,softening-ubiquitous,1857,1.599385593,81.72911016,-0.01682641337,0.2208566282,-8504401.264,-4714484.248,-593144.0311,0
954,softening-ubiquitous,1961,1.711136595,85.52864423,-0.02568364046,0.2215872423,-8504401.264,-4714484.248,-593144.0311,0
954,softening-ubiquitous,1859,0,81.72911016,-0.01617538319,0.2169280631,-8504401.264,-4714484.248,-593144.0311,0
954,softening-ubiquitous,1963,0,85.52864423,-0.02507368354,0.2174134158,-8504401.264,-4714484.248,-593144.0311,0
955,softening-ubiquitous,1859,0,81.72911016,-0.01617538319,0.2169280631,-8472418.034,-4645155.725,-566888.5928,0
955,softening-ubiquitous,1963,0,85.52864423,-0.02507368354,0.2174134158,-8472418.034,-4645155.725,-566888.5928,0
955,softening-ubiquitous,1861,-1.599385593,81.72911016,-0.01552504508,0.2129489938,-8472418.034,-4645155.725,-566888.5928,0
955,softening-ubiquitous,1965,-1.711136595,85.52864423,-0.02446459619,0.2131850155,-8472418.034,-4645155.725,-566888.5928,0
956,softening-ubiquitous,1861,-1.599385593,81.72911016,-0.01552504508,0.2129489938,-8442754.873,-4571954.157,-547381.8838,0
956,softening-ubiquitous,1965,-1.711136595,85.52864423,-0.02446459619,0.2131850155,-8442754.873,-4571954.157,-547381.8838,0
956,softening-ubiquitous,1863,-3.198771186,81.72911016,-0.01487464434,0.2089238239,-8442754.873,-4571954.157,-547381.8838,0
956,softening-ubiquitous,1967,-3.42227319,85.52864423,-0.02385549144,0.2089060074,-8442754.873,-4571954.157,-547381.8838,0
957,softening-ubiquitous,1863,-3.198771186,81.72911016,-0.01487464434,0.2089238239,-8413912.276,-4496059.73,-535298.1931,0
957,softening-ubiquitous,1967,-3.42227319,85.52864423,-0.02385549144,0.2089060074,-8413912.276,-4496059.73,-535298.1931,0
957,softening-ubiquitous,1865,-4.798156778,81.72911016,-0.01422365909,0.2048567272,-8413912.276,-4496059.73,-535298.1931,0
957,softening-ubiquitous,1969,-5.133409785,85.52864423,-0.02324604148,0.2045809868,-8413912.276,-4496059.73,-535298.1931,0
958,softening-ubiquitous,1865,-4.798156778,81.72911016,-0.01422365909,0.2048567272,-8385475.81,-4418909.643,-530860.8076,0
958,softening-ubiquitous,1969,-5.133409785,85.52864423,-0.02324604148,0.2045809868,-8385475.81,-4418909.643,-530860.8076,0
958,softening-ubiquitous,1867,-6.397542371,81.72911016,-0.013571961,0.2007523157,-8385475.81,-4418909.643,-530860.8076,0
958,softening-ubiquitous,1971,-6.84454638,85.52864423,-0.0226359745,0.2002144256,-8385475.81,-4418909.643,-530860.8076,0
959,softening-ubiquitous,1867,-6.397542371,81.72911016,-0.013571961,0.2007523157,-8288418.378,-4202166.9,-568230.8565,0
959,softening-ubiquitous,1971,-6.84454638,85.52864423,-0.0226359745,0.2002144256,-8288418.378,-4202166.9,-568230.8565,0
959,softening-ubiquitous,1869,-14.49231756,81.43606545,-0.009548409872,0.1794927213,-8288418.378,-4202166.9,-568230.8565,0
959,softening-ubiquitous,1973,-15.51819522,85.264693,-0.01890145623,0.1775506305,-8288418.378,-4202166.9,-568230.8565,0
960,softening-ubiquitous,1869,-14.49231756,81.43606545,-0.009548409872,0.1794927213,-7971288.219,-3776045.803,-896189.5181,0
960,softening-ubiquitous,1973,-15.51819522,85.264693,-0.01890145623,0.1775506305,-7971288.219,-3776045.803,-896189.5181,0
960,softening-ubiquitous,1871,-30.7305661,80.57690184,-0.0009795399691,0.1361310231,-7971288.219,-3776045.803,-896189.5181,0
960,softening-ubiquitous,1975,-32.99027194,84.49082716,-0.01096209967,0.1310386698,-7971288.219,-3776045.803,-896189.5181,0
961,softening-ubiquitous,1871,-30.7305661,80.57690184,-0.0009795399691,0.1361310231,-7243915.931,-3762618.624,-1526561.344,0
961,softening-ubiquitous,1975,-32.99027194,84.49082716,-0.01096209967,0.1310386698,-7243915.931,-3762618.624,-1526561.344,0
961,softening-ubiquitous,1873,-51.8601699,79.2101699,0.009049073417,0.08086030178,-7243915.931,-3762618.624,-1526561.344,0
961,softening-ubiquitous,1977,-55.90978438,83.25978438,-0.001869023028,0.07093801067,-7243915.931,-3762618.624,-1526561.344,0
962,softening-ubiquitous,1873,-51.8601699,79.2101699,0.009049073417,0.08086030178,-6842362.838,-4093703.533,-2127117.598,0
962,softening-ubiquitous,1977,-55.90978438,83.25978438,-0.001869023028,0.07093801067,-6842362.838,-4093703.533,-2127117.598,0
962,softening-ubiquitous,1875,-56.50538017,66.06309019,0.04914534664,0.06744043898,-6842362.838,-4093703.533,-2127117.598,0
962,softening-ubiquitous,1979,-60.82352618,69.02154787,0.04096678869,0.05716826855,-6842362.838,-4093703.533,-2127117.598,0
963,softening-ubiquitous,1875,-56.50538017,66.06309019,0.04914534664,0.06744043898,-6739220.102,-4181427.398,-2638316.714,0
963,softening-ubiquitous,1979,-60.82352618,69.02154787,0.04096678869,0.05716826855,-6739220.102,-4181427.398,-2638316.714,0
963,softening-ubiquitous,1877,-56.85858009,60.17731652,0.06727578357,0.06587388584,-6739220.102,-4181427.398,-2638316.714,0
963,softening-ubiquitous,1981,-61.14166041,62.65015409,0.06039808927,0.05589316058,-6739220.102,-4181427.398,-2638316.714,0
964,softening-ubiquitous,1877,-56.85858009,60.17731652,0.06727578357,0.06587388584,-6333375.861,-4378847.031,-3157631.936,0
964,softening-ubiquitous,1981,-61.14166041,62.65015409,0.06039808927,0.05589316058,-6333375.861,-4378847.031,-3157631.936,0
964,softening-ubiquitous,1879,-57.7177437,42.81542281,0.1214145981,0.06262685173,-6333375.861,-4378847.031,-3157631.936,0
964,softening-ubiquitous,1983,-61.91552625,43.94021526,0.118127235,0.05356484994,-6333375.861,-4378847.031,-3157631.936,0
965,softening-ubiquitous,1879,-57.7177437,42.81542281,0.1214145981,0.06262685173,-5609937.581,-4700678.623,-3496084.358,0
965,softening-ubiquitous,1983,-61.91552625,43.94021526,0.118127235,0.05356484994,-5609937.581,-4700678.623,-3496084.358,0
965,softening-ubiquitous,1881,-57.93736418,34.96963049,0.1455548092,0.06219931993,-5609937.581,-4700678.623,-3496084.358,0
965,softening-ubiquitous,1985,-62.11334281,35.51883418,0.143746219,0.05358297227,-5609937.581,-4700678.623,-3496084.358,0
966,softening-ubiquitous,1881,-57.93736418,34.96963049,0.1455548092,0.06219931993,-5019846.857,-4973244.665,-3409092.066,0
966,softening-ubiquitous,1985,-62.11334281,35.51883418,0.143746219,0.05358297227,-5019846.857,-4973244.665,-3409092.066,0
966,softening-ubiquitous,1883,-58.01078841,27.35,0.1680169439,0.06259397859,-5019846.857,-4973244.665,-3409092.066,0
966,softening-ubiquitous,1987,-62.17947748,27.35,0.1674768186,0.05442510832,-5019846.857,-4973244.665,-3409092.066,0
967,softening-ubiquitous,1883,-58.01078841,27.35,0.1680169439,0.06259397859,-3970789.685,-5459148.85,-2563929.962,0
967,softening-ubiquitous,1987,-62.17947748,27.35,0.1674768186,0.05442510832,-3970789.685,-5459148.85,-2563929.962,0
967,softening-ubiquitous,1885,-58.01078841,9.69083353,0.2124232018,0.0660540836,-3970789.685,-5459148.85,-2563929.962,0
967,softening-ubiquitous,1989,-62.17947748,8.421835532,0.214015975,0.05885685782,-3970789.685,-5459148.85,-2563929.962,0
968,softening-ubiquitous,1885,-58.01078841,9.69083353,0.2124232018,0.0660540836,-3753823.861,-5264433.746,-177932.3024,0
968,softening-ubiquitous,1989,-62.17947748,8.421835532,0.214015975,0.05885685782,-3753823.861,-5264433.746,-177932.3024,0
968,softening-ubiquitous,1887,-58.01078841,-15.53248476,0.2503311389,0.07093892687,-3753823.861,-5264433.746,-177932.3024,0
968,softening-ubiquitous,1991,-62.17947748,-18.61404512,0.2528777777,0.06451890173,-3753823.861,-5264433.746,-177932.3024,0
969,softening-ubiquitous,1887,-58.01078841,-15.53248476,0.2503311389,0.07093892687,-3856768.646,-3698124.539,1962843.768,0
969,softening-ubiquitous,1991,-62.17947748,-18.61404512,0.2528777777,0.06451890173,-3856768.646,-3698124.539,1962843.768,0
969,softening-ubiquitous,1889,-58.01078841,-40.75580305,0.2633454902,0.07057602252,-3856768.646,-3698124.539,1962843.768,0
969,softening-ubiquitous,1993,-62.17947748,-45.64992576,0.2628683892,0.06443113753,-3856768.646,-3698124.539,1962843.768,0
970,softening-ubiquitous,1889,-58.01078841,-40.75580305,0.2633454902,0.07057602252,-3152194.175,-2509745.826,1948413.93,208
970,softening-ubiquitous,1993,-62.17947748,-45.64992576,0.2628683892,0.06443113753,-3152194.175,-2509745.826,1948413.93,208
970,softening-ubiquitous,1891,-53.85469851,-59.29270613,0.1962575452,0.003570414849,-3152194.175,-2509745.826,1948413.93,208
970,softening-ubiquitous,1995,-57.60092688,-65.31972647,0.1818845646,-0.01189332004,-3152194.175,-2509745.826,1948413.93,208
971,softening-ubiquitous,1891,-53.85469851,-59.29270613,0.1962575452,0.003570414849,-2889867.647,-2345207.093,1869316.081,80
971,softening-ubiquitous,1995,-57.60092688,-65.31972647,0.1818845646,-0.01189332004,-2889867.647,-2345207.093,1869316.081,80
971,softening-ubiquitous,1893,-44.22631275,-63.0321068,0.1251584632,-0.05952198437,-2889867.647,-2345207.093,1869316.081,80
971,softening-ubiquitous,1997,-46.99382923,-68.68787943,0.1084108509,-0.0797641575,-2889867.647,-2345207.093,1869316.081,80
972,softening-ubiquitous,1893,-44.22631275,-63.0321068,0.1251584632,-0.05952198437,-5146727.04,-2916036.203,966995.2683,80
972,softening-ubiquitous,1997,-46.99382923,-68.68787943,0.1084108509,-0.0797641575,-5146727.04,-2916036.203,966995.2683,80
972,softening-ubiquitous,1895,-37.97624115,-66.77150747,0.07018847727,-0.1091761365,-5146727.04,-2916036.203,966995.2683,80
972,softening-ubiquitous,1999,-40.10844661,-72.05603239,0.0570687891,-0.1270799047,-5146727.04,-2916036.203,966995.2683,80
973,softening-ubiquitous,1895,-37.97624115,-66.77150747,0.07018847727,-0.1091761365,-8397679.606,-3692717.167,-418190.6468,80
973,softening-ubiquitous,1999,-40.10844661,-72.05603239,0.0570687891,-0.1270799047,-8397679.606,-3692717.167,-418190.6468,80
973,softening-ubiquitous,1897,-33.59183116,-70.51090814,0.0340850378,-0.1428015196,-8397679.606,-3692717.167,-418190.6468,80
973,softening-ubiquitous,2001,-35.27836751,-75.42418535,0.02729941132,-0.1547962097,-8397679.606,-3692717.167,-418190.6468,80
974,softening-ubiquitous,1897,-33.59183116,-70.51090814,0.0340850378,-0.1428015196,-12038797.55,-4462358.448,-2157470.266,80
974,softening-ubiquitous,2001,-35.27836751,-75.42418535,0.02729941132,-0.1547962097,-12038797.55,-4462358.448,-2157470.266,80
974,softening-ubiquitous,1899,-30.3462123,-74.25030881,0.01445277754,-0.1622762389,-12038797.55,-4462358.448,-2157470.266,80
974,softening-ubiquitous,2003,-31.70283604,-78.79233831,0.01477410656,-0.1673718545,-12038797.55,-4462358.448,-2157470.266,80
975,softening-ubiquitous,1899,-30.3462123,-74.25030881,0.01445277754,-0.1622762389,-14661344.05,-4925203.331,-3452647.297,64
975,softening-ubiquitous,2003,-31.70283604,-78.79233831,0.01477410656,-0.1673718545,-14661344.05,-4925203.331,-3452647.297,64
975,softening-ubiquitous,1901,-27.84670304,-77.98970948,0.008108305505,-0.1701915813,-14661344.05,-4925203.331,-3452647.297,64
975,softening-ubiquitous,2005,-28.94925518,-82.16049127,0.01205872206,-0.1713211291,-14661344.05,-4925203.331,-3452647.297,64
976,softening-ubiquitous,1901,-27.84670304,-77.98970948,0.008108305505,-0.1701915813,-14452170.95,-5711231.549,-3674600.927,0
976,softening-ubiquitous,2005,-28.94925518,-82.16049127,0.01205872206,-0.1713211291,-14452170.95,-5711231.549,-3674600.927,0
976,softening-ubiquitous,1799,-25.86255052,-81.72911016,0.008367734318,-0.1723468928,-14452170.95,-5711231.549,-3674600.927,0
976,softening-ubiquitous,1903,-26.76341634,-85.52864423,0.01176055023,-0.172946869,-14452170.95,-5711231.549,-3674600.927,0
977,softening-ubiquitous,1903,-26.76341634,-85.52864423,0.01176055023,-0.172946869,-11789341.23,-5482386.536,-2657739.414,0
977,softening-ubiquitous,2007,-27.69289292,-89.44884835,0.01411941947,-0.1734544246,-11789341.23,-5482386.536,-2657739.414,0
977,softening-ubiquitous,1905,-20.07256226,-85.52864423,0.006171394907,-0.1735358269,-11789341.23,-5482386.536,-2657739.414,0
977,softening-ubiquitous,2009,-20.76966969,-89.44884835,0.00923013706,-0.1744053533,-11789341.23,-5482386.536,-2657739.414,0
978,softening-ubiquitous,1905,-20.07256226,-85.52864423,0.006171394907,-0.1735358269,-10974474.8,-5248953.627,-2262174.059,0
978,softening-ubiquitous,2009,-20.76966969,-89.44884835,0.00923013706,-0.1744053533,-10974474.8,-5248953.627,-2262174.059,0
978,softening-ubiquitous,1907,-13.38170817,-85.52864423,0.001218720571,-0.1716670114,-10974474.8,-5248953.627,-2262174.059,0
978,softening-ubiquitous,2011,-13.84644646,-89.44884835,0.004986083877,-0.172572488,-10974474.8,-5248953.627,-2262174.059,0
979,softening-ubiquitous,1907,-13.38170817,-85.52864423,0.001218720571,-0.1716670114,-10277886.95,-5175139.396,-1919321.541,0
979,softening-ubiquitous,2011,-13.84644646,-89.44884835,0.004986083877,-0.172572488,-10277886.95,-5175139.396,-1919321.541,0
979,softening-ubiquitous,1909,-6.690854086,-85.52864423,-0.00314076745,-0.1674650451,-10277886.95,-5175139.396,-1919321.541,0
979,softening-ubiquitous,2013,-6.923223229,-89.44884835,0.001335944493,-0.1682395498,-10277886.95,-5175139.396,-1919321.541,0
980,softening-ubiquitous,1909,-6.690854086,-85.52864423,-0.00314076745,-0.1674650451,-9671850.48,-5089299.371,-1597257.977,0
980,softening-ubiquitous,2013,-6.923223229,-89.44884835,0.001335944493,-0.1682395498,-9671850.48,-5089299.371,-1597257.977,0
980,softening-ubiquitous,1911,0,-85.52864423,-0.00698265932,-0.1610454361,-9671850.48,-5089299.371,-1597257.977,0
980,softening-ubiquitous,2015,0,-89.44884835,-0.001814725389,-0.1615713557,-9671850.48,-5089299.371,-1597257.977,0
981,softening-ubiquitous,1911,0,-85.52864423,-0.00698265932,-0.1610454361,-9148091.769,-4959292.523,-1326814.858,0
981,softening-ubiquitous,2015,0,-89.44884835,-0.001814725389,-0.1615713557,-9148091.769,-4959292.523,-1326814.858,0
981,softening-ubiquitous,1913,6.690854086,-85.52864423,-0.01039472824,-0.1526235929,-9148091.769,-4959292.523,-1326814.858,0
981,softening-ubiquitous,2017,6.923223229,-89.44884835,-0.004556801172,-0.1527950685,-9148091.769,-4959292.523,-1326814.858,0
982,softening-ubiquitous,1913,6.690854086,-85.52864423,-0.01039472824,-0.1526235929,-8671096.334,-4812163.624,-1128223.475,0
982,softening-ubiquitous,2017,6.923223229,-89.44884835,-0.004556801172,-0.1527950685,-8671096.334,-4812163.624,-1128223.475,0
982,softening-ubiquitous,1915,13.38170817,-85.52864423,-0.0134165714,-0.142478242,-8671096.334,-4812163.624,-1128223.475,0
982,softening-ubiquitous,2019,13.84644646,-89.44884835,-0.006946509726,-0.1421860704,-8671096.334,-4812163.624,-1128223.475,0
983,softening-ubiquitous,1915,13.38170817,-85.52864423,-0.0134165714,-0.142478242,-8222536.436,-4683136.373,-984139.4261,0
983,softening-ubiquitous,2019,13.84644646,-89.44884835,-0.006946509726,-0.1421860704,-8222536.436,-4683136.373,-984139.4261,0
983,softening-ubiquitous,1917,20.07256226,-85.52864423,-0.01605817496,-0.1308616624,-8222536.436,-4683136.373,-984139.4261,0
983,softening-ubiquitous,2021,20.76966969,-89.44884835,-0.009011276938,-0.1300097511,-8222536.436,-4683136.373,-984139.4261,0
984,softening-ubiquitous,1917,20.07256226,-85.52864423,-0.01605817496,-0.1308616624,-7807313.362,-4578742.036,-872860.5892,0
984,softening-ubiquitous,2021,20.76966969,-89.44884835,-0.009011276938,-0.1300097511,-7807313.362,-4578742.036,-872860.5892,0
984,softening-ubiquitous,1919,26.76341634,-85.52864423,-0.01833690756,-0.1179824333,-7807313.362,-4578742.036,-872860.5892,0
984,softening-ubiquitous,2023,27.69289292,-89.44884835,-0.01077526966,-0.1165010798,-7807313.362,-4578742.036,-872860.5892,0
985,softening-ubiquitous,1919,26.76341634,-85.52864423,-0.01833690756,-0.1179824333,-7838246.707,-4547049.216,-903225.9003,0
985,softening-ubiquitous,2023,27.69289292,-89.44884835,-0.01077526966,-0.1165010798,-7838246.707,-4547049.216,-903225.9003,0
985,softening-ubiquitous,1921,28.94925518,-82.16049127,-0.02610199687,-0.1131176849,-7838246.707,-4547049.216,-903225.9003,0
985,softening-ubiquitous,2025,30.08682345,-86.46373363,-0.01742526917,-0.1112627242,-7838246.707,-4547049.216,-903225.9003,0
986,softening-ubiquitous,1921,28.94925518,-82.16049127,-0.02610199687,-0.1131176849,-8115616.425,-4558828.233,-1055198.479,0
986,softening-ubiquitous,2025,30.08682345,-86.46373363,-0.01742526917,-0.1112627242,-8115616.425,-4558828.233,-1055198.479,0
986,softening-ubiquitous,1923,31.70283604,-78.79233831,-0.03456486218,-0.1069059463,-8115616.425,-4558828.233,-1055198.479,0
986,softening-ubiquitous,2027,33.10254503,-83.4786189,-0.0246562395,-0.1045205731,-8115616.425,-4558828.233,-1055198.479,0
987,softening-ubiquitous,1923,31.70283604,-78.79233831,-0.03456486218,-0.1069059463,-8280931.159,-4543986.835,-1206066.019,0
987,softening-ubiquitous,2027,33.10254503,-83.4786189,-0.0246562395,-0.1045205731,-8280931.159,-4543986.835,-1206066.019,0
987,softening-ubiquitous,1925,35.27836751,-75.42418535,-0.04385971943,-0.09870055729,-8280931.159,-4543986.835,-1206066.019,0
987,softening-ubiquitous,2029,37.01846685,-80.49350417,-0.0325924855,-0.09556042989,-8280931.159,-4543986.835,-1206066.019,0
988,softening-ubiquitous,1925,35.27836751,-75.42418535,-0.04385971943,-0.09870055729,-8303183.98,-4481766.614,-1359446.818,0
988,softening-ubiquitous,2029,37.01846685,-80.49350417,-0.0325924855,-0.09556042989,-8303183.98,-4481766.614,-1359446.818,0
988,softening-ubiquitous,1927,40.10844661,-72.05603239,-0.05416097933,-0.08737692392,-8303183.98,-4481766.614,-1359446.818,0
988,softening-ubiquitous,2031,42.30836916,-77.50838944,-0.04139214944,-0.0831406541,-8303183.98,-4481766.614,-1359446.818,0
989,softening-ubiquitous,1927,40.10844661,-72.05603239,-0.05416097933,-0.08737692392,-8118071.526,-4379168.882,-1526202.977,0
989,softening-ubiquitous,2031,42.30836916,-77.50838944,-0.04139214944,-0.0831406541,-8118071.526,-4379168.882,-1526202.977,0
989,softening-ubiquitous,1929,46.99382923,-68.68787943,-0.06565200828,-0.0708871428,-8118071.526,-4379168.882,-1526202.977,0
989,softening-ubiquitous,2033,49.84923972,-74.52327471,-0.05122403932,-0.06496602074,-8118071.526,-4379168.882,-1526202.977,0
990,softening-ubiquitous,1929,46.99382923,-68.68787943,-0.06565200828,-0.0708871428,-7629945.84,-4296211.916,-1689148.685,0
990,softening-ubiquitous,2033,49.84923972,-74.52327471,-0.05122403932,-0.06496602074,-7629945.84,-4296211.916,-1689148.685,0
990,softening-ubiquitous,1931,57.60092688,-65.31972647,-0.07837235897,-0.04499911013,-7629945.84,-4296211.916,-1689148.685,0
990,softening-ubiquitous,2035,61.46613235,-71.53815998,-0.0621179623,-0.03625390491,-7629945.84,-4296211.916,-1689148.685,0
991,softening-ubiquitous,1931,57.60092688,-65.31972647,-0.07837235897,-0.04499911013,-7160869.149,-4627915.145,-2293766.854,0
991,softening-ubiquitous,2035,61.46613235,-71.53815998,-0.0621179623,-0.03625390491,-7160869.149,-4627915.145,-2293766.854,0
991,softening-ubiquitous,1933,62.17947748,-45.64992576,-0.1379127418,-0.03288836684,-7160869.149,-4627915.145,-2293766.854,0
991,softening-ubiquitous,2037,66.48056065,-50.69948175,-0.122954995,-0.02265481011,-7160869.149,-4627915.145,-2293766.854,0
992,softening-ubiquitous,1933,62.17947748,-45.64992576,-0.1379127418,-0.03288836684,-5755740.677,-5630097.911,-2952068.396,0
992,softening-ubiquitous,2037,66.48056065,-50.69948175,-0.122954995,-0.02265481011,-5755740.677,-5630097.911,-2952068.396,0
992,softening-ubiquitous,1935,62.17947748,-18.61404512,-0.2220620757,-0.03726374321,-5755740.677,-5630097.911,-2952068.396,0
992,softening-ubiquitous,2039,66.48056065,-21.79347327,-0.2113942213,-0.02626089889,-5755740.677,-5630097.911,-2952068.396,0
993,softening-ubiquitous,1935,62.17947748,-18.61404512,-0.2220620757,-0.03726374321,-4155052.262,-6797027.238,-1966077.379,0
993,softening-ubiquitous,2039,66.48056065,-21.79347327,-0.2113942213,-0.02626089889,-4155052.262,-6797027.238,-1966077.379,0
993,softening-ubiquitous,1937,62.17947748,8.421835532,-0.2966876853,-0.04805281721,-4155052.262,-6797027.238,-1966077.379,0
993,softening-ubiquitous,2041,66.48056065,7.112535213,-0.2922997321,-0.03678037851,-4155052.262,-6797027.238,-1966077.379,0
994,softening-ubiquitous,1937,62.17947748,8.421835532,-0.2966876853,-0.04805281721,-4411211.86,-6280029.819,-516637.9721,0
994,softening-ubiquitous,2041,66.48056065,7.112535213,-0.2922997321,-0.03678037851,-4411211.86,-6280029.819,-516637.9721,0
994,softening-ubiquitous,1939,62.17947748,27.35,-0.3410464995,-0.05360773852,-4411211.86,-6280029.819,-516637.9721,0
994,softening-ubiquitous,2043,66.48056065,27.35,-0.3402968697,-0.04295827568,-4411211.86,-6280029.819,-516637.9721,0
995,softening-ubiquitous,1939,62.17947748,27.35,-0.3410464995,-0.05360773852,-4557851.343,-5421006.306,96369.14702,0
995,softening-ubiquitous,2043,66.48056065,27.35,-0.3402968697,-0.04295827568,-4557851.343,-5421006.306,96369.14702,0
995,softening-ubiquitous,1941,62.11334281,35.51883418,-0.3580957772,-0.05515319518,-4557851.343,-5421006.306,96369.14702,0
995,softening-ubiquitous,2045,66.42194706,36.08548012,-0.3585361333,-0.04475084952,-4557851.343,-5421006.306,96369.14702,0
996,softening-ubiquitous,1941,62.11334281,35.51883418,-0.3580957772,-0.05515319518,-4412739.58,-4883809.864,518587.7736,0
996,softening-ubiquitous,2045,66.42194706,36.08548012,-0.3585361333,-0.04475084952,-4412739.58,-4883809.864,518587.7736,0
996,softening-ubiquitous,1943,61.91552625,43.94021526,-0.3740336276,-0.05650848442,-4412739.58,-4883809.864,518587.7736,0
996,softening-ubiquitous,2047,66.24662689,45.10073018,-0.3754263194,-0.04632978805,-4412739.58,-4883809.864,518587.7736,0
997,softening-ubiquitous,1943,61.91552625,43.94021526,-0.3740336276,-0.05650848442,-3882890.361,-3964082.34,1538126.086,0
997,softening-ubiquitous,2047,66.24662689,45.10073018,-0.3754263194,-0.04632978805,-3882890.361,-3964082.34,1538126.086,0
997,softening-ubiquitous,1945,61.14166041,62.65015409,-0.4013301429,-0.05863205469,-3882890.361,-3964082.34,1538126.086,0
997,softening-ubiquitous,2049,65.5607678,65.20152694,-0.4036107762,-0.04856129219,-3882890.361,-3964082.34,1538126.086,0
998,softening-ubiquitous,1945,61.14166041,62.65015409,-0.4013301429,-0.05863205469,-2819453.346,-2819453.346,2819463.196,240
998,softening-ubiquitous,2049,65.5607678,65.20152694,-0.4036107762,-0.04856129219,-2819453.346,-2819453.346,2819463.196,240
998,softening-ubiquitous,1947,60.82352618,69.02154787,-0.02917969567,0.319943592,-2819453.346,-2819453.346,2819463.196,240
998,softening-ubiquitous,2051,65.27881291,72.0739637,-0.03482187784,0.3266583393,-2819453.346,-2819453.346,2819463.196,240
999,softening-ubiquitous,1947,60.82352618,69.02154787,-0.02917969567,0.319943592,-8241078.255,-4634606.845,-499771.8546,0
999,softening-ubiquitous,2051,65.27881291,72.0739637,-0.03482187784,0.3266583393,-8241078.255,-4634606.845,-499771.8546,0
999,softening-ubiquitous,1949,55.90978438,83.25978438,-0.04586022333,0.3145931717,-8241078.255,-4634606.845,-499771.8546,0
999,softening-ubiquitous,2053,60.08801124,87.43801124,-0.05250531987,0.3211080537,-8241078.255,-4634606.845,-499771.8546,0
1000,softening-ubiquitous,1949,55.90978438,83.25978438,-0.04586022333,0.3145931717,-8854982.652,-4003011.305,-1076702.549,0
1000,softening-ubiquitous,2053,60.08801124,87.43801124,-0.05250531987,0.3211080537,-8854982.652,-4003011.305,-1076702.549,0
1000,softening-ubiquitous,1951,32.99027194,84.49082716,-0.03576434429,0.2839646798,-8854982.652,-4003011.305,-1076702.549,0
1000,softening-ubiquitous,2055,35.32174416,88.5290555,-0.04370350599,0.2881436285,-8854982.652,-4003011.305,-1076702.549,0
1001,softening-ubiquitous,1951,32.99027194,84.49082716,-0.03576434429,0.2839646798,-8593612.566,-5079890.455,-1269079.77,0
1001,softening-ubiquitous,2055,35.32174416,88.5290555,-0.04370350599,0.2881436285,-8593612.566,-5079890.455,-1269079.77,0
1001,softening-ubiquitous,1953,15.51819522,85.264693,-0.0301085223,0.2528480959,-8593612.566,-5079890.455,-1269079.77,0
1001,softening-ubiquitous,2057,16.5766539,89.21491459,-0.03862425427,0.25531262,-8593612.566,-5079890.455,-1269079.77,0
1002,softening-ubiquitous,1953,15.51819522,85.264693,-0.0301085223,0.2528480959,-8250766.901,-5016968.396,-762951.074,0
1002,softening-ubiquitous,2057,16.5766539,89.21491459,-0.03862425427,0.25531262,-8250766.901,-5016968.396,-762951.074,0
1002,softening-ubiquitous,1955,6.84454638,85.52864423,-0.02752687084,0.2337469032,-8250766.901,-5016968.396,-762951.074,0
1002,softening-ubiquitous,2059,7.305746865,89.44884835,-0.03631939449,0.2351669662,-8250766.901,-5016968.396,-762951.074,0
1003,softening-ubiquitous,1955,6.84454638,85.52864423,-0.02752687084,0.2337469032,-8171465.02,-4814035.014,-622328.5663,0
1003,softening-ubiquitous,2059,7.305746865,89.44884835,-0.03631939449,0.2351669662,-8171465.02,-4814035.014,-622328.5663,0
1003,softening-ubiquitous,1957,5.133409785,85.52864423,-0.02690946493,0.2297570633,-8171465.02,-4814035.014,-622328.5663,0
1003,softening-ubiquitous,2061,5.479310149,89.44884835,-0.03576224469,0.2309419509,-8171465.02,-4814035.014,-622328.5663,0
1004,softening-ubiquitous,1957,5.133409785,85.52864423,-0.02690946493,0.2297570633,-8140324.791,-4765123.027,-586777.2174,0
1004,softening-ubiquitous,2061,5.479310149,89.44884835,-0.03576224469,0.2309419509,-8140324.791,-4765123.027,-586777.2174,0
1004,softening-ubiquitous,1959,3.42227319,85.52864423,-0.02629522854,0.2257026873,-8140324.791,-4765123.027,-586777.2174,0
1004,softening-ubiquitous,2063,3.652873433,89.44884835,-0.03520709064,0.2266464265,-8140324.791,-4765123.027,-586777.2174,0
1005,softening-ubiquitous,1959,3.42227319,85.52864423,-0.02629522854,0.2257026873,-8110285.437,-4711364.686,-554746.9448,0
1005,softening-ubiquitous,2063,3.652873433,89.44884835,-0.03520709064,0.2266464265,-8110285.437,-4711364.686,-554746.9448,0
1005,softening-ubiquitous,1961,1.711136595,85.52864423,-0.02568364046,0.2215872423,-8110285.437,-4711364.686,-554746.9448,0
1005,softening-ubiquitous,2065,1.826436716,89.44884835,-0.03465303763,0.2222829963,-8110285.437,-4711364.686,-554746.9448,0
1006,softening-ubiquitous,1961,1.711136595,85.52864423,-0.02568364046,0.2215872423,-8082412.333,-4654408.485,-526314.0182,0
1006,softening-ubiquitous,2065,1.826436716,89.44884835,-0.03465303763,0.2222829963,-8082412.333,-4654408.485,-526314.0182,0
1006,softening-ubiquitous,1963,0,85.52864423,-0.02507368354,0.2174134158,-8082412.333,-4654408.485,-526314.0182,0
1006,softening-ubiquitous,2067,0,89.44884835,-0.03409948745,0.2178551755,-8082412.333,-4654408.485,-526314.0182,0
1007,softening-ubiquitous,1963,0,85.52864423,-0.02507368354,0.2174134158,-8056053.414,-4594125.067,-503250.0758,0
1007,softening-ubiquitous,2067,0,89.44884835,-0.03409948745,0.2178551755,-8056053.414,-4594125.067,-503250.0758,0
1007,softening-ubiquitous,1965,-1.711136595,85.52864423,-0.02446459619,0.2131850155,-8056053.414,-4594125.067,-503250.0758,0
1007,softening-ubiquitous,2069,-1.826436716,89.44884835,-0.03354586275,0.2133671608,-8056053.414,-4594125.067,-503250.0758,0
1008,softening-ubiquitous,1965,-1.711136595,85.52864423,-0.02446459619,0.2131850155,-8031843.199,-4531430.155,-486125.523,0
1008,softening-ubiquitous,2069,-1.826436716,89.44884835,-0.03354586275,0.2133671608,-8031843.199,-4531430.155,-486125.523,0
1008,softening-ubiquitous,1967,-3.42227319,85.52864423,-0.02385549144,0.2089060074,-8031843.199,-4531430.155,-486125.523,0
1008,softening-ubiquitous,2071,-3.652873433,89.44884835,-0.03299163349,0.2088233962,-8031843.199,-4531430.155,-486125.523,0
1009,softening-ubiquitous,1967,-3.42227319,85.52864423,-0.02385549144,0.2089060074,-8008204.389,-4466796.445,-475735.4314,0
1009,softening-ubiquitous,2071,-3.652873433,89.44884835,-0.03299163349,0.2088233962,-8008204.389,-4466796.445,-475735.4314,0
1009,softening-ubiquitous,1969,-5.133409785,85.52864423,-0.02324604148,0.2045809868,-8008204.389,-4466796.445,-475735.4314,0
1009,softening-ubiquitous,2073,-5.479310149,89.44884835,-0.0324364467,0.2042285727,-8008204.389,-4466796.445,-475735.4314,0
1010,softening-ubiquitous,1969,-5.133409785,85.52864423,-0.02324604148,0.2045809868,-7985372.077,-4401711.515,-472246.6105,0
1010,softening-ubiquitous,2073,-5.479310149,89.44884835,-0.0324364467,0.2042285727,-7985372.077,-4401711.515,-472246.6105,0
1010,softening-ubiquitous,1971,-6.84454638,85.52864423,-0.0226359745,0.2002144256,-7985372.077,-4401711.515,-472246.6105,0
1010,softening-ubiquitous,2075,-7.305746865,89.44884835,-0.03188014329,0.1995875392,-7985372.077,-4401711.515,-472246.6105,0
1011,softening-ubiquitous,1971,-6.84454638,85.52864423,-0.0226359745,0.2002144256,-7904435.05,-4220927.264,-510353.8474,0
1011,softening-ubiquitous,2075,-7.305746865,89.44884835,-0.03188014329,0.1995875392,-7904435.05,-4220927.264,-510353.8474,0
1011,softening-ubiquitous,1973,-15.51819522,85.264693,-0.01890145623,0.1775506305,-7904435.05,-4220927.264,-510353.8474,0
1011,softening-ubiquitous,2077,-16.5766539,89.21491459,-0.02849176052,0.1754529515,-7904435.05,-4220927.264,-510353.8474,0
1012,softening-ubiquitous,1973,-15.51819522,85.264693,-0.01890145623,0.1775506305,-7636212.833,-3869813.582,-836922.2127,0
1012,softening-ubiquitous,2077,-16.5766539,89.21491459,-0.02849176052,0.1754529515,-7636212.833,-3869813.582,-836922.2127,0
1012,softening-ubiquitous,1975,-32.99027194,84.49082716,-0.01096209967,0.1310386698,-7636212.833,-3869813.582,-836922.2127,0
1012,softening-ubiquitous,2079,-35.32174416,88.5290555,-0.02128313463,0.1256499363,-7636212.833,-3869813.582,-836922.2127,0
1013,softening-ubiquitous,1975,-32.99027194,84.49082716,-0.01096209967,0.1310386698,-6973697.432,-3930212.158,-1437077.739,0
1013,softening-ubiquitous,2079,-35.32174416,88.5290555,-0.02128313463,0.1256499363,-6973697.432,-3930212.158,-1437077.739,0
1013,softening-ubiquitous,1977,-55.90978438,83.25978438,-0.001869023028,0.07093801067,-6973697.432,-3930212.158,-1437077.739,0
1013,softening-ubiquitous,2081,-60.08801124,87.43801124,-0.0132278967,0.06045879694,-6973697.432,-3930212.158,-1437077.739,0
1014,softening-ubiquitous,1977,-55.90978438,83.25978438,-0.001869023028,0.07093801067,-6607168.228,-4296188.069,-1993984.458,0
1014,softening-ubiquitous,2081,-60.08801124,87.43801124,-0.0132278967,0.06045879694,-6607168.228,-4296188.069,-1993984.458,0
1014,softening-ubiquitous,1979,-60.82352618,69.02154787,0.04096678869,0.05716826855,-6607168.228,-4296188.069,-1993984.458,0
1014,softening-ubiquitous,2083,-65.27881291,72.0739637,0.03243098071,0.04630564537,-6607168.228,-4296188.069,-1993984.458,0
1015,softening-ubiquitous,1979,-60.82352618,69.02154787,0.04096678869,0.05716826855,-6559515.558,-4428570.546,-2487158.293,0
1015,softening-ubiquitous,2083,-65.27881291,72.0739637,0.03243098071,0.04630564537,-6559515.558,-4428570.546,-2487158.293,0
1015,softening-ubiquitous,1981,-61.14166041,62.65015409,0.06039808927,0.05589316058,-6559515.558,-4428570.546,-2487158.293,0
1015,softening-ubiquitous,2085,-65.5607678,65.20152694,0.05321245749,0.04535009532,-6559515.558,-4428570.546,-2487158.293,0
1016,softening-ubiquitous,1981,-61.14166041,62.65015409,0.06039808927,0.05589316058,-6238879.763,-4683697.471,-3008537.285,0
1016,softening-ubiquitous,2085,-65.5607678,65.20152694,0.05321245749,0.04535009532,-6238879.763,-4683697.471,-3008537.285,0
1016,softening-ubiquitous,1983,-61.91552625,43.94021526,0.118127235,0.05356484994,-6238879.763,-4683697.471,-3008537.285,0
1016,softening-ubiquitous,2087,-66.24662689,45.10073018,0.1146785491,0.04405869385,-6238879.763,-4683697.471,-3008537.285,0
1017,softening-ubiquitous,1983,-61.91552625,43.94021526,0.118127235,0.05356484994,-5643113.325,-5084450.925,-3358792.844,0
1017,softening-ubiquitous,2087,-66.24662689,45.10073018,0.1146785491,0.04405869385,-5643113.325,-5084450.925,-3358792.844,0
1017,softening-ubiquitous,1985,-62.11334281,35.51883418,0.143746219,0.05358297227,-5643113.325,-5084450.925,-3358792.844,0
1017,softening-ubiquitous,2089,-66.42194706,36.08548012,0.1418508251,0.04459550595,-5643113.325,-5084450.925,-3358792.844,0
1018,softening-ubiquitous,1985,-62.11334281,35.51883418,0.143746219,0.05358297227,-5144558.097,-5402401.681,-3269583.87,0
1018,softening-ubiquitous,2089,-66.42194706,36.08548012,0.1418508251,0.04459550595,-5144558.097,-5402401.681,-3269583.87,0
1018,softening-ubiquitous,1987,-62.17947748,27.35,0.1674768186,0.05442510832,-5144558.097,-5402401.681,-3269583.87,0
1018,softening-ubiquitous,2091,-66.48056065,27.35,0.1669142385,0.04596204063,-5144558.097,-5402401.681,-3269583.87,0
1019,softening-ubiquitous,1987,-62.17947748,27.35,0.1674768186,0.05442510832,-4304217.35,-5906772.753,-2445488.792,0
1019,softening-ubiquitous,2091,-66.48056065,27.35,0.1669142385,0.04596204063,-4304217.35,-5906772.753,-2445488.792,0
1019,softening-ubiquitous,1989,-62.17947748,8.421835532,0.214015975,0.05885685782,-4304217.35,-5906772.753,-2445488.792,0
1019,softening-ubiquitous,2093,-66.48056065,7.112535213,0.2157685864,0.05157427547,-4304217.35,-5906772.753,-2445488.792,0
1020,softening-ubiquitous,1989,-62.17947748,8.421835532,0.214015975,0.05885685782,-4105940.518,-5578677.494,-185204.9178,0
1020,softening-ubiquitous,2093,-66.48056065,7.112535213,0.2157685864,0.05157427547,-4105940.518,-5578677.494,-185204.9178,0
1020,softening-ubiquitous,1991,-62.17947748,-18.61404512,0.2528777777,0.06451890173,-4105940.518,-5578677.494,-185204.9178,0
1020,softening-ubiquitous,2095,-66.48056065,-21.79347327,0.255347926,0.05844977951,-4105940.518,-5578677.494,-185204.9178,0
1021,softening-ubiquitous,1991,-62.17947748,-18.61404512,0.2528777777,0.06451890173,-3849421.496,-3892997.702,1838784.344,0
1021,softening-ubiquitous,2095,-66.48056065,-21.79347327,0.255347926,0.05844977951,-3849421.496,-3892997.702,1838784.344,0
1021,softening-ubiquitous,1993,-62.17947748,-45.64992576,0.2628683892,0.06443113753,-3849421.496,-3892997.702,1838784.344,0
1021,softening-ubiquitous,2097,-66.48056065,-50.69948175,0.2611338837,0.0595034634,-3849421.496,-3892997.702,1838784.344,0
1022,softening-ubiquitous,1993,-62.17947748,-45.64992576,0.2628683892,0.06443113753,-3161205.312,-2475178.352,1875770.082,208
1022,softening-ubiquitous,2097,-66.48056065,-50.69948175,0.2611338837,0.0595034634,-3161205.312,-2475178.352,1875770.082,208
1022,softening-ubiquitous,1995,-57.60092688,-65.31972647,0.1818845646,-0.01189332004,-3161205.312,-2475178.352,1875770.082,208
1022,softening-ubiquitous,2099,-61.46613235,-71.53815998,0.1647511764,-0.02587511818,-3161205.312,-2475178.352,1875770.082,208
1023,softening-ubiquitous,1995,-57.60092688,-65.31972647,0.1818845646,-0.01189332004,-3911184.28,-2524712.289,1313298.04,80
1023,softening-ubiquitous,2099,-61.46613235,-71.53815998,0.1647511764,-0.02587511818,-3911184.28,-2524712.289,1313298.04,80
1023,softening-ubiquitous,1997,-46.99382923,-68.68787943,0.1084108509,-0.0797641575,-3911184.28,-2524712.289,1313298.04,80
1023,softening-ubiquitous,2101,-49.84923972,-74.52327471,0.0918467045,-0.09719640572,-3911184.28,-2524712.289,1313298.04,80
1024,softening-ubiquitous,1997,-46.99382923,-68.68787943,0.1084108509,-0.0797641575,-7245738.315,-3334046.557,-83749.9524,80
1024,softening-ubiquitous,2101,-49.84923972,-74.52327471,0.0918467045,-0.09719640572,-7245738.315,-3334046.557,-83749.9524,80
1024,softening-ubiquitous,1999,-40.10844661,-72.05603239,0.0570687891,-0.1270799047,-7245738.315,-3334046.557,-83749.9524,80
1024,softening-ubiquitous,2103,-42.30836916,-77.50838944,0.04609481905,-0.1408882113,-7245738.315,-3334046.557,-83749.9524,80
1025,softening-ubiquitous,1999,-40.10844661,-72.05603239,0.0570687891,-0.1270799047,-10626572.66,-4051070.646,-1694199.866,80
1025,softening-ubiquitous,2103,-42.30836916,-77.50838944,0.04609481905,-0.1408882113,-10626572.66,-4051070.646,-1694199.866,80
1025,softening-ubiquitous,2001,-35.27836751,-75.42418535,0.02729941132,-0.1547962097,-10626572.66,-4051070.646,-1694199.866,80
1025,softening-ubiquitous,2105,-37.01846685,-80.49350417,0.02448153646,-0.1619538798,-10626572.66,-4051070.646,-1694199.866,80
1026,softening-ubiquitous,2001,-35.27836751,-75.42418535,0.02729941132,-0.1547962097,-13888605.07,-4838222.661,-3059354.441,80
1026,softening-ubiquitous,2105,-37.01846685,-80.49350417,0.02448153646,-0.1619538798,-13888605.07,-4838222.661,-3059354.441,80
1026,softening-ubiquitous,2003,-31.70283604,-78.79233831,0.01477410656,-0.1673718545,-13888605.07,-4838222.661,-3059354.441,80
1026,softening-ubiquitous,2107,-33.10254503,-83.4786189,0.01754832713,-0.1688651716,-13888605.07,-4838222.661,-3059354.441,80
1027,softening-ubiquitous,2003,-31.70283604,-78.79233831,0.01477410656,-0.1673718545,-15134850.31,-5216803.584,-3725149.099,0
1027,softening-ubiquitous,2107,-33.10254503,-83.4786189,0.01754832713,-0.1688651716,-15134850.31,-5216803.584,-3725149.099,0
1027,softening-ubiquitous,2005,-28.94925518,-82.16049127,0.01205872206,-0.1713211291,-15134850.31,-5216803.584,-3725149.099,0
1027,softening-ubiquitous,2109,-30.08682345,-86.46373363,0.01522055036,-0.1717046898,-15134850.31,-5216803.584,-3725149.099,0
1028,softening-ubiquitous,2005,-28.94925518,-82.16049127,0.01205872206,-0.1713211291,-13071709.23,-5863998.468,-3285657.64,0
1028,softening-ubiquitous,2109,-30.08682345,-86.46373363,0.01522055036,-0.1717046898,-13071709.23,-5863998.468,-3285657.64,0
1028,softening-ubiquitous,1903,-26.76341634,-85.52864423,0.01176055023,-0.172946869,-13071709.23,-5863998.468,-3285657.64,0
1028,softening-ubiquitous,2007,-27.69289292,-89.44884835,0.01411941947,-0.1734544246,-13071709.23,-5863998.468,-3285657.64,0
1029,softening-ubiquitous,2007,-27.69289292,-89.44884835,0.01411941947,-0.1734544246,-10603500.94,-5236291.21,-2224343.914,0
1029,softening-ubiquitous,2111,-28.65012521,-93.48611635,0.01548992966,-0.1738276774,-10603500.94,-5236291.21,-2224343.914,0
1029,softening-ubiquitous,2009,-20.76966969,-89.44884835,0.00923013706,-0.1744053533,-10603500.94,-5236291.21,-2224343.914,0
1029,softening-ubiquitous,2113,-21.48759391,-93.48611635,0.01153803118,-0.1751211461,-10603500.94,-5236291.21,-2224343.914,0
1030,softening-ubiquitous,2009,-20.76966969,-89.44884835,0.00923013706,-0.1744053533,-9845786.525,-5079113.101,-1862459.924,0
1030,softening-ubiquitous,2113,-21.48759391,-93.48611635,0.01153803118,-0.1751211461,-9845786.525,-5079113.101,-1862459.924,0
1030,softening-ubiquitous,2011,-13.84644646,-89.44884835,0.004986083877,-0.172572488,-9845786.525,-5079113.101,-1862459.924,0
1030,softening-ubiquitous,2115,-14.32506261,-93.48611635,0.008219048631,-0.1733572598,-9845786.525,-5079113.101,-1862459.924,0
1031,softening-ubiquitous,2011,-13.84644646,-89.44884835,0.004986083877,-0.172572488,-9198414.695,-5000282.711,-1571729.794,0
1031,softening-ubiquitous,2115,-14.32506261,-93.48611635,0.008219048631,-0.1733572598,-9198414.695,-5000282.711,-1571729.794,0
1031,softening-ubiquitous,2013,-6.923223229,-89.44884835,0.001335944493,-0.1682395498,-9198414.695,-5000282.711,-1571729.794,0
1031,softening-ubiquitous,2117,-7.162531304,-93.48611635,0.005439922043,-0.1689016764,-9198414.695,-5000282.711,-1571729.794,0
1032,softening-ubiquitous,2013,-6.923223229,-89.44884835,0.001335944493,-0.1682395498,-8653339.205,-4930157.203,-1294849.119,0
1032,softening-ubiquitous,2117,-7.162531304,-93.48611635,0.005439922043,-0.1689016764,-8653339.205,-4930157.203,-1294849.119,0
1032,softening-ubiquitous,2015,0,-89.44884835,-0.001814725389,-0.1615713557,-8653339.205,-4930157.203,-1294849.119,0
1032,softening-ubiquitous,2119,0,-93.48611635,0.003113100156,-0.1619780036,-8653339.205,-4930157.203,-1294849.119,0
1033,softening-ubiquitous,2015,0,-89.44884835,-0.001814725389,-0.1615713557,-8193698.653,-4829307.118,-1056688.864,0
1033,softening-ubiquitous,2119,0,-93.48611635,0.003113100156,-0.1619780036,-8193698.653,-4829307.118,-1056688.864,0
1033,softening-ubiquitous,2017,6.923223229,-89.44884835,-0.004556801172,-0.1527950685,-8193698.653,-4829307.118,-1056688.864,0
1033,softening-ubiquitous,2121,7.162531304,-93.48611635,0.001148930598,-0.1528299601,-8193698.653,-4829307.118,-1056688.864,0
1034,softening-ubiquitous,2017,6.923223229,-89.44884835,-0.004556801172,-0.1527950685,-7793439.635,-4714027.337,-876948.2476,0
1034,softening-ubiquitous,2121,7.162531304,-93.48611635,0.001148930598,-0.1528299601,-7793439.635,-4714027.337,-876948.2476,0
1034,softening-ubiquitous,2019,13.84644646,-89.44884835,-0.006946509726,-0.1421860704,-7793439.635,-4714027.337,-876948.2476,0
1034,softening-ubiquitous,2123,14.32506261,-93.48611635,-0.0005167460619,-0.1417403651,-7793439.635,-4714027.337,-876948.2476,0
1035,softening-ubiquitous,2019,13.84644646,-89.44884835,-0.006946509726,-0.1421860704,-7432563.035,-4607595.268,-749530.8363,0
1035,softening-ubiquitous,2123,14.32506261,-93.48611635,-0.0005167460619,-0.1417403651,-7432563.035,-4607595.268,-749530.8363,0
1035,softening-ubiquitous,2021,20.76966969,-89.44884835,-0.009011276938,-0.1300097511,-7432563.035,-4607595.268,-749530.8363,0
1035,softening-ubiquitous,2125,21.48759391,-93.48611635,-0.001922337917,-0.1289898631,-7432563.035,-4607595.268,-749530.8363,0
1036,softening-ubiquitous,2021,20.76966969,-89.44884835,-0.009011276938,-0.1300097511,-7108163.132,-4518917.947,-660453.1967,0
1036,softening-ubiquitous,2125,21.48759391,-93.48611635,-0.001922337917,-0.1289898631,-7108163.132,-4518917.947,-660453.1967,0
1036,softening-ubiquitous,2023,27.69289292,-89.44884835,-0.01077526966,-0.1165010798,-7108163.132,-4518917.947,-660453.1967,0
1036,softening-ubiquitous,2127,28.65012521,-93.48611635,-0.00309760872,-0.1148368825,-7108163.132,-4518917.947,-660453.1967,0
1037,softening-ubiquitous,2023,27.69289292,-89.44884835,-0.01077526966,-0.1165010798,-7163241.018,-4480220.892,-674987.6624,0
1037,softening-ubiquitous,2127,28.65012521,-93.48611635,-0.00309760872,-0.1148368825,-7163241.018,-4480220.892,-674987.6624,0
1037,softening-ubiquitous,2025,30.08682345,-86.46373363,-0.01742526917,-0.1112627242,-7163241.018,-4480220.892,-674987.6624,0
1037,softening-ubiquitous,2129,31.25836143,-90.89547801,-0.008665298784,-0.1091976448,-7163241.018,-4480220.892,-674987.6624,0
1038,softening-ubiquitous,2025,30.08682345,-86.46373363,-0.01742526917,-0.1112627242,-7431051.029,-4475008.962,-776517.3165,0
1038,softening-ubiquitous,2129,31.25836143,-90.89547801,-0.008665298784,-0.1091976448,-7431051.029,-4475008.962,-776517.3165,0
1038,softening-ubiquitous,2027,33.10254503,-83.4786189,-0.0246562395,-0.1045205731,-7431051.029,-4475008.962,-776517.3165,0
1038,softening-ubiquitous,2131,34.54405168,-88.30483968,-0.01470057054,-0.1018957335,-7431051.029,-4475008.962,-776517.3165,0
1039,softening-ubiquitous,2027,33.10254503,-83.4786189,-0.0246562395,-0.1045205731,-7600037.903,-4450364.109,-883747.3448,0
1039,softening-ubiquitous,2131,34.54405168,-88.30483968,-0.01470057054,-0.1018957335,-7600037.903,-4450364.109,-883747.3448,0
1039,softening-ubiquitous,2029,37.01846685,-80.49350417,-0.0325924855,-0.09556042989,-7600037.903,-4450364.109,-883747.3448,0
1039,softening-ubiquitous,2133,38.81052848,-85.71420134,-0.02131091574,-0.09213937078,-7600037.903,-4450364.109,-883747.3448,0
1040,softening-ubiquitous,2029,37.01846685,-80.49350417,-0.0325924855,-0.09556042989,-7641345.994,-4396014.603,-1000404.227,0
1040,softening-ubiquitous,2133,38.81052848,-85.71420134,-0.02131091574,-0.09213937078,-7641345.994,-4396014.603,-1000404.227,0
1040,softening-ubiquitous,2031,42.30836916,-77.50838944,-0.04139214944,-0.0831406541,-7641345.994,-4396014.603,-1000404.227,0
1040,softening-ubiquitous,2135,44.57398508,-83.12356301,-0.02862903625,-0.07855657602,-7641345.994,-4396014.603,-1000404.227,0
1041,softening-ubiquitous,2031,42.30836916,-77.50838944,-0.04139214944,-0.0831406541,-7500946.309,-4319957.841,-1136806.929,0
1041,softening-ubiquitous,2135,44.57398508,-83.12356301,-0.02862903625,-0.07855657602,-7500946.309,-4319957.841,-1136806.929,0
1041,softening-ubiquitous,2033,49.84923972,-74.52327471,-0.05122403932,-0.06496602074,-7500946.309,-4319957.841,-1136806.929,0
1041,softening-ubiquitous,2137,52.78991757,-80.53292468,-0.03678546895,-0.0585913339,-7500946.309,-4319957.841,-1136806.929,0
1042,softening-ubiquitous,2033,49.84923972,-74.52327471,-0.05122403932,-0.06496602074,-7093868.574,-4265619.973,-1290743.374,0
1042,softening-ubiquitous,2137,52.78991757,-80.53292468,-0.03678546895,-0.0585913339,-7093868.574,-4265619.973,-1290743.374,0
1042,softening-ubiquitous,2035,61.46613235,-71.53815998,-0.0621179623,-0.03625390491,-7093868.574,-4265619.973,-1290743.374,0
1042,softening-ubiquitous,2139,65.44675933,-77.94228634,-0.04575820055,-0.02691257859,-7093868.574,-4265619.973,-1290743.374,0
1043,softening-ubiquitous,2035,61.46613235,-71.53815998,-0.0621179623,-0.03625390491,-6903420.173,-4529903.167,-1881162.034,0
1043,softening-ubiquitous,2139,65.44675933,-77.94228634,-0.04575820055,-0.02691257859,-6903420.173,-4529903.167,-1881162.034,0
1043,softening-ubiquitous,2037,66.48056065,-50.69948175,-0.122954995,-0.02265481011,-6903420.173,-4529903.167,-1881162.034,0
1043,softening-ubiquitous,2141,70.91008139,-55.89982594,-0.1080361736,-0.01196152361,-6903420.173,-4529903.167,-1881162.034,0
1044,softening-ubiquitous,2037,66.48056065,-50.69948175,-0.122954995,-0.02265481011,-5985179.571,-5474726.395,-2676326.075,0
1044,softening-ubiquitous,2141,70.91008139,-55.89982594,-0.1080361736,-0.01196152361,-5985179.571,-5474726.395,-2676326.075,0
1044,softening-ubiquitous,2039,66.48056065,-21.79347327,-0.2113942213,-0.02626089889,-5985179.571,-5474726.395,-2676326.075,0
1044,softening-ubiquitous,2143,70.91008139,-25.06784448,-0.200713378,-0.01493159118,-5985179.571,-5474726.395,-2676326.075,0
1045,softening-ubiquitous,2039,66.48056065,-21.79347327,-0.2113942213,-0.02626089889,-4523628.599,-6712243.758,-2057273.411,0
1045,softening-ubiquitous,2143,70.91008139,-25.06784448,-0.200713378,-0.01493159118,-4523628.599,-6712243.758,-2057273.411,0
1045,softening-ubiquitous,2041,66.48056065,7.112535213,-0.2922997321,-0.03678037851,-4523628.599,-6712243.758,-2057273.411,0
1045,softening-ubiquitous,2145,70.91008139,5.76413699,-0.2877953322,-0.02532720845,-4523628.599,-6712243.758,-2057273.411,0
1046,softening-ubiquitous,2041,66.48056065,7.112535213,-0.2922997321,-0.03678037851,-4573385.492,-6462076.692,-743856.367,0
1046,softening-ubiquitous,2145,70.91008139,5.76413699,-0.2877953322,-0.02532720845,-4573385.492,-6462076.692,-743856.367,0
1046,softening-ubiquitous,2043,66.48056065,27.35,-0.3402968697,-0.04295827568,-4573385.492,-6462076.692,-743856.367,0
1046,softening-ubiquitous,2147,70.91008139,27.35,-0.3395748773,-0.0323120145,-4573385.492,-6462076.692,-743856.367,0
1047,softening-ubiquitous,2043,66.48056065,27.35,-0.3402968697,-0.04295827568,-4746774.031,-5687048.803,-129688.4096,0
1047,softening-ubiquitous,2147,70.91008139,27.35,-0.3395748773,-0.0323120145,-4746774.031,-5687048.803,-129688.4096,0
1047,softening-ubiquitous,2045,66.42194706,36.08548012,-0.3585361333,-0.04475084952,-4746774.031,-5687048.803,-129688.4096,0
1047,softening-ubiquitous,2149,70.85921345,36.66904706,-0.3590331205,-0.03446339707,-4746774.031,-5687048.803,-129688.4096,0
1048,softening-ubiquitous,2045,66.42194706,36.08548012,-0.3585361333,-0.04475084952,-4602802.701,-5189748.857,298166.6451,0
1048,softening-ubiquitous,2149,70.85921345,36.66904706,-0.3590331205,-0.03446339707,-4602802.701,-5189748.857,298166.6451,0
1048,softening-ubiquitous,2047,66.24662689,45.10073018,-0.3754263194,-0.04632978805,-4602802.701,-5189748.857,298166.6451,0
1048,softening-ubiquitous,2151,70.70706146,46.29590002,-0.3768577125,-0.03637341988,-4602802.701,-5189748.857,298166.6451,0
1049,softening-ubiquitous,2047,66.24662689,45.10073018,-0.3754263194,-0.04632978805,-4186783.645,-4238283.459,1351279.542,0
1049,softening-ubiquitous,2151,70.70706146,46.29590002,-0.3768577125,-0.03637341988,-4186783.645,-4238283.459,1351279.542,0
1049,softening-ubiquitous,2049,65.5607678,65.20152694,-0.4036107762,-0.04856129219,-4186783.645,-4238283.459,1351279.542,0
1049,softening-ubiquitous,2153,70.11183715,67.82908805,-0.4059948531,-0.03881606112,-4186783.645,-4238283.459,1351279.542,0
1050,softening-ubiquitous,2049,65.5607678,65.20152694,-0.4036107762,-0.04856129219,-2849535.687,-2849535.687,2849539.909,240
1050,softening-ubiquitous,2153,70.11183715,67.82908805,-0.4059948531,-0.03881606112,-2849535.687,-2849535.687,2849539.909,240
1050,softening-ubiquitous,2051,65.27881291,72.0739637,-0.03482187784,0.3266583393,-2849535.687,-2849535.687,2849539.909,240
1050,softening-ubiquitous,2155,69.86714199,75.2175298,-0.04061884549,0.3329819996,-2849535.687,-2849535.687,2849539.909,240
1051,softening-ubiquitous,2051,65.27881291,72.0739637,-0.03482187784,0.3266583393,-8240951.584,-4836599.644,-673373.9054,0
1051,softening-ubiquitous,2155,69.86714199,75.2175298,-0.04061884549,0.3329819996,-8240951.584,-4836599.644,-673373.9054,0
1051,softening-ubiquitous,2053,60.08801124,87.43801124,-0.05250531987,0.3211080537,-8240951.584,-4836599.644,-673373.9054,0
1051,softening-ubiquitous,2157,64.39100697,91.74100697,-0.05899913769,0.3273241227,-8240951.584,-4836599.644,-673373.9054,0
1052,softening-ubiquitous,2053,60.08801124,87.43801124,-0.05250531987,0.3211080537,-8206655.456,-4142078.386,-1079958.491,0
1052,softening-ubiquitous,2157,64.39100697,91.74100697,-0.05899913769,0.3273241227,-8206655.456,-4142078.386,-1079958.491,0
1052,softening-ubiquitous,2055,35.32174416,88.5290555,-0.04370350599,0.2881436285,-8206655.456,-4142078.386,-1079958.491,0
1052,softening-ubiquitous,2159,37.72283805,92.68787211,-0.05147339001,0.2923765393,-8206655.456,-4142078.386,-1079958.491,0
1053,softening-ubiquitous,2055,35.32174416,88.5290555,-0.04370350599,0.2881436285,-7992905.469,-4906189.157,-1206153.674,0
1053,softening-ubiquitous,2159,37.72283805,92.68787211,-0.05147339001,0.2923765393,-7992905.469,-4906189.157,-1206153.674,0
1053,softening-ubiquitous,2057,16.5766539,89.21491459,-0.03862425427,0.25531262,-7992905.469,-4906189.157,-1206153.674,0
1053,softening-ubiquitous,2161,17.66671994,93.28309642,-0.04713789863,0.2577468612,-7992905.469,-4906189.157,-1206153.674,0
1054,softening-ubiquitous,2057,16.5766539,89.21491459,-0.03862425427,0.25531262,-7745641.839,-4935886.83,-728497.857,0
1054,softening-ubiquitous,2161,17.66671994,93.28309642,-0.04713789863,0.2577468612,-7745641.839,-4935886.83,-728497.857,0
1054,softening-ubiquitous,2059,7.305746865,89.44884835,-0.03631939449,0.2351669662,-7745641.839,-4935886.83,-728497.857,0
1054,softening-ubiquitous,2163,7.78071957,93.48611635,-0.04518866365,0.236553676,-7745641.839,-4935886.83,-728497.857,0
1055,softening-ubiquitous,2059,7.305746865,89.44884835,-0.03631939449,0.2351669662,-7705130.937,-4746850.392,-570615.78,0
1055,softening-ubiquitous,2163,7.78071957,93.48611635,-0.04518866365,0.236553676,-7705130.937,-4746850.392,-570615.78,0
1055,softening-ubiquitous,2061,5.479310149,89.44884835,-0.03576224469,0.2309419509,-7705130.937,-4746850.392,-570615.78,0
1055,softening-ubiquitous,2165,5.835539678,93.48611635,-0.04471016037,0.2320920157,-7705130.937,-4746850.392,-570615.78,0
1056,softening-ubiquitous,2061,5.479310149,89.44884835,-0.03576224469,0.2309419509,-7683315.254,-4699813.52,-536085.2452,0
1056,softening-ubiquitous,2165,5.835539678,93.48611635,-0.04471016037,0.2320920157,-7683315.254,-4699813.52,-536085.2452,0
1056,softening-ubiquitous,2063,3.652873433,89.44884835,-0.03520709064,0.2266464265,-7683315.254,-4699813.52,-536085.2452,0
1056,softening-ubiquitous,2167,3.890359785,93.48611635,-0.04423091178,0.2275501644,-7683315.254,-4699813.52,-536085.2452,0
1057,softening-ubiquitous,2063,3.652873433,89.44884835,-0.03520709064,0.2266464265,-7662932.014,-4651844.12,-504712.612,0
1057,softening-ubiquitous,2167,3.890359785,93.48611635,-0.04423091178,0.2275501644,-7662932.014,-4651844.12,-504712.612,0
1057,softening-ubiquitous,2065,1.826436716,89.44884835,-0.03465303763,0.2222829963,-7662932.014,-4651844.12,-504712.612,0
1057,softening-ubiquitous,2169,1.945179893,93.48611635,-0.04375097022,0.2229320717,-7662932.014,-4651844.12,-504712.612,0
1058,softening-ubiquitous,2065,1.826436716,89.44884835,-0.03465303763,0.2222829963,-7643853.378,-4602109.686,-477715.0354,0
1058,softening-ubiquitous,2169,1.945179893,93.48611635,-0.04375097022,0.2229320717,-7643853.378,-4602109.686,-477715.0354,0
1058,softening-ubiquitous,2067,0,89.44884835,-0.03409948745,0.2178551755,-7643853.378,-4602109.686,-477715.0354,0
1058,softening-ubiquitous,2171,0,93.48611635,-0.04326992879,0.2182419574,-7643853.378,-4602109.686,-477715.0354,0
1059,softening-ubiquitous,2067,0,89.44884835,-0.03409948745,0.2178551755,-7625961.601,-4550560.776,-456301.1955,0
1059,softening-ubiquitous,2171,0,93.48611635,-0.04326992879,0.2182419574,-7625961.601,-4550560.776,-456301.1955,0
1059,softening-ubiquitous,2069,-1.826436716,89.44884835,-0.03354586275,0.2133671608,-7625961.601,-4550560.776,-456301.1955,0
1059,softening-ubiquitous,2173,-1.945179893,93.48611635,-0.04278737633,0.2134847923,-7625961.601,-4550560.776,-456301.1955,0
1060,softening-ubiquitous,2069,-1.826436716,89.44884835,-0.03354586275,0.2133671608,-7609334.605,-4497600.355,-441037.8248,0
1060,softening-ubiquitous,2173,-1.945179893,93.48611635,-0.04278737633,0.2134847923,-7609334.605,-4497600.355,-441037.8248,0
1060,softening-ubiquitous,2071,-3.652873433,89.44884835,-0.03299163349,0.2088233962,-7609334.605,-4497600.355,-441037.8248,0
1060,softening-ubiquitous,2175,-3.890359785,93.48611635,-0.04230298119,0.2086657308,-7609334.605,-4497600.355,-441037.8248,0
1061,softening-ubiquitous,2071,-3.652873433,89.44884835,-0.03299163349,0.2088233962,-7593297.698,-4443765.395,-432019.6019,0
1061,softening-ubiquitous,2175,-3.890359785,93.48611635,-0.04230298119,0.2086657308,-7593297.698,-4443765.395,-432019.6019,0
1061,softening-ubiquitous,2073,-5.479310149,89.44884835,-0.0324364467,0.2042285727,-7593297.698,-4443765.395,-432019.6019,0
1061,softening-ubiquitous,2177,-5.835539678,93.48611635,-0.04181657485,0.2037896236,-7593297.698,-4443765.395,-432019.6019,0
1062,softening-ubiquitous,2073,-5.479310149,89.44884835,-0.0324364467,0.2042285727,-7577393.119,-4389884.031,-429953.3086,0
1062,softening-ubiquitous,2177,-5.835539678,93.48611635,-0.04181657485,0.2037896236,-7577393.119,-4389884.031,-429953.3086,0
1062,softening-ubiquitous,2075,-7.305746865,89.44884835,-0.03188014329,0.1995875392,-7577393.119,-4389884.031,-429953.3086,0
1062,softening-ubiquitous,2179,-7.78071957,93.48611635,-0.04132829854,0.1988620299,-7577393.119,-4389884.031,-429953.3086,0
1063,softening-ubiquitous,2075,-7.305746865,89.44884835,-0.03188014329,0.1995875392,-7517536.557,-4244051.08,-470443.4606,0
1063,softening-ubiquitous,2179,-7.78071957,93.48611635,-0.04132829854,0.1988620299,-7517536.557,-4244051.08,-470443.4606,0
1063,softening-ubiquitous,2077,-16.5766539,89.21491459,-0.02849176052,0.1754529515,-7517536.557,-4244051.08,-470443.4606,0
1063,softening-ubiquitous,2181,-17.66671994,93.28309642,-0.03834769724,0.1731909618,-7517536.557,-4244051.08,-470443.4606,0
1064,softening-ubiquitous,2077,-16.5766539,89.21491459,-0.02849176052,0.1754529515,-7307574.358,-3967501.543,-795201.4681,0
1064,softening-ubiquitous,2181,-17.66671994,93.28309642,-0.03834769724,0.1731909618,-7307574.358,-3967501.543,-795201.4681,0
1064,softening-ubiquitous,2079,-35.32174416,88.5290555,-0.02128313463,0.1256499363,-7307574.358,-3967501.543,-795201.4681,0
1064,softening-ubiquitous,2183,-37.72283805,92.68787211,-0.03196255944,0.1199575646,-7307574.358,-3967501.543,-795201.4681,0
1065,softening-ubiquitous,2079,-35.32174416,88.5290555,-0.02128313463,0.1256499363,-6717849.331,-4084908.485,-1354558.05,0
1065,softening-ubiquitous,2183,-37.72283805,92.68787211,-0.03196255944,0.1199575646,-6717849.331,-4084908.485,-1354558.05,0
1065,softening-ubiquitous,2081,-60.08801124,87.43801124,-0.0132278967,0.06045879694,-6717849.331,-4084908.485,-1354558.05,0
1065,softening-ubiquitous,2185,-64.39100697,91.74100697,-0.0250159087,0.04942921403,-6717849.331,-4084908.485,-1354558.05,0
1066,softening-ubiquitous,2081,-60.08801124,87.43801124,-0.0132278967,0.06045879694,-6377298.806,-4465677.437,-1852822.363,0
1066,softening-ubiquitous,2185,-64.39100697,91.74100697,-0.0250159087,0.04942921403,-6377298.806,-4465677.437,-1852822.363,0
1066,softening-ubiquitous,2083,-65.27881291,72.0739637,0.03243098071,0.04630564537,-6377298.806,-4465677.437,-1852822.363,0
1066,softening-ubiquitous,2187,-69.86714199,75.2175298,0.02353711131,0.03482181625,-6377298.806,-4465677.437,-1852822.363,0
1067,softening-ubiquitous,2083,-65.27881291,72.0739637,0.03243098071,0.04630564537,-6375242.256,-4650271.832,-2320455.998,0
1067,softening-ubiquitous,2187,-69.86714199,75.2175298,0.02353711131,0.03482181625,-6375242.256,-4650271.832,-2320455.998,0
1067,softening-ubiquitous,2085,-65.5607678,65.20152694,0.05321245749,0.04535009532,-6375242.256,-4650271.832,-2320455.998,0
1067,softening-ubiquitous,2189,-70.11183715,67.82908805,0.0457117713,0.03420117929,-6375242.256,-4650271.832,-2320455.998,0
1068,softening-ubiquitous,2085,-65.5607678,65.20152694,0.05321245749,0.04535009532,-6132193.622,-4975860.069,-2838366.491,0
1068,softening-ubiquitous,2189,-70.11183715,67.82908805,0.0457117713,0.03420117929,-6132193.622,-4975860.069,-2838366.491,0
1068,softening-ubiquitous,2087,-66.24662689,45.10073018,0.1146785491,0.04405869385,-6132193.622,-4975860.069,-2838366.491,0
1068,softening-ubiquitous,2191,-70.70706146,46.29590002,0.1110524167,0.03404231101,-6132193.622,-4975860.069,-2838366.491,0
1069,softening-ubiquitous,2087,-66.24662689,45.10073018,0.1146785491,0.04405869385,-5669234.483,-5481066.444,-3202253.151,0
1069,softening-ubiquitous,2191,-70.70706146,46.29590002,0.1110524167,0.03404231101,-5669234.483,-5481066.444,-3202253.151,0
1069,softening-ubiquitous,2089,-66.42194706,36.08548012,0.1418508251,0.04459550595,-5669234.483,-5481066.444,-3202253.151,0
1069,softening-ubiquitous,2193,-70.85921345,36.66904706,0.139858734,0.03518118361,-5669234.483,-5481066.444,-3202253.151,0
1070,softening-ubiquitous,2089,-66.42194706,36.08548012,0.1418508251,0.04459550595,-5257640.925,-5844935.777,-3113024.411,0
1070,softening-ubiquitous,2193,-70.85921345,36.66904706,0.139858734,0.03518118361,-5257640.925,-5844935.777,-3113024.411,0
1070,softening-ubiquitous,2091,-66.48056065,27.35,0.1669142385,0.04596204063,-5257640.925,-5844935.777,-3113024.411,0
1070,softening-ubiquitous,2195,-70.91008139,27.35,0.1663156698,0.03715509325,-5257640.925,-5844935.777,-3113024.411,0
1071,softening-ubiquitous,2091,-66.48056065,27.35,0.1669142385,0.04596204063,-4611447.792,-6400995.593,-2354428.48,0
1071,softening-ubiquitous,2195,-70.91008139,27.35,0.1663156698,0.03715509325,-4611447.792,-6400995.593,-2354428.48,0
1071,softening-ubiquitous,2093,-66.48056065,7.112535213,0.2157685864,0.05157427547,-4611447.792,-6400995.593,-2354428.48,0
1071,softening-ubiquitous,2197,-70.91008139,5.76413699,0.2176611302,0.04428625216,-4611447.792,-6400995.593,-2354428.48,0
1072,softening-ubiquitous,2093,-66.48056065,7.112535213,0.2157685864,0.05157427547,-4382053.838,-5966106.727,-235623.1192,0
1072,softening-ubiquitous,2197,-70.91008139,5.76413699,0.2176611302,0.04428625216,-4382053.838,-5966106.727,-235623.1192,0
1072,softening-ubiquitous,2095,-66.48056065,-21.79347327,0.255347926,0.05844977951,-4382053.838,-5966106.727,-235623.1192,0
1072,softening-ubiquitous,2199,-70.91008139,-25.06784448,0.2576133445,0.05294579205,-4382053.838,-5966106.727,-235623.1192,0
1073,softening-ubiquitous,2095,-66.48056065,-21.79347327,0.255347926,0.05844977951,-3760948.049,-4268312.447,1719655.872,0
1073,softening-ubiquitous,2199,-70.91008139,-25.06784448,0.2576133445,0.05294579205,-3760948.049,-4268312.447,1719655.872,0
1073,softening-ubiquitous,2097,-66.48056065,-50.69948175,0.2611338837,0.0595034634,-3760948.049,-4268312.447,1719655.872,0
1073,softening-ubiquitous,2201,-70.91008139,-55.89982594,0.2578036369,0.05613962539,-3760948.049,-4268312.447,1719655.872,0
1074,softening-ubiquitous,2097,-66.48056065,-50.69948175,0.2611338837,0.0595034634,-3427646.742,-2549076.012,1781434.768,80
1074,softening-ubiquitous,2201,-70.91008139,-55.89982594,0.2578036369,0.05613962539,-3427646.742,-2549076.012,1781434.768,80
1074,softening-ubiquitous,2099,-61.46613235,-71.53815998,0.1647511764,-0.02587511818,-3427646.742,-2549076.012,1781434.768,80
1074,softening-ubiquitous,2203,-65.44675933,-77.94228634,0.1456099805,-0.03610186144,-3427646.742,-2549076.012,1781434.768,80
1075,softening-ubiquitous,2099,-61.46613235,-71.53815998,0.1647511764,-0.02587511818,-5930712.421,-2956733.718,358253.4028,80
1075,softening-ubiquitous,2203,-65.44675933,-77.94228634,0.1456099805,-0.03610186144,-5930712.421,-2956733.718,358253.4028,80
1075,softening-ubiquitous,2101,-49.84923972,-74.52327471,0.0918467045,-0.09719640572,-5930712.421,-2956733.718,358253.4028,80
1075,softening-ubiquitous,2205,-52.78991757,-80.53292468,0.07581615946,-0.1112122442,-5930712.421,-2956733.718,358253.4028,80
1076,softening-ubiquitous,2101,-49.84923972,-74.52327471,0.0918467045,-0.09719640572,-9404541.413,-3785510.791,-1124053.771,80
1076,softening-ubiquitous,2205,-52.78991757,-80.53292468,0.07581615946,-0.1112122442,-9404541.413,-3785510.791,-1124053.771,80
1076,softening-ubiquitous,2103,-42.30836916,-77.50838944,0.04609481905,-0.1408882113,-9404541.413,-3785510.791,-1124053.771,80
1076,softening-ubiquitous,2207,-44.57398508,-83.12356301,0.03827613687,-0.1493994082,-9404541.413,-3785510.791,-1124053.771,80
1077,softening-ubiquitous,2103,-42.30836916,-77.50838944,0.04609481905,-0.1408882113,-13220567.62,-4746655.364,-2656681.531,80
1077,softening-ubiquitous,2207,-44.57398508,-83.12356301,0.03827613687,-0.1493994082,-13220567.62,-4746655.364,-2656681.531,80
1077,softening-ubiquitous,2105,-37.01846685,-80.49350417,0.02448153646,-0.1619538798,-13220567.62,-4746655.364,-2656681.531,80
1077,softening-ubiquitous,2209,-38.81052848,-85.71420134,0.02431301996,-0.1633804051,-13220567.62,-4746655.364,-2656681.531,80
1078,softening-ubiquitous,2105,-37.01846685,-80.49350417,0.02448153646,-0.1619538798,-15184275.47,-4567581.958,-3496095.302,0
1078,softening-ubiquitous,2209,-38.81052848,-85.71420134,0.02431301996,-0.1633804051,-15184275.47,-4567581.958,-3496095.302,0
1078,softening-ubiquitous,2107,-33.10254503,-83.4786189,0.01754832713,-0.1688651716,-15184275.47,-4567581.958,-3496095.302,0
1078,softening-ubiquitous,2211,-34.54405168,-88.30483968,0.01975483487,-0.1687448318,-15184275.47,-4567581.958,-3496095.302,0
1079,softening-ubiquitous,2107,-33.10254503,-83.4786189,0.01754832713,-0.1688651716,-13273545.36,-5842298.807,-3447461.441,0
1079,softening-ubiquitous,2211,-34.54405168,-88.30483968,0.01975483487,-0.1687448318,-13273545.36,-5842298.807,-3447461.441,0
1079,softening-ubiquitous,2109,-30.08682345,-86.46373363,0.01522055036,-0.1717046898,-13273545.36,-5842298.807,-3447461.441,0
1079,softening-ubiquitous,2213,-31.25836143,-90.89547801,0.01711064302,-0.1719817861,-13273545.36,-5842298.807,-3447461.441,0
1080,softening-ubiquitous,2109,-30.08682345,-86.46373363,0.01522055036,-0.1717046898,-11695494.44,-5428656.779,-2777422.811,0
1080,softening-ubiquitous,2213,-31.25836143,-90.89547801,0.01711064302,-0.1719817861,-11695494.44,-5428656.779,-2777422.811,0
1080,softening-ubiquitous,2007,-27.69289292,-89.44884835,0.01411941947,-0.1734544246,-11695494.44,-5428656.779,-2777422.811,0
1080,softening-ubiquitous,2111,-28.65012521,-93.48611635,0.01548992966,-0.1738276774,-11695494.44,-5428656.779,-2777422.811,0
1081,softening-ubiquitous,2111,-28.65012521,-93.48611635,0.01548992966,-0.1738276774,-9234942.958,-5002280.472,-1819384.388,0
1081,softening-ubiquitous,2215,-29.6343306,-97.63714731,0.01586088967,-0.174020632,-9234942.958,-5002280.472,-1819384.388,0
1081,softening-ubiquitous,2113,-21.48759391,-93.48611635,0.01153803118,-0.1751211461,-9234942.958,-5002280.472,-1819384.388,0
1081,softening-ubiquitous,2217,-22.22574795,-97.63714731,0.01309391967,-0.1756266192,-9234942.958,-5002280.472,-1819384.388,0
1082,softening-ubiquitous,2113,-21.48759391,-93.48611635,0.01153803118,-0.1751211461,-8563191.291,-4929159.762,-1510052.671,0
1082,softening-ubiquitous,2217,-22.22574795,-97.63714731,0.01309391967,-0.1756266192,-8563191.291,-4929159.762,-1510052.671,0
1082,softening-ubiquitous,2115,-14.32506261,-93.48611635,0.008219048631,-0.1733572598,-8563191.291,-4929159.762,-1510052.671,0
1082,softening-ubiquitous,2219,-14.8171653,-97.63714731,0.01091778027,-0.1739636687,-8563191.291,-4929159.762,-1510052.671,0
1083,softening-ubiquitous,2115,-14.32506261,-93.48611635,0.008219048631,-0.1733572598,-8013320.512,-4856892.753,-1265793.565,0
1083,softening-ubiquitous,2219,-14.8171653,-97.63714731,0.01091778027,-0.1739636687,-8013320.512,-4856892.753,-1265793.565,0
1083,softening-ubiquitous,2117,-7.162531304,-93.48611635,0.005439922043,-0.1689016764,-8013320.512,-4856892.753,-1265793.565,0
1083,softening-ubiquitous,2221,-7.408582651,-97.63714731,0.009193847245,-0.1694087835,-8013320.512,-4856892.753,-1265793.565,0
1084,softening-ubiquitous,2117,-7.162531304,-93.48611635,0.005439922043,-0.1689016764,-7556199.318,-4794240.64,-1035062.047,0
1084,softening-ubiquitous,2221,-7.408582651,-97.63714731,0.009193847245,-0.1694087835,-7556199.318,-4794240.64,-1035062.047,0
1084,softening-ubiquitous,2119,0,-93.48611635,0.003113100156,-0.1619780036,-7556199.318,-4794240.64,-1035062.047,0
1084,softening-ubiquitous,2223,0,-97.63714731,0.007840342352,-0.1622312922,-7556199.318,-4794240.64,-1035062.047,0
1085,softening-ubiquitous,2119,0,-93.48611635,0.003113100156,-0.1619780036,-7182261.602,-4716891.533,-832377.7637,0
1085,softening-ubiquitous,2223,0,-97.63714731,0.007840342352,-0.1622312922,-7182261.602,-4716891.533,-832377.7637,0
1085,softening-ubiquitous,2121,7.162531304,-93.48611635,0.001148930598,-0.1528299601,-7182261.602,-4716891.533,-832377.7637,0
1085,softening-ubiquitous,2225,7.408582651,-97.63714731,0.006776885191,-0.1527016781,-7182261.602,-4716891.533,-832377.7637,0
1086,softening-ubiquitous,2121,7.162531304,-93.48611635,0.001148930598,-0.1528299601,-6871800.187,-4628855.12,-677839.8548,0
1086,softening-ubiquitous,2225,7.408582651,-97.63714731,0.006776885191,-0.1527016781,-6871800.187,-4628855.12,-677839.8548,0
1086,softening-ubiquitous,2123,14.32506261,-93.48611635,-0.0005167460619,-0.1417403651,-6871800.187,-4628855.12,-677839.8548,0
1086,softening-ubiquitous,2227,14.8171653,-97.63714731,0.005938264117,-0.1411183601,-6871800.187,-4628855.12,-677839.8548,0
1087,softening-ubiquitous,2123,14.32506261,-93.48611635,-0.0005167460619,-0.1417403651,-6607304.909,-4545560.081,-571597.1746,0
1087,softening-ubiquitous,2227,14.8171653,-97.63714731,0.005938264117,-0.1411183601,-6607304.909,-4545560.081,-571597.1746,0
1087,softening-ubiquitous,2125,21.48759391,-93.48611635,-0.001922337917,-0.1289898631,-6607304.909,-4545560.081,-571597.1746,0
1087,softening-ubiquitous,2229,22.22574795,-97.63714731,0.005278961629,-0.1277805703,-6607304.909,-4545560.081,-571597.1746,0
1088,softening-ubiquitous,2125,21.48759391,-93.48611635,-0.001922337917,-0.1289898631,-6380927.638,-4474861.795,-504802.6677,0
1088,softening-ubiquitous,2229,22.22574795,-97.63714731,0.005278961629,-0.1277805703,-6380927.638,-4474861.795,-504802.6677,0
1088,softening-ubiquitous,2127,28.65012521,-93.48611635,-0.00309760872,-0.1148368825,-6380927.638,-4474861.795,-504802.6677,0
1088,softening-ubiquitous,2231,29.6343306,-97.63714731,0.004765905806,-0.1129703257,-6380927.638,-4474861.795,-504802.6677,0
1089,softening-ubiquitous,2127,28.65012521,-93.48611635,-0.00309760872,-0.1148368825,-6463292.188,-4435635.671,-506965.8378,0
1089,softening-ubiquitous,2231,29.6343306,-97.63714731,0.004765905806,-0.1129703257,-6463292.188,-4435635.671,-506965.8378,0
1089,softening-ubiquitous,2129,31.25836143,-90.89547801,-0.008665298784,-0.1091976448,-6463292.188,-4435635.671,-506965.8378,0
1089,softening-ubiquitous,2233,32.46291124,-95.45210101,0.0002673181163,-0.106894668,-6463292.188,-4435635.671,-506965.8378,0
1090,softening-ubiquitous,2129,31.25836143,-90.89547801,-0.008665298784,-0.1091976448,-6716943.354,-4423602.68,-565891.2876,0
1090,softening-ubiquitous,2233,32.46291124,-95.45210101,0.0002673181163,-0.106894668,-6716943.354,-4423602.68,-565891.2876,0
1090,softening-ubiquitous,2131,34.54405168,-88.30483968,-0.01470057054,-0.1018957335,-6716943.354,-4423602.68,-565891.2876,0
1090,softening-ubiquitous,2235,36.02617739,-93.26705471,-0.004586112337,-0.09899284068,-6716943.354,-4423602.68,-565891.2876,0
1091,softening-ubiquitous,2131,34.54405168,-88.30483968,-0.01470057054,-0.1018957335,-6887706.57,-4397572.099,-634743.935,0
1091,softening-ubiquitous,2235,36.02617739,-93.26705471,-0.004586112337,-0.09899284068,-6887706.57,-4397572.099,-634743.935,0
1091,softening-ubiquitous,2133,38.81052848,-85.71420134,-0.02131091574,-0.09213937078,-6887706.57,-4397572.099,-634743.935,0
1091,softening-ubiquitous,2237,40.65308719,-91.0820084,-0.009879803935,-0.08838903258,-6887706.57,-4397572.099,-634743.935,0
1092,softening-ubiquitous,2133,38.81052848,-85.71420134,-0.02131091574,-0.09213937078,-6949234.073,-4355083.353,-718849.0847,0
1092,softening-ubiquitous,2237,40.65308719,-91.0820084,-0.009879803935,-0.08838903258,-6949234.073,-4355083.353,-718849.0847,0
1092,softening-ubiquitous,2135,44.57398508,-83.12356301,-0.02862903625,-0.07855657602,-6949234.073,-4355083.353,-718849.0847,0
1092,softening-ubiquitous,2239,46.90344199,-88.8969621,-0.0157123073,-0.07356903729,-6949234.073,-4355083.353,-718849.0847,0
1093,softening-ubiquitous,2135,44.57398508,-83.12356301,-0.02862903625,-0.07855657602,-6854927.209,-4304707.065,-829623.172,0
1093,softening-ubiquitous,2239,46.90344199,-88.8969621,-0.0157123073,-0.07356903729,-6854927.209,-4304707.065,-829623.172,0
1093,softening-ubiquitous,2137,52.78991757,-80.53292468,-0.03678546895,-0.0585913339,-6854927.209,-4304707.065,-829623.172,0
1093,softening-ubiquitous,2241,55.81345844,-86.7119158,-0.02216198179,-0.05170873172,-6854927.209,-4304707.065,-829623.172,0
1094,softening-ubiquitous,2137,52.78991757,-80.53292468,-0.03678546895,-0.0585913339,-6533109.408,-4273928.164,-977683.4268,0
1094,softening-ubiquitous,2241,55.81345844,-86.7119158,-0.02216198179,-0.05170873172,-6533109.408,-4273928.164,-977683.4268,0
1094,softening-ubiquitous,2139,65.44675933,-77.94228634,-0.04575820055,-0.02691257859,-6533109.408,-4273928.164,-977683.4268,0
1094,softening-ubiquitous,2243,69.53955325,-84.5268695,-0.02913604394,-0.01694615221,-6533109.408,-4273928.164,-977683.4268,0
1095,softening-ubiquitous,2139,65.44675933,-77.94228634,-0.04575820055,-0.02691257859,-6568548.465,-4464388.005,-1521009.698,0
1095,softening-ubiquitous,2243,69.53955325,-84.5268695,-0.02913604394,-0.01694615221,-6568548.465,-4464388.005,-1521009.698,0
1095,softening-ubiquitous,2141,70.91008139,-55.89982594,-0.1080361736,-0.01196152361,-6568548.465,-4464388.005,-1521009.698,0
1095,softening-ubiquitous,2245,75.46441807,-61.24670651,-0.0930731459,-0.0007389192334,-6568548.465,-4464388.005,-1521009.698,0
1096,softening-ubiquitous,2141,70.91008139,-55.89982594,-0.1080361736,-0.01196152361,-6092193.679,-5329941.688,-2378699.591,0
1096,softening-ubiquitous,2245,75.46441807,-61.24670651,-0.0930731459,-0.0007389192334,-6092193.679,-5329941.688,-2378699.591,0
1096,softening-ubiquitous,2143,70.91008139,-25.06784448,-0.200713378,-0.01493159118,-6092193.679,-5329941.688,-2378699.591,0
1096,softening-ubiquitous,2247,75.46441807,-28.43448159,-0.1900112658,-0.003205370965,-6092193.679,-5329941.688,-2378699.591,0
1097,softening-ubiquitous,2143,70.91008139,-25.06784448,-0.200713378,-0.01493159118,-4836476.135,-6664207.482,-2079222.175,0
1097,softening-ubiquitous,2247,75.46441807,-28.43448159,-0.1900112658,-0.003205370965,-4836476.135,-6664207.482,-2079222.175,0
1097,softening-ubiquitous,2145,70.91008139,5.76413699,-0.2877953322,-0.02532720845,-4836476.135,-6664207.482,-2079222.175,0
1097,softening-ubiquitous,2249,75.46441807,4.377743324,-0.2831847375,-0.01362833168,-4836476.135,-6664207.482,-2079222.175,0
1098,softening-ubiquitous,2145,70.91008139,5.76413699,-0.2877953322,-0.02532720845,-4738708.111,-6696743.007,-928105.3511,0
1098,softening-ubiquitous,2249,75.46441807,4.377743324,-0.2831847375,-0.01362833168,-4738708.111,-6696743.007,-928105.3511,0
1098,softening-ubiquitous,2147,70.91008139,27.35,-0.3395748773,-0.0323120145,-4738708.111,-6696743.007,-928105.3511,0
1098,softening-ubiquitous,2251,75.46441807,27.35,-0.3388587466,-0.02164136543,-4738708.111,-6696743.007,-928105.3511,0
1099,softening-ubiquitous,2147,70.91008139,27.35,-0.3395748773,-0.0323120145,-4923545.017,-6021000.998,-326032.8561,0
1099,softening-ubiquitous,2251,75.46441807,27.35,-0.3388587466,-0.02164136543,-4923545.017,-6021000.998,-326032.8561,0
1099,softening-ubiquitous,2149,70.85921345,36.66904706,-0.3590331205,-0.03446339707,-4923545.017,-6021000.998,-326032.8561,0
1099,softening-ubiquitous,2253,75.42151405,37.26905786,-0.3595660528,-0.02429025509,-4923545.017,-6021000.998,-326032.8561,0
1100,softening-ubiquitous,2149,70.85921345,36.66904706,-0.3590331205,-0.03446339707,-4800057.185,-5559890.898,99540.17984,0
1100,softening-ubiquitous,2253,75.42151405,37.26905786,-0.3595660528,-0.02429025509,-4800057.185,-5559890.898,99540.17984,0
1100,softening-ubiquitous,2151,70.70706146,46.29590002,-0.3768577125,-0.03637341988,-4800057.185,-5559890.898,99540.17984,0
1100,softening-ubiquitous,2255,75.29318307,47.5247476,-0.3783230159,-0.02666956997,-4800057.185,-5559890.898,99540.17984,0
1101,softening-ubiquitous,2151,70.70706146,46.29590002,-0.3768577125,-0.03637341988,-4496306.495,-4539283.144,1131236.16,0
1101,softening-ubiquitous,2255,75.29318307,47.5247476,-0.3783230159,-0.02666956997,-4496306.495,-4539283.144,1131236.16,0
1101,softening-ubiquitous,2153,70.11183715,67.82908805,-0.4059948531,-0.03881606112,-4496306.495,-4539283.144,1131236.16,0
1101,softening-ubiquitous,2257,74.79114747,70.53068912,-0.4085085195,-0.02950560741,-4496306.495,-4539283.144,1131236.16,0
1102,softening-ubiquitous,2153,70.11183715,67.82908805,-0.4059948531,-0.03881606112,-2838124.373,-2838124.373,2838127.566,240
1102,softening-ubiquitous,2257,74.79114747,70.53068912,-0.4085085195,-0.02950560741,-2838124.373,-2838124.373,2838127.566,240
1102,softening-ubiquitous,2155,69.86714199,75.2175298,-0.04061884549,0.3329819996,-2838124.373,-2838124.373,2838127.566,240
1102,softening-ubiquitous,2259,74.58476194,78.44967594,-0.04646499141,0.3388440993,-2838124.373,-2838124.373,2838127.566,240
1103,softening-ubiquitous,2155,69.86714199,75.2175298,-0.04061884549,0.3329819996,-8137980.886,-4958439.556,-810934.908,0
1103,softening-ubiquitous,2259,74.58476194,78.44967594,-0.04646499141,0.3388440993,-8137980.886,-4958439.556,-810934.908,0
1103,softening-ubiquitous,2157,64.39100697,91.74100697,-0.05899913769,0.3273241227,-8137980.886,-4958439.556,-810934.908,0
1103,softening-ubiquitous,2261,68.8152534,96.1652534,-0.06517649728,0.3332129333,-8137980.886,-4958439.556,-810934.908,0
1104,softening-ubiquitous,2157,64.39100697,91.74100697,-0.05899913769,0.3273241227,-7624230.207,-4271624.373,-1057586.722,0
1104,softening-ubiquitous,2261,68.8152534,96.1652534,-0.06517649728,0.3332129333,-7624230.207,-4271624.373,-1057586.722,0
1104,softening-ubiquitous,2159,37.72283805,92.68787211,-0.05147339001,0.2923765393,-7624230.207,-4271624.373,-1057586.722,0
1104,softening-ubiquitous,2263,40.19159046,96.96387671,-0.05906184886,0.2966108111,-7624230.207,-4271624.373,-1057586.722,0
1105,softening-ubiquitous,2159,37.72283805,92.68787211,-0.05147339001,0.2923765393,-7408311.138,-4774839.844,-1153364.323,0
1105,softening-ubiquitous,2263,40.19159046,96.96387671,-0.05906184886,0.2966108111,-7408311.138,-4774839.844,-1153364.323,0
1105,softening-ubiquitous,2161,17.66671994,93.28309642,-0.04713789863,0.2577468612,-7408311.138,-4774839.844,-1153364.323,0
1105,softening-ubiquitous,2265,18.78750208,97.46591232,-0.05566629799,0.2601589225,-7408311.138,-4774839.844,-1153364.323,0
1106,softening-ubiquitous,2161,17.66671994,93.28309642,-0.04713789863,0.2577468612,-7228050.268,-4838174.744,-717017.7443,0
1106,softening-ubiquitous,2265,18.78750208,97.46591232,-0.05566629799,0.2601589225,-7228050.268,-4838174.744,-717017.7443,0
1106,softening-ubiquitous,2163,7.78071957,93.48611635,-0.04518866365,0.236553676,-7228050.268,-4838174.744,-717017.7443,0
1106,softening-ubiquitous,2267,8.269076154,97.63714731,-0.05415659441,0.2378997653,-7228050.268,-4838174.744,-717017.7443,0
1107,softening-ubiquitous,2163,7.78071957,93.48611635,-0.04518866365,0.236553676,-7218282.626,-4676865.462,-545789.9378,0
1107,softening-ubiquitous,2267,8.269076154,97.63714731,-0.05415659441,0.2378997653,-7218282.626,-4676865.462,-545789.9378,0
1107,softening-ubiquitous,2165,5.835539678,93.48611635,-0.04471016037,0.2320920157,-7218282.626,-4676865.462,-545789.9378,0
1107,softening-ubiquitous,2269,6.201807116,97.63714731,-0.05377390618,0.2331976222,-7218282.626,-4676865.462,-545789.9378,0
1108,softening-ubiquitous,2165,5.835539678,93.48611635,-0.04471016037,0.2320920157,-7207813.032,-4636333.25,-508794.9513,0
1108,softening-ubiquitous,2269,6.201807116,97.63714731,-0.05377390618,0.2331976222,-7207813.032,-4636333.25,-508794.9513,0
1108,softening-ubiquitous,2167,3.890359785,93.48611635,-0.04423091178,0.2275501644,-7207813.032,-4636333.25,-508794.9513,0
1108,softening-ubiquitous,2271,4.134538077,97.63714731,-0.0533887069,0.2284040741,-7207813.032,-4636333.25,-508794.9513,0
1109,softening-ubiquitous,2167,3.890359785,93.48611635,-0.04423091178,0.2275501644,-7197839.568,-4595444.291,-476858.9179,0
1109,softening-ubiquitous,2271,4.134538077,97.63714731,-0.0533887069,0.2284040741,-7197839.568,-4595444.291,-476858.9179,0
1109,softening-ubiquitous,2169,1.945179893,93.48611635,-0.04375097022,0.2229320717,-7197839.568,-4595444.291,-476858.9179,0
1109,softening-ubiquitous,2273,2.067269039,97.63714731,-0.05300069868,0.2235244008,-7197839.568,-4595444.291,-476858.9179,0
1110,softening-ubiquitous,2169,1.945179893,93.48611635,-0.04375097022,0.2229320717,-7188534.561,-4553601.833,-450229.5807,0
1110,softening-ubiquitous,2273,2.067269039,97.63714731,-0.05300069868,0.2235244008,-7188534.561,-4553601.833,-450229.5807,0
1110,softening-ubiquitous,2171,0,93.48611635,-0.04326992879,0.2182419574,-7188534.561,-4553601.833,-450229.5807,0
1110,softening-ubiquitous,2275,0,97.63714731,-0.05260971209,0.2185638691,-7188534.561,-4553601.833,-450229.5807,0
1111,softening-ubiquitous,2171,0,93.48611635,-0.04326992879,0.2182419574,-7180474.052,-4510989.585,-429682.2098,0
1111,softening-ubiquitous,2275,0,97.63714731,-0.05260971209,0.2185638691,-7180474.052,-4510989.585,-429682.2098,0
1111,softening-ubiquitous,2173,-1.945179893,93.48611635,-0.04278737633,0.2134847923,-7180474.052,-4510989.585,-429682.2098,0
1111,softening-ubiquitous,2277,-2.067269039,97.63714731,-0.05221532293,0.2135282166,-7180474.052,-4510989.585,-429682.2098,0
1112,softening-ubiquitous,2173,-1.945179893,93.48611635,-0.04278737633,0.2134847923,-7173445.922,-4468312.511,-415356.4319,0
1112,softening-ubiquitous,2277,-2.067269039,97.63714731,-0.05221532293,0.2135282166,-7173445.922,-4468312.511,-415356.4319,0
1112,softening-ubiquitous,2175,-3.890359785,93.48611635,-0.04230298119,0.2086657308,-7173445.922,-4468312.511,-415356.4319,0
1112,softening-ubiquitous,2279,-4.134538077,97.63714731,-0.05181732757,0.20842291,-7173445.922,-4468312.511,-415356.4319,0
1113,softening-ubiquitous,2175,-3.890359785,93.48611635,-0.04230298119,0.2086657308,-7166836.991,-4425821.215,-407564.0425,0
1113,softening-ubiquitous,2279,-4.134538077,97.63714731,-0.05181732757,0.20842291,-7166836.991,-4425821.215,-407564.0425,0
1113,softening-ubiquitous,2177,-5.835539678,93.48611635,-0.04181657485,0.2037896236,-7166836.991,-4425821.215,-407564.0425,0
1113,softening-ubiquitous,2281,-6.201807116,97.63714731,-0.05141568321,0.203253993,-7166836.991,-4425821.215,-407564.0425,0
1114,softening-ubiquitous,2177,-5.835539678,93.48611635,-0.04181657485,0.2037896236,-7160321.553,-4383719.168,-406725.3215,0
1114,softening-ubiquitous,2281,-6.201807116,97.63714731,-0.05141568321,0.203253993,-7160321.553,-4383719.168,-406725.3215,0
1114,softening-ubiquitous,2179,-7.78071957,93.48611635,-0.04132829854,0.1988620299,-7160321.553,-4383719.168,-406725.3215,0
1114,softening-ubiquitous,2283,-8.269076154,97.63714731,-0.0510103274,0.1980275726,-7160321.553,-4383719.168,-406725.3215,0
1115,softening-ubiquitous,2179,-7.78071957,93.48611635,-0.04132829854,0.1988620299,-7128741.576,-4271497.531,-450543.8146,0
1115,softening-ubiquitous,2283,-8.269076154,97.63714731,-0.0510103274,0.1980275726,-7128741.576,-4271497.531,-450543.8146,0
1115,softening-ubiquitous,2181,-17.66671994,93.28309642,-0.03834769724,0.1731909618,-7128741.576,-4271497.531,-450543.8146,0
1115,softening-ubiquitous,2285,-18.78750208,97.46591232,-0.04850141806,0.170757511,-7128741.576,-4271497.531,-450543.8146,0
1116,softening-ubiquitous,2181,-17.66671994,93.28309642,-0.03834769724,0.1731909618,-6990951.491,-4066354.877,-770628.1876,0
1116,softening-ubiquitous,2285,-18.78750208,97.46591232,-0.04850141806,0.170757511,-6990951.491,-4066354.877,-770628.1876,0
1116,softening-ubiquitous,2183,-37.72283805,92.68787211,-0.03196255944,0.1199575646,-6990951.491,-4066354.877,-770628.1876,0
1116,softening-ubiquitous,2287,-40.19159046,96.96387671,-0.04301598077,0.113959099,-6990951.491,-4066354.877,-770628.1876,0
1117,softening-ubiquitous,2183,-37.72283805,92.68787211,-0.03196255944,0.1199575646,-6482586.847,-4220497.899,-1277568.493,0
1117,softening-ubiquitous,2287,-40.19159046,96.96387671,-0.04301598077,0.113959099,-6482586.847,-4220497.899,-1277568.493,0
1117,softening-ubiquitous,2185,-64.39100697,91.74100697,-0.0250159087,0.04942921403,-6482586.847,-4220497.899,-1277568.493,0
1117,softening-ubiquitous,2289,-68.8152534,96.1652534,-0.03720787635,0.03786810692,-6482586.847,-4220497.899,-1277568.493,0
1118,softening-ubiquitous,2185,-64.39100697,91.74100697,-0.0250159087,0.04942921403,-6159279.242,-4592295.259,-1701871.835,0
1118,softening-ubiquitous,2289,-68.8152534,96.1652534,-0.03720787635,0.03786810692,-6159279.242,-4592295.259,-1701871.835,0
1118,softening-ubiquitous,2187,-69.86714199,75.2175298,0.02353711131,0.03482181625,-6159279.242,-4592295.259,-1701871.835,0
1118,softening-ubiquitous,2291,-74.58476194,78.44967594,0.01429454133,0.02269282928,-6159279.242,-4592295.259,-1701871.835,0
1119,softening-ubiquitous,2187,-69.86714199,75.2175298,0.02353711131,0.03482181625,-6190559.228,-4835407.787,-2136077.834,0
1119,softening-ubiquitous,2291,-74.58476194,78.44967594,0.01429454133,0.02269282928,-6190559.228,-4835407.787,-2136077.834,0
1119,softening-ubiquitous,2189,-70.11183715,67.82908805,0.0457117713,0.03420117929,-6190559.228,-4835407.787,-2136077.834,0
1119,softening-ubiquitous,2293,-74.79114747,70.53068912,0.03789597965,0.02240601224,-6190559.228,-4835407.787,-2136077.834,0
1120,softening-ubiquitous,2189,-70.11183715,67.82908805,0.0457117713,0.03420117929,-6017150.47,-5245412.474,-2643289.008,0
1120,softening-ubiquitous,2293,-74.79114747,70.53068912,0.03789597965,0.02240601224,-6017150.47,-5245412.474,-2643289.008,0
1120,softening-ubiquitous,2191,-70.70706146,46.29590002,0.1110524167,0.03404231101,-6017150.47,-5245412.474,-2643289.008,0
1120,softening-ubiquitous,2295,-75.29318307,47.5247476,0.1072366098,0.02343944449,-6017150.47,-5245412.474,-2643289.008,0
1121,softening-ubiquitous,2191,-70.70706146,46.29590002,0.1110524167,0.03404231101,-5678441.526,-5887541.115,-3019586.566,0
1121,softening-ubiquitous,2295,-75.29318307,47.5247476,0.1072366098,0.02343944449,-5678441.526,-5887541.115,-3019586.566,0
1121,softening-ubiquitous,2193,-70.85921345,36.66904706,0.139858734,0.03518118361,-5678441.526,-5887541.115,-3019586.566,0
1121,softening-ubiquitous,2297,-75.42151405,37.26905786,0.1377456672,0.02527037447,-5678441.526,-5887541.115,-3019586.566,0
1122,softening-ubiquitous,2193,-70.85921345,36.66904706,0.139858734,0.03518118361,-5380699.192,-6317085.465,-2943530.319,0
1122,softening-ubiquitous,2297,-75.42151405,37.26905786,0.1377456672,0.02527037447,-5380699.192,-6317085.465,-2943530.319,0
1122,softening-ubiquitous,2195,-70.91008139,27.35,0.1663156698,0.03715509325,-5380699.192,-6317085.465,-2943530.319,0
1122,softening-ubiquitous,2299,-75.46441807,27.35,0.1656971465,0.02796117674,-5380699.192,-6317085.465,-2943530.319,0
1123,softening-ubiquitous,2195,-70.91008139,27.35,0.1663156698,0.03715509325,-4822611.539,-6938885.038,-2267739.391,0
1123,softening-ubiquitous,2299,-75.46441807,27.35,0.1656971465,0.02796117674,-4822611.539,-6938885.038,-2267739.391,0
1123,softening-ubiquitous,2197,-70.91008139,5.76413699,0.2176611302,0.04428625216,-4822611.539,-6938885.038,-2267739.391,0
1123,softening-ubiquitous,2301,-75.46441807,4.377743324,0.2195516171,0.03703978459,-4822611.539,-6938885.038,-2267739.391,0
1124,softening-ubiquitous,2197,-70.91008139,5.76413699,0.2176611302,0.04428625216,-4782502.685,-6542636.642,-364759.3696,0
1124,softening-ubiquitous,2301,-75.46441807,4.377743324,0.2195516171,0.03703978459,-4782502.685,-6542636.642,-364759.3696,0
1124,softening-ubiquitous,2199,-70.91008139,-25.06784448,0.2576133445,0.05294579205,-4782502.685,-6542636.642,-364759.3696,0
1124,softening-ubiquitous,2303,-75.46441807,-28.43448159,0.2598607013,0.04837003075,-4782502.685,-6542636.642,-364759.3696,0
1125,softening-ubiquitous,2199,-70.91008139,-25.06784448,0.2576133445,0.05294579205,-3573246.525,-4131318.338,1590633.201,80
1125,softening-ubiquitous,2303,-75.46441807,-28.43448159,0.2598607013,0.04837003075,-3573246.525,-4131318.338,1590633.201,80
1125,softening-ubiquitous,2201,-70.91008139,-55.89982594,0.2578036369,0.05613962539,-3573246.525,-4131318.338,1590633.201,80
1125,softening-ubiquitous,2305,-75.46441807,-61.24670651,0.2515130317,0.05480880424,-3573246.525,-4131318.338,1590633.201,80
1126,softening-ubiquitous,2201,-70.91008139,-55.89982594,0.2578036369,0.05613962539,-4021607.068,-2682186.634,1511883.164,80
1126,softening-ubiquitous,2305,-75.46441807,-61.24670651,0.2515130317,0.05480880424,-4021607.068,-2682186.634,1511883.164,80
1126,softening-ubiquitous,2203,-65.44675933,-77.94228634,0.1456099805,-0.03610186144,-4021607.068,-2682186.634,1511883.164,80
1126,softening-ubiquitous,2307,-69.53955325,-84.5268695,0.1238161001,-0.04214397155,-4021607.068,-2682186.634,1511883.164,80
1127,softening-ubiquitous,2203,-65.44675933,-77.94228634,0.1456099805,-0.03610186144,-7761746.114,-3259006.002,-675212.3349,80
1127,softening-ubiquitous,2307,-69.53955325,-84.5268695,0.1238161001,-0.04214397155,-7761746.114,-3259006.002,-675212.3349,80
1127,softening-ubiquitous,2205,-52.78991757,-80.53292468,0.07581615946,-0.1112122442,-7761746.114,-3259006.002,-675212.3349,80
1127,softening-ubiquitous,2309,-55.81345844,-86.7119158,0.0608302917,-0.1202125335,-7761746.114,-3259006.002,-675212.3349,80
1128,softening-ubiquitous,2205,-52.78991757,-80.53292468,0.07581615946,-0.1112122442,-11701859.96,-4314336.351,-2140422.019,80
1128,softening-ubiquitous,2309,-55.81345844,-86.7119158,0.0608302917,-0.1202125335,-11701859.96,-4314336.351,-2140422.019,80
1128,softening-ubiquitous,2207,-44.57398508,-83.12356301,0.03827613687,-0.1493994082,-11701859.96,-4314336.351,-2140422.019,80
1128,softening-ubiquitous,2311,-46.90344199,-88.8969621,0.03397647007,-0.1517911388,-11701859.96,-4314336.351,-2140422.019,80
1129,softening-ubiquitous,2207,-44.57398508,-83.12356301,0.03827613687,-0.1493994082,-14364242.11,-4754695.691,-3322469.562,80
1129,softening-ubiquitous,2311,-46.90344199,-88.8969621,0.03397647007,-0.1517911388,-14364242.11,-4754695.691,-3322469.562,80
1129,softening-ubiquitous,2209,-38.81052848,-85.71420134,0.02431301996,-0.1633804051,-14364242.11,-4754695.691,-3322469.562,80
1129,softening-ubiquitous,2313,-40.65308719,-91.0820084,0.02537224082,-0.162812932,-14364242.11,-4754695.691,-3322469.562,80
1130,softening-ubiquitous,2209,-38.81052848,-85.71420134,0.02431301996,-0.1633804051,-13327409.73,-5359907.486,-3564719.139,0
1130,softening-ubiquitous,2313,-40.65308719,-91.0820084,0.02537224082,-0.162812932,-13327409.73,-5359907.486,-3564719.139,0
1130,softening-ubiquitous,2211,-34.54405168,-88.30483968,0.01975483487,-0.1687448318,-13327409.73,-5359907.486,-3564719.139,0
1130,softening-ubiquitous,2315,-36.02617739,-93.26705471,0.02062869541,-0.1687060742,-13327409.73,-5359907.486,-3564719.139,0
1131,softening-ubiquitous,2211,-34.54405168,-88.30483968,0.01975483487,-0.1687448318,-11669189.99,-5167767.531,-2909580.783,0
1131,softening-ubiquitous,2315,-36.02617739,-93.26705471,0.02062869541,-0.1687060742,-11669189.99,-5167767.531,-2909580.783,0
1131,softening-ubiquitous,2213,-31.25836143,-90.89547801,0.01711064302,-0.1719817861,-11669189.99,-5167767.531,-2909580.783,0
1131,softening-ubiquitous,2317,-32.46291124,-95.45210101,0.01767806753,-0.172088127,-11669189.99,-5167767.531,-2909580.783,0
1132,softening-ubiquitous,2213,-31.25836143,-90.89547801,0.01711064302,-0.1719817861,-10296053.36,-5085375.91,-2272992.046,0
1132,softening-ubiquitous,2317,-32.46291124,-95.45210101,0.01767806753,-0.172088127,-10296053.36,-5085375.91,-2272992.046,0
1132,softening-ubiquitous,2111,-28.65012521,-93.48611635,0.01548992966,-0.1738276774,-10296053.36,-5085375.91,-2272992.046,0
1132,softening-ubiquitous,2215,-29.6343306,-97.63714731,0.01586088967,-0.174020632,-10296053.36,-5085375.91,-2272992.046,0
1133,softening-ubiquitous,2215,-29.6343306,-97.63714731,0.01586088967,-0.174020632,-7688486.035,-4819016.43,-1447712.284,0
1133,softening-ubiquitous,2319,-30.64478915,-101.8989048,0.01520444371,-0.1739431431,-7688486.035,-4819016.43,-1447712.284,0
1133,softening-ubiquitous,2217,-22.22574795,-97.63714731,0.01309391967,-0.1756266192,-7688486.035,-4819016.43,-1447712.284,0
1133,softening-ubiquitous,2321,-22.98359186,-101.8989048,0.01392426656,-0.1758596359,-7688486.035,-4819016.43,-1447712.284,0
1134,softening-ubiquitous,2217,-22.22574795,-97.63714731,0.01309391967,-0.1756266192,-7140453.382,-4803269.806,-1221564.2,0
1134,softening-ubiquitous,2321,-22.98359186,-101.8989048,0.01392426656,-0.1758596359,-7140453.382,-4803269.806,-1221564.2,0
1134,softening-ubiquitous,2219,-14.8171653,-97.63714731,0.01091778027,-0.1739636687,-7140453.382,-4803269.806,-1221564.2,0
1134,softening-ubiquitous,2323,-15.32239458,-101.8989048,0.01312117089,-0.1743346257,-7140453.382,-4803269.806,-1221564.2,0
1135,softening-ubiquitous,2219,-14.8171653,-97.63714731,0.01091778027,-0.1739636687,-6720142.422,-4740727.822,-1021866.381,0
1135,softening-ubiquitous,2323,-15.32239458,-101.8989048,0.01312117089,-0.1743346257,-6720142.422,-4740727.822,-1021866.381,0
1135,softening-ubiquitous,2221,-7.408582651,-97.63714731,0.009193847245,-0.1694087835,-6720142.422,-4740727.822,-1021866.381,0
1135,softening-ubiquitous,2325,-7.661197288,-101.8989048,0.01264422076,-0.1697143174,-6720142.422,-4740727.822,-1021866.381,0
1136,softening-ubiquitous,2221,-7.408582651,-97.63714731,0.009193847245,-0.1694087835,-6376990.839,-4682545.902,-830970.7461,0
1136,softening-ubiquitous,2325,-7.661197288,-101.8989048,0.01264422076,-0.1697143174,-6376990.839,-4682545.902,-830970.7461,0
1136,softening-ubiquitous,2223,0,-97.63714731,0.007840342352,-0.1622312922,-6376990.839,-4682545.902,-830970.7461,0
1136,softening-ubiquitous,2327,0,-101.8989048,0.01242663182,-0.1622941489,-6376990.839,-4682545.902,-830970.7461,0
1137,softening-ubiquitous,2223,0,-97.63714731,0.007840342352,-0.1622312922,-6108902.668,-4623368.568,-664353.3569,0
1137,softening-ubiquitous,2327,0,-101.8989048,0.01242663182,-0.1622941489,-6108902.668,-4623368.568,-664353.3569,0
1137,softening-ubiquitous,2225,7.408582651,-97.63714731,0.006776885191,-0.1527016781,-6108902.668,-4623368.568,-664353.3569,0
1137,softening-ubiquitous,2329,7.661197288,-101.8989048,0.01239994618,-0.1523804158,-6108902.668,-4623368.568,-664353.3569,0
1138,softening-ubiquitous,2225,7.408582651,-97.63714731,0.006776885191,-0.1527016781,-5905004.57,-4559245.829,-538159.2602,0
1138,softening-ubiquitous,2329,7.661197288,-101.8989048,0.01239994618,-0.1523804158,-5905004.57,-4559245.829,-538159.2602,0
1138,softening-ubiquitous,2227,14.8171653,-97.63714731,0.005938264117,-0.1411183601,-5905004.57,-4559245.829,-538159.2602,0
1138,softening-ubiquitous,2331,15.32239458,-101.8989048,0.01249881112,-0.1402955212,-5905004.57,-4559245.829,-538159.2602,0
1139,softening-ubiquitous,2227,14.8171653,-97.63714731,0.005938264117,-0.1411183601,-5749303.377,-4497551.03,-455042.176,0
1139,softening-ubiquitous,2331,15.32239458,-101.8989048,0.01249881112,-0.1402955212,-5749303.377,-4497551.03,-455042.176,0
1139,softening-ubiquitous,2229,22.22574795,-97.63714731,0.005278961629,-0.1277805703,-5749303.377,-4497551.03,-455042.176,0
1139,softening-ubiquitous,2333,22.98359186,-101.8989048,0.01267567927,-0.1263617525,-5749303.377,-4497551.03,-455042.176,0
1140,softening-ubiquitous,2229,22.22574795,-97.63714731,0.005278961629,-0.1277805703,-5631109.738,-4445106.635,-409893.5914,0
1140,softening-ubiquitous,2333,22.98359186,-101.8989048,0.01267567927,-0.1263617525,-5631109.738,-4445106.635,-409893.5914,0
1140,softening-ubiquitous,2231,29.6343306,-97.63714731,0.004765905806,-0.1129703257,-5631109.738,-4445106.635,-409893.5914,0
1140,softening-ubiquitous,2335,30.64478915,-101.8989048,0.01289712409,-0.1108838169,-5631109.738,-4445106.635,-409893.5914,0
1141,softening-ubiquitous,2231,29.6343306,-97.63714731,0.004765905806,-0.1129703257,-5746404.977,-4408954.965,-403619.3247,0
1141,softening-ubiquitous,2335,30.64478915,-101.8989048,0.01289712409,-0.1108838169,-5746404.977,-4408954.965,-403619.3247,0
1141,softening-ubiquitous,2233,32.46291124,-95.45210101,0.0002673181163,-0.106894668,-5746404.977,-4408954.965,-403619.3247,0
1141,softening-ubiquitous,2337,33.69959178,-100.1302695,0.009476711336,-0.1043315028,-5746404.977,-4408954.965,-403619.3247,0
1142,softening-ubiquitous,2233,32.46291124,-95.45210101,0.0002673181163,-0.106894668,-5986169.477,-4396363.061,-428632.0223,0
1142,softening-ubiquitous,2337,33.69959178,-100.1302695,0.009476711336,-0.1043315028,-5986169.477,-4396363.061,-428632.0223,0
1142,softening-ubiquitous,2235,36.02617739,-93.26705471,-0.004586112337,-0.09899284068,-5986169.477,-4396363.061,-428632.0223,0
1142,softening-ubiquitous,2339,37.54783803,-98.36163419,0.005813610984,-0.09578302743,-5986169.477,-4396363.061,-428632.0223,0
1143,softening-ubiquitous,2235,36.02617739,-93.26705471,-0.004586112337,-0.09899284068,-6161194.348,-4375261.913,-465643.2379,0
1143,softening-ubiquitous,2339,37.54783803,-98.36163419,0.005813610984,-0.09578302743,-6161194.348,-4375261.913,-465643.2379,0
1143,softening-ubiquitous,2237,40.65308719,-91.0820084,-0.009879803935,-0.08838903258,-6161194.348,-4375261.913,-465643.2379,0
1143,softening-ubiquitous,2341,42.54479517,-96.59299887,0.001850217157,-0.08427467069,-6161194.348,-4375261.913,-465643.2379,0
1144,softening-ubiquitous,2237,40.65308719,-91.0820084,-0.009879803935,-0.08838903258,-6248664.336,-4347132.965,-521754.9526,0
1144,softening-ubiquitous,2341,42.54479517,-96.59299887,0.001850217157,-0.08427467069,-6248664.336,-4347132.965,-521754.9526,0
1144,softening-ubiquitous,2239,46.90344199,-88.8969621,-0.0157123073,-0.07356903729,-6248664.336,-4347132.965,-521754.9526,0
1144,softening-ubiquitous,2343,49.29503593,-94.82436355,-0.002473812826,-0.06814211005,-6248664.336,-4347132.965,-521754.9526,0
1145,softening-ubiquitous,2239,46.90344199,-88.8969621,-0.0157123073,-0.07356903729,-6211050.135,-4321726.869,-610338.7906,0
1145,softening-ubiquitous,2343,49.29503593,-94.82436355,-0.002473812826,-0.06814211005,-6211050.135,-4321726.869,-610338.7906,0
1145,softening-ubiquitous,2241,55.81345844,-86.7119158,-0.02216198179,-0.05170873172,-6211050.135,-4321726.869,-610338.7906,0
1145,softening-ubiquitous,2345,58.91765066,-93.05572824,-0.00718298827,-0.04429045444,-6211050.135,-4321726.869,-610338.7906,0
1146,softening-ubiquitous,2241,55.81345844,-86.7119158,-0.02216198179,-0.05170873172,-5989619.603,-4307174.702,-753057.1599,0
1146,softening-ubiquitous,2345,58.91765066,-93.05572824,-0.00718298827,-0.04429045444,-5989619.603,-4307174.702,-753057.1599,0
1146,softening-ubiquitous,2243,69.53955325,-84.5268695,-0.02913604394,-0.01694615221,-5989619.603,-4307174.702,-753057.1599,0
1146,softening-ubiquitous,2347,73.74152028,-91.28709292,-0.01212521066,-0.006370153856,-5989619.603,-4307174.702,-753057.1599,0
1147,softening-ubiquitous,2243,69.53955325,-84.5268695,-0.02913604394,-0.01694615221,-6198131.88,-4415927.965,-1222019.335,0
1147,softening-ubiquitous,2347,73.74152028,-91.28709292,-0.01212521066,-0.006370153856,-6198131.88,-4415927.965,-1222019.335,0
1147,softening-ubiquitous,2245,75.46441807,-61.24670651,-0.0930731459,-0.0007389192334,-6198131.88,-4415927.965,-1222019.335,0
1147,softening-ubiquitous,2349,80.14023927,-66.73621228,-0.07798649806,0.01104795296,-6198131.88,-4415927.965,-1222019.335,0
1148,softening-ubiquitous,2245,75.46441807,-61.24670651,-0.0930731459,-0.0007389192334,-6100117.667,-5190983.169,-2072717.71,0
1148,softening-ubiquitous,2349,80.14023927,-66.73621228,-0.07798649806,0.01104795296,-6100117.667,-5190983.169,-2072717.71,0
1148,softening-ubiquitous,2247,75.46441807,-28.43448159,-0.1900112658,-0.003205370965,-6100117.667,-5190983.169,-2072717.71,0
1148,softening-ubiquitous,2351,80.14023927,-31.89092197,-0.179270277,0.008993848311,-6100117.667,-5190983.169,-2072717.71,0
1149,softening-ubiquitous,2247,75.46441807,-28.43448159,-0.1900112658,-0.003205370965,-5090532.299,-6642857.702,-2036719.99,0
1149,softening-ubiquitous,2351,80.14023927,-31.89092197,-0.179270277,0.008993848311,-5090532.299,-6642857.702,-2036719.99,0
1149,softening-ubiquitous,2249,75.46441807,4.377743324,-0.2831847375,-0.01362833168,-5090532.299,-6642857.702,-2036719.99,0
1149,softening-ubiquitous,2353,80.14023927,2.95436834,-0.2784717501,-0.00160692619,-5090532.299,-6642857.702,-2036719.99,0
1150,softening-ubiquitous,2249,75.46441807,4.377743324,-0.2831847375,-0.01362833168,-4899708.229,-6984027.011,-1064912.321,0
1150,softening-ubiquitous,2353,80.14023927,2.95436834,-0.2784717501,-0.00160692619,-4899708.229,-6984027.011,-1064912.321,0
1150,softening-ubiquitous,2251,75.46441807,27.35,-0.3388587466,-0.02164136543,-4899708.229,-6984027.011,-1064912.321,0
1150,softening-ubiquitous,2355,80.14023927,27.35,-0.3381233978,-0.01091042262,-4899708.229,-6984027.011,-1064912.321,0
1151,softening-ubiquitous,2251,75.46441807,27.35,-0.3388587466,-0.02164136543,-5088210.004,-6431432.91,-492864.4691,0
1151,softening-ubiquitous,2355,80.14023927,27.35,-0.3381233978,-0.01091042262,-5088210.004,-6431432.91,-492864.4691,0
1151,softening-ubiquitous,2253,75.42151405,37.26905786,-0.3595660528,-0.02429025509,-5088210.004,-6431432.91,-492864.4691,0
1151,softening-ubiquitous,2357,80.1055116,37.88507364,-0.3601095122,-0.0142280472,-5088210.004,-6431432.91,-492864.4691,0
1152,softening-ubiquitous,2253,75.42151405,37.26905786,-0.3595660528,-0.02429025509,-4989824.293,-6007296.471,-86778.62567,0
1152,softening-ubiquitous,2357,80.1055116,37.88507364,-0.3601095122,-0.0142280472,-4989824.293,-6007296.471,-86778.62567,0
1152,softening-ubiquitous,2255,75.29318307,47.5247476,-0.3783230159,-0.02666956997,-4989824.293,-6007296.471,-86778.62567,0
1152,softening-ubiquitous,2359,80.00163705,48.78637404,-0.3797979764,-0.01726947179,-4989824.293,-6007296.471,-86778.62567,0
1153,softening-ubiquitous,2255,75.29318307,47.5247476,-0.3783230159,-0.02666956997,-4799333.173,-4887407.434,859443.0328,0
1153,softening-ubiquitous,2359,80.00163705,48.78637404,-0.3797979764,-0.01726947179,-4799333.173,-4887407.434,859443.0328,0
1153,softening-ubiquitous,2257,74.79114747,70.53068912,-0.4085085195,-0.02950560741,-4799333.173,-4887407.434,859443.0328,0
1153,softening-ubiquitous,2361,79.59527592,73.30435398,-0.4111762124,-0.02079185399,-4799333.173,-4887407.434,859443.0328,0
1154,softening-ubiquitous,2257,74.79114747,70.53068912,-0.4085085195,-0.02950560741,-2799973.423,-2799973.423,2799976.713,240
1154,softening-ubiquitous,2361,79.59527592,73.30435398,-0.4111762124,-0.02079185399,-2799973.423,-2799973.423,2799976.713,240
1154,softening-ubiquitous,2259,74.58476194,78.44967594,-0.04646499141,0.3388440993,-2799973.423,-2799973.423,2799976.713,240
1154,softening-ubiquitous,2363,79.42822191,81.76803788,-0.05224919077,0.3441722158,-2799973.423,-2799973.423,2799976.713,240
1155,softening-ubiquitous,2259,74.58476194,78.44967594,-0.04646499141,0.3388440993,-7959853.252,-4998273.154,-920068.974,0
1155,softening-ubiquitous,2363,79.42822191,81.76803788,-0.05224919077,0.3441722158,-7959853.252,-4998273.154,-920068.974,0
1155,softening-ubiquitous,2261,68.8152534,96.1652534,-0.06517649728,0.3332129333,-7959853.252,-4998273.154,-920068.974,0
1155,softening-ubiquitous,2365,73.35751426,100.7075143,-0.0709207798,0.3387668635,-7959853.252,-4998273.154,-920068.974,0
1156,softening-ubiquitous,2261,68.8152534,96.1652534,-0.06517649728,0.3332129333,-7067728.387,-4382008.129,-1018734.632,0
1156,softening-ubiquitous,2365,73.35751426,100.7075143,-0.0709207798,0.3387668635,-7067728.387,-4382008.129,-1018734.632,0
1156,softening-ubiquitous,2263,40.19159046,96.96387671,-0.05906184886,0.2966108111,-7067728.387,-4382008.129,-1018734.632,0
1156,softening-ubiquitous,2367,42.72619553,101.3539415,-0.0664309142,0.3007901172,-7067728.387,-4382008.129,-1018734.632,0
1157,softening-ubiquitous,2263,40.19159046,96.96387671,-0.05906184886,0.2966108111,-6829969.498,-4685273.683,-1103751.834,0
1157,softening-ubiquitous,2367,42.72619553,101.3539415,-0.0664309142,0.3007901172,-6829969.498,-4685273.683,-1103751.834,0
1157,softening-ubiquitous,2265,18.78750208,97.46591232,-0.05566629799,0.2601589225,-6829969.498,-4685273.683,-1103751.834,0
1157,softening-ubiquitous,2369,19.93818049,101.7603026,-0.06420769647,0.2625448217,-6829969.498,-4685273.683,-1103751.834,0
1158,softening-ubiquitous,2265,18.78750208,97.46591232,-0.05566629799,0.2601589225,-6695280.584,-4735000.229,-717930.7075,0
1158,softening-ubiquitous,2369,19.93818049,101.7603026,-0.06420769647,0.2625448217,-6695280.584,-4735000.229,-717930.7075,0
1158,softening-ubiquitous,2267,8.269076154,97.63714731,-0.05415659441,0.2378997653,-6695280.584,-4735000.229,-717930.7075,0
1158,softening-ubiquitous,2371,8.770459391,101.8989048,-0.06324398062,0.2391995454,-6695280.584,-4735000.229,-717930.7075,0
1159,softening-ubiquitous,2267,8.269076154,97.63714731,-0.05415659441,0.2378997653,-6711676.067,-4602544.603,-542528.5862,0
1159,softening-ubiquitous,2371,8.770459391,101.8989048,-0.06324398062,0.2391995454,-6711676.067,-4602544.603,-542528.5862,0
1159,softening-ubiquitous,2269,6.201807116,97.63714731,-0.05377390618,0.2331976222,-6711676.067,-4602544.603,-542528.5862,0
1159,softening-ubiquitous,2373,6.577844544,101.8989048,-0.06297781384,0.2342509484,-6711676.067,-4602544.603,-542528.5862,0
1160,softening-ubiquitous,2269,6.201807116,97.63714731,-0.05377390618,0.2331976222,-6711031.622,-4571230.019,-504082.0272,0
1160,softening-ubiquitous,2373,6.577844544,101.8989048,-0.06297781384,0.2342509484,-6711031.622,-4571230.019,-504082.0272,0
1160,softening-ubiquitous,2271,4.134538077,97.63714731,-0.0533887069,0.2284040741,-6711031.622,-4571230.019,-504082.0272,0
1160,softening-ubiquitous,2375,4.385229696,101.8989048,-0.0627073334,0.2291992019,-6711031.622,-4571230.019,-504082.0272,0
1161,softening-ubiquitous,2271,4.134538077,97.63714731,-0.0533887069,0.2284040741,-6711759.356,-4539311.466,-471852.8281,0
1161,softening-ubiquitous,2375,4.385229696,101.8989048,-0.0627073334,0.2291992019,-6711759.356,-4539311.466,-471852.8281,0
1161,softening-ubiquitous,2273,2.067269039,97.63714731,-0.05300069868,0.2235244008,-6711759.356,-4539311.466,-471852.8281,0
1161,softening-ubiquitous,2377,2.192614848,101.8989048,-0.06243202534,0.2240504371,-6711759.356,-4539311.466,-471852.8281,0
1162,softening-ubiquitous,2273,2.067269039,97.63714731,-0.05300069868,0.2235244008,-6713835.705,-4507217.33,-445683.5602,0
1162,softening-ubiquitous,2377,2.192614848,101.8989048,-0.06243202534,0.2240504371,-6713835.705,-4507217.33,-445683.5602,0
1162,softening-ubiquitous,2275,0,97.63714731,-0.05260971209,0.2185638691,-6713835.705,-4507217.33,-445683.5602,0
1162,softening-ubiquitous,2379,0,101.8989048,-0.06215122979,0.218810636,-6713835.705,-4507217.33,-445683.5602,0
1163,softening-ubiquitous,2275,0,97.63714731,-0.05260971209,0.2185638691,-6717815.132,-4475476.282,-426089.0594,0
1163,softening-ubiquitous,2379,0,101.8989048,-0.06215122979,0.218810636,-6717815.132,-4475476.282,-426089.0594,0
1163,softening-ubiquitous,2277,-2.067269039,97.63714731,-0.05221532293,0.2135282166,-6717815.132,-4475476.282,-426089.0594,0
1163,softening-ubiquitous,2381,-2.192614848,101.8989048,-0.0618643931,0.2134865004,-6717815.132,-4475476.282,-426089.0594,0
1164,softening-ubiquitous,2277,-2.067269039,97.63714731,-0.05221532293,0.2135282166,-6722667.138,-4443892.985,-412719.2154,0
1164,softening-ubiquitous,2381,-2.192614848,101.8989048,-0.0618643931,0.2134865004,-6722667.138,-4443892.985,-412719.2154,0
1164,softening-ubiquitous,2279,-4.134538077,97.63714731,-0.05181732757,0.20842291,-6722667.138,-4443892.985,-412719.2154,0
1164,softening-ubiquitous,2383,-4.385229696,101.8989048,-0.06157128936,0.2080843568,-6722667.138,-4443892.985,-412719.2154,0
1165,softening-ubiquitous,2279,-4.134538077,97.63714731,-0.05181732757,0.20842291,-6728377.077,-4412791.645,-406318.6781,0
1165,softening-ubiquitous,2383,-4.385229696,101.8989048,-0.06157128936,0.2080843568,-6728377.077,-4412791.645,-406318.6781,0
1165,softening-ubiquitous,2281,-6.201807116,97.63714731,-0.05141568321,0.203253993,-6728377.077,-4412791.645,-406318.6781,0
1165,softening-ubiquitous,2385,-6.577844544,101.8989048,-0.06127154919,0.2026113537,-6728377.077,-4412791.645,-406318.6781,0
1166,softening-ubiquitous,2281,-6.201807116,97.63714731,-0.05141568321,0.203253993,-6734164.008,-4382300.189,-406764.0404,0
1166,softening-ubiquitous,2385,-6.577844544,101.8989048,-0.06127154919,0.2026113537,-6734164.008,-4382300.189,-406764.0404,0
1166,softening-ubiquitous,2283,-8.269076154,97.63714731,-0.0510103274,0.1980275726,-6734164.008,-4382300.189,-406764.0404,0
1166,softening-ubiquitous,2387,-8.770459391,101.8989048,-0.06096535485,0.1970743853,-6734164.008,-4382300.189,-406764.0404,0
1167,softening-ubiquitous,2283,-8.269076154,97.63714731,-0.0510103274,0.1980275726,-6740689.006,-4302430.591,-454701.7922,0
1167,softening-ubiquitous,2387,-8.770459391,101.8989048,-0.06096535485,0.1970743853,-6740689.006,-4302430.591,-454701.7922,0
1167,softening-ubiquitous,2285,-18.78750208,97.46591232,-0.04850141806,0.170757511,-6740689.006,-4302430.591,-454701.7922,0
1167,softening-ubiquitous,2389,-19.93818049,101.7603026,-0.05899023873,0.1681475496,-6740689.006,-4302430.591,-454701.7922,0
1168,softening-ubiquitous,2285,-18.78750208,97.46591232,-0.04850141806,0.170757511,-6693699.193,-4164062.513,-763425.6339,0
1168,softening-ubiquitous,2389,-19.93818049,101.7603026,-0.05899023873,0.1681475496,-6693699.193,-4164062.513,-763425.6339,0
1168,softening-ubiquitous,2287,-40.19159046,96.96387671,-0.04301598077,0.113959099,-6693699.193,-4164062.513,-763425.6339,0
1168,softening-ubiquitous,2391,-42.72619553,101.3539415,-0.05445239228,0.107657796,-6693699.193,-4164062.513,-763425.6339,0
1169,softening-ubiquitous,2287,-40.19159046,96.96387671,-0.04301598077,0.113959099,-6272761.919,-4329844.016,-1205002.842,0
1169,softening-ubiquitous,2391,-42.72619553,101.3539415,-0.05445239228,0.107657796,-6272761.919,-4329844.016,-1205002.842,0
1169,softening-ubiquitous,2289,-68.8152534,96.1652534,-0.03720787635,0.03786810692,-6272761.919,-4329844.016,-1205002.842,0
1169,softening-ubiquitous,2393,-73.35751426,100.7075143,-0.04976680445,0.02580797309,-6272761.919,-4329844.016,-1205002.842,0
1170,softening-ubiquitous,2289,-68.8152534,96.1652534,-0.03720787635,0.03786810692,-5959188.389,-4666672.794,-1541088.214,0
1170,softening-ubiquitous,2393,-73.35751426,100.7075143,-0.04976680445,0.02580797309,-5959188.389,-4666672.794,-1541088.214,0
1170,softening-ubiquitous,2291,-74.58476194,78.44967594,0.01429454133,0.02269282928,-5959188.389,-4666672.794,-1541088.214,0
1170,softening-ubiquitous,2395,-79.42822191,81.76803788,0.004724683737,0.009905858366,-5959188.389,-4666672.794,-1541088.214,0
1171,softening-ubiquitous,2291,-74.58476194,78.44967594,0.01429454133,0.02269282928,-6010143.834,-4971690.223,-1932346.959,0
1171,softening-ubiquitous,2395,-79.42822191,81.76803788,0.004724683737,0.009905858366,-6010143.834,-4971690.223,-1932346.959,0
1171,softening-ubiquitous,2293,-74.79114747,70.53068912,0.03789597965,0.02240601224,-6010143.834,-4971690.223,-1932346.959,0
1171,softening-ubiquitous,2397,-79.59527592,73.30435398,0.02977398826,0.009928150691,-6010143.834,-4971690.223,-1932346.959,0
1172,softening-ubiquitous,2293,-74.79114747,70.53068912,0.03789597965,0.02240601224,-5897545.129,-5480841.411,-2419201.274,0
1172,softening-ubiquitous,2397,-79.59527592,73.30435398,0.02977398826,0.009928150691,-5897545.129,-5480841.411,-2419201.274,0
1172,softening-ubiquitous,2295,-75.29318307,47.5247476,0.1072366098,0.02343944449,-5897545.129,-5480841.411,-2419201.274,0
1172,softening-ubiquitous,2399,-80.00163705,48.78637404,0.1032232727,0.01216307343,-5897545.129,-5480841.411,-2419201.274,0
1173,softening-ubiquitous,2295,-75.29318307,47.5247476,0.1072366098,0.02343944449,-5675875.84,-6302148.446,-2799957.553,0
1173,softening-ubiquitous,2399,-80.00163705,48.78637404,0.1032232727,0.01216307343,-5675875.84,-6302148.446,-2799957.553,0
1173,softening-ubiquitous,2297,-75.42151405,37.26905786,0.1377456672,0.02527037447,-5675875.84,-6302148.446,-2799957.553,0
1173,softening-ubiquitous,2401,-80.1055116,37.88507364,0.1354907709,0.01477403943,-5675875.84,-6302148.446,-2799957.553,0
1174,softening-ubiquitous,2297,-75.42151405,37.26905786,0.1377456672,0.02527037447,-5474983.855,-6824022.21,-2759388.634,0
1174,softening-ubiquitous,2401,-80.1055116,37.88507364,0.1354907709,0.01477403943,-5474983.855,-6824022.21,-2759388.634,0
1174,softening-ubiquitous,2299,-75.46441807,27.35,0.1656971465,0.02796117674,-5474983.855,-6824022.21,-2759388.634,0
1174,softening-ubiquitous,2403,-80.14023927,27.35,0.1650205286,0.01833843042,-5474983.855,-6824022.21,-2759388.634,0
1175,softening-ubiquitous,2299,-75.46441807,27.35,0.1656971465,0.02796117674,-5005668.847,-7556569.043,-2168043.139,0
1175,softening-ubiquitous,2403,-80.14023927,27.35,0.1650205286,0.01833843042,-5005668.847,-7556569.043,-2168043.139,0
1175,softening-ubiquitous,2301,-75.46441807,4.377743324,0.2195516171,0.03703978459,-5005668.847,-7556569.043,-2168043.139,0
1175,softening-ubiquitous,2405,-80.14023927,2.95436834,0.2214013917,0.02985661574,-5005668.847,-7556569.043,-2168043.139,0
1176,softening-ubiquitous,2301,-75.46441807,4.377743324,0.2195516171,0.03703978459,-5096659.158,-7281063.218,-584035.7659,0
1176,softening-ubiquitous,2405,-80.14023927,2.95436834,0.2214013917,0.02985661574,-5096659.158,-7281063.218,-584035.7659,0
1176,softening-ubiquitous,2303,-75.46441807,-28.43448159,0.2598607013,0.04837003075,-5096659.158,-7281063.218,-584035.7659,0
1176,softening-ubiquitous,2407,-80.14023927,-31.89092197,0.2619526785,0.04517766458,-5096659.158,-7281063.218,-584035.7659,0
1177,softening-ubiquitous,2303,-75.46441807,-28.43448159,0.2598607013,0.04837003075,-3463109.024,-4278619.993,1462966.158,80
1177,softening-ubiquitous,2407,-80.14023927,-31.89092197,0.2619526785,0.04517766458,-3463109.024,-4278619.993,1462966.158,80
1177,softening-ubiquitous,2305,-75.46441807,-61.24670651,0.2515130317,0.05480880424,-3463109.024,-4278619.993,1462966.158,80
1177,softening-ubiquitous,2409,-80.14023927,-66.73621228,0.2416785076,0.05607248951,-3463109.024,-4278619.993,1462966.158,80
1178,softening-ubiquitous,2305,-75.46441807,-61.24670651,0.2515130317,0.05480880424,-4891999.018,-2868463.29,1100421.861,80
1178,softening-ubiquitous,2409,-80.14023927,-66.73621228,0.2416785076,0.05607248951,-4891999.018,-2868463.29,1100421.861,80
1178,softening-ubiquitous,2307,-69.53955325,-84.5268695,0.1238161001,-0.04214397155,-4891999.018,-2868463.29,1100421.861,80
1178,softening-ubiquitous,2411,-73.74152028,-91.28709292,0.09887158919,-0.04347886926,-4891999.018,-2868463.29,1100421.861,80
1179,softening-ubiquitous,2307,-69.53955325,-84.5268695,0.1238161001,-0.04214397155,-9549664.808,-3577569.71,-1640480.835,80
1179,softening-ubiquitous,2411,-73.74152028,-91.28709292,0.09887158919,-0.04347886926,-9549664.808,-3577569.71,-1640480.835,80
1179,softening-ubiquitous,2309,-55.81345844,-86.7119158,0.0608302917,-0.1202125335,-9549664.808,-3577569.71,-1640480.835,80
1179,softening-ubiquitous,2413,-58.91765066,-93.05572824,0.04731636627,-0.1224188457,-9549664.808,-3577569.71,-1640480.835,80
1180,softening-ubiquitous,2309,-55.81345844,-86.7119158,0.0608302917,-0.1202125335,-13025591.72,-4545280.16,-2847622.986,80
1180,softening-ubiquitous,2413,-58.91765066,-93.05572824,0.04731636627,-0.1224188457,-13025591.72,-4545280.16,-2847622.986,80
1180,softening-ubiquitous,2311,-46.90344199,-88.8969621,0.03397647007,-0.1517911388,-13025591.72,-4545280.16,-2847622.986,80
1180,softening-ubiquitous,2415,-49.29503593,-94.82436355,0.03110120517,-0.1492909531,-13025591.72,-4545280.16,-2847622.986,80
1181,softening-ubiquitous,2311,-46.90344199,-88.8969621,0.03397647007,-0.1517911388,-13375518.92,-5242750.516,-3475604.434,0
1181,softening-ubiquitous,2415,-49.29503593,-94.82436355,0.03110120517,-0.1492909531,-13375518.92,-5242750.516,-3475604.434,0
1181,softening-ubiquitous,2313,-40.65308719,-91.0820084,0.02537224082,-0.162812932,-13375518.92,-5242750.516,-3475604.434,0
1181,softening-ubiquitous,2417,-42.54479517,-96.59299887,0.02384812154,-0.1616320785,-13375518.92,-5242750.516,-3475604.434,0
1182,softening-ubiquitous,2313,-40.65308719,-91.0820084,0.02537224082,-0.162812932,-11432729.03,-5048214.205,-2839692.316,0
1182,softening-ubiquitous,2417,-42.54479517,-96.59299887,0.02384812154,-0.1616320785,-11432729.03,-5048214.205,-2839692.316,0
1182,softening-ubiquitous,2315,-36.02617739,-93.26705471,0.02062869541,-0.1687060742,-11432729.03,-5048214.205,-2839692.316,0
1182,softening-ubiquitous,2419,-37.54783803,-98.36163419,0.01945478991,-0.1682821762,-11432729.03,-5048214.205,-2839692.316,0
1183,softening-ubiquitous,2315,-36.02617739,-93.26705471,0.02062869541,-0.1687060742,-9936245.097,-4858487.157,-2220939.755,0
1183,softening-ubiquitous,2419,-37.54783803,-98.36163419,0.01945478991,-0.1682821762,-9936245.097,-4858487.157,-2220939.755,0
1183,softening-ubiquitous,2317,-32.46291124,-95.45210101,0.01767806753,-0.172088127,-9936245.097,-4858487.157,-2220939.755,0
1183,softening-ubiquitous,2421,-33.69959178,-100.1302695,0.01679189357,-0.1719364197,-9936245.097,-4858487.157,-2220939.755,0
1184,softening-ubiquitous,2317,-32.46291124,-95.45210101,0.01767806753,-0.172088127,-8648966.64,-4788664.705,-1765281.012,0
1184,softening-ubiquitous,2421,-33.69959178,-100.1302695,0.01679189357,-0.1719364197,-8648966.64,-4788664.705,-1765281.012,0
1184,softening-ubiquitous,2215,-29.6343306,-97.63714731,0.01586088967,-0.174020632,-8648966.64,-4788664.705,-1765281.012,0
1184,softening-ubiquitous,2319,-30.64478915,-101.8989048,0.01520444371,-0.1739431431,-8648966.64,-4788664.705,-1765281.012,0
1185,softening-ubiquitous,2319,-30.64478915,-101.8989048,0.01520444371,-0.1739431431,-5943256.643,-4697811.47,-1146595.787,0
1185,softening-ubiquitous,2423,-31.68083568,-106.2685834,0.0135423883,-0.1734841142,-5943256.643,-4697811.47,-1146595.787,0
1185,softening-ubiquitous,2321,-22.98359186,-101.8989048,0.01392426656,-0.1758596359,-5943256.643,-4697811.47,-1146595.787,0
1185,softening-ubiquitous,2425,-23.76062676,-106.2685834,0.01409509403,-0.175739885,-5943256.643,-4697811.47,-1146595.787,0
1186,softening-ubiquitous,2321,-22.98359186,-101.8989048,0.01392426656,-0.1758596359,-5592510.931,-4711040.678,-1017992.281,0
1186,softening-ubiquitous,2425,-23.76062676,-106.2685834,0.01409509403,-0.175739885,-5592510.931,-4711040.678,-1017992.281,0
1186,softening-ubiquitous,2323,-15.32239458,-101.8989048,0.01312117089,-0.1743346257,-5592510.931,-4711040.678,-1017992.281,0
1186,softening-ubiquitous,2427,-15.84041784,-106.2685834,0.01489684088,-0.1744187578,-5592510.931,-4711040.678,-1017992.281,0
1187,softening-ubiquitous,2323,-15.32239458,-101.8989048,0.01312117089,-0.1743346257,-5326154.454,-4644400.363,-852771.9084,0
1187,softening-ubiquitous,2427,-15.84041784,-106.2685834,0.01489684088,-0.1744187578,-5326154.454,-4644400.363,-852771.9084,0
1187,softening-ubiquitous,2325,-7.661197288,-101.8989048,0.01264422076,-0.1697143174,-5326154.454,-4644400.363,-852771.9084,0
1187,softening-ubiquitous,2429,-7.920208919,-106.2685834,0.01585993881,-0.1697719223,-5326154.454,-4644400.363,-852771.9084,0
1188,softening-ubiquitous,2325,-7.661197288,-101.8989048,0.01264422076,-0.1697143174,-5113686.809,-4592077.164,-694235.4644,0
1188,softening-ubiquitous,2429,-7.920208919,-106.2685834,0.01585993881,-0.1697719223,-5113686.809,-4592077.164,-694235.4644,0
1188,softening-ubiquitous,2327,0,-101.8989048,0.01242663182,-0.1622941489,-5113686.809,-4592077.164,-694235.4644,0
1188,softening-ubiquitous,2431,0,-106.2685834,0.01695325451,-0.1621271103,-5113686.809,-4592077.164,-694235.4644,0
1189,softening-ubiquitous,2327,0,-101.8989048,0.01242663182,-0.1622941489,-4972133.58,-4549106.025,-562610.5298,0
1189,softening-ubiquitous,2431,0,-106.2685834,0.01695325451,-0.1621271103,-4972133.58,-4549106.025,-562610.5298,0
1189,softening-ubiquitous,2329,7.661197288,-101.8989048,0.01239994618,-0.1523804158,-4972133.58,-4549106.025,-562610.5298,0
1189,softening-ubiquitous,2433,7.920208919,-106.2685834,0.01810850732,-0.1518347929,-4972133.58,-4549106.025,-562610.5298,0
1190,softening-ubiquitous,2329,7.661197288,-101.8989048,0.01239994618,-0.1523804158,-4893513.603,-4505416.663,-465670.0805,0
1190,softening-ubiquitous,2433,7.920208919,-106.2685834,0.01810850732,-0.1518347929,-4893513.603,-4505416.663,-465670.0805,0
1190,softening-ubiquitous,2331,15.32239458,-101.8989048,0.01249881112,-0.1402955212,-4893513.603,-4505416.663,-465670.0805,0
1190,softening-ubiquitous,2435,15.84041784,-106.2685834,0.01926208488,-0.1392471907,-4893513.603,-4505416.663,-465670.0805,0
1191,softening-ubiquitous,2331,15.32239458,-101.8989048,0.01249881112,-0.1402955212,-4862771.488,-4464199.263,-406399.6445,0
1191,softening-ubiquitous,2435,15.84041784,-106.2685834,0.01926208488,-0.1392471907,-4862771.488,-4464199.263,-406399.6445,0
1191,softening-ubiquitous,2333,22.98359186,-101.8989048,0.01267567927,-0.1263617525,-4862771.488,-4464199.263,-406399.6445,0
1191,softening-ubiquitous,2437,23.76062676,-106.2685834,0.02036602618,-0.1247131838,-4862771.488,-4464199.263,-406399.6445,0
1192,softening-ubiquitous,2333,22.98359186,-101.8989048,0.01267567927,-0.1263617525,-4865841.567,-4429049.37,-381065.1786,0
1192,softening-ubiquitous,2437,23.76062676,-106.2685834,0.02036602618,-0.1247131838,-4865841.567,-4429049.37,-381065.1786,0
1192,softening-ubiquitous,2335,30.64478915,-101.8989048,0.01289712409,-0.1108838169,-4865841.567,-4429049.37,-381065.1786,0
1192,softening-ubiquitous,2439,31.68083568,-106.2685834,0.02138982882,-0.1085629346,-4865841.567,-4429049.37,-381065.1786,0
1193,softening-ubiquitous,2335,30.64478915,-101.8989048,0.01289712409,-0.1108838169,-5022658.587,-4397057.269,-370233.9739,0
1193,softening-ubiquitous,2439,31.68083568,-106.2685834,0.02138982882,-0.1085629346,-5022658.587,-4397057.269,-370233.9739,0
1193,softening-ubiquitous,2337,33.69959178,-100.1302695,0.009476711336,-0.1043315028,-5022658.587,-4397057.269,-370233.9739,0
1193,softening-ubiquitous,2441,34.96758896,-104.9269039,0.01908065104,-0.1014911506,-5022658.587,-4397057.269,-370233.9739,0
1194,softening-ubiquitous,2337,33.69959178,-100.1302695,0.009476711336,-0.1043315028,-5252017.495,-4387142.374,-370793.4923,0
1194,softening-ubiquitous,2441,34.96758896,-104.9269039,0.01908065104,-0.1014911506,-5252017.495,-4387142.374,-370793.4923,0
1194,softening-ubiquitous,2339,37.54783803,-98.36163419,0.005813610984,-0.09578302743,-5252017.495,-4387142.374,-370793.4923,0
1194,softening-ubiquitous,2443,39.10803189,-103.5852244,0.01664217833,-0.09224689827,-5252017.495,-4387142.374,-370793.4923,0
1195,softening-ubiquitous,2339,37.54783803,-98.36163419,0.005813610984,-0.09578302743,-5437533.452,-4374517.922,-383627.8254,0
1195,softening-ubiquitous,2443,39.10803189,-103.5852244,0.01664217833,-0.09224689827,-5437533.452,-4374517.922,-383627.8254,0
1195,softening-ubiquitous,2341,42.54479517,-96.59299887,0.001850217157,-0.08427467069,-5437533.452,-4374517.922,-383627.8254,0
1195,softening-ubiquitous,2445,44.48440714,-102.2435449,0.01404523937,-0.07977516298,-5437533.452,-4374517.922,-383627.8254,0
1196,softening-ubiquitous,2341,42.54479517,-96.59299887,0.001850217157,-0.08427467069,-5563476.754,-4362412.537,-417101.6357,0
1196,softening-ubiquitous,2445,44.48440714,-102.2435449,0.01404523937,-0.07977516298,-5563476.754,-4362412.537,-417101.6357,0
1196,softening-ubiquitous,2343,49.29503593,-94.82436355,-0.002473812826,-0.06814211005,-5563476.754,-4362412.537,-417101.6357,0
1196,softening-ubiquitous,2447,51.74719253,-100.9018654,0.0112650639,-0.06226042161,-5563476.754,-4362412.537,-417101.6357,0
1197,softening-ubiquitous,2343,49.29503593,-94.82436355,-0.002473812826,-0.06814211005,-5602303.12,-4358166.639,-485100.8401,0
1197,softening-ubiquitous,2447,51.74719253,-100.9018654,0.0112650639,-0.06226042161,-5602303.12,-4358166.639,-485100.8401,0
1197,softening-ubiquitous,2345,58.91765066,-93.05572824,-0.00718298827,-0.04429045444,-5602303.12,-4358166.639,-485100.8401,0
1197,softening-ubiquitous,2449,62.10045077,-99.5601859,0.008314595903,-0.0363418086,-5602303.12,-4358166.639,-485100.8401,0
1198,softening-ubiquitous,2345,58.91765066,-93.05572824,-0.00718298827,-0.04429045444,-5507454.896,-4351166.927,-617822.0775,0
1198,softening-ubiquitous,2449,62.10045077,-99.5601859,0.008314595903,-0.0363418086,-5507454.896,-4351166.927,-617822.0775,0
1198,softening-ubiquitous,2347,73.74152028,-91.28709292,-0.01212521066,-0.006370153856,-5507454.896,-4351166.927,-617822.0775,0
1198,softening-ubiquitous,2451,78.04989429,-98.2185064,0.005356116784,0.004754571593,-5507454.896,-4351166.927,-617822.0775,0
1199,softening-ubiquitous,2347,73.74152028,-91.28709292,-0.01212521066,-0.006370153856,-5830686.342,-4369571.856,-987525.7006,0
1199,softening-ubiquitous,2451,78.04989429,-98.2185064,0.005356116784,0.004754571593,-5830686.342,-4369571.856,-987525.7006,0
1199,softening-ubiquitous,2349,80.14023927,-66.73621228,-0.07798649806,0.01104795296,-5830686.342,-4369571.856,-987525.7006,0
1199,softening-ubiquitous,2453,84.93446693,-72.36472956,-0.06270999354,0.02339832148,-5830686.342,-4369571.856,-987525.7006,0
1200,softening-ubiquitous,2349,80.14023927,-66.73621228,-0.07798649806,0.01104795296,-6033045.717,-5048279.806,-1768734.321,0
1200,softening-ubiquitous,2453,84.93446693,-72.36472956,-0.06270999354,0.02339832148,-6033045.717,-5048279.806,-1768734.321,0
1200,softening-ubiquitous,2351,80.14023927,-31.89092197,-0.179270277,0.008993848311,-6033045.717,-5048279.806,-1768734.321,0
1200,softening-ubiquitous,2455,84.93446693,-35.43489026,-0.1684685897,0.02173962872,-6033045.717,-5048279.806,-1768734.321,0
1201,softening-ubiquitous,2351,80.14023927,-31.89092197,-0.179270277,0.008993848311,-5286558.638,-6638704.304,-1934501.279,0
1201,softening-ubiquitous,2455,84.93446693,-35.43489026,-0.1684685897,0.02173962872,-5286558.638,-6638704.304,-1934501.279,0
1201,softening-ubiquitous,2353,80.14023927,2.95436834,-0.2784717501,-0.00160692619,-5286558.638,-6638704.304,-1934501.279,0
1201,softening-ubiquitous,2457,84.93446693,1.494949038,-0.2736549359,0.01082809785,-5286558.638,-6638704.304,-1934501.279,0
1202,softening-ubiquitous,2353,80.14023927,2.95436834,-0.2784717501,-0.00160692619,-5049940.342,-7323901.683,-1148525.745,0
1202,softening-ubiquitous,2457,84.93446693,1.494949038,-0.2736549359,0.01082809785,-5049940.342,-7323901.683,-1148525.745,0
1202,softening-ubiquitous,2355,80.14023927,27.35,-0.3381233978,-0.01091042262,-5049940.342,-7323901.683,-1148525.745,0
1202,softening-ubiquitous,2459,84.93446693,27.35,-0.337339431,-7.001307641e-05,-5049940.342,-7323901.683,-1148525.745,0
1203,softening-ubiquitous,2355,80.14023927,27.35,-0.3381233978,-0.01091042262,-5238093.856,-6930524.608,-629060.6241,0
1203,softening-ubiquitous,2459,84.93446693,27.35,-0.337339431,-7.001307641e-05,-5238093.856,-6930524.608,-629060.6241,0
1203,softening-ubiquitous,2357,80.1055116,37.88507364,-0.3601095122,-0.0142280472,-5238093.856,-6930524.608,-629060.6241,0
1203,softening-ubiquitous,2461,84.90812266,38.51668887,-0.3606283661,-0.004275352373,-5238093.856,-6930524.608,-629060.6241,0
1204,softening-ubiquitous,2357,80.1055116,37.88507364,-0.3601095122,-0.0142280472,-5154634.735,-6552971.981,-264988.6312,0
1204,softening-ubiquitous,2461,84.90812266,38.51668887,-0.3606283661,-0.004275352373,-5154634.735,-6552971.981,-264988.6312,0
1204,softening-ubiquitous,2359,80.00163705,48.78637404,-0.3797979764,-0.01726947179,-5154634.735,-6552971.981,-264988.6312,0
1204,softening-ubiquitous,2463,84.82932386,50.07994882,-0.3812306642,-0.008244138119,-5154634.735,-6552971.981,-264988.6312,0
1205,softening-ubiquitous,2359,80.00163705,48.78637404,-0.3797979764,-0.01726947179,-5093678.739,-5308212.401,519459.4061,0
1205,softening-ubiquitous,2463,84.82932386,50.07994882,-0.3812306642,-0.008244138119,-5093678.739,-5308212.401,519459.4061,0
1205,softening-ubiquitous,2361,79.59527592,73.30435398,-0.4111762124,-0.02079185399,-5093678.739,-5308212.401,519459.4061,0
1205,softening-ubiquitous,2465,84.52105996,76.14825672,-0.4140408441,-0.01288064931,-5093678.739,-5308212.401,519459.4061,0
1206,softening-ubiquitous,2361,79.59527592,73.30435398,-0.4111762124,-0.02079185399,-2738620.817,-2738620.817,2738623.752,240
1206,softening-ubiquitous,2465,84.52105996,76.14825672,-0.4140408441,-0.01288064931,-2738620.817,-2738620.817,2738623.752,240
1206,softening-ubiquitous,2363,79.42822191,81.76803788,-0.05224919077,0.3441722158,-2738620.817,-2738620.817,2738623.752,240
1206,softening-ubiquitous,2467,84.39433348,85.17043115,-0.05787124005,0.3488760195,-2738620.817,-2738620.817,2738623.752,240
1207,softening-ubiquitous,2363,79.42822191,81.76803788,-0.05224919077,0.3441722158,-7722069.604,-4944642.42,-1017121.654,0
1207,softening-ubiquitous,2467,84.39433348,85.17043115,-0.05787124005,0.3488760195,-7722069.604,-4944642.42,-1017121.654,0
1207,softening-ubiquitous,2365,73.35751426,100.7075143,-0.0709207798,0.3387668635,-7722069.604,-4944642.42,-1017121.654,0
1207,softening-ubiquitous,2469,78.01479941,105.3647994,-0.07615445327,0.3440032812,-7722069.604,-4944642.42,-1017121.654,0
1208,softening-ubiquitous,2365,73.35751426,100.7075143,-0.0709207798,0.3387668635,-6519387.463,-4464369.163,-968258.8749,0
1208,softening-ubiquitous,2469,78.01479941,105.3647994,-0.07615445327,0.3440032812,-6519387.463,-4464369.163,-968258.8749,0
1208,softening-ubiquitous,2367,42.72619553,101.3539415,-0.0664309142,0.3007901172,-6519387.463,-4464369.163,-968258.8749,0
1208,softening-ubiquitous,2471,45.32498475,105.8551764,-0.07353488692,0.304861446,-6519387.463,-4464369.163,-968258.8749,0
1209,softening-ubiquitous,2367,42.72619553,101.3539415,-0.0664309142,0.3007901172,-6249883.858,-4633028.635,-1054602.366,0
1209,softening-ubiquitous,2471,45.32498475,105.8551764,-0.07353488692,0.304861446,-6249883.858,-4633028.635,-1054602.366,0
1209,softening-ubiquitous,2369,19.93818049,101.7603026,-0.06420769647,0.2625448217,-6249883.858,-4633028.635,-1054602.366,0
1209,softening-ubiquitous,2473,21.11799769,106.1634403,-0.07274366423,0.264889689,-6249883.858,-4633028.635,-1054602.366,0
1210,softening-ubiquitous,2369,19.93818049,101.7603026,-0.06420769647,0.2625448217,-6134822.437,-4635171.462,-725504.1316,0
1210,softening-ubiquitous,2473,21.11799769,106.1634403,-0.07274366423,0.264889689,-6134822.437,-4635171.462,-725504.1316,0
1210,softening-ubiquitous,2371,8.770459391,101.8989048,-0.06324398062,0.2391995454,-6134822.437,-4635171.462,-725504.1316,0
1210,softening-ubiquitous,2475,9.284539225,106.2685834,-0.07246995247,0.2404425611,-6134822.437,-4635171.462,-725504.1316,0
1211,softening-ubiquitous,2371,8.770459391,101.8989048,-0.06324398062,0.2391995454,-6176194.474,-4528179.452,-556708.5692,0
1211,softening-ubiquitous,2475,9.284539225,106.2685834,-0.07246995247,0.2404425611,-6176194.474,-4528179.452,-556708.5692,0
1211,softening-ubiquitous,2373,6.577844544,101.8989048,-0.06297781384,0.2342509484,-6176194.474,-4528179.452,-556708.5692,0
1211,softening-ubiquitous,2477,6.963404419,106.2685834,-0.07234688396,0.2352405636,-6176194.474,-4528179.452,-556708.5692,0
1212,softening-ubiquitous,2373,6.577844544,101.8989048,-0.06297781384,0.2342509484,-6185254.428,-4507209.191,-520223.0446,0
1212,softening-ubiquitous,2477,6.963404419,106.2685834,-0.07234688396,0.2352405636,-6185254.428,-4507209.191,-520223.0446,0
1212,softening-ubiquitous,2375,4.385229696,101.8989048,-0.0627073334,0.2291992019,-6185254.428,-4507209.191,-520223.0446,0
1212,softening-ubiquitous,2479,4.642269612,106.2685834,-0.07221773749,0.229923413,-6185254.428,-4507209.191,-520223.0446,0
1213,softening-ubiquitous,2375,4.385229696,101.8989048,-0.0627073334,0.2291992019,-6198358.025,-4486145.978,-489937.1451,0
1213,softening-ubiquitous,2479,4.642269612,106.2685834,-0.07221773749,0.229923413,-6198358.025,-4486145.978,-489937.1451,0
1213,softening-ubiquitous,2377,2.192614848,101.8989048,-0.06243202534,0.2240504371,-6198358.025,-4486145.978,-489937.1451,0
1213,softening-ubiquitous,2481,2.321134806,106.2685834,-0.07208058407,0.2244973935,-6198358.025,-4486145.978,-489937.1451,0
1214,softening-ubiquitous,2377,2.192614848,101.8989048,-0.06243202534,0.2240504371,-6214211.3,-4465190.764,-465900.5222,0
1214,softening-ubiquitous,2481,2.321134806,106.2685834,-0.07208058407,0.2244973935,-6214211.3,-4465190.764,-465900.5222,0
1214,softening-ubiquitous,2379,0,101.8989048,-0.06215122979,0.218810636,-6214211.3,-4465190.764,-465900.5222,0
1214,softening-ubiquitous,2483,0,106.2685834,-0.07193449501,0.2189695463,-6214211.3,-4465190.764,-465900.5222,0
1215,softening-ubiquitous,2379,0,101.8989048,-0.06215122979,0.218810636,-6232947.277,-4444641.074,-448684.4335,0
1215,softening-ubiquitous,2483,0,106.2685834,-0.07193449501,0.2189695463,-6232947.277,-4444641.074,-448684.4335,0
1215,softening-ubiquitous,2381,-2.192614848,101.8989048,-0.0618643931,0.2134865004,-6232947.277,-4444641.074,-448684.4335,0
1215,softening-ubiquitous,2485,-2.321134806,106.2685834,-0.07177842007,0.2133474683,-6232947.277,-4444641.074,-448684.4335,0
1216,softening-ubiquitous,2381,-2.192614848,101.8989048,-0.0618643931,0.2134865004,-6254046.706,-4424305.072,-437887.3579,0
1216,softening-ubiquitous,2485,-2.321134806,106.2685834,-0.07177842007,0.2133474683,-6254046.706,-4424305.072,-437887.3579,0
1216,softening-ubiquitous,2383,-4.385229696,101.8989048,-0.06157128936,0.2080843568,-6254046.706,-4424305.072,-437887.3579,0
1216,softening-ubiquitous,2487,-4.642269612,106.2685834,-0.07161127448,0.2076389955,-6254046.706,-4424305.072,-437887.3579,0
1217,softening-ubiquitous,2383,-4.385229696,101.8989048,-0.06157128936,0.2080843568,-6276334.639,-4404296.971,-433489.5827,0
1217,softening-ubiquitous,2487,-4.642269612,106.2685834,-0.07161127448,0.2076389955,-6276334.639,-4404296.971,-433489.5827,0
1217,softening-ubiquitous,2385,-6.577844544,101.8989048,-0.06127154919,0.2026113537,-6276334.639,-4404296.971,-433489.5827,0
1217,softening-ubiquitous,2489,-6.963404419,106.2685834,-0.07143276354,0.2018516115,-6276334.639,-4404296.971,-433489.5827,0
1218,softening-ubiquitous,2385,-6.577844544,101.8989048,-0.06127154919,0.2026113537,-6299592.913,-4385896.508,-435247.7322,0
1218,softening-ubiquitous,2489,-6.963404419,106.2685834,-0.07143276354,0.2018516115,-6299592.913,-4385896.508,-435247.7322,0
1218,softening-ubiquitous,2387,-8.770459391,101.8989048,-0.06096535485,0.1970743853,-6299592.913,-4385896.508,-435247.7322,0
1218,softening-ubiquitous,2491,-9.284539225,106.2685834,-0.07124249695,0.1959926754,-6299592.913,-4385896.508,-435247.7322,0
1219,softening-ubiquitous,2387,-8.770459391,101.8989048,-0.06096535485,0.1970743853,-6358373.063,-4335409.928,-487527.6483,0
1219,softening-ubiquitous,2491,-9.284539225,106.2685834,-0.07124249695,0.1959926754,-6358373.063,-4335409.928,-487527.6483,0
1219,softening-ubiquitous,2389,-19.93818049,101.7603026,-0.05899023873,0.1681475496,-6358373.063,-4335409.928,-487527.6483,0
1219,softening-ubiquitous,2493,-21.11799769,106.1634403,-0.06985584614,0.1653611964,-6358373.063,-4335409.928,-487527.6483,0
1220,softening-ubiquitous,2389,-19.93818049,101.7603026,-0.05899023873,0.1681475496,-6424356.826,-4256514.663,-773499.8982,0
1220,softening-ubiquitous,2493,-21.11799769,106.1634403,-0.06985584614,0.1653611964,-6424356.826,-4256514.663,-773499.8982,0
1220,softening-ubiquitous,2391,-42.72619553,101.3539415,-0.05445239228,0.107657796,-6424356.826,-4256514.663,-773499.8982,0
1220,softening-ubiquitous,2495,-45.32498475,105.8551764,-0.06627196974,0.1010628866,-6424356.826,-4256514.663,-773499.8982,0
1221,softening-ubiquitous,2391,-42.72619553,101.3539415,-0.05445239228,0.107657796,-6092461.335,-4407948.155,-1135425.489,0
1221,softening-ubiquitous,2495,-45.32498475,105.8551764,-0.06627196974,0.1010628866,-6092461.335,-4407948.155,-1135425.489,0
1221,softening-ubiquitous,2393,-73.35751426,100.7075143,-0.04976680445,0.02580797309,-6092461.335,-4407948.155,-1135425.489,0
1221,softening-ubiquitous,2497,-78.01479941,105.3647994,-0.06264493204,0.01329312941,-6092461.335,-4407948.155,-1135425.489,0
1222,softening-ubiquitous,2393,-73.35751426,100.7075143,-0.04976680445,0.02580797309,-5783287.408,-4682126.998,-1371461.041,0
1222,softening-ubiquitous,2497,-78.01479941,105.3647994,-0.06264493204,0.01329312941,-5783287.408,-4682126.998,-1371461.041,0
1222,softening-ubiquitous,2395,-79.42822191,81.76803788,0.004724683737,0.009905858366,-5783287.408,-4682126.998,-1371461.041,0
1222,softening-ubiquitous,2499,-84.39433348,85.17043115,-0.005139081281,-0.003538350974,-5783287.408,-4682126.998,-1371461.041,0
1223,softening-ubiquitous,2395,-79.42822191,81.76803788,0.004724683737,0.009905858366,-5837859.442,-5045318.52,-1708956.127,0
1223,softening-ubiquitous,2499,-84.39433348,85.17043115,-0.005139081281,-0.003538350974,-5837859.442,-5045318.52,-1708956.127,0
1223,softening-ubiquitous,2397,-79.59527592,73.30435398,0.02977398826,0.009928150691,-5837859.442,-5045318.52,-1708956.127,0
1223,softening-ubiquitous,2501,-84.52105996,76.14825672,0.02136506094,-0.003259998028,-5837859.442,-5045318.52,-1708956.127,0
1224,softening-ubiquitous,2397,-79.59527592,73.30435398,0.02977398826,0.009928150691,-5778441.132,-5668579.463,-2161692.313,0
1224,softening-ubiquitous,2501,-84.52105996,76.14825672,0.02136506094,-0.003259998028,-5778441.132,-5668579.463,-2161692.313,0
1224,softening-ubiquitous,2399,-80.00163705,48.78637404,0.1032232727,0.01216307343,-5778441.132,-5668579.463,-2161692.313,0
1224,softening-ubiquitous,2503,-84.82932386,50.07994882,0.09901146831,0.0001109086966,-5778441.132,-5668579.463,-2161692.313,0
1225,softening-ubiquitous,2399,-80.00163705,48.78637404,0.1032232727,0.01216307343,-5663991.823,-6719685.112,-2532832.139,0
1225,softening-ubiquitous,2503,-84.82932386,50.07994882,0.09901146831,0.0001109086966,-5663991.823,-6719685.112,-2532832.139,0
1225,softening-ubiquitous,2401,-80.1055116,37.88507364,0.1354907709,0.01477403943,-5663991.823,-6719685.112,-2532832.139,0
1225,softening-ubiquitous,2505,-84.90812266,38.51668887,0.1330737853,0.003587656585,-5663991.823,-6719685.112,-2532832.139,0
1226,softening-ubiquitous,2401,-80.1055116,37.88507364,0.1354907709,0.01477403943,-5520668.034,-7374396.936,-2538516.482,0
1226,softening-ubiquitous,2505,-84.90812266,38.51668887,0.1330737853,0.003587656585,-5520668.034,-7374396.936,-2538516.482,0
1226,softening-ubiquitous,2403,-80.14023927,27.35,0.1650205286,0.01833843042,-5520668.034,-7374396.936,-2538516.482,0
1226,softening-ubiquitous,2507,-84.93446693,27.35,0.1642160842,0.008211062921,-5520668.034,-7374396.936,-2538516.482,0
1227,softening-ubiquitous,2403,-80.14023927,27.35,0.1650205286,0.01833843042,-5194720.475,-8279604.249,-2059951.713,0
1227,softening-ubiquitous,2507,-84.93446693,27.35,0.1642160842,0.008211062921,-5194720.475,-8279604.249,-2059951.713,0
1227,softening-ubiquitous,2405,-80.14023927,2.95436834,0.2214013917,0.02985661574,-5194720.475,-8279604.249,-2059951.713,0
1227,softening-ubiquitous,2509,-84.93446693,1.494949038,0.2232303666,0.02278941486,-5194720.475,-8279604.249,-2059951.713,0
1228,softening-ubiquitous,2405,-80.14023927,2.95436834,0.2214013917,0.02985661574,-5151480.581,-8167179.053,-869515.4178,0
1228,softening-ubiquitous,2509,-84.93446693,1.494949038,0.2232303666,0.02278941486,-5151480.581,-8167179.053,-869515.4178,0
1228,softening-ubiquitous,2407,-80.14023927,-31.89092197,0.2619526785,0.04517766458,-5151480.581,-8167179.053,-869515.4178,0
1228,softening-ubiquitous,2511,-84.93446693,-35.43489026,0.2634292311,0.04385309322,-5151480.581,-8167179.053,-869515.4178,0
1229,softening-ubiquitous,2407,-80.14023927,-31.89092197,0.2619526785,0.04517766458,-3574986.269,-4340890.415,1338253.316,80
1229,softening-ubiquitous,2511,-84.93446693,-35.43489026,0.2634292311,0.04385309322,-3574986.269,-4340890.415,1338253.316,80
1229,softening-ubiquitous,2409,-80.14023927,-66.73621228,0.2416785076,0.05607248951,-3574986.269,-4340890.415,1338253.316,80
1229,softening-ubiquitous,2513,-84.93446693,-72.36472956,0.2279348643,0.06041270695,-3574986.269,-4340890.415,1338253.316,80
1230,softening-ubiquitous,2409,-80.14023927,-66.73621228,0.2416785076,0.05607248951,-6067911.291,-3181574.848,659671.4626,80
1230,softening-ubiquitous,2513,-84.93446693,-72.36472956,0.2279348643,0.06041270695,-6067911.291,-3181574.848,659671.4626,80
1230,softening-ubiquitous,2411,-73.74152028,-91.28709292,0.09887158919,-0.04347886926,-6067911.291,-3181574.848,659671.4626,80
1230,softening-ubiquitous,2515,-78.04989429,-98.2185064,0.07138838019,-0.03986618953,-6067911.291,-3181574.848,659671.4626,80
1231,softening-ubiquitous,2411,-73.74152028,-91.28709292,0.09887158919,-0.04347886926,-11442286.19,-4132925.394,-2253401.44,80
1231,softening-ubiquitous,2515,-78.04989429,-98.2185064,0.07138838019,-0.03986618953,-11442286.19,-4132925.394,-2253401.44,80
1231,softening-ubiquitous,2413,-58.91765066,-93.05572824,0.04731636627,-0.1224188457,-11442286.19,-4132925.394,-2253401.44,80
1231,softening-ubiquitous,2517,-62.10045077,-99.5601859,0.03448365065,-0.1164783669,-11442286.19,-4132925.394,-2253401.44,80
1232,softening-ubiquitous,2413,-58.91765066,-93.05572824,0.04731636627,-0.1224188457,-13065973.11,-4448496.597,-2925989.797,0
1232,softening-ubiquitous,2517,-62.10045077,-99.5601859,0.03448365065,-0.1164783669,-13065973.11,-4448496.597,-2925989.797,0
1232,softening-ubiquitous,2415,-49.29503593,-94.82436355,0.03110120517,-0.1492909531,-13065973.11,-4448496.597,-2925989.797,0
1232,softening-ubiquitous,2519,-51.74719253,-100.9018654,0.02476222892,-0.1450189976,-13065973.11,-4448496.597,-2925989.797,0
1233,softening-ubiquitous,2415,-49.29503593,-94.82436355,0.03110120517,-0.1492909531,-10731424.08,-5210358.355,-2867284.809,0
1233,softening-ubiquitous,2519,-51.74719253,-100.9018654,0.02476222892,-0.1450189976,-10731424.08,-5210358.355,-2867284.809,0
1233,softening-ubiquitous,2417,-42.54479517,-96.59299887,0.02384812154,-0.1616320785,-10731424.08,-5210358.355,-2867284.809,0
1233,softening-ubiquitous,2521,-44.48440714,-102.2435449,0.01933579392,-0.1596986701,-10731424.08,-5210358.355,-2867284.809,0
1234,softening-ubiquitous,2417,-42.54479517,-96.59299887,0.02384812154,-0.1616320785,-9144343.959,-4685458.975,-2169395.19,0
1234,softening-ubiquitous,2521,-44.48440714,-102.2435449,0.01933579392,-0.1596986701,-9144343.959,-4685458.975,-2169395.19,0
1234,softening-ubiquitous,2419,-37.54783803,-98.36163419,0.01945478991,-0.1682821762,-9144343.959,-4685458.975,-2169395.19,0
1234,softening-ubiquitous,2523,-39.10803189,-103.5852244,0.01620688924,-0.1673293766,-9144343.959,-4685458.975,-2169395.19,0
1235,softening-ubiquitous,2419,-37.54783803,-98.36163419,0.01945478991,-0.1682821762,-7853212.816,-4560863.222,-1659764.312,0
1235,softening-ubiquitous,2523,-39.10803189,-103.5852244,0.01620688924,-0.1673293766,-7853212.816,-4560863.222,-1659764.312,0
1235,softening-ubiquitous,2421,-33.69959178,-100.1302695,0.01679189357,-0.1719364197,-7853212.816,-4560863.222,-1659764.312,0
1235,softening-ubiquitous,2525,-34.96758896,-104.9269039,0.01443557808,-0.1713780564,-7853212.816,-4560863.222,-1659764.312,0
1236,softening-ubiquitous,2421,-33.69959178,-100.1302695,0.01679189357,-0.1719364197,-6739993.102,-4587665.999,-1310949.223,0
1236,softening-ubiquitous,2525,-34.96758896,-104.9269039,0.01443557808,-0.1713780564,-6739993.102,-4587665.999,-1310949.223,0
1236,softening-ubiquitous,2319,-30.64478915,-101.8989048,0.01520444371,-0.1739431431,-6739993.102,-4587665.999,-1310949.223,0
1236,softening-ubiquitous,2423,-31.68083568,-106.2685834,0.0135423883,-0.1734841142,-6739993.102,-4587665.999,-1310949.223,0
1237,softening-ubiquitous,2423,-31.68083568,-106.2685834,0.0135423883,-0.1734841142,-4016845.1,-4661101.077,-985731.8999,0
1237,softening-ubiquitous,2527,-32.74185315,-110.7435806,0.01101498308,-0.1724846613,-4016845.1,-4661101.077,-985731.8999,0
1237,softening-ubiquitous,2425,-23.76062676,-106.2685834,0.01409509403,-0.175739885,-4016845.1,-4661101.077,-985731.8999,0
1237,softening-ubiquitous,2529,-24.55638986,-110.7435806,0.01373826503,-0.1751931123,-4016845.1,-4661101.077,-985731.8999,0
1238,softening-ubiquitous,2425,-23.76062676,-106.2685834,0.01409509403,-0.175739885,-3958634.324,-4645437.316,-923480.3068,0
1238,softening-ubiquitous,2529,-24.55638986,-110.7435806,0.01373826503,-0.1751931123,-3958634.324,-4645437.316,-923480.3068,0
1238,softening-ubiquitous,2427,-15.84041784,-106.2685834,0.01489684088,-0.1744187578,-3958634.324,-4645437.316,-923480.3068,0
1238,softening-ubiquitous,2531,-16.37092658,-110.7435806,0.01632172796,-0.1741747435,-3958634.324,-4645437.316,-923480.3068,0
1239,softening-ubiquitous,2427,-15.84041784,-106.2685834,0.01489684088,-0.1744187578,-3834405.253,-4558709.852,-761106.2111,0
1239,softening-ubiquitous,2531,-16.37092658,-110.7435806,0.01632172796,-0.1741747435,-3834405.253,-4558709.852,-761106.2111,0
1239,softening-ubiquitous,2429,-7.920208919,-106.2685834,0.01585993881,-0.1697719223,-3834405.253,-4558709.852,-761106.2111,0
1239,softening-ubiquitous,2533,-8.185463288,-110.7435806,0.01893096965,-0.1695335725,-3834405.253,-4558709.852,-761106.2111,0
1240,softening-ubiquitous,2429,-7.920208919,-106.2685834,0.01585993881,-0.1697719223,-3765746.877,-4522555.879,-634791.6545,0
1240,softening-ubiquitous,2533,-8.185463288,-110.7435806,0.01893096965,-0.1695335725,-3765746.877,-4522555.879,-634791.6545,0
1240,softening-ubiquitous,2431,0,-106.2685834,0.01695325451,-0.1621271103,-3765746.877,-4522555.879,-634791.6545,0
1240,softening-ubiquitous,2535,0,-110.7435806,0.02152353189,-0.1616887965,-3765746.877,-4522555.879,-634791.6545,0
1241,softening-ubiquitous,2431,0,-106.2685834,0.01695325451,-0.1621271103,-3772629.438,-4494528.322,-538259.9547,0
1241,softening-ubiquitous,2535,0,-110.7435806,0.02152353189,-0.1616887965,-3772629.438,-4494528.322,-538259.9547,0
1241,softening-ubiquitous,2433,7.920208919,-106.2685834,0.01810850732,-0.1518347929,-3772629.438,-4494528.322,-538259.9547,0
1241,softening-ubiquitous,2537,8.185463288,-110.7435806,0.02401556328,-0.1510323794,-3772629.438,-4494528.322,-538259.9547,0
1242,softening-ubiquitous,2433,7.920208919,-106.2685834,0.01810850732,-0.1518347929,-3840349.392,-4467887.314,-470119.2082,0
1242,softening-ubiquitous,2537,8.185463288,-110.7435806,0.02401556328,-0.1510323794,-3840349.392,-4467887.314,-470119.2082,0
1242,softening-ubiquitous,2435,15.84041784,-106.2685834,0.01926208488,-0.1392471907,-3840349.392,-4467887.314,-470119.2082,0
1242,softening-ubiquitous,2539,16.37092658,-110.7435806,0.02634361742,-0.1379491405,-3840349.392,-4467887.314,-470119.2082,0
1243,softening-ubiquitous,2435,15.84041784,-106.2685834,0.01926208488,-0.1392471907,-3953120.515,-4444199.429,-432850.6591,0
1243,softening-ubiquitous,2539,16.37092658,-110.7435806,0.02634361742,-0.1379491405,-3953120.515,-4444199.429,-432850.6591,0
1243,softening-ubiquitous,2437,23.76062676,-106.2685834,0.02036602618,-0.1247131838,-3953120.515,-4444199.429,-432850.6591,0
1243,softening-ubiquitous,2541,24.55638986,-110.7435806,0.02846328223,-0.1228179198,-3953120.515,-4444199.429,-432850.6591,0
1244,softening-ubiquitous,2437,23.76062676,-106.2685834,0.02036602618,-0.1247131838,-4093240.81,-4423846.8,-424338.0488,0
1244,softening-ubiquitous,2541,24.55638986,-110.7435806,0.02846328223,-0.1228179198,-4093240.81,-4423846.8,-424338.0488,0
1244,softening-ubiquitous,2439,31.68083568,-106.2685834,0.02138982882,-0.1085629346,-4093240.81,-4423846.8,-424338.0488,0
1244,softening-ubiquitous,2543,32.74185315,-110.7435806,0.03035027405,-0.1059974986,-4093240.81,-4423846.8,-424338.0488,0
1245,softening-ubiquitous,2439,31.68083568,-106.2685834,0.02138982882,-0.1085629346,-4299552.201,-4395018.086,-413128.4006,0
1245,softening-ubiquitous,2543,32.74185315,-110.7435806,0.03035027405,-0.1059974986,-4299552.201,-4395018.086,-413128.4006,0
1245,softening-ubiquitous,2441,34.96758896,-104.9269039,0.01908065104,-0.1014911506,-4299552.201,-4395018.086,-413128.4006,0
1245,softening-ubiquitous,2545,36.26614759,-109.8391475,0.02921347931,-0.09836310103,-4299552.201,-4395018.086,-413128.4006,0
1246,softening-ubiquitous,2441,34.96758896,-104.9269039,0.01908065104,-0.1014911506,-4528050.31,-4390524.105,-399232.6601,0
1246,softening-ubiquitous,2545,36.26614759,-109.8391475,0.02921347931,-0.09836310103,-4528050.31,-4390524.105,-399232.6601,0
1246,softening-ubiquitous,2443,39.10803189,-103.5852244,0.01664217833,-0.09224689827,-4528050.31,-4390524.105,-399232.6601,0
1246,softening-ubiquitous,2547,40.70582977,-108.9347144,0.02805966131,-0.0883745447,-4528050.31,-4390524.105,-399232.6601,0
1247,softening-ubiquitous,2443,39.10803189,-103.5852244,0.01664217833,-0.09224689827,-4735226.421,-4387387.258,-396174.5941,0
1247,softening-ubiquitous,2547,40.70582977,-108.9347144,0.02805966131,-0.0883745447,-4735226.421,-4387387.258,-396174.5941,0
1247,softening-ubiquitous,2445,44.48440714,-102.2435449,0.01404523937,-0.07977516298,-4735226.421,-4387387.258,-396174.5941,0
1247,softening-ubiquitous,2549,46.47076792,-108.0302812,0.02688797078,-0.07488539673,-4735226.421,-4387387.258,-396174.5941,0
1248,softening-ubiquitous,2445,44.48440714,-102.2435449,0.01404523937,-0.07977516298,-4919999.118,-4390135.135,-413865.1457,0
1248,softening-ubiquitous,2549,46.47076792,-108.0302812,0.02688797078,-0.07488539673,-4919999.118,-4390135.135,-413865.1457,0
1248,softening-ubiquitous,2447,51.74719253,-100.9018654,0.0112650639,-0.06226042161,-4919999.118,-4390135.135,-413865.1457,0
1248,softening-ubiquitous,2551,54.25845138,-107.1258481,0.02569274781,-0.05593468464,-4919999.118,-4390135.135,-413865.1457,0
1249,softening-ubiquitous,2447,51.74719253,-100.9018654,0.0112650639,-0.06226042161,-5065332.466,-4399631.716,-460995.8986,0
1249,softening-ubiquitous,2551,54.25845138,-107.1258481,0.02569274781,-0.05593468464,-5065332.466,-4399631.716,-460995.8986,0
1249,softening-ubiquitous,2449,62.10045077,-99.5601859,0.008314595903,-0.0363418086,-5065332.466,-4399631.716,-460995.8986,0
1249,softening-ubiquitous,2553,65.3599632,-106.221415,0.02448323366,-0.02790679653,-5065332.466,-4399631.716,-460995.8986,0
1250,softening-ubiquitous,2449,62.10045077,-99.5601859,0.008314595903,-0.0363418086,-5134616.727,-4389966.704,-570963.9702,0
1250,softening-ubiquitous,2553,65.3599632,-106.221415,0.02448323366,-0.02790679653,-5134616.727,-4389966.704,-570963.9702,0
1250,softening-ubiquitous,2451,78.04989429,-98.2185064,0.005356116784,0.004754571593,-5134616.727,-4389966.704,-570963.9702,0
1250,softening-ubiquitous,2555,82.46210938,-105.3169819,0.023331639,0.01631813576,-5134616.727,-4389966.704,-570963.9702,0
1251,softening-ubiquitous,2451,78.04989429,-98.2185064,0.005356116784,0.004754571593,-5500984.995,-4309694.63,-817717.1109,0
1251,softening-ubiquitous,2555,82.46210938,-105.3169819,0.023331639,0.01631813576,-5500984.995,-4309694.63,-817717.1109,0
1251,softening-ubiquitous,2453,84.93446693,-72.36472956,-0.06270999354,0.02339832148,-5500984.995,-4309694.63,-817717.1109,0
1251,softening-ubiquitous,2557,89.84424578,-78.1289062,-0.04719820239,0.03627155916,-5500984.995,-4309694.63,-817717.1109,0
1252,softening-ubiquitous,2453,84.93446693,-72.36472956,-0.06270999354,0.02339832148,-5915126.649,-4889578.344,-1474954.818,0
1252,softening-ubiquitous,2557,89.84424578,-78.1289062,-0.04719820239,0.03627155916,-5915126.649,-4889578.344,-1474954.818,0
1252,softening-ubiquitous,2455,84.93446693,-35.43489026,-0.1684685897,0.02173962872,-5915126.649,-4889578.344,-1474954.818,0
1252,softening-ubiquitous,2559,89.84424578,-39.0642758,-0.1575846767,0.03509830167,-5915126.649,-4889578.344,-1474954.818,0
1253,softening-ubiquitous,2455,84.93446693,-35.43489026,-0.1684685897,0.02173962872,-5429129.574,-6641915.443,-1777306.915,0
1253,softening-ubiquitous,2559,89.84424578,-39.0642758,-0.1575846767,0.03509830167,-5429129.574,-6641915.443,-1777306.915,0
1253,softening-ubiquitous,2457,84.93446693,1.494949038,-0.2736549359,0.01082809785,-5429129.574,-6641915.443,-1777306.915,0
1253,softening-ubiquitous,2561,89.84424578,0.0003545928948,-0.2687301723,0.02378001096,-5429129.574,-6641915.443,-1777306.915,0
1254,softening-ubiquitous,2457,84.93446693,1.494949038,-0.2736549359,0.01082809785,-5183074.213,-7713955.071,-1171411.904,0
1254,softening-ubiquitous,2561,89.84424578,0.0003545928948,-0.2687301723,0.02378001096,-5183074.213,-7713955.071,-1171411.904,0
1254,softening-ubiquitous,2459,84.93446693,27.35,-0.337339431,-7.001307641e-05,-5183074.213,-7713955.071,-1171411.904,0
1254,softening-ubiquitous,2563,89.84424578,27.35,-0.3364712025,0.01095216308,-5183074.213,-7713955.071,-1171411.904,0
1255,softening-ubiquitous,2459,84.93446693,27.35,-0.337339431,-7.001307641e-05,-5369424.165,-7540307.608,-729164.6361,0
1255,softening-ubiquitous,2563,89.84424578,27.35,-0.3364712025,0.01095216308,-5369424.165,-7540307.608,-729164.6361,0
1255,softening-ubiquitous,2461,84.90812266,38.51668887,-0.3606283661,-0.004275352373,-5369424.165,-7540307.608,-729164.6361,0
1255,softening-ubiquitous,2565,89.82648697,39.16352739,-0.3610722923,0.005565913389,-5369424.165,-7540307.608,-729164.6361,0
1256,softening-ubiquitous,2461,84.90812266,38.51668887,-0.3606283661,-0.004275352373,-5274406.34,-7219560.838,-434074.8647,0
1256,softening-ubiquitous,2565,89.82648697,39.16352739,-0.3610722923,0.005565913389,-5274406.34,-7219560.838,-434074.8647,0
1256,softening-ubiquitous,2463,84.82932386,50.07994882,-0.3812306642,-0.008244138119,-5274406.34,-7219560.838,-434074.8647,0
1256,softening-ubiquitous,2567,89.77336829,51.40470153,-0.3825372002,0.0003193456435,-5274406.34,-7219560.838,-434074.8647,0
1257,softening-ubiquitous,2463,84.82932386,50.07994882,-0.3812306642,-0.008244138119,-5380494.198,-5828928.161,92791.91083,0
1257,softening-ubiquitous,2567,89.77336829,51.40470153,-0.3825372002,0.0003193456435,-5380494.198,-5828928.161,92791.91083,0
1257,softening-ubiquitous,2465,84.52105996,76.14825672,-0.4140408441,-0.01288064931,-5380494.198,-5828928.161,92791.91083,0
1257,softening-ubiquitous,2569,89.565566,79.06070364,-0.4171775706,-0.006022412405,-5380494.198,-5828928.161,92791.91083,0
1258,softening-ubiquitous,2465,84.52105996,76.14825672,-0.4140408441,-0.01288064931,-2653765.617,-2653765.617,2653767.142,240
1258,softening-ubiquitous,2569,89.565566,79.06070364,-0.4171775706,-0.006022412405,-2653765.617,-2653765.617,2653767.142,240
1258,softening-ubiquitous,2467,84.39433348,85.17043115,-0.05787124005,0.3488760195,-2653765.617,-2653765.617,2653767.142,240
1258,softening-ubiquitous,2571,89.48013902,88.65482941,-0.06323991334,0.3528145639,-2653765.617,-2653765.617,2653767.142,240
1259,softening-ubiquitous,2467,84.39433348,85.17043115,-0.05787124005,0.3488760195,-7428909.016,-4771679.188,-1129021.495,0
1259,softening-ubiquitous,2571,89.48013902,88.65482941,-0.06323991334,0.3528145639,-7428909.016,-4771679.188,-1129021.495,0
1259,softening-ubiquitous,2469,78.01479941,105.3647994,-0.07615445327,0.3440032812,-7428909.016,-4771679.188,-1129021.495,0
1259,softening-ubiquitous,2573,82.78433515,110.1343351,-0.08084484247,0.3489745505,-7428909.016,-4771679.188,-1129021.495,0
1260,softening-ubiquitous,2469,78.01479941,105.3647994,-0.07615445327,0.3440032812,-5972088.09,-4505750.193,-911740.2433,0
1260,softening-ubiquitous,2573,82.78433515,110.1343351,-0.08084484247,0.3489745505,-5972088.09,-4505750.193,-911740.2433,0
1260,softening-ubiquitous,2471,45.32498475,105.8551764,-0.07353488692,0.304861446,-5972088.09,-4505750.193,-911740.2433,0
1260,softening-ubiquitous,2575,47.98641038,110.4649009,-0.08033220339,0.3087775625,-5972088.09,-4505750.193,-911740.2433,0
1261,softening-ubiquitous,2471,45.32498475,105.8551764,-0.07353488692,0.304861446,-5667430.023,-4614011.025,-1002258.273,0
1261,softening-ubiquitous,2575,47.98641038,110.4649009,-0.08033220339,0.3087775625,-5667430.023,-4614011.025,-1002258.273,0
1261,softening-ubiquitous,2473,21.11799769,106.1634403,-0.07274366423,0.264889689,-5667430.023,-4614011.025,-1002258.273,0
1261,softening-ubiquitous,2577,22.32625102,110.6727032,-0.08123342679,0.2671716658,-5667430.023,-4614011.025,-1002258.273,0
1262,softening-ubiquitous,2473,21.11799769,106.1634403,-0.07274366423,0.264889689,-5526339.073,-4545856.196,-733386.9036,0
1262,softening-ubiquitous,2577,22.32625102,110.6727032,-0.08123342679,0.2671716658,-5526339.073,-4545856.196,-733386.9036,0
1262,softening-ubiquitous,2475,9.284539225,106.2685834,-0.07246995247,0.2404425611,-5526339.073,-4545856.196,-733386.9036,0
1262,softening-ubiquitous,2579,9.811009487,110.7435806,-0.08185098615,0.2416061423,-5526339.073,-4545856.196,-733386.9036,0
1263,softening-ubiquitous,2475,9.284539225,106.2685834,-0.07246995247,0.2404425611,-5592455.975,-4462861.701,-589178.0724,0
1263,softening-ubiquitous,2579,9.811009487,110.7435806,-0.08185098615,0.2416061423,-5592455.975,-4462861.701,-589178.0724,0
1263,softening-ubiquitous,2477,6.963404419,106.2685834,-0.07234688396,0.2352405636,-5592455.975,-4462861.701,-589178.0724,0
1263,softening-ubiquitous,2581,7.358257116,110.7435806,-0.08191034069,0.2361464626,-5592455.975,-4462861.701,-589178.0724,0
1264,softening-ubiquitous,2477,6.963404419,106.2685834,-0.07234688396,0.2352405636,-5617351.847,-4451711.854,-559441.8038,0
1264,softening-ubiquitous,2581,7.358257116,110.7435806,-0.08191034069,0.2361464626,-5617351.847,-4451711.854,-559441.8038,0
1264,softening-ubiquitous,2479,4.642269612,106.2685834,-0.07221773749,0.229923413,-5617351.847,-4451711.854,-559441.8038,0
1264,softening-ubiquitous,2583,4.905504744,110.7435806,-0.08195739584,0.2305577458,-5617351.847,-4451711.854,-559441.8038,0
1265,softening-ubiquitous,2479,4.642269612,106.2685834,-0.07221773749,0.229923413,-5644818.078,-4441199.689,-534425.1773,0
1265,softening-ubiquitous,2583,4.905504744,110.7435806,-0.08195739584,0.2305577458,-5644818.078,-4441199.689,-534425.1773,0
1265,softening-ubiquitous,2481,2.321134806,106.2685834,-0.07208058407,0.2244973935,-5644818.078,-4441199.689,-534425.1773,0
1265,softening-ubiquitous,2585,2.452752372,110.7435806,-0.08199261246,0.2248465198,-5644818.078,-4441199.689,-534425.1773,0
1266,softening-ubiquitous,2481,2.321134806,106.2685834,-0.07208058407,0.2244973935,-5678641.313,-4432196.88,-516727.6509,0
1266,softening-ubiquitous,2585,2.452752372,110.7435806,-0.08199261246,0.2248465198,-5678641.313,-4432196.88,-516727.6509,0
1266,softening-ubiquitous,2483,0,106.2685834,-0.07193449501,0.2189695463,-5678641.313,-4432196.88,-516727.6509,0
1266,softening-ubiquitous,2587,0,110.7435806,-0.08201332305,0.2190223538,-5678641.313,-4432196.88,-516727.6509,0
1267,softening-ubiquitous,2483,0,106.2685834,-0.07193449501,0.2189695463,-5718343.754,-4422574.8,-505984.2048,0
1267,softening-ubiquitous,2587,0,110.7435806,-0.08201332305,0.2190223538,-5718343.754,-4422574.8,-505984.2048,0
1267,softening-ubiquitous,2485,-2.321134806,106.2685834,-0.07177842007,0.2133474683,-5718343.754,-4422574.8,-505984.2048,0
1267,softening-ubiquitous,2589,-2.452752372,110.7435806,-0.08201677382,0.2130954158,-5718343.754,-4422574.8,-505984.2048,0
1268,softening-ubiquitous,2485,-2.321134806,106.2685834,-0.07177842007,0.2133474683,-5762898.691,-4412104.377,-500494.8998,0
1268,softening-ubiquitous,2589,-2.452752372,110.7435806,-0.08201677382,0.2130954158,-5762898.691,-4412104.377,-500494.8998,0
1268,softening-ubiquitous,2487,-4.642269612,106.2685834,-0.07161127448,0.2076389955,-5762898.691,-4412104.377,-500494.8998,0
1268,softening-ubiquitous,2591,-4.905504744,110.7435806,-0.08200077521,0.2070735983,-5762898.691,-4412104.377,-500494.8998,0
1269,softening-ubiquitous,2487,-4.642269612,106.2685834,-0.07161127448,0.2076389955,-5811046.958,-4402281.466,-499010.1599,0
1269,softening-ubiquitous,2591,-4.905504744,110.7435806,-0.08200077521,0.2070735983,-5811046.958,-4402281.466,-499010.1599,0
1269,softening-ubiquitous,2489,-6.963404419,106.2685834,-0.07143276354,0.2018516115,-5811046.958,-4402281.466,-499010.1599,0
1269,softening-ubiquitous,2593,-7.358257116,110.7435806,-0.08196364463,0.2009643649,-5811046.958,-4402281.466,-499010.1599,0
1270,softening-ubiquitous,2489,-6.963404419,106.2685834,-0.07143276354,0.2018516115,-5857620.871,-4392929.084,-501760.9937,0
1270,softening-ubiquitous,2593,-7.358257116,110.7435806,-0.08196364463,0.2009643649,-5857620.871,-4392929.084,-501760.9937,0
1270,softening-ubiquitous,2491,-9.284539225,106.2685834,-0.07124249695,0.1959926754,-5857620.871,-4392929.084,-501760.9937,0
1270,softening-ubiquitous,2595,-9.811009487,110.7435806,-0.08190670818,0.1947753417,-5857620.871,-4392929.084,-501760.9937,0
1271,softening-ubiquitous,2491,-9.284539225,106.2685834,-0.07124249695,0.1959926754,-5990668.564,-4367830.498,-556004.9319,0
1271,softening-ubiquitous,2595,-9.811009487,110.7435806,-0.08190670818,0.1947753417,-5990668.564,-4367830.498,-556004.9319,0
1271,softening-ubiquitous,2493,-21.11799769,106.1634403,-0.06985584614,0.1653611964,-5990668.564,-4367830.498,-556004.9319,0
1271,softening-ubiquitous,2597,-22.32625102,110.6727032,-0.08114361744,0.1624052416,-5990668.564,-4367830.498,-556004.9319,0
1272,softening-ubiquitous,2493,-21.11799769,106.1634403,-0.06985584614,0.1653611964,-6193196.153,-4339481.804,-800079.9704,0
1272,softening-ubiquitous,2597,-22.32625102,110.6727032,-0.08114361744,0.1624052416,-6193196.153,-4339481.804,-800079.9704,0
1272,softening-ubiquitous,2495,-45.32498475,105.8551764,-0.06627196974,0.1010628866,-6193196.153,-4339481.804,-800079.9704,0
1272,softening-ubiquitous,2599,-47.98641038,110.4649009,-0.07846323025,0.0941898436,-6193196.153,-4339481.804,-800079.9704,0
1273,softening-ubiquitous,2495,-45.32498475,105.8551764,-0.06627196974,0.1010628866,-5943503.591,-4451038.864,-1068051.649,0
1273,softening-ubiquitous,2599,-47.98641038,110.4649009,-0.07846323025,0.0941898436,-5943503.591,-4451038.864,-1068051.649,0
1273,softening-ubiquitous,2497,-78.01479941,105.3647994,-0.06264493204,0.01329312941,-5943503.591,-4451038.864,-1068051.649,0
1273,softening-ubiquitous,2601,-82.78433515,110.1343351,-0.07579053435,0.0003772779052,-5943503.591,-4451038.864,-1068051.649,0
1274,softening-ubiquitous,2497,-78.01479941,105.3647994,-0.06264493204,0.01329312941,-5639385.626,-4635529.187,-1198338.193,0
1274,softening-ubiquitous,2601,-82.78433515,110.1343351,-0.07579053435,0.0003772779052,-5639385.626,-4635529.187,-1198338.193,0
1274,softening-ubiquitous,2499,-84.39433348,85.17043115,-0.005139081281,-0.003538350974,-5639385.626,-4635529.187,-1198338.193,0
1274,softening-ubiquitous,2603,-89.48013902,88.65482941,-0.01524674405,-0.01761304521,-5639385.626,-4635529.187,-1198338.193,0
1275,softening-ubiquitous,2499,-84.39433348,85.17043115,-0.005139081281,-0.003538350974,-5677004.282,-5038056.651,-1467337.941,0
1275,softening-ubiquitous,2603,-89.48013902,88.65482941,-0.01524674405,-0.01761304521,-5677004.282,-5038056.651,-1467337.941,0
1275,softening-ubiquitous,2501,-84.52105996,76.14825672,0.02136506094,-0.003259998028,-5677004.282,-5038056.651,-1467337.941,0
1275,softening-ubiquitous,2605,-89.565566,79.06070364,0.01269847044,-0.01717596334,-5677004.282,-5038056.651,-1467337.941,0
1276,softening-ubiquitous,2501,-84.52105996,76.14825672,0.02136506094,-0.003259998028,-5666473.116,-5792780.758,-1867020.383,0
1276,softening-ubiquitous,2605,-89.565566,79.06070364,0.01269847044,-0.01717596334,-5666473.116,-5792780.758,-1867020.383,0
1276,softening-ubiquitous,2503,-84.82932386,50.07994882,0.09901146831,0.0001109086966,-5666473.116,-5792780.758,-1867020.383,0
1276,softening-ubiquitous,2607,-89.77336829,51.40470153,0.0946118337,-0.01283267856,-5666473.116,-5792780.758,-1867020.383,0
1277,softening-ubiquitous,2503,-84.82932386,50.07994882,0.09901146831,0.0001109086966,-5642306.628,-7131327.337,-2204301.207,0
1277,softening-ubiquitous,2607,-89.77336829,51.40470153,0.0946118337,-0.01283267856,-5642306.628,-7131327.337,-2204301.207,0
1277,softening-ubiquitous,2505,-84.90812266,38.51668887,0.1330737853,0.003587656585,-5642306.628,-7131327.337,-2204301.207,0
1277,softening-ubiquitous,2609,-89.82648697,39.16352739,0.1304703795,-0.00841764592,-5642306.628,-7131327.337,-2204301.207,0
1278,softening-ubiquitous,2505,-84.90812266,38.51668887,0.1330737853,0.003587656585,-5531647.003,-7977712.624,-2257919.338,0
1278,softening-ubiquitous,2609,-89.82648697,39.16352739,0.1304703795,-0.00841764592,-5531647.003,-7977712.624,-2257919.338,0
1278,softening-ubiquitous,2507,-84.93446693,27.35,0.1642160842,0.008211062921,-5531647.003,-7977712.624,-2257919.338,0
1278,softening-ubiquitous,2611,-89.84424578,27.35,0.163227449,-0.002529058172,-5531647.003,-7977712.624,-2257919.338,0
1279,softening-ubiquitous,2507,-84.93446693,27.35,0.1642160842,0.008211062921,-5343807.944,-9116623.965,-1947621.067,0
1279,softening-ubiquitous,2611,-89.84424578,27.35,0.163227449,-0.002529058172,-5343807.944,-9116623.965,-1947621.067,0
1279,softening-ubiquitous,2509,-84.93446693,1.494949038,0.2232303666,0.02278941486,-5343807.944,-9116623.965,-1947621.067,0
1279,softening-ubiquitous,2613,-89.84424578,0.0003545928948,0.2249808831,0.01592617609,-5343807.944,-9116623.965,-1947621.067,0
1280,softening-ubiquitous,2509,-84.93446693,1.494949038,0.2232303666,0.02278941486,-5005738.75,-9260578.291,-1180848.863,0
1280,softening-ubiquitous,2613,-89.84424578,0.0003545928948,0.2249808831,0.01592617609,-5005738.75,-9260578.291,-1180848.863,0
1280,softening-ubiquitous,2511,-84.93446693,-35.43489026,0.2634292311,0.04385309322,-5005738.75,-9260578.291,-1180848.863,0
1280,softening-ubiquitous,2615,-89.84424578,-39.0642758,0.2638707724,0.04485008701,-5005738.75,-9260578.291,-1180848.863,0
1281,softening-ubiquitous,2511,-84.93446693,-35.43489026,0.2634292311,0.04385309322,-3925011.932,-4857499.517,1167361.08,80
1281,softening-ubiquitous,2615,-89.84424578,-39.0642758,0.2638707724,0.04485008701,-3925011.932,-4857499.517,1167361.08,80
1281,softening-ubiquitous,2513,-84.93446693,-72.36472956,0.2279348643,0.06041270695,-3925011.932,-4857499.517,1167361.08,80
1281,softening-ubiquitous,2617,-89.84424578,-78.1289062,0.2104832134,0.0683342969,-3925011.932,-4857499.517,1167361.08,80
1282,softening-ubiquitous,2513,-84.93446693,-72.36472956,0.2279348643,0.06041270695,-7307308.648,-3409908.205,4605.619836,80
1282,softening-ubiquitous,2617,-89.84424578,-78.1289062,0.2104832134,0.0683342969,-7307308.648,-3409908.205,4605.619836,80
1282,softening-ubiquitous,2515,-78.04989429,-98.2185064,0.07138838019,-0.03986618953,-7307308.648,-3409908.205,4605.619836,80
1282,softening-ubiquitous,2619,-82.46210938,-105.3169819,0.04051821028,-0.02983650001,-7307308.648,-3409908.205,4605.619836,80
1283,softening-ubiquitous,2515,-78.04989429,-98.2185064,0.07138838019,-0.03986618953,-10589242.49,-3793299.683,-2109449.586,80
1283,softening-ubiquitous,2619,-82.46210938,-105.3169819,0.04051821028,-0.02983650001,-10589242.49,-3793299.683,-2109449.586,80
1283,softening-ubiquitous,2517,-62.10045077,-99.5601859,0.03448365065,-0.1164783669,-10589242.49,-3793299.683,-2109449.586,80
1283,softening-ubiquitous,2621,-65.3599632,-106.221415,0.01977493938,-0.1068067161,-10589242.49,-3793299.683,-2109449.586,80
1284,softening-ubiquitous,2517,-62.10045077,-99.5601859,0.03448365065,-0.1164783669,-9490366.494,-5153401.281,-2730750.077,0
1284,softening-ubiquitous,2621,-65.3599632,-106.221415,0.01977493938,-0.1068067161,-9490366.494,-5153401.281,-2730750.077,0
1284,softening-ubiquitous,2519,-51.74719253,-100.9018654,0.02476222892,-0.1450189976,-9490366.494,-5153401.281,-2730750.077,0
1284,softening-ubiquitous,2623,-54.25845138,-107.1258481,0.01415773783,-0.1397596214,-9490366.494,-5153401.281,-2730750.077,0
1285,softening-ubiquitous,2519,-51.74719253,-100.9018654,0.02476222892,-0.1450189976,-7713312.587,-4749796.827,-2174743.205,0
1285,softening-ubiquitous,2623,-54.25845138,-107.1258481,0.01415773783,-0.1397596214,-7713312.587,-4749796.827,-2174743.205,0
1285,softening-ubiquitous,2521,-44.48440714,-102.2435449,0.01933579392,-0.1596986701,-7713312.587,-4749796.827,-2174743.205,0
1285,softening-ubiquitous,2625,-46.47076792,-108.0302812,0.01181658431,-0.1565359614,-7713312.587,-4749796.827,-2174743.205,0
1286,softening-ubiquitous,2521,-44.48440714,-102.2435449,0.01933579392,-0.1596986701,-6385130.685,-4394302.937,-1750664.319,0
1286,softening-ubiquitous,2625,-46.47076792,-108.0302812,0.01181658431,-0.1565359614,-6385130.685,-4394302.937,-1750664.319,0
1286,softening-ubiquitous,2523,-39.10803189,-103.5852244,0.01620688924,-0.1673293766,-6385130.685,-4394302.937,-1750664.319,0
1286,softening-ubiquitous,2627,-40.70582977,-108.9347144,0.01093288689,-0.165710324,-6385130.685,-4394302.937,-1750664.319,0
1287,softening-ubiquitous,2523,-39.10803189,-103.5852244,0.01620688924,-0.1673293766,-5445373.908,-4216008.252,-1238416.82,0
1287,softening-ubiquitous,2627,-40.70582977,-108.9347144,0.01093288689,-0.165710324,-5445373.908,-4216008.252,-1238416.82,0
1287,softening-ubiquitous,2525,-34.96758896,-104.9269039,0.01443557808,-0.1713780564,-5445373.908,-4216008.252,-1238416.82,0
1287,softening-ubiquitous,2629,-36.26614759,-109.8391475,0.01065511733,-0.17034854,-5445373.908,-4216008.252,-1238416.82,0
1288,softening-ubiquitous,2525,-34.96758896,-104.9269039,0.01443557808,-0.1713780564,-4467380.201,-4433962.404,-915506.1966,0
1288,softening-ubiquitous,2629,-36.26614759,-109.8391475,0.01065511733,-0.17034854,-4467380.201,-4433962.404,-915506.1966,0
1288,softening-ubiquitous,2423,-31.68083568,-106.2685834,0.0135423883,-0.1734841142,-4467380.201,-4433962.404,-915506.1966,0
1288,softening-ubiquitous,2527,-32.74185315,-110.7435806,0.01101498308,-0.1724846613,-4467380.201,-4433962.404,-915506.1966,0
1289,softening-ubiquitous,2527,-32.74185315,-110.7435806,0.01101498308,-0.1724846613,-2217153.618,-4719594.921,-1138874.99,0
1289,softening-ubiquitous,2631,-33.82726715,-115.3214738,0.008326568796,-0.1707744764,-2217153.618,-4719594.921,-1138874.99,0
1289,softening-ubiquitous,2529,-24.55638986,-110.7435806,0.01373826503,-0.1751931123,-2217153.618,-4719594.921,-1138874.99,0
1289,softening-ubiquitous,2633,-25.37045036,-115.3214738,0.01295934646,-0.1742504179,-2217153.618,-4719594.921,-1138874.99,0
1290,softening-ubiquitous,2529,-24.55638986,-110.7435806,0.01373826503,-0.1751931123,-2266922.7,-4538351.482,-907813.1433,0
1290,softening-ubiquitous,2633,-25.37045036,-115.3214738,0.01295934646,-0.1742504179,-2266922.7,-4538351.482,-907813.1433,0
1290,softening-ubiquitous,2531,-16.37092658,-110.7435806,0.01632172796,-0.1741747435,-2266922.7,-4538351.482,-907813.1433,0
1290,softening-ubiquitous,2635,-16.91363357,-115.3214738,0.01746234414,-0.1735518774,-2266922.7,-4538351.482,-907813.1433,0
1291,softening-ubiquitous,2531,-16.37092658,-110.7435806,0.01632172796,-0.1741747435,-2232232.283,-4489276.768,-743837.81,0
1291,softening-ubiquitous,2635,-16.91363357,-115.3214738,0.01746234414,-0.1735518774,-2232232.283,-4489276.768,-743837.81,0
1291,softening-ubiquitous,2533,-8.185463288,-110.7435806,0.01893096965,-0.1695335725,-2232232.283,-4489276.768,-743837.81,0
1291,softening-ubiquitous,2637,-8.456816786,-115.3214738,0.02197147643,-0.1689450663,-2232232.283,-4489276.768,-743837.81,0
1292,softening-ubiquitous,2533,-8.185463288,-110.7435806,0.01893096965,-0.1695335725,-2334438.798,-4475790.278,-663722.8054,0
1292,softening-ubiquitous,2637,-8.456816786,-115.3214738,0.02197147643,-0.1689450663,-2334438.798,-4475790.278,-663722.8054,0
1292,softening-ubiquitous,2535,0,-110.7435806,0.02152353189,-0.1616887965,-2334438.798,-4475790.278,-663722.8054,0
1292,softening-ubiquitous,2639,0,-115.3214738,0.02626274614,-0.1609382166,-2334438.798,-4475790.278,-663722.8054,0
1293,softening-ubiquitous,2535,0,-110.7435806,0.02152353189,-0.1616887965,-2509716.311,-4457387.671,-601476.1633,0
1293,softening-ubiquitous,2639,0,-115.3214738,0.02626274614,-0.1609382166,-2509716.311,-4457387.671,-601476.1633,0
1293,softening-ubiquitous,2537,8.185463288,-110.7435806,0.02401556328,-0.1510323794,-2509716.311,-4457387.671,-601476.1633,0
1293,softening-ubiquitous,2641,8.456816786,-115.3214738,0.03025648512,-0.1499401579,-2509716.311,-4457387.671,-601476.1633,0
1294,softening-ubiquitous,2537,8.185463288,-110.7435806,0.02401556328,-0.1510323794,-2749394.249,-4445224.687,-562554.3386,0
1294,softening-ubiquitous,2641,8.456816786,-115.3214738,0.03025648512,-0.1499401579,-2749394.249,-4445224.687,-562554.3386,0
1294,softening-ubiquitous,2539,16.37092658,-110.7435806,0.02634361742,-0.1379491405,-2749394.249,-4445224.687,-562554.3386,0
1294,softening-ubiquitous,2643,16.91363357,-115.3214738,0.03388149919,-0.1363801853,-2749394.249,-4445224.687,-562554.3386,0
1295,softening-ubiquitous,2539,16.37092658,-110.7435806,0.02634361742,-0.1379491405,-3029563.477,-4435249.01,-543175.0469,0
1295,softening-ubiquitous,2643,16.91363357,-115.3214738,0.03388149919,-0.1363801853,-3029563.477,-4435249.01,-543175.0469,0
1295,softening-ubiquitous,2541,24.55638986,-110.7435806,0.02846328223,-0.1228179198,-3029563.477,-4435249.01,-543175.0469,0
1295,softening-ubiquitous,2645,25.37045036,-115.3214738,0.03709594503,-0.1206630932,-3029563.477,-4435249.01,-543175.0469,0
1296,softening-ubiquitous,2541,24.55638986,-110.7435806,0.02846328223,-0.1228179198,-3322210.383,-4426674.121,-546112.9529,0
1296,softening-ubiquitous,2645,25.37045036,-115.3214738,0.03709594503,-0.1206630932,-3322210.383,-4426674.121,-546112.9529,0
1296,softening-ubiquitous,2543,32.74185315,-110.7435806,0.03035027405,-0.1059974986,-3322210.383,-4426674.121,-546112.9529,0
1296,softening-ubiquitous,2647,33.82726715,-115.3214738,0.03989823004,-0.1031819222,-3322210.383,-4426674.121,-546112.9529,0
1297,softening-ubiquitous,2543,32.74185315,-110.7435806,0.03035027405,-0.1059974986,-3594507.61,-4400775.623,-538193.6236,0
1297,softening-ubiquitous,2647,33.82726715,-115.3214738,0.03989823004,-0.1031819222,-3594507.61,-4400775.623,-538193.6236,0
1297,softening-ubiquitous,2545,36.26614759,-109.8391475,0.02921347931,-0.09836310103,-3594507.61,-4400775.623,-538193.6236,0
1297,softening-ubiquitous,2649,37.59456464,-114.8643409,0.0400177576,-0.09494660808,-3594507.61,-4400775.623,-538193.6236,0
1298,softening-ubiquitous,2545,36.26614759,-109.8391475,0.02921347931,-0.09836310103,-3820000.878,-4397234.079,-517321.5041,0
1298,softening-ubiquitous,2649,37.59456464,-114.8643409,0.0400177576,-0.09494660808,-3820000.878,-4397234.079,-517321.5041,0
1298,softening-ubiquitous,2547,40.70582977,-108.9347144,0.02805966131,-0.0883745447,-3820000.878,-4397234.079,-517321.5041,0
1298,softening-ubiquitous,2651,42.34036664,-114.4072079,0.04024755705,-0.08416294307,-3820000.878,-4397234.079,-517321.5041,0
1299,softening-ubiquitous,2547,40.70582977,-108.9347144,0.02805966131,-0.0883745447,-4073393.204,-4408774.853,-515046.5817,0
1299,softening-ubiquitous,2651,42.34036664,-114.4072079,0.04024755705,-0.08416294307,-4073393.204,-4408774.853,-515046.5817,0
1299,softening-ubiquitous,2549,46.47076792,-108.0302812,0.02688797078,-0.07488539673,-4073393.204,-4408774.853,-515046.5817,0
1299,softening-ubiquitous,2653,48.50280212,-113.950075,0.04058284047,-0.06962011568,-4073393.204,-4408774.853,-515046.5817,0
1300,softening-ubiquitous,2549,46.47076792,-108.0302812,0.02688797078,-0.07488539673,-4348515.524,-4417730.969,-523894.0702,0
1300,softening-ubiquitous,2653,48.50280212,-113.950075,0.04058284047,-0.06962011568,-4348515.524,-4417730.969,-523894.0702,0
1300,softening-ubiquitous,2551,54.25845138,-107.1258481,0.02569274781,-0.05593468464,-4348515.524,-4417730.969,-523894.0702,0
1300,softening-ubiquitous,2655,56.82745289,-113.4929421,0.04100696017,-0.04920864956,-4348515.524,-4417730.969,-523894.0702,0
1301,softening-ubiquitous,2551,54.25845138,-107.1258481,0.02569274781,-0.05593468464,-4641683.315,-4428472.81,-544820.8949,0
1301,softening-ubiquitous,2655,56.82745289,-113.4929421,0.04100696017,-0.04920864956,-4641683.315,-4428472.81,-544820.8949,0
1301,softening-ubiquitous,2553,65.3599632,-106.221415,0.02448323366,-0.02790679653,-4641683.315,-4428472.81,-544820.8949,0
1301,softening-ubiquitous,2657,68.69442327,-113.0358091,0.04145658094,-0.01907513134,-4641683.315,-4428472.81,-544820.8949,0
1302,softening-ubiquitous,2553,65.3599632,-106.221415,0.02448323366,-0.02790679653,-4926684.013,-4406603.017,-606888.5424,0
1302,softening-ubiquitous,2657,68.69442327,-113.0358091,0.04145658094,-0.01907513134,-4926684.013,-4406603.017,-606888.5424,0
1302,softening-ubiquitous,2555,82.46210938,-105.3169819,0.023331639,0.01631813576,-4926684.013,-4406603.017,-606888.5424,0
1302,softening-ubiquitous,2659,86.97577679,-112.5786762,0.04174291745,0.02815898003,-4926684.013,-4406603.017,-606888.5424,0
1303,softening-ubiquitous,2555,82.46210938,-105.3169819,0.023331639,0.01631813576,-5244076.926,-4222025.108,-708336.5634,0
1303,softening-ubiquitous,2659,86.97577679,-112.5786762,0.04174291745,0.02815898003,-5244076.926,-4222025.108,-708336.5634,0
1303,softening-ubiquitous,2557,89.84424578,-78.1289062,-0.04719820239,0.03627155916,-5244076.926,-4222025.108,-708336.5634,0
1303,softening-ubiquitous,2661,94.8669177,-84.02562152,-0.03143168899,0.04958603566,-5244076.926,-4222025.108,-708336.5634,0
1304,softening-ubiquitous,2557,89.84424578,-78.1289062,-0.04719820239,0.03627155916,-5768139.17,-4700392.751,-1197745.833,0
1304,softening-ubiquitous,2661,94.8669177,-84.02562152,-0.03143168899,0.04958603566,-5768139.17,-4700392.751,-1197745.833,0
1304,softening-ubiquitous,2559,89.84424578,-39.0642758,-0.1575846767,0.03509830167,-5768139.17,-4700392.751,-1197745.833,0
1304,softening-ubiquitous,2663,94.8669177,-42.77711367,-0.1466006901,0.04912355425,-5768139.17,-4700392.751,-1197745.833,0
1305,softening-ubiquitous,2559,89.84424578,-39.0642758,-0.1575846767,0.03509830167,-5527424.429,-6642712.439,-1570121.622,0
1305,softening-ubiquitous,2663,94.8669177,-42.77711367,-0.1466006901,0.04912355425,-5527424.429,-6642712.439,-1570121.622,0
1305,softening-ubiquitous,2561,89.84424578,0.0003545928948,-0.2687301723,0.02378001096,-5527424.429,-6642712.439,-1570121.622,0
1305,softening-ubiquitous,2665,94.8669177,-1.528605829,-0.2636959106,0.03736225917,-5527424.429,-6642712.439,-1570121.622,0
1306,softening-ubiquitous,2561,89.84424578,0.0003545928948,-0.2687301723,0.02378001096,-5291781.893,-8145423.17,-1121741.936,0
1306,softening-ubiquitous,2665,94.8669177,-1.528605829,-0.2636959106,0.03736225917,-5291781.893,-8145423.17,-1121741.936,0
1306,softening-ubiquitous,2563,89.84424578,27.35,-0.3364712025,0.01095216308,-5291781.893,-8145423.17,-1121741.936,0
1306,softening-ubiquitous,2667,94.8669177,27.35,-0.3354735432,0.02226814404,-5291781.893,-8145423.17,-1121741.936,0
1307,softening-ubiquitous,2563,89.84424578,27.35,-0.3364712025,0.01095216308,-5484568.356,-8309019.128,-787528.6195,0
1307,softening-ubiquitous,2667,94.8669177,27.35,-0.3354735432,0.02226814404,-5484568.356,-8309019.128,-787528.6195,0
1307,softening-ubiquitous,2565,89.82648697,39.16352739,-0.3610722923,0.005565913389,-5484568.356,-8309019.128,-787528.6195,0
1307,softening-ubiquitous,2669,94.85794176,39.825239,-0.3613711935,0.01526657856,-5484568.356,-8309019.128,-787528.6195,0
1308,softening-ubiquitous,2565,89.82648697,39.16352739,-0.3610722923,0.005565913389,-5322780.229,-8017084.118,-594640.1888,0
1308,softening-ubiquitous,2669,94.85794176,39.825239,-0.3613711935,0.01526657856,-5322780.229,-8017084.118,-594640.1888,0
1308,softening-ubiquitous,2567,89.77336829,51.40470153,-0.3825372002,0.0003193456435,-5322780.229,-8017084.118,-594640.1888,0
1308,softening-ubiquitous,2671,94.83109367,52.75991497,-0.3835995868,0.008327712542,-5322780.229,-8017084.118,-594640.1888,0
1309,softening-ubiquitous,2567,89.77336829,51.40470153,-0.3825372002,0.0003193456435,-5661578.771,-6480506.416,-442262.827,0
1309,softening-ubiquitous,2671,94.83109367,52.75991497,-0.3835995868,0.008327712542,-5661578.771,-6480506.416,-442262.827,0
1309,softening-ubiquitous,2569,89.565566,79.06070364,-0.4171775706,-0.006022412405,-5661578.771,-6480506.416,-442262.827,0
1309,softening-ubiquitous,2673,94.72606294,82.04011794,-0.4207019704,-0.0005236025391,-5661578.771,-6480506.416,-442262.827,0
1310,softening-ubiquitous,2569,89.565566,79.06070364,-0.4171775706,-0.006022412405,-2549637.275,-2549637.275,2549637.724,240
1310,softening-ubiquitous,2673,94.72606294,82.04011794,-0.4207019704,-0.0005236025391,-2549637.275,-2549637.275,2549637.724,240
1310,softening-ubiquitous,2571,89.48013902,88.65482941,-0.06323991334,0.3528145639,-2549637.275,-2549637.275,2549637.724,240
1310,softening-ubiquitous,2675,94.68288509,92.21934622,-0.06825503432,0.35573056,-2549637.275,-2549637.275,2549637.724,240
1311,softening-ubiquitous,2571,89.48013902,88.65482941,-0.06323991334,0.3528145639,-7065816.895,-4427300.036,-1304262.991,0
1311,softening-ubiquitous,2675,94.68288509,92.21934622,-0.06825503432,0.35573056,-7065816.895,-4427300.036,-1304262.991,0
1311,softening-ubiquitous,2573,82.78433515,110.1343351,-0.08084484247,0.3489745505,-7065816.895,-4427300.036,-1304262.991,0
1311,softening-ubiquitous,2677,87.66353927,115.0135393,-0.08502743825,0.3537844026,-7065816.895,-4427300.036,-1304262.991,0
1312,softening-ubiquitous,2573,82.78433515,110.1343351,-0.08084484247,0.3489745505,-5424888.112,-4484226.725,-859162.6926,0
1312,softening-ubiquitous,2677,87.66353927,115.0135393,-0.08502743825,0.3537844026,-5424888.112,-4484226.725,-859162.6926,0
1312,softening-ubiquitous,2575,47.98641038,110.4649009,-0.08033220339,0.3087775625,-5424888.112,-4484226.725,-859162.6926,0
1312,softening-ubiquitous,2679,50.70903154,115.180619,-0.08679354541,0.3124997032,-5424888.112,-4484226.725,-859162.6926,0
1313,softening-ubiquitous,2575,47.98641038,110.4649009,-0.08033220339,0.3087775625,-5092144.703,-4624639.909,-940712.2276,0
1313,softening-ubiquitous,2679,50.70903154,115.180619,-0.08679354541,0.3124997032,-5092144.703,-4624639.909,-940712.2276,0
1313,softening-ubiquitous,2577,22.32625102,110.6727032,-0.08123342679,0.2671716658,-5092144.703,-4624639.909,-940712.2276,0
1313,softening-ubiquitous,2681,23.56228634,115.2856498,-0.08960659157,0.2693663457,-5092144.703,-4624639.909,-940712.2276,0
1314,softening-ubiquitous,2577,22.32625102,110.6727032,-0.08123342679,0.2671716658,-4840309.287,-4474522.584,-732587.3373,0
1314,softening-ubiquitous,2681,23.56228634,115.2856498,-0.08960659157,0.2693663457,-4840309.287,-4474522.584,-732587.3373,0
1314,softening-ubiquitous,2579,9.811009487,110.7435806,-0.08185098615,0.2416061423,-4840309.287,-4474522.584,-732587.3373,0
1314,softening-ubiquitous,2683,10.34958515,115.3214738,-0.0914035684,0.242646323,-4840309.287,-4474522.584,-732587.3373,0
1315,softening-ubiquitous,2579,9.811009487,110.7435806,-0.08185098615,0.2416061423,-4939091.54,-4423316.229,-646334.11,0
1315,softening-ubiquitous,2683,10.34958515,115.3214738,-0.0914035684,0.242646323,-4939091.54,-4423316.229,-646334.11,0
1315,softening-ubiquitous,2581,7.358257116,110.7435806,-0.08191034069,0.2361464626,-4939091.54,-4423316.229,-646334.11,0
1315,softening-ubiquitous,2685,7.762188863,115.3214738,-0.09169716766,0.2369350443,-4939091.54,-4423316.229,-646334.11,0
1316,softening-ubiquitous,2581,7.358257116,110.7435806,-0.08191034069,0.2361464626,-4972622.815,-4413018.346,-625159.9022,0
1316,softening-ubiquitous,2685,7.762188863,115.3214738,-0.09169716766,0.2369350443,-4972622.815,-4413018.346,-625159.9022,0
1316,softening-ubiquitous,2583,4.905504744,110.7435806,-0.08195739584,0.2305577458,-4972622.815,-4413018.346,-625159.9022,0
1316,softening-ubiquitous,2687,5.174792575,115.3214738,-0.0919781891,0.2310679005,-4972622.815,-4413018.346,-625159.9022,0
1317,softening-ubiquitous,2583,4.905504744,110.7435806,-0.08195739584,0.2305577458,-5026497.735,-4415959.214,-616276.5466,0
1317,softening-ubiquitous,2687,5.174792575,115.3214738,-0.0919781891,0.2310679005,-5026497.735,-4415959.214,-616276.5466,0
1317,softening-ubiquitous,2585,2.452752372,110.7435806,-0.08199261246,0.2248465198,-5026497.735,-4415959.214,-616276.5466,0
1317,softening-ubiquitous,2689,2.587396288,115.3214738,-0.09223633878,0.225066461,-5026497.735,-4415959.214,-616276.5466,0
1318,softening-ubiquitous,2585,2.452752372,110.7435806,-0.08199261246,0.2248465198,-5092783.163,-4417761.271,-612878.2132,0
1318,softening-ubiquitous,2689,2.587396288,115.3214738,-0.09223633878,0.225066461,-5092783.163,-4417761.271,-612878.2132,0
1318,softening-ubiquitous,2587,0,110.7435806,-0.08201332305,0.2190223538,-5092783.163,-4417761.271,-612878.2132,0
1318,softening-ubiquitous,2691,0,115.3214738,-0.0924656982,0.2189432342,-5092783.163,-4417761.271,-612878.2132,0
1319,softening-ubiquitous,2587,0,110.7435806,-0.08201332305,0.2190223538,-5166680.116,-4416337.305,-613647.935,0
1319,softening-ubiquitous,2691,0,115.3214738,-0.0924656982,0.2189432342,-5166680.116,-4416337.305,-613647.935,0
1319,softening-ubiquitous,2589,-2.452752372,110.7435806,-0.08201677382,0.2130954158,-5166680.116,-4416337.305,-613647.935,0
1319,softening-ubiquitous,2693,-2.587396288,115.3214738,-0.09266326584,0.2127091966,-5166680.116,-4416337.305,-613647.935,0
1320,softening-ubiquitous,2589,-2.452752372,110.7435806,-0.08201677382,0.2130954158,-5245336.089,-4411446.144,-616618.0308,0
1320,softening-ubiquitous,2693,-2.587396288,115.3214738,-0.09266326584,0.2127091966,-5245336.089,-4411446.144,-616618.0308,0
1320,softening-ubiquitous,2591,-4.905504744,110.7435806,-0.08200077521,0.2070735983,-5245336.089,-4411446.144,-616618.0308,0
1320,softening-ubiquitous,2695,-5.174792575,115.3214738,-0.09282701771,0.2063733212,-5245336.089,-4411446.144,-616618.0308,0
1321,softening-ubiquitous,2591,-4.905504744,110.7435806,-0.08200077521,0.2070735983,-5327873.847,-4403300.165,-621374.6745,0
1321,softening-ubiquitous,2695,-5.174792575,115.3214738,-0.09282701771,0.2063733212,-5327873.847,-4403300.165,-621374.6745,0
1321,softening-ubiquitous,2593,-7.358257116,110.7435806,-0.08196364463,0.2009643649,-5327873.847,-4403300.165,-621374.6745,0
1321,softening-ubiquitous,2697,-7.762188863,115.3214738,-0.09295537836,0.1999438359,-5327873.847,-4403300.165,-621374.6745,0
1322,softening-ubiquitous,2593,-7.358257116,110.7435806,-0.08196364463,0.2009643649,-5419742.525,-4400270.592,-622001.8485,0
1322,softening-ubiquitous,2697,-7.762188863,115.3214738,-0.09295537836,0.1999438359,-5419742.525,-4400270.592,-622001.8485,0
1322,softening-ubiquitous,2595,-9.811009487,110.7435806,-0.08190670818,0.1947753417,-5419742.525,-4400270.592,-622001.8485,0
1322,softening-ubiquitous,2699,-10.34958515,115.3214738,-0.09304209717,0.193421416,-5419742.525,-4400270.592,-622001.8485,0
1323,softening-ubiquitous,2595,-9.811009487,110.7435806,-0.08190670818,0.1947753417,-5653135.556,-4395277.272,-667409.1083,0
1323,softening-ubiquitous,2699,-10.34958515,115.3214738,-0.09304209717,0.193421416,-5653135.556,-4395277.272,-667409.1083,0
1323,softening-ubiquitous,2597,-22.32625102,110.6727032,-0.08114361744,0.1624052416,-5653135.556,-4395277.272,-667409.1083,0
1323,softening-ubiquitous,2701,-23.56228634,115.2856498,-0.09289838868,0.1592958911,-5653135.556,-4395277.272,-667409.1083,0
1324,softening-ubiquitous,2597,-22.32625102,110.6727032,-0.08114361744,0.1624052416,-6010959.111,-4407516.259,-840998.4564,0
1324,softening-ubiquitous,2701,-23.56228634,115.2856498,-0.09289838868,0.1592958911,-6010959.111,-4407516.259,-840998.4564,0
1324,softening-ubiquitous,2599,-47.98641038,110.4649009,-0.07846323025,0.0941898436,-6010959.111,-4407516.259,-840998.4564,0
1324,softening-ubiquitous,2703,-50.70903154,115.180619,-0.09100218542,0.08705951804,-6010959.111,-4407516.259,-840998.4564,0
1325,softening-ubiquitous,2599,-47.98641038,110.4649009,-0.07846323025,0.0941898436,-5824454.007,-4458351.825,-1004061.058,0
1325,softening-ubiquitous,2703,-50.70903154,115.180619,-0.09100218542,0.08705951804,-5824454.007,-4458351.825,-1004061.058,0
1325,softening-ubiquitous,2601,-82.78433515,110.1343351,-0.07579053435,0.0003772779052,-5824454.007,-4458351.825,-1004061.058,0
1325,softening-ubiquitous,2705,-87.66353927,115.0135393,-0.08916086282,-0.01288158772,-5824454.007,-4458351.825,-1004061.058,0
1326,softening-ubiquitous,2601,-82.78433515,110.1343351,-0.07579053435,0.0003772779052,-5541507.394,-4532585.259,-1036069.986,0
1326,softening-ubiquitous,2705,-87.66353927,115.0135393,-0.08916086282,-0.01288158772,-5541507.394,-4532585.259,-1036069.986,0
1326,softening-ubiquitous,2603,-89.48013902,88.65482941,-0.01524674405,-0.01761304521,-5541507.394,-4532585.259,-1036069.986,0
1326,softening-ubiquitous,2707,-94.68288509,92.21934622,-0.02552249717,-0.03224142565,-5541507.394,-4532585.259,-1036069.986,0
1327,softening-ubiquitous,2603,-89.48013902,88.65482941,-0.01524674405,-0.01761304521,-5523377.712,-4911126.654,-1207451.235,0
1327,softening-ubiquitous,2707,-94.68288509,92.21934622,-0.02552249717,-0.03224142565,-5523377.712,-4911126.654,-1207451.235,0
1327,softening-ubiquitous,2605,-89.565566,79.06070364,0.01269847044,-0.01717596334,-5523377.712,-4911126.654,-1207451.235,0
1327,softening-ubiquitous,2709,-94.72606294,82.04011794,0.003812891341,-0.03183036389,-5523377.712,-4911126.654,-1207451.235,0
1328,softening-ubiquitous,2605,-89.565566,79.06070364,0.01269847044,-0.01717596334,-5573315.859,-5839246.563,-1533343.564,0
1328,softening-ubiquitous,2709,-94.72606294,82.04011794,0.003812891341,-0.03183036389,-5573315.859,-5839246.563,-1533343.564,0
1328,softening-ubiquitous,2607,-89.77336829,51.40470153,0.0946118337,-0.01283267856,-5573315.859,-5839246.563,-1533343.564,0
1328,softening-ubiquitous,2711,-94.83109367,52.75991497,0.0900532871,-0.02678918789,-5573315.859,-5839246.563,-1533343.564,0
1329,softening-ubiquitous,2607,-89.77336829,51.40470153,0.0946118337,-0.01283267856,-5607701.598,-7512369.76,-1792652.644,0
1329,softening-ubiquitous,2711,-94.83109367,52.75991497,0.0900532871,-0.02678918789,-5607701.598,-7512369.76,-1792652.644,0
1329,softening-ubiquitous,2609,-89.82648697,39.16352739,0.1304703795,-0.00841764592,-5607701.598,-7512369.76,-1792652.644,0
1329,softening-ubiquitous,2713,-94.85794176,39.825239,0.1276534509,-0.0214200413,-5607701.598,-7512369.76,-1792652.644,0
1330,softening-ubiquitous,2609,-89.82648697,39.16352739,0.1304703795,-0.00841764592,-5521385.592,-8650413.932,-1899274.598,0
1330,softening-ubiquitous,2713,-94.85794176,39.825239,0.1276534509,-0.0214200413,-5521385.592,-8650413.932,-1899274.598,0
1330,softening-ubiquitous,2611,-89.84424578,27.35,0.163227449,-0.002529058172,-5521385.592,-8650413.932,-1899274.598,0
1330,softening-ubiquitous,2715,-94.8669177,27.35,0.1620065316,-0.01400454455,-5521385.592,-8650413.932,-1899274.598,0
1331,softening-ubiquitous,2611,-89.84424578,27.35,0.163227449,-0.002529058172,-5402105.737,-10079308.19,-1820788.305,0
1331,softening-ubiquitous,2715,-94.8669177,27.35,0.1620065316,-0.01400454455,-5402105.737,-10079308.19,-1820788.305,0
1331,softening-ubiquitous,2613,-89.84424578,0.0003545928948,0.2249808831,0.01592617609,-5402105.737,-10079308.19,-1820788.305,0
1331,softening-ubiquitous,2717,-94.8669177,-1.528605829,0.2265034577,0.009358400972,-5402105.737,-10079308.19,-1820788.305,0
1332,softening-ubiquitous,2613,-89.84424578,0.0003545928948,0.2249808831,0.01592617609,-4784103.85,-10619464.1,-1467808.256,0
1332,softening-ubiquitous,2717,-94.8669177,-1.528605829,0.2265034577,0.009358400972,-4784103.85,-10619464.1,-1467808.256,0
1332,softening-ubiquitous,2615,-89.84424578,-39.0642758,0.2638707724,0.04485008701,-4784103.85,-10619464.1,-1467808.256,0
1332,softening-ubiquitous,2719,-94.8669177,-42.77711367,0.2630372752,0.04849384683,-4784103.85,-10619464.1,-1467808.256,0
1333,softening-ubiquitous,2615,-89.84424578,-39.0642758,0.2638707724,0.04485008701,-4432646.414,-5934365.736,839493.3956,80
1333,softening-ubiquitous,2719,-94.8669177,-42.77711367,0.2630372752,0.04849384683,-4432646.414,-5934365.736,839493.3956,80
1333,softening-ubiquitous,2617,-89.84424578,-78.1289062,0.2104832134,0.0683342969,-4432646.414,-5934365.736,839493.3956,80
1333,softening-ubiquitous,2721,-94.8669177,-84.02562152,0.1895229367,0.08075861452,-4432646.414,-5934365.736,839493.3956,80
1334,softening-ubiquitous,2617,-89.84424578,-78.1289062,0.2104832134,0.0683342969,-8343296.956,-3550311.894,-637310.7949,80
1334,softening-ubiquitous,2721,-94.8669177,-84.02562152,0.1895229367,0.08075861452,-8343296.956,-3550311.894,-637310.7949,80
1334,softening-ubiquitous,2619,-82.46210938,-105.3169819,0.04051821028,-0.02983650001,-8343296.956,-3550311.894,-637310.7949,80
1334,softening-ubiquitous,2723,-86.97577679,-112.5786762,0.004019975452,-0.01211972209,-8343296.956,-3550311.894,-637310.7949,80
1335,softening-ubiquitous,2619,-82.46210938,-105.3169819,0.04051821028,-0.02983650001,-9103901.161,-3379161.671,-1145301.522,0
1335,softening-ubiquitous,2723,-86.97577679,-112.5786762,0.004019975452,-0.01211972209,-9103901.161,-3379161.671,-1145301.522,0
1335,softening-ubiquitous,2621,-65.3599632,-106.221415,0.01977493938,-0.1068067161,-9103901.161,-3379161.671,-1145301.522,0
1335,softening-ubiquitous,2725,-68.69442327,-113.0358091,-0.00123754729,-0.09444689589,-9103901.161,-3379161.671,-1145301.522,0
1336,softening-ubiquitous,2621,-65.3599632,-106.221415,0.01977493938,-0.1068067161,-6244456.114,-5148804.624,-1887517.394,0
1336,softening-ubiquitous,2725,-68.69442327,-113.0358091,-0.00123754729,-0.09444689589,-6244456.114,-5148804.624,-1887517.394,0
1336,softening-ubiquitous,2623,-54.25845138,-107.1258481,0.01415773783,-0.1397596214,-6244456.114,-5148804.624,-1887517.394,0
1336,softening-ubiquitous,2727,-56.82745289,-113.4929421,-0.0007973086524,-0.1330123968,-6244456.114,-5148804.624,-1887517.394,0
1337,softening-ubiquitous,2623,-54.25845138,-107.1258481,0.01415773783,-0.1397596214,-4593834.575,-4742151.442,-1360319.279,0
1337,softening-ubiquitous,2727,-56.82745289,-113.4929421,-0.0007973086524,-0.1330123968,-4593834.575,-4742151.442,-1360319.279,0
1337,softening-ubiquitous,2625,-46.47076792,-108.0302812,0.01181658431,-0.1565359614,-4593834.575,-4742151.442,-1360319.279,0
1337,softening-ubiquitous,2729,-48.50280212,-113.950075,0.0008719647531,-0.1519591604,-4593834.575,-4742151.442,-1360319.279,0
1338,softening-ubiquitous,2625,-46.47076792,-108.0302812,0.01181658431,-0.1565359614,-3292876.724,-4289897.744,-1252916.166,0
1338,softening-ubiquitous,2729,-48.50280212,-113.950075,0.0008719647531,-0.1519591604,-3292876.724,-4289897.744,-1252916.166,0
1338,softening-ubiquitous,2627,-40.70582977,-108.9347144,0.01093288689,-0.165710324,-3292876.724,-4289897.744,-1252916.166,0
1338,softening-ubiquitous,2731,-42.34036664,-114.4072079,0.002932761117,-0.1629267327,-3292876.724,-4289897.744,-1252916.166,0
1339,softening-ubiquitous,2627,-40.70582977,-108.9347144,0.01093288689,-0.165710324,-1787316.198,-3757670.988,-1025914.346,0
1339,softening-ubiquitous,2731,-42.34036664,-114.4072079,0.002932761117,-0.1629267327,-1787316.198,-3757670.988,-1025914.346,0
1339,softening-ubiquitous,2629,-36.26614759,-109.8391475,0.01065511733,-0.17034854,-1787316.198,-3757670.988,-1025914.346,0
1339,softening-ubiquitous,2733,-37.59456464,-114.8643409,0.005822239157,-0.1686042039,-1787316.198,-3757670.988,-1025914.346,0
1340,softening-ubiquitous,2629,-36.26614759,-109.8391475,0.01065511733,-0.17034854,-1508030.035,-4347068.013,-840120.4535,0
1340,softening-ubiquitous,2733,-37.59456464,-114.8643409,0.005822239157,-0.1686042039,-1508030.035,-4347068.013,-840120.4535,0
1340,softening-ubiquitous,2527,-32.74185315,-110.7435806,0.01101498308,-0.1724846613,-1508030.035,-4347068.013,-840120.4535,0
1340,softening-ubiquitous,2631,-33.82726715,-115.3214738,0.008326568796,-0.1707744764,-1508030.035,-4347068.013,-840120.4535,0
1341,softening-ubiquitous,2631,-33.82726715,-115.3214738,0.008326568796,-0.1707744764,-696808.7045,-5065183.383,-1178439.896,0
1341,softening-ubiquitous,2735,-34.93654114,-120,0.004670395379,-0.1677850764,-696808.7045,-5065183.383,-1178439.896,0
1341,softening-ubiquitous,2633,-25.37045036,-115.3214738,0.01295934646,-0.1742504179,-696808.7045,-5065183.383,-1178439.896,0
1341,softening-ubiquitous,2737,-26.20240586,-120,0.01151273541,-0.1730084616,-696808.7045,-5065183.383,-1178439.896,0
1342,softening-ubiquitous,2633,-25.37045036,-115.3214738,0.01295934646,-0.1742504179,-378088.8349,-4329055.775,-841738.8204,0
1342,softening-ubiquitous,2737,-26.20240586,-120,0.01151273541,-0.1730084616,-378088.8349,-4329055.775,-841738.8204,0
1342,softening-ubiquitous,2635,-16.91363357,-115.3214738,0.01746234414,-0.1735518774,-378088.8349,-4329055.775,-841738.8204,0
1342,softening-ubiquitous,2739,-17.46827057,-120,0.01844732884,-0.1724319789,-378088.8349,-4329055.775,-841738.8204,0
1343,softening-ubiquitous,2635,-16.91363357,-115.3214738,0.01746234414,-0.1735518774,-533400.5557,-4480582.209,-827971.6487,0
1343,softening-ubiquitous,2739,-17.46827057,-120,0.01844732884,-0.1724319789,-533400.5557,-4480582.209,-827971.6487,0
1343,softening-ubiquitous,2637,-8.456816786,-115.3214738,0.02197147643,-0.1689450663,-533400.5557,-4480582.209,-827971.6487,0
1343,softening-ubiquitous,2741,-8.734135286,-120,0.02510448481,-0.1679649137,-533400.5557,-4480582.209,-827971.6487,0
1344,softening-ubiquitous,2637,-8.456816786,-115.3214738,0.02197147643,-0.1689450663,-808422.6445,-4441392.82,-786416.2715,0
1344,softening-ubiquitous,2741,-8.734135286,-120,0.02510448481,-0.1679649137,-808422.6445,-4441392.82,-786416.2715,0
1344,softening-ubiquitous,2639,0,-115.3214738,0.02626274614,-0.1609382166,-808422.6445,-4441392.82,-786416.2715,0
1344,softening-ubiquitous,2743,0,-120,0.03132487724,-0.1598251515,-808422.6445,-4441392.82,-786416.2715,0
1345,softening-ubiquitous,2639,0,-115.3214738,0.02626274614,-0.1609382166,-1186709.572,-4442458.253,-766441.0445,0
1345,softening-ubiquitous,2743,0,-120,0.03132487724,-0.1598251515,-1186709.572,-4442458.253,-766441.0445,0
1345,softening-ubiquitous,2641,8.456816786,-115.3214738,0.03025648512,-0.1499401579,-1186709.572,-4442458.253,-766441.0445,0
1345,softening-ubiquitous,2745,8.734135286,-120,0.0369928887,-0.148527747,-1186709.572,-4442458.253,-766441.0445,0
1346,softening-ubiquitous,2641,8.456816786,-115.3214738,0.03025648512,-0.1499401579,-1625761.542,-4435462.349,-754605.5673,0
1346,softening-ubiquitous,2745,8.734135286,-120,0.0369928887,-0.148527747,-1625761.542,-4435462.349,-754605.5673,0
1346,softening-ubiquitous,2643,16.91363357,-115.3214738,0.03388149919,-0.1363801853,-1625761.542,-4435462.349,-754605.5673,0
1346,softening-ubiquitous,2747,17.46827057,-120,0.04203562451,-0.1345208658,-1625761.542,-4435462.349,-754605.5673,0
1347,softening-ubiquitous,2643,16.91363357,-115.3214738,0.03388149919,-0.1363801853,-2099164.012,-4429117.428,-750466.0624,0
1347,softening-ubiquitous,2747,17.46827057,-120,0.04203562451,-0.1345208658,-2099164.012,-4429117.428,-750466.0624,0
1347,softening-ubiquitous,2645,25.37045036,-115.3214738,0.03709594503,-0.1206630932,-2099164.012,-4429117.428,-750466.0624,0
1347,softening-ubiquitous,2749,26.20240586,-120,0.04641830117,-0.1182490883,-2099164.012,-4429117.428,-750466.0624,0
1348,softening-ubiquitous,2645,25.37045036,-115.3214738,0.03709594503,-0.1206630932,-2586682.47,-4436631.644,-743389.2016,0
1348,softening-ubiquitous,2749,26.20240586,-120,0.04641830117,-0.1182490883,-2586682.47,-4436631.644,-743389.2016,0
1348,softening-ubiquitous,2647,33.82726715,-115.3214738,0.03989823004,-0.1031819222,-2586682.47,-4436631.644,-743389.2016,0
1348,softening-ubiquitous,2751,34.93654114,-120,0.05012343118,-0.1001157341,-2586682.47,-4436631.644,-743389.2016,0
1349,softening-ubiquitous,2647,33.82726715,-115.3214738,0.03989823004,-0.1031819222,-2845922.973,-4396481.692,-735771.8443,0
1349,softening-ubiquitous,2751,34.93654114,-120,0.05012343118,-0.1001157341,-2845922.973,-4396481.692,-735771.8443,0
1349,softening-ubiquitous,2649,37.59456464,-114.8643409,0.0400177576,-0.09494660808,-2845922.973,-4396481.692,-735771.8443,0
1349,softening-ubiquitous,2753,38.95218349,-120,0.05168877855,-0.09122123475,-2845922.973,-4396481.692,-735771.8443,0
1350,softening-ubiquitous,2649,37.59456464,-114.8643409,0.0400177576,-0.09494660808,-3145783.158,-4421985.074,-752495.2707,0
1350,softening-ubiquitous,2753,38.95218349,-120,0.05168877855,-0.09122123475,-3145783.158,-4421985.074,-752495.2707,0
1350,softening-ubiquitous,2651,42.34036664,-114.4072079,0.04024755705,-0.08416294307,-3145783.158,-4421985.074,-752495.2707,0
1350,softening-ubiquitous,2755,44.01083455,-120,0.05342589181,-0.0796286679,-3145783.158,-4421985.074,-752495.2707,0
1351,softening-ubiquitous,2651,42.34036664,-114.4072079,0.04024755705,-0.08416294307,-3484237.781,-4427689.868,-758696.5339,0
1351,softening-ubiquitous,2755,44.01083455,-120,0.05342589181,-0.0796286679,-3484237.781,-4427689.868,-758696.5339,0
1351,softening-ubiquitous,2653,48.50280212,-113.950075,0.04058284047,-0.06962011568,-3484237.781,-4427689.868,-758696.5339,0
1351,softening-ubiquitous,2757,50.5795053,-120,0.05534974563,-0.06402377534,-3484237.781,-4427689.868,-758696.5339,0
1352,softening-ubiquitous,2653,48.50280212,-113.950075,0.04058284047,-0.06962011568,-3884194.818,-4428492.396,-757403.8149,0
1352,softening-ubiquitous,2757,50.5795053,-120,0.05534974563,-0.06402377534,-3884194.818,-4428492.396,-757403.8149,0
1352,softening-ubiquitous,2655,56.82745289,-113.4929421,0.04100696017,-0.04920864956,-3884194.818,-4428492.396,-757403.8149,0
1352,softening-ubiquitous,2759,59.45292722,-120,0.05740947671,-0.04216330155,-3884194.818,-4428492.396,-757403.8149,0
1353,softening-ubiquitous,2655,56.82745289,-113.4929421,0.04100696017,-0.04920864956,-4374793.52,-4423693.58,-744209.005,0
1353,softening-ubiquitous,2759,59.45292722,-120,0.05740947671,-0.04216330155,-4374793.52,-4423693.58,-744209.005,0
1353,softening-ubiquitous,2657,68.69442327,-113.0358091,0.04145658094,-0.01907513134,-4374793.52,-4423693.58,-744209.005,0
1353,softening-ubiquitous,2761,72.10218278,-120,0.05935294054,-0.009991219797,-4374793.52,-4423693.58,-744209.005,0
1354,softening-ubiquitous,2657,68.69442327,-113.0358091,0.04145658094,-0.01907513134,-4951121.449,-4381293.491,-718079.4058,0
1354,softening-ubiquitous,2761,72.10218278,-120,0.05935294054,-0.009991219797,-4951121.449,-4381293.491,-718079.4058,0
1354,softening-ubiquitous,2659,86.97577679,-112.5786762,0.04174291745,0.02815898003,-4951121.449,-4381293.491,-718079.4058,0
1354,softening-ubiquitous,2763,91.58866545,-120,0.06042182386,0.0400573903,-4951121.449,-4381293.491,-718079.4058,0
1355,softening-ubiquitous,2659,86.97577679,-112.5786762,0.04174291745,0.02815898003,-5095092.971,-4091874.246,-651834.5441,0
1355,softening-ubiquitous,2763,91.58866545,-120,0.06042182386,0.0400573903,-5095092.971,-4091874.246,-651834.5441,0
1355,softening-ubiquitous,2661,94.8669177,-84.02562152,-0.03143168899,0.04958603566,-5095092.971,-4091874.246,-651834.5441,0
1355,softening-ubiquitous,2765,100,-90.05196078,-0.01542457334,0.0632122038,-5095092.971,-4091874.246,-651834.5441,0
1356,softening-ubiquitous,2661,94.8669177,-84.02562152,-0.03143168899,0.04958603566,-5610480.428,-4463839.784,-941610.08,0
1356,softening-ubiquitous,2765,100,-90.05196078,-0.01542457334,0.0632122038,-5610480.428,-4463839.784,-941610.08,0
1356,softening-ubiquitous,2663,94.8669177,-42.77711367,-0.1466006901,0.04912355425,-5610480.428,-4463839.784,-941610.08,0
1356,softening-ubiquitous,2767,100,-46.57156863,-0.1355014844,0.06385756854,-5610480.428,-4463839.784,-941610.08,0
1357,softening-ubiquitous,2663,94.8669177,-42.77711367,-0.1466006901,0.04912355425,-5596770.619,-6633653.715,-1320358.444,0
1357,softening-ubiquitous,2767,100,-46.57156863,-0.1355014844,0.06385756854,-5596770.619,-6633653.715,-1320358.444,0
1357,softening-ubiquitous,2665,94.8669177,-1.528605829,-0.2636959106,0.03736225917,-5596770.619,-6633653.715,-1320358.444,0
1357,softening-ubiquitous,2769,100,-3.091176471,-0.2585628891,0.05168475749,-5596770.619,-6633653.715,-1320358.444,0
1358,softening-ubiquitous,2665,94.8669177,-1.528605829,-0.2636959106,0.03736225917,-5360158.657,-8590186.854,-974566.3666,0
1358,softening-ubiquitous,2769,100,-3.091176471,-0.2585628891,0.05168475749,-5360158.657,-8590186.854,-974566.3666,0
1358,softening-ubiquitous,2667,94.8669177,27.35,-0.3354735432,0.02226814404,-5360158.657,-8590186.854,-974566.3666,0
1358,softening-ubiquitous,2771,100,27.35,-0.3342817922,0.03408641312,-5360158.657,-8590186.854,-974566.3666,0
1359,softening-ubiquitous,2667,94.8669177,27.35,-0.3354735432,0.02226814404,-5604723.506,-9368684.131,-806428.3494,0
1359,softening-ubiquitous,2771,100,27.35,-0.3342817922,0.03408641312,-5604723.506,-9368684.131,-806428.3494,0
1359,softening-ubiquitous,2669,94.85794176,39.825239,-0.3613711935,0.01526657856,-5604723.506,-9368684.131,-806428.3494,0
1359,softening-ubiquitous,2773,100,40.50149661,-0.3614221376,0.02467018857,-5604723.506,-9368684.131,-806428.3494,0
1360,softening-ubiquitous,2669,94.85794176,39.825239,-0.3613711935,0.01526657856,-5246789.659,-8885497.181,-766597.5938,0
1360,softening-ubiquitous,2773,100,40.50149661,-0.3614221376,0.02467018857,-5246789.659,-8885497.181,-766597.5938,0
1360,softening-ubiquitous,2671,94.83109367,52.75991497,-0.3835995868,0.008327712542,-5246789.659,-8885497.181,-766597.5938,0
1360,softening-ubiquitous,2775,100,54.14491924,-0.3842787978,0.01572632233,-5246789.659,-8885497.181,-766597.5938,0
1361,softening-ubiquitous,2671,94.83109367,52.75991497,-0.3835995868,0.008327712542,-5946265.709,-7311534.07,-1103260.306,0
1361,softening-ubiquitous,2775,100,54.14491924,-0.3842787978,0.01572632233,-5946265.709,-7311534.07,-1103260.306,0
1361,softening-ubiquitous,2673,94.72606294,82.04011794,-0.4207019704,-0.0005236025391,-5946265.709,-7311534.07,-1103260.306,0
1361,softening-ubiquitous,2777,100,85.08502692,-0.4247623817,0.003222380856,-5946265.709,-7311534.07,-1103260.306,0
1362,softening-ubiquitous,2673,94.72606294,82.04011794,-0.4207019704,-0.0005236025391,-2439637.656,-2439637.656,2439637.721,240
1362,softening-ubiquitous,2777,100,85.08502692,-0.4247623817,0.003222380856,-2439637.656,-2439637.656,2439637.721,240
1362,softening-ubiquitous,2675,94.68288509,92.21934622,-0.06825503432,0.35573056,-2439637.656,-2439637.656,2439637.721,240
1362,softening-ubiquitous,2779,100,95.86221967,-0.07275546325,0.3571131488,-2439637.656,-2439637.656,2439637.721,240
1363,softening-ubiquitous,2675,94.68288509,92.21934622,-0.06825503432,0.35573056,-6579121.398,-3807842.014,-1637280.463,0
1363,softening-ubiquitous,2779,100,95.86221967,-0.07275546325,0.3571131488,-6579121.398,-3807842.014,-1637280.463,0
1363,softening-ubiquitous,2677,87.66353927,115.0135393,-0.08502743825,0.3537844026,-6579121.398,-3807842.014,-1637280.463,0
1363,softening-ubiquitous,2781,92.65,120,-0.08887132715,0.3586235203,-6579121.398,-3807842.014,-1637280.463,0
1364,softening-ubiquitous,2677,87.66353927,115.0135393,-0.08502743825,0.3537844026,-4883647.281,-4361766.069,-835156.357,0
1364,softening-ubiquitous,2781,92.65,120,-0.08887132715,0.3586235203,-4883647.281,-4361766.069,-835156.357,0
1364,softening-ubiquitous,2679,50.70903154,115.180619,-0.08679354541,0.3124997032,-4883647.281,-4361766.069,-835156.357,0
1364,softening-ubiquitous,2783,53.49150244,120,-0.09291682616,0.315996387,-4883647.281,-4361766.069,-835156.357,0
1365,softening-ubiquitous,2679,50.70903154,115.180619,-0.08679354541,0.3124997032,-4544491.637,-4656885.065,-863611.7264,0
1365,softening-ubiquitous,2783,53.49150244,120,-0.09291682616,0.315996387,-4544491.637,-4656885.065,-863611.7264,0
1365,softening-ubiquitous,2681,23.56228634,115.2856498,-0.08960659157,0.2693663457,-4544491.637,-4656885.065,-863611.7264,0
1365,softening-ubiquitous,2785,24.82549268,120,-0.0977538821,0.2714605262,-4544491.637,-4656885.065,-863611.7264,0
1366,softening-ubiquitous,2681,23.56228634,115.2856498,-0.08960659157,0.2693663457,-4052600.584,-4442520.309,-693023.889,0
1366,softening-ubiquitous,2785,24.82549268,120,-0.0977538821,0.2714605262,-4052600.584,-4442520.309,-693023.889,0
1366,softening-ubiquitous,2683,10.34958515,115.3214738,-0.0914035684,0.242646323,-4052600.584,-4442520.309,-693023.889,0
1366,softening-ubiquitous,2787,10.9,120,-0.1011023897,0.2434725091,-4052600.584,-4442520.309,-693023.889,0
1367,softening-ubiquitous,2683,10.34958515,115.3214738,-0.0914035684,0.242646323,-4055975.428,-4414887.706,-746307.0107,0
1367,softening-ubiquitous,2787,10.9,120,-0.1011023897,0.2434725091,-4055975.428,-4414887.706,-746307.0107,0
1367,softening-ubiquitous,2685,7.762188863,115.3214738,-0.09169716766,0.2369350443,-4055975.428,-4414887.706,-746307.0107,0
1367,softening-ubiquitous,2789,8.175,120,-0.1017922675,0.23752551,-4055975.428,-4414887.706,-746307.0107,0
1368,softening-ubiquitous,2685,7.762188863,115.3214738,-0.09169716766,0.2369350443,-4197077.277,-4418638.776,-765805.4092,0
1368,softening-ubiquitous,2789,8.175,120,-0.1017922675,0.23752551,-4197077.277,-4418638.776,-765805.4092,0
1368,softening-ubiquitous,2687,5.174792575,115.3214738,-0.0919781891,0.2310679005,-4197077.277,-4418638.776,-765805.4092,0
1368,softening-ubiquitous,2791,5.45,120,-0.1023976708,0.2313994049,-4197077.277,-4418638.776,-765805.4092,0
1369,softening-ubiquitous,2687,5.174792575,115.3214738,-0.0919781891,0.2310679005,-4331736.066,-4421535.972,-778827.5987,0
1369,softening-ubiquitous,2791,5.45,120,-0.1023976708,0.2313994049,-4331736.066,-4421535.972,-778827.5987,0
1369,softening-ubiquitous,2689,2.587396288,115.3214738,-0.09223633878,0.225066461,-4331736.066,-4421535.972,-778827.5987,0
1369,softening-ubiquitous,2793,2.725,120,-0.1029332877,0.2251216207,-4331736.066,-4421535.972,-778827.5987,0
1370,softening-ubiquitous,2689,2.587396288,115.3214738,-0.09223633878,0.225066461,-4462715.967,-4423703.498,-786103.6076,0
1370,softening-ubiquitous,2793,2.725,120,-0.1029332877,0.2251216207,-4462715.967,-4423703.498,-786103.6076,0
1370,softening-ubiquitous,2691,0,115.3214738,-0.0924656982,0.2189432342,-4462715.967,-4423703.498,-786103.6076,0
1370,softening-ubiquitous,2795,0,120,-0.103407079,0.2187082256,-4462715.967,-4423703.498,-786103.6076,0
1371,softening-ubiquitous,2691,0,115.3214738,-0.0924656982,0.2189432342,-4589290.016,-4423626.353,-791747.3584,0
1371,softening-ubiquitous,2795,0,120,-0.103407079,0.2187082256,-4589290.016,-4423626.353,-791747.3584,0
1371,softening-ubiquitous,2693,-2.587396288,115.3214738,-0.09266326584,0.2127091966,-4589290.016,-4423626.353,-791747.3584,0
1371,softening-ubiquitous,2797,-2.725,120,-0.1038248312,0.2121722646,-4589290.016,-4423626.353,-791747.3584,0
1372,softening-ubiquitous,2693,-2.587396288,115.3214738,-0.09266326584,0.2127091966,-4713085.757,-4422054.97,-797216.7846,0
1372,softening-ubiquitous,2797,-2.725,120,-0.1038248312,0.2121722646,-4713085.757,-4422054.97,-797216.7846,0
1372,softening-ubiquitous,2695,-5.174792575,115.3214738,-0.09282701771,0.2063733212,-4713085.757,-4422054.97,-797216.7846,0
1372,softening-ubiquitous,2799,-5.45,120,-0.1041898188,0.2055239039,-4713085.757,-4422054.97,-797216.7846,0
1373,softening-ubiquitous,2695,-5.174792575,115.3214738,-0.09282701771,0.2063733212,-4832172.225,-4417436.628,-805702.0962,0
1373,softening-ubiquitous,2799,-5.45,120,-0.1041898188,0.2055239039,-4832172.225,-4417436.628,-805702.0962,0
1373,softening-ubiquitous,2697,-7.762188863,115.3214738,-0.09295537836,0.1999438359,-4832172.225,-4417436.628,-805702.0962,0
1373,softening-ubiquitous,2801,-8.175,120,-0.1045061682,0.1987741752,-4832172.225,-4417436.628,-805702.0962,0
1374,softening-ubiquitous,2697,-7.762188863,115.3214738,-0.09295537836,0.1999438359,-4941530.859,-4391192.796,-824177.3281,0
1374,softening-ubiquitous,2801,-8.175,120,-0.1045061682,0.1987741752,-4941530.859,-4391192.796,-824177.3281,0
1374,softening-ubiquitous,2699,-10.34958515,115.3214738,-0.09304209717,0.193421416,-4941530.859,-4391192.796,-824177.3281,0
1374,softening-ubiquitous,2803,-10.9,120,-0.1047806302,0.1919447661,-4941530.859,-4391192.796,-824177.3281,0
1375,softening-ubiquitous,2699,-10.34958515,115.3214738,-0.09304209717,0.193421416,-5378635.77,-4411745.721,-835253.6474,0
1375,softening-ubiquitous,2803,-10.9,120,-0.1047806302,0.1919447661,-5378635.77,-4411745.721,-835253.6474,0
1375,softening-ubiquitous,2701,-23.56228634,115.2856498,-0.09289838868,0.1592958911,-5378635.77,-4411745.721,-835253.6474,0
1375,softening-ubiquitous,2805,-24.82549268,120,-0.1051558709,0.1560618503,-5378635.77,-4411745.721,-835253.6474,0
1376,softening-ubiquitous,2701,-23.56228634,115.2856498,-0.09289838868,0.1592958911,-5886190.921,-4452234.906,-891000.083,0
1376,softening-ubiquitous,2805,-24.82549268,120,-0.1051558709,0.1560618503,-5886190.921,-4452234.906,-891000.083,0
1376,softening-ubiquitous,2703,-50.70903154,115.180619,-0.09100218542,0.08705951804,-5886190.921,-4452234.906,-891000.083,0
1376,softening-ubiquitous,2807,-53.49150244,120,-0.1038515875,0.07969768626,-5886190.921,-4452234.906,-891000.083,0
1377,softening-ubiquitous,2703,-50.70903154,115.180619,-0.09100218542,0.08705951804,-5729413.417,-4439380.999,-952101.371,0
1377,softening-ubiquitous,2807,-53.49150244,120,-0.1038515875,0.07969768626,-5729413.417,-4439380.999,-952101.371,0
1377,softening-ubiquitous,2705,-87.66353927,115.0135393,-0.08916086282,-0.01288158772,-5729413.417,-4439380.999,-952101.371,0
1377,softening-ubiquitous,2809,-92.65,120,-0.1027627359,-0.02643927779,-5729413.417,-4439380.999,-952101.371,0
1378,softening-ubiquitous,2705,-87.66353927,115.0135393,-0.08916086282,-0.01288158772,-5530318.07,-4401515.521,-930990.3374,0
1378,softening-ubiquitous,2809,-92.65,120,-0.1027627359,-0.02643927779,-5530318.07,-4401515.521,-930990.3374,0
1378,softening-ubiquitous,2707,-94.68288509,92.21934622,-0.02552249717,-0.03224142565,-5530318.07,-4401515.521,-930990.3374,0
1378,softening-ubiquitous,2811,-100,95.86221967,-0.03582041984,-0.04719070307,-5530318.07,-4401515.521,-930990.3374,0
1379,softening-ubiquitous,2707,-94.68288509,92.21934622,-0.02552249717,-0.03224142565,-5345303.52,-4539310.532,-918680.1649,0
1379,softening-ubiquitous,2811,-100,95.86221967,-0.03582041984,-0.04719070307,-5345303.52,-4539310.532,-918680.1649,0
1379,softening-ubiquitous,2709,-94.72606294,82.04011794,0.003812891341,-0.03183036389,-5345303.52,-4539310.532,-918680.1649,0
1379,softening-ubiquitous,2813,-100,85.08502692,-0.005251181474,-0.04726633526,-5345303.52,-4539310.532,-918680.1649,0
1380,softening-ubiquitous,2709,-94.72606294,82.04011794,0.003812891341,-0.03183036389,-5521108.229,-5808745.164,-1160833.343,0
1380,softening-ubiquitous,2813,-100,85.08502692,-0.005251181474,-0.04726633526,-5521108.229,-5808745.164,-1160833.343,0
1380,softening-ubiquitous,2711,-94.83109367,52.75991497,0.0900532871,-0.02678918789,-5521108.229,-5808745.164,-1160833.343,0
1380,softening-ubiquitous,2815,-100,54.14491924,0.08539545608,-0.04185164046,-5521108.229,-5808745.164,-1160833.343,0
1381,softening-ubiquitous,2711,-94.83109367,52.75991497,0.0900532871,-0.02678918789,-5546610.865,-7783402.666,-1260911.448,0
1381,softening-ubiquitous,2815,-100,54.14491924,0.08539545608,-0.04185164046,-5546610.865,-7783402.666,-1260911.448,0
1381,softening-ubiquitous,2713,-94.85794176,39.825239,0.1276534509,-0.0214200413,-5546610.865,-7783402.666,-1260911.448,0
1381,softening-ubiquitous,2817,-100,40.50149661,0.1246002944,-0.03571758585,-5546610.865,-7783402.666,-1260911.448,0
1382,softening-ubiquitous,2713,-94.85794176,39.825239,0.1276534509,-0.0214200413,-5498002.49,-9453055.333,-1432852.487,0
1382,softening-ubiquitous,2817,-100,40.50149661,0.1246002944,-0.03571758585,-5498002.49,-9453055.333,-1432852.487,0
1382,softening-ubiquitous,2715,-94.8669177,27.35,0.1620065316,-0.01400454455,-5498002.49,-9453055.333,-1432852.487,0
1382,softening-ubiquitous,2819,-100,27.35,0.160476235,-0.02632799827,-5498002.49,-9453055.333,-1432852.487,0
1383,softening-ubiquitous,2715,-94.8669177,27.35,0.1620065316,-0.01400454455,-5353493.941,-11182981.71,-1664487.418,0
1383,softening-ubiquitous,2819,-100,27.35,0.160476235,-0.02632799827,-5353493.941,-11182981.71,-1664487.418,0
1383,softening-ubiquitous,2717,-94.8669177,-1.528605829,0.2265034577,0.009358400972,-5353493.941,-11182981.71,-1664487.418,0
1383,softening-ubiquitous,2821,-100,-3.091176471,0.2276306577,0.003146839285,-5353493.941,-11182981.71,-1664487.418,0
1384,softening-ubiquitous,2717,-94.8669177,-1.528605829,0.2265034577,0.009358400972,-4533103.882,-12250046.51,-1703929.297,0
1384,softening-ubiquitous,2821,-100,-3.091176471,0.2276306577,0.003146839285,-4533103.882,-12250046.51,-1703929.297,0
1384,softening-ubiquitous,2719,-94.8669177,-42.77711367,0.2630372752,0.04849384683,-4533103.882,-12250046.51,-1703929.297,0
1384,softening-ubiquitous,2823,-100,-46.57156863,0.2607558635,0.05502628975,-4533103.882,-12250046.51,-1703929.297,0
1385,softening-ubiquitous,2719,-94.8669177,-42.77711367,0.2630372752,0.04849384683,-5119777.942,-7908261.656,340603.8893,80
1385,softening-ubiquitous,2823,-100,-46.57156863,0.2607558635,0.05502628975,-5119777.942,-7908261.656,340603.8893,80
1385,softening-ubiquitous,2721,-94.8669177,-84.02562152,0.1895229367,0.08075861452,-5119777.942,-7908261.656,340603.8893,80
1385,softening-ubiquitous,2825,-100,-90.05196078,0.1655235131,0.09875059893,-5119777.942,-7908261.656,340603.8893,80
1386,softening-ubiquitous,2721,-94.8669177,-84.02562152,0.1895229367,0.08075861452,-8687545.825,-3803011.173,-461866.6533,80
1386,softening-ubiquitous,2825,-100,-90.05196078,0.1655235131,0.09875059893,-8687545.825,-3803011.173,-461866.6533,80
1386,softening-ubiquitous,2723,-86.97577679,-112.5786762,0.004019975452,-0.01211972209,-8687545.825,-3803011.173,-461866.6533,80
1386,softening-ubiquitous,2827,-91.58866545,-120,-0.04016680073,0.0101090248,-8687545.825,-3803011.173,-461866.6533,80
1387,softening-ubiquitous,2723,-86.97577679,-112.5786762,0.004019975452,-0.01211972209,-3604167.643,-3879559.137,-33436.90376,0
1387,softening-ubiquitous,2827,-91.58866545,-120,-0.04016680073,0.0101090248,-3604167.643,-3879559.137,-33436.90376,0
1387,softening-ubiquitous,2725,-68.69442327,-113.0358091,-0.00123754729,-0.09444689589,-3604167.643,-3879559.137,-33436.90376,0
1387,softening-ubiquitous,2829,-72.10218278,-120,-0.02899647555,-0.0797042464,-3604167.643,-3879559.137,-33436.90376,0
1388,softening-ubiquitous,2725,-68.69442327,-113.0358091,-0.00123754729,-0.09444689589,-2379328.309,-4884171.822,-1095645.587,0
1388,softening-ubiquitous,2829,-72.10218278,-120,-0.02899647555,-0.0797042464,-2379328.309,-4884171.822,-1095645.587,0
1388,softening-ubiquitous,2727,-56.82745289,-113.4929421,-0.0007973086524,-0.1330123968,-2379328.309,-4884171.822,-1095645.587,0
1388,softening-ubiquitous,2831,-59.45292722,-120,-0.02042492433,-0.1242408694,-2379328.309,-4884171.822,-1095645.587,0
1389,softening-ubiquitous,2727,-56.82745289,-113.4929421,-0.0007973086524,-0.1330123968,-1092133.518,-4616380.55,-717042.1558,0
1389,softening-ubiquitous,2831,-59.45292722,-120,-0.02042492433,-0.1242408694,-1092133.518,-4616380.55,-717042.1558,0
1389,softening-ubiquitous,2729,-48.50280212,-113.950075,0.0008719647531,-0.1519591604,-1092133.518,-4616380.55,-717042.1558,0
1389,softening-ubiquitous,2833,-50.5795053,-120,-0.01311346323,-0.1462079489,-1092133.518,-4616380.55,-717042.1558,0
1390,softening-ubiquitous,2729,-48.50280212,-113.950075,0.0008719647531,-0.1519591604,-808198.0836,-5083939.468,-617109.4835,0
1390,softening-ubiquitous,2833,-50.5795053,-120,-0.01311346323,-0.1462079489,-808198.0836,-5083939.468,-617109.4835,0
1390,softening-ubiquitous,2731,-42.34036664,-114.4072079,0.002932761117,-0.1629267327,-808198.0836,-5083939.468,-617109.4835,0
1390,softening-ubiquitous,2835,-44.01083455,-120,-0.007683734323,-0.1579219427,-808198.0836,-5083939.468,-617109.4835,0
1391,softening-ubiquitous,2731,-42.34036664,-114.4072079,0.002932761117,-0.1629267327,-1194891.347,-3284256.546,-527745.516,80
1391,softening-ubiquitous,2835,-44.01083455,-120,-0.007683734323,-0.1579219427,-1194891.347,-3284256.546,-527745.516,80
1391,softening-ubiquitous,2733,-37.59456464,-114.8643409,0.005822239157,-0.1686042039,-1194891.347,-3284256.546,-527745.516,80
1391,softening-ubiquitous,2837,-38.95218349,-120,-0.0004856748594,-0.1630156383,-1194891.347,-3284256.546,-527745.516,80
1392,softening-ubiquitous,2733,-37.59456464,-114.8643409,0.005822239157,-0.1686042039,-1267703.56,-3616178.756,-1377556.478,64
1392,softening-ubiquitous,2837,-38.95218349,-120,-0.0004856748594,-0.1630156383,-1267703.56,-3616178.756,-1377556.478,64
1392,softening-ubiquitous,2631,-33.82726715,-115.3214738,0.008326568796,-0.1707744764,-1267703.56,-3616178.756,-1377556.478,64
1392,softening-ubiquitous,2735,-34.93654114,-120,0.004670395379,-0.1677850764,-1267703.56,-3616178.756,-1377556.478,64
