task_id,strategy,repetition,new_observation_count,fit_observation_count,committee_model_count,bic_weight_entropy_nats,selected_proposal_id,selected_formula,selected_model_weight,selected_bic,locked_rmse,behavior_recovered,exact_expression_match,recovery_threshold,data_seed
T01,space_filling_design,1,0,12,9,1.7771632873564758,gate1d_t01_03,M_base(x) + (p0 * (abs(x1) ^ p1)),0.31738523057941986,-95.10035070541906,0.1689101539670726,False,False,0.06,20260831
T01,space_filling_design,1,1,13,9,1.7698209360953396,gate1d_t01_02,M_base(x) + (p0 * (x1 ^ 2)),0.3720533068436694,-101.65571811031639,0.004040362741809579,True,True,0.06,20260831
T01,space_filling_design,1,2,14,9,1.859159409302408,gate1d_t01_02,M_base(x) + (p0 * (x1 ^ 2)),0.27710271467732595,-109.32028224947922,0.004151228902654912,True,True,0.06,20260831
T01,space_filling_design,1,3,15,9,1.6968000566326418,gate1d_t01_01,M_base(x) + ((x1 + pysr_coefficient_1) * pysr_coefficient_2 * x1),0.2713881431632132,-116.93683954360816,0.01261266472752032,True,False,0.06,20260831
T01,space_filling_design,1,4,16,9,1.6691528451072948,gate1d_t01_02,M_base(x) + (p0 * (x1 ^ 2)),0.309747040213011,-125.7879509731112,0.008264777202896373,True,True,0.06,20260831
T01,space_filling_design,1,5,17,9,1.6433450274476245,gate1d_t01_01,M_base(x) + ((x1 + pysr_coefficient_1) * pysr_coefficient_2 * x1),0.29293550697282705,-133.62517402482203,0.012284368223565599,True,False,0.06,20260831
T01,space_filling_design,1,6,18,9,1.5548122764463637,gate1d_t01_01,M_base(x) + ((x1 + pysr_coefficient_1) * pysr_coefficient_2 * x1),0.33328531154358465,-142.72988585219886,0.012406951441191824,True,False,0.06,20260831
T01,space_filling_design,1,7,19,9,1.5585733395793209,gate1d_t01_01,M_base(x) + ((x1 + pysr_coefficient_1) * pysr_coefficient_2 * x1),0.3262202904107178,-151.51807567456967,0.010915057598339963,True,False,0.06,20260831
T01,space_filling_design,1,8,20,9,1.5799222311178867,gate1d_t01_02,M_base(x) + (p0 * (x1 ^ 2)),0.32530523037632214,-157.13452690079217,0.007465002775258048,True,True,0.06,20260831
T01,random_design,1,0,12,9,1.7771632873564758,gate1d_t01_03,M_base(x) + (p0 * (abs(x1) ^ p1)),0.31738523057941986,-95.10035070541906,0.1689101539670726,False,False,0.06,20260831
T01,random_design,1,1,13,9,1.8077379360882797,gate1d_t01_06,M_base(x) + (x1 * x1 * (pysr_coefficient_1 + (-1 * (x1 * pysr_coefficient_2)))),0.27306811109672485,-100.63627420313888,0.06749480244364796,False,False,0.06,20260831
T01,random_design,1,2,14,9,1.7103809255929725,gate1d_t01_02,M_base(x) + (p0 * (x1 ^ 2)),0.3174857477349152,-108.16781386477015,0.0018458272038957553,True,True,0.06,20260831
T01,random_design,1,3,15,9,1.671870940510121,gate1d_t01_02,M_base(x) + (p0 * (x1 ^ 2)),0.37818147688124887,-117.04589508681588,0.001623539806797989,True,True,0.06,20260831
T01,random_design,1,4,16,9,1.6504348213932922,gate1d_t01_02,M_base(x) + (p0 * (x1 ^ 2)),0.3921241130499926,-125.98466068542477,0.0020211919441244547,True,True,0.06,20260831
T01,random_design,1,5,17,9,1.56083031929217,gate1d_t01_02,M_base(x) + (p0 * (x1 ^ 2)),0.46379008924124254,-132.9032598261827,0.0029206143324744765,True,True,0.06,20260831
T01,random_design,1,6,18,9,1.5693192203648123,gate1d_t01_02,M_base(x) + (p0 * (x1 ^ 2)),0.47074976017953135,-140.52572638436328,0.0006158970306253281,True,True,0.06,20260831
T01,random_design,1,7,19,9,1.545238933191691,gate1d_t01_02,M_base(x) + (p0 * (x1 ^ 2)),0.48120068225681834,-149.45950676159939,0.00027425581881699207,True,True,0.06,20260831
T01,random_design,1,8,20,9,1.5137979602196434,gate1d_t01_02,M_base(x) + (p0 * (x1 ^ 2)),0.4912031629577384,-158.4388704550076,0.000708311847728551,True,True,0.06,20260831
T01,model_information_gain,1,0,12,9,1.7771632873564758,gate1d_t01_03,M_base(x) + (p0 * (abs(x1) ^ p1)),0.31738523057941986,-95.10035070541906,0.1689101539670726,False,False,0.06,20260831
T01,model_information_gain,1,1,13,9,1.8452108777274558,gate1d_t01_08,M_base(x) + (x1 * (pysr_coefficient_1 + (-1 * sin((x1 * pysr_coefficient_2)))) * x1),0.22876448122294893,-101.12904978589184,0.0420809605720464,True,False,0.06,20260831
T01,model_information_gain,1,2,14,9,1.8591594093024066,gate1d_t01_02,M_base(x) + (p0 * (x1 ^ 2)),0.27710271467732583,-109.32028224947922,0.004151228902654912,True,True,0.06,20260831
T01,model_information_gain,1,3,15,9,1.8515486666969694,gate1d_t01_02,M_base(x) + (p0 * (x1 ^ 2)),0.29101157072548145,-117.80030519264302,0.0022873803942710753,True,True,0.06,20260831
T01,model_information_gain,1,4,16,9,1.811973490605916,gate1d_t01_02,M_base(x) + (p0 * (x1 ^ 2)),0.32793241909228515,-126.76017810947054,0.0027322792010877144,True,True,0.06,20260831
T01,model_information_gain,1,5,17,9,1.7533464277888662,gate1d_t01_02,M_base(x) + (p0 * (x1 ^ 2)),0.3313592470882266,-135.40523521102708,0.00043616106986755045,True,True,0.06,20260831
T01,model_information_gain,1,6,18,9,1.5992619940333905,gate1d_t01_01,M_base(x) + ((x1 + pysr_coefficient_1) * pysr_coefficient_2 * x1),0.2655910192073857,-140.36868356338778,0.010291356679589312,True,False,0.06,20260831
T01,model_information_gain,1,7,19,9,1.5540762403082071,gate1d_t01_01,M_base(x) + ((x1 + pysr_coefficient_1) * pysr_coefficient_2 * x1),0.29728969957298246,-149.09380512733551,0.011588943034432688,True,False,0.06,20260831
T01,model_information_gain,1,8,20,9,1.5989115056012773,gate1d_t01_01,M_base(x) + ((x1 + pysr_coefficient_1) * pysr_coefficient_2 * x1),0.275035404434402,-157.23019550018483,0.010816106904495965,True,False,0.06,20260831
T01,parameter_information_gain,1,0,12,9,1.7771632873564758,gate1d_t01_03,M_base(x) + (p0 * (abs(x1) ^ p1)),0.31738523057941986,-95.10035070541906,0.1689101539670726,False,False,0.06,20260831
T01,parameter_information_gain,1,1,13,9,1.8452108777274558,gate1d_t01_08,M_base(x) + (x1 * (pysr_coefficient_1 + (-1 * sin((x1 * pysr_coefficient_2)))) * x1),0.22876448122294893,-101.12904978589184,0.0420809605720464,True,False,0.06,20260831
T01,parameter_information_gain,1,2,14,9,1.8591594093024066,gate1d_t01_02,M_base(x) + (p0 * (x1 ^ 2)),0.27710271467732583,-109.32028224947922,0.004151228902654912,True,True,0.06,20260831
T01,parameter_information_gain,1,3,15,9,1.8775080804614315,gate1d_t01_01,M_base(x) + ((x1 + pysr_coefficient_1) * pysr_coefficient_2 * x1),0.21137141113921543,-117.16288475219564,0.01227281374066138,True,False,0.06,20260831
T01,parameter_information_gain,1,4,16,9,1.752200339360414,gate1d_t01_01,M_base(x) + ((x1 + pysr_coefficient_1) * pysr_coefficient_2 * x1),0.2826022182648172,-126.20560584957879,0.012571954207808586,True,False,0.06,20260831
T01,parameter_information_gain,1,5,17,9,1.8323609548264672,gate1d_t01_02,M_base(x) + (p0 * (x1 ^ 2)),0.23819931817423717,-133.53794821112612,0.003974282162874093,True,True,0.06,20260831
T01,parameter_information_gain,1,6,18,9,1.839946052301336,gate1d_t01_02,M_base(x) + (p0 * (x1 ^ 2)),0.2888392085481308,-142.39565392721815,0.004743168527051643,True,True,0.06,20260831
T01,parameter_information_gain,1,7,19,9,1.808392440664546,gate1d_t01_02,M_base(x) + (p0 * (x1 ^ 2)),0.33310810218620013,-151.0580911504707,0.0036696672708301137,True,True,0.06,20260831
T01,parameter_information_gain,1,8,20,9,1.777635737002724,gate1d_t01_02,M_base(x) + (p0 * (x1 ^ 2)),0.36126293563251094,-159.81475568118435,0.0045113355567093965,True,True,0.06,20260831
T01,joint_structure_parameter_information_gain,1,0,12,9,1.7771632873564758,gate1d_t01_03,M_base(x) + (p0 * (abs(x1) ^ p1)),0.31738523057941986,-95.10035070541906,0.1689101539670726,False,False,0.06,20260831
T01,joint_structure_parameter_information_gain,1,1,13,9,1.8452108777274558,gate1d_t01_08,M_base(x) + (x1 * (pysr_coefficient_1 + (-1 * sin((x1 * pysr_coefficient_2)))) * x1),0.22876448122294893,-101.12904978589184,0.0420809605720464,True,False,0.06,20260831
T01,joint_structure_parameter_information_gain,1,2,14,9,1.8591594093024066,gate1d_t01_02,M_base(x) + (p0 * (x1 ^ 2)),0.27710271467732583,-109.32028224947922,0.004151228902654912,True,True,0.06,20260831
T01,joint_structure_parameter_information_gain,1,3,15,9,1.8251755293644523,gate1d_t01_02,M_base(x) + (p0 * (x1 ^ 2)),0.26072444523973415,-117.79700250417804,0.0010649369081502074,True,True,0.06,20260831
T01,joint_structure_parameter_information_gain,1,4,16,9,1.7522003393604102,gate1d_t01_01,M_base(x) + ((x1 + pysr_coefficient_1) * pysr_coefficient_2 * x1),0.2826022182648178,-126.20560584957879,0.012571954207808586,True,False,0.06,20260831
T01,joint_structure_parameter_information_gain,1,5,17,9,1.8219350220324926,gate1d_t01_01,M_base(x) + ((x1 + pysr_coefficient_1) * pysr_coefficient_2 * x1),0.24772121556445742,-134.3063592949202,0.011771233911864106,True,False,0.06,20260831
T01,joint_structure_parameter_information_gain,1,6,18,9,1.8399460523013447,gate1d_t01_02,M_base(x) + (p0 * (x1 ^ 2)),0.28883920854812306,-142.3956539272181,0.004743168551189558,True,True,0.06,20260831
T01,joint_structure_parameter_information_gain,1,7,19,9,1.8412877192368855,gate1d_t01_02,M_base(x) + (p0 * (x1 ^ 2)),0.2975468663212134,-150.86356601768782,0.003868388514766772,True,True,0.06,20260831
T01,joint_structure_parameter_information_gain,1,8,20,9,1.7737347317324748,gate1d_t01_02,M_base(x) + (p0 * (x1 ^ 2)),0.34385320004747577,-159.86787792472802,0.004124149288511125,True,True,0.06,20260831
T02,space_filling_design,1,0,12,9,0.002586524397336295,gate1d_t02_01,M_base(x) * (1 + (p6 * x1 * x2)),0.9997271318725399,-108.85448385977932,0.0037892304278150427,True,True,0.06,20260831
T02,space_filling_design,1,1,13,9,4.037315378316305e-06,gate1d_t02_01,M_base(x) * (1 + (p6 * x1 * x2)),0.9999997552782978,-119.04969593818755,0.005258886332352242,True,True,0.06,20260831
T02,space_filling_design,1,2,14,9,1.1097091106062948e-13,gate1d_t02_01,M_base(x) * (1 + (p6 * x1 * x2)),0.9999999999999969,-125.3204139812667,0.00032976590282460586,True,True,0.06,20260831
T02,space_filling_design,1,3,15,9,3.735627605582391e-13,gate1d_t02_01,M_base(x) * (1 + (p6 * x1 * x2)),0.999999999999989,-128.05851772313747,2.5573518250762316e-05,True,True,0.06,20260831
T02,space_filling_design,1,4,16,9,4.779860995940404e-14,gate1d_t02_01,M_base(x) * (1 + (p6 * x1 * x2)),0.9999999999999987,-137.569921283323,0.00031329200788163177,True,True,0.06,20260831
T02,space_filling_design,1,5,17,9,4.4624770377307466e-14,gate1d_t02_01,M_base(x) * (1 + (p6 * x1 * x2)),0.9999999999999988,-143.15795556479588,0.0016673724892473164,True,True,0.06,20260831
T02,space_filling_design,1,6,18,9,3.4865529578578697e-12,gate1d_t02_01,M_base(x) * (1 + (p6 * x1 * x2)),0.9999999999998892,-139.64887789529635,0.0008948491093739336,True,True,0.06,20260831
T02,space_filling_design,1,7,19,9,5.7441751037603e-13,gate1d_t02_01,M_base(x) * (1 + (p6 * x1 * x2)),0.9999999999999826,-148.5137327072949,0.0007008549243955326,True,True,0.06,20260831
T02,space_filling_design,1,8,20,9,1.847822336760848e-15,gate1d_t02_01,M_base(x) * (1 + (p6 * x1 * x2)),1.0,-156.95509966313557,0.0010357636422880935,True,True,0.06,20260831
T02,random_design,1,0,12,9,0.002586524397336295,gate1d_t02_01,M_base(x) * (1 + (p6 * x1 * x2)),0.9997271318725399,-108.85448385977932,0.0037892304278150427,True,True,0.06,20260831
T02,random_design,1,1,13,9,0.009314603653842245,gate1d_t02_01,M_base(x) * (1 + (p6 * x1 * x2)),0.9988377255444799,-113.82728053655559,4.22890140159962e-05,True,True,0.06,20260831
T02,random_design,1,2,14,9,0.00014884388624255697,gate1d_t02_01,M_base(x) * (1 + (p6 * x1 * x2)),0.9999880455753114,-123.72880810798797,0.0004844943932178238,True,True,0.06,20260831
T02,random_design,1,3,15,9,0.00039209854321674357,gate1d_t02_01,M_base(x) * (1 + (p6 * x1 * x2)),0.9999653847195098,-127.99128480735588,0.00360387499409744,True,True,0.06,20260831
T02,random_design,1,4,16,9,1.5586267043595222e-06,gate1d_t02_01,M_base(x) * (1 + (p6 * x1 * x2)),0.9999999111218997,-136.44746992133102,0.010405349864807246,True,True,0.06,20260831
T02,random_design,1,5,17,9,5.176615329543556e-06,gate1d_t02_01,M_base(x) * (1 + (p6 * x1 * x2)),0.9999996788362588,-141.32332664805872,0.013595363700224163,True,True,0.06,20260831
T02,random_design,1,6,18,9,0.0003096458976880107,gate1d_t02_01,M_base(x) * (1 + (p6 * x1 * x2)),0.9999735075170466,-139.47013049163272,0.006335706347485938,True,True,0.06,20260831
T02,random_design,1,7,19,9,0.00021968765381938357,gate1d_t02_01,M_base(x) * (1 + (p6 * x1 * x2)),0.9999817195018832,-147.8963351298325,0.004793398623051558,True,True,0.06,20260831
T02,random_design,1,8,20,9,0.00017071694084013733,gate1d_t02_01,M_base(x) * (1 + (p6 * x1 * x2)),0.9999861262188541,-155.23032936236046,0.005125872654469435,True,True,0.06,20260831
T02,model_information_gain,1,0,12,9,0.002586524397336295,gate1d_t02_01,M_base(x) * (1 + (p6 * x1 * x2)),0.9997271318725399,-108.85448385977932,0.0037892304278150427,True,True,0.06,20260831
T02,model_information_gain,1,1,13,9,4.037315378316305e-06,gate1d_t02_01,M_base(x) * (1 + (p6 * x1 * x2)),0.9999997552782978,-119.04969593818755,0.005258886332352242,True,True,0.06,20260831
T02,model_information_gain,1,2,14,9,4.46715774629543e-10,gate1d_t02_01,M_base(x) * (1 + (p6 * x1 * x2)),0.9999999999831446,-128.28026980519593,0.00599562285907309,True,True,0.06,20260831
T02,model_information_gain,1,3,15,9,1.0155370866651932e-14,gate1d_t02_01,M_base(x) * (1 + (p6 * x1 * x2)),0.9999999999999998,-136.31708476093866,0.0030958733586539293,True,True,0.06,20260831
T02,model_information_gain,1,4,16,9,2.819519371395472e-16,gate1d_t02_01,M_base(x) * (1 + (p6 * x1 * x2)),1.0,-145.9047042226958,0.0036535063237087806,True,True,0.06,20260831
T02,model_information_gain,1,5,17,9,1.9296639677809567e-15,gate1d_t02_01,M_base(x) * (1 + (p6 * x1 * x2)),1.0,-146.99468033890994,0.004353511190364743,True,True,0.06,20260831
T02,model_information_gain,1,6,18,9,1.5636470066189907e-15,gate1d_t02_01,M_base(x) * (1 + (p6 * x1 * x2)),1.0,-152.8600591246914,0.0028458775589636654,True,True,0.06,20260831
T02,model_information_gain,1,7,19,9,1.385047848027846e-16,gate1d_t02_01,M_base(x) * (1 + (p6 * x1 * x2)),1.0,-162.24487002007314,0.0026163626965726283,True,True,0.06,20260831
T02,model_information_gain,1,8,20,9,1.728610896585399e-17,gate1d_t02_01,M_base(x) * (1 + (p6 * x1 * x2)),1.0,-171.91289969791168,0.002608165638693834,True,True,0.06,20260831
T02,parameter_information_gain,1,0,12,9,0.002586524397336295,gate1d_t02_01,M_base(x) * (1 + (p6 * x1 * x2)),0.9997271318725399,-108.85448385977932,0.0037892304278150427,True,True,0.06,20260831
T02,parameter_information_gain,1,1,13,9,4.707058922950371e-05,gate1d_t02_01,M_base(x) * (1 + (p6 * x1 * x2)),0.9999966576933221,-118.36747609729923,0.002492330518396036,True,True,0.06,20260831
T02,parameter_information_gain,1,2,14,9,2.953667391190795e-05,gate1d_t02_01,M_base(x) * (1 + (p6 * x1 * x2)),0.9999979601229703,-126.86924919179778,0.00018364169731187124,True,True,0.06,20260831
T02,parameter_information_gain,1,3,15,8,1.4533164973666777e-05,gate1d_t02_01,M_base(x) * (1 + (p6 * x1 * x2)),0.9999990451011371,-136.60804342493483,0.000863597813756498,True,True,0.06,20260831
T02,parameter_information_gain,1,4,16,8,2.181806844758069e-06,gate1d_t02_01,M_base(x) * (1 + (p6 * x1 * x2)),0.9999998712260586,-144.03652494122846,0.0020514400703931495,True,True,0.06,20260831
T02,parameter_information_gain,1,5,17,8,9.211553100206266e-07,gate1d_t02_01,M_base(x) * (1 + (p6 * x1 * x2)),0.9999999483451109,-153.92399224092554,0.0023379101401605996,True,True,0.06,20260831
T02,parameter_information_gain,1,6,18,8,3.585122267266564e-18,gate1d_t02_01,M_base(x) * (1 + (p6 * x1 * x2)),1.0,-160.1878461030644,0.0013465731694036957,True,True,0.06,20260831
T02,parameter_information_gain,1,7,19,8,1.9963813936683798e-20,gate1d_t02_01,M_base(x) * (1 + (p6 * x1 * x2)),1.0,-169.48657623648256,0.001731478996062589,True,True,0.06,20260831
T02,parameter_information_gain,1,8,20,8,5.705529846943103e-21,gate1d_t02_01,M_base(x) * (1 + (p6 * x1 * x2)),1.0,-173.31883025125757,0.0006984589478074207,True,True,0.06,20260831
T02,joint_structure_parameter_information_gain,1,0,12,9,0.002586524397336295,gate1d_t02_01,M_base(x) * (1 + (p6 * x1 * x2)),0.9997271318725399,-108.85448385977932,0.0037892304278150427,True,True,0.06,20260831
T02,joint_structure_parameter_information_gain,1,1,13,9,4.707058922950371e-05,gate1d_t02_01,M_base(x) * (1 + (p6 * x1 * x2)),0.9999966576933221,-118.36747609729923,0.002492330518396036,True,True,0.06,20260831
T02,joint_structure_parameter_information_gain,1,2,14,9,2.953667391190795e-05,gate1d_t02_01,M_base(x) * (1 + (p6 * x1 * x2)),0.9999979601229703,-126.86924919179778,0.00018364169731187124,True,True,0.06,20260831
T02,joint_structure_parameter_information_gain,1,3,15,8,1.4533164973666777e-05,gate1d_t02_01,M_base(x) * (1 + (p6 * x1 * x2)),0.9999990451011371,-136.60804342493483,0.000863597813756498,True,True,0.06,20260831
T02,joint_structure_parameter_information_gain,1,4,16,8,2.181806844758069e-06,gate1d_t02_01,M_base(x) * (1 + (p6 * x1 * x2)),0.9999998712260586,-144.03652494122846,0.0020514400703931495,True,True,0.06,20260831
T02,joint_structure_parameter_information_gain,1,5,17,8,9.211553100206266e-07,gate1d_t02_01,M_base(x) * (1 + (p6 * x1 * x2)),0.9999999483451109,-153.92399224092554,0.0023379101401605996,True,True,0.06,20260831
T02,joint_structure_parameter_information_gain,1,6,18,8,3.585122267266564e-18,gate1d_t02_01,M_base(x) * (1 + (p6 * x1 * x2)),1.0,-160.1878461030644,0.0013465731694036957,True,True,0.06,20260831
T02,joint_structure_parameter_information_gain,1,7,19,8,1.9963813936683798e-20,gate1d_t02_01,M_base(x) * (1 + (p6 * x1 * x2)),1.0,-169.48657623648256,0.001731478996062589,True,True,0.06,20260831
T02,joint_structure_parameter_information_gain,1,8,20,8,5.705529846943103e-21,gate1d_t02_01,M_base(x) * (1 + (p6 * x1 * x2)),1.0,-173.31883025125757,0.0006984589478074207,True,True,0.06,20260831
T03,space_filling_design,1,0,12,9,1.4970314658377568,gate1d_t03_01,M_base(x) + (coefficient_cubic_x2 * (x2 ^ 3)),0.28553201123429656,-88.41700070027366,0.011747346901158858,True,True,0.07500000000000001,20260831
T03,space_filling_design,1,1,13,9,0.684596678892787,gate1d_t03_01,M_base(x) + (coefficient_cubic_x2 * (x2 ^ 3)),0.575125744793372,-96.58526799291549,0.005678318130197665,True,True,0.07500000000000001,20260831
T03,space_filling_design,1,2,14,9,0.6848660706411237,gate1d_t03_02,M_base(x) + ((sin(x2) + (-1 * x2)) * pysr_coefficient_1),0.5642731866047325,-104.52162723510828,0.01913898787291055,True,False,0.07500000000000001,20260831
T03,space_filling_design,1,3,15,9,0.6924781088001921,gate1d_t03_01,M_base(x) + (coefficient_cubic_x2 * (x2 ^ 3)),0.5182885306583169,-112.56670427388984,0.015068014785433837,True,True,0.07500000000000001,20260831
T03,space_filling_design,1,4,16,9,0.6923879625394378,gate1d_t03_01,M_base(x) + (coefficient_cubic_x2 * (x2 ^ 3)),0.5194811569196021,-121.19674015701618,0.015068019760912857,True,True,0.07500000000000001,20260831
T03,space_filling_design,1,5,17,9,0.6928904043945617,gate1d_t03_02,M_base(x) + ((sin(x2) + (-1 * x2)) * pysr_coefficient_1),0.5113303710096874,-129.52825111643298,0.017670711940417163,True,False,0.07500000000000001,20260831
T03,space_filling_design,1,6,18,9,0.6746006493938369,gate1d_t03_02,M_base(x) + ((sin(x2) + (-1 * x2)) * pysr_coefficient_1),0.5959989235916507,-137.04943799847018,0.01663996352345462,True,False,0.07500000000000001,20260831
T03,space_filling_design,1,7,19,9,0.6668543967491873,gate1d_t03_02,M_base(x) + ((sin(x2) + (-1 * x2)) * pysr_coefficient_1),0.61415236808287,-145.68608759791917,0.016633737319543145,True,False,0.07500000000000001,20260831
T03,space_filling_design,1,8,20,9,0.6629781347173005,gate1d_t03_01,M_base(x) + (coefficient_cubic_x2 * (x2 ^ 3)),0.6221974070265277,-150.55514146716678,0.010337175369525598,True,True,0.07500000000000001,20260831
T03,random_design,1,0,12,9,1.4970314658377568,gate1d_t03_01,M_base(x) + (coefficient_cubic_x2 * (x2 ^ 3)),0.28553201123429656,-88.41700070027366,0.011747346901158858,True,True,0.07500000000000001,20260831
T03,random_design,1,1,13,9,1.3130996882432142,gate1d_t03_04,M_base(x) + (sin(sin(x2)) + (-1 * x2)),0.42268226733382913,-94.977919158858,0.19309003936264876,False,False,0.07500000000000001,20260831
T03,random_design,1,2,14,9,0.47029810654762466,gate1d_t03_01,M_base(x) + (coefficient_cubic_x2 * (x2 ^ 3)),0.8207655775782224,-99.08870275562677,0.030250119507299146,True,True,0.07500000000000001,20260831
T03,random_design,1,3,15,9,0.3688108340336419,gate1d_t03_01,M_base(x) + (coefficient_cubic_x2 * (x2 ^ 3)),0.8790689167668085,-106.18952375358789,0.03179988818115176,True,True,0.07500000000000001,20260831
T03,random_design,1,4,16,9,0.231419518374138,gate1d_t03_01,M_base(x) + (coefficient_cubic_x2 * (x2 ^ 3)),0.9383738248311699,-110.1509354717319,0.01458948410030515,True,True,0.07500000000000001,20260831
T03,random_design,1,5,17,9,0.16728120964669427,gate1d_t03_01,M_base(x) + (coefficient_cubic_x2 * (x2 ^ 3)),0.9602084926885209,-118.00248620016745,0.015159707275044362,True,True,0.07500000000000001,20260831
T03,random_design,1,6,18,9,0.13530961075139916,gate1d_t03_01,M_base(x) + (coefficient_cubic_x2 * (x2 ^ 3)),0.9698366464731217,-126.05403226452029,0.014799636757766526,True,True,0.07500000000000001,20260831
T03,random_design,1,7,19,9,0.0983891858641974,gate1d_t03_01,M_base(x) + (coefficient_cubic_x2 * (x2 ^ 3)),0.9799100013365741,-134.11672563623208,0.015122945353459077,True,True,0.07500000000000001,20260831
T03,random_design,1,8,20,9,0.08601675569901916,gate1d_t03_01,M_base(x) + (coefficient_cubic_x2 * (x2 ^ 3)),0.9830259080230555,-142.10856090466507,0.01512294497076432,True,True,0.07500000000000001,20260831
T03,model_information_gain,1,0,12,9,1.4970314658377568,gate1d_t03_01,M_base(x) + (coefficient_cubic_x2 * (x2 ^ 3)),0.28553201123429656,-88.41700070027366,0.011747346901158858,True,True,0.07500000000000001,20260831
T03,model_information_gain,1,1,13,9,0.6729210997822667,gate1d_t03_01,M_base(x) + (coefficient_cubic_x2 * (x2 ^ 3)),0.600223300298586,-96.21124813342293,0.014177328807275283,True,True,0.07500000000000001,20260831
T03,model_information_gain,1,2,14,9,0.4152388567375057,gate1d_t03_01,M_base(x) + (coefficient_cubic_x2 * (x2 ^ 3)),0.8542651591335843,-104.41514332542317,0.016117750308585387,True,True,0.07500000000000001,20260831
T03,model_information_gain,1,3,15,9,0.5054330802982105,gate1d_t03_01,M_base(x) + (coefficient_cubic_x2 * (x2 ^ 3)),0.7963411129399501,-111.95506946765668,0.013342659562403186,True,True,0.07500000000000001,20260831
T03,model_information_gain,1,4,16,9,0.26506297275244206,gate1d_t03_01,M_base(x) + (coefficient_cubic_x2 * (x2 ^ 3)),0.925525215127908,-119.77041127068388,0.015456360576306982,True,True,0.07500000000000001,20260831
T03,model_information_gain,1,5,17,9,0.1323396325597836,gate1d_t03_01,M_base(x) + (coefficient_cubic_x2 * (x2 ^ 3)),0.9706887959142946,-128.26968388499034,0.013625660310216177,True,True,0.07500000000000001,20260831
T03,model_information_gain,1,6,18,9,0.0495867702662651,gate1d_t03_01,M_base(x) + (coefficient_cubic_x2 * (x2 ^ 3)),0.9913742266641133,-135.9935356097357,0.015017722128278576,True,True,0.07500000000000001,20260831
T03,model_information_gain,1,7,19,9,0.07593189104766472,gate1d_t03_01,M_base(x) + (coefficient_cubic_x2 * (x2 ^ 3)),0.9854643811144399,-143.0921124789887,0.013351983944524535,True,True,0.07500000000000001,20260831
T03,model_information_gain,1,8,20,9,0.032208164026707176,gate1d_t03_01,M_base(x) + (coefficient_cubic_x2 * (x2 ^ 3)),0.9948619014986542,-150.83437342690578,0.014513266106579775,True,True,0.07500000000000001,20260831
T03,parameter_information_gain,1,0,12,9,1.4970314658377568,gate1d_t03_01,M_base(x) + (coefficient_cubic_x2 * (x2 ^ 3)),0.28553201123429656,-88.41700070027366,0.011747346901158858,True,True,0.07500000000000001,20260831
T03,parameter_information_gain,1,1,13,9,0.6729210997822667,gate1d_t03_01,M_base(x) + (coefficient_cubic_x2 * (x2 ^ 3)),0.600223300298586,-96.21124813342293,0.014177328807275283,True,True,0.07500000000000001,20260831
T03,parameter_information_gain,1,2,14,9,0.6498578042207246,gate1d_t03_01,M_base(x) + (coefficient_cubic_x2 * (x2 ^ 3)),0.646049680624253,-104.71545935798636,0.012609713458181456,True,True,0.07500000000000001,20260831
T03,parameter_information_gain,1,3,15,9,0.6190256884480795,gate1d_t03_01,M_base(x) + (coefficient_cubic_x2 * (x2 ^ 3)),0.6900936803812688,-109.43189713622216,0.004596289352751544,True,True,0.07500000000000001,20260831
T03,parameter_information_gain,1,4,16,9,0.6004168333462213,gate1d_t03_01,M_base(x) + (coefficient_cubic_x2 * (x2 ^ 3)),0.7119274586966323,-115.36913785952844,0.0003875836442806229,True,True,0.07500000000000001,20260831
T03,parameter_information_gain,1,5,17,9,0.6008381621606846,gate1d_t03_01,M_base(x) + (coefficient_cubic_x2 * (x2 ^ 3)),0.7114611947732185,-123.288797745018,0.0012551325534825536,True,True,0.07500000000000001,20260831
T03,parameter_information_gain,1,6,18,9,0.5954306873328329,gate1d_t03_01,M_base(x) + (coefficient_cubic_x2 * (x2 ^ 3)),0.717358664433856,-131.40835490582145,0.0023006034410638135,True,True,0.07500000000000001,20260831
T03,parameter_information_gain,1,7,19,9,0.5852911642640752,gate1d_t03_01,M_base(x) + (coefficient_cubic_x2 * (x2 ^ 3)),0.7279459443020793,-139.84252799231507,0.002286108913056606,True,True,0.07500000000000001,20260831
T03,parameter_information_gain,1,8,20,9,0.5914554303451424,gate1d_t03_01,M_base(x) + (coefficient_cubic_x2 * (x2 ^ 3)),0.7215794110643288,-147.95303480368068,0.001428785579220781,True,True,0.07500000000000001,20260831
T03,joint_structure_parameter_information_gain,1,0,12,9,1.4970314658377568,gate1d_t03_01,M_base(x) + (coefficient_cubic_x2 * (x2 ^ 3)),0.28553201123429656,-88.41700070027366,0.011747346901158858,True,True,0.07500000000000001,20260831
T03,joint_structure_parameter_information_gain,1,1,13,9,0.6729210997822667,gate1d_t03_01,M_base(x) + (coefficient_cubic_x2 * (x2 ^ 3)),0.600223300298586,-96.21124813342293,0.014177328807275283,True,True,0.07500000000000001,20260831
T03,joint_structure_parameter_information_gain,1,2,14,9,0.6498578042207246,gate1d_t03_01,M_base(x) + (coefficient_cubic_x2 * (x2 ^ 3)),0.646049680624253,-104.71545935798636,0.012609713458181456,True,True,0.07500000000000001,20260831
T03,joint_structure_parameter_information_gain,1,3,15,9,0.449627044742398,gate1d_t03_01,M_base(x) + (coefficient_cubic_x2 * (x2 ^ 3)),0.833913009862743,-113.34375277669196,0.012779785255397953,True,True,0.07500000000000001,20260831
T03,joint_structure_parameter_information_gain,1,4,16,9,0.34556816404457297,gate1d_t03_01,M_base(x) + (coefficient_cubic_x2 * (x2 ^ 3)),0.8904525312739188,-117.69245236857444,0.005337900283168998,True,True,0.07500000000000001,20260831
T03,joint_structure_parameter_information_gain,1,5,17,9,0.29646073212850665,gate1d_t03_01,M_base(x) + (coefficient_cubic_x2 * (x2 ^ 3)),0.9126085286068322,-123.33264996352302,0.0004878934227578061,True,True,0.07500000000000001,20260831
T03,joint_structure_parameter_information_gain,1,6,18,9,0.2944871374307773,gate1d_t03_01,M_base(x) + (coefficient_cubic_x2 * (x2 ^ 3)),0.9134479321254714,-131.35784135139772,0.001891496026093381,True,True,0.07500000000000001,20260831
T03,joint_structure_parameter_information_gain,1,7,19,9,0.28417130874609053,gate1d_t03_01,M_base(x) + (coefficient_cubic_x2 * (x2 ^ 3)),0.9177745581205069,-139.55753018439742,0.002796947865451877,True,True,0.07500000000000001,20260831
T03,joint_structure_parameter_information_gain,1,8,20,9,0.1410913348426917,gate1d_t03_01,M_base(x) + (coefficient_cubic_x2 * (x2 ^ 3)),0.9681570132847767,-148.00130164301132,0.002949609135589953,True,True,0.07500000000000001,20260831
T04,space_filling_design,1,0,12,9,1.8510091681961267,gate1b_t04_02,M_base(x) + (p0 * sin(x1) * x2),0.3000775500089057,-85.17821487043761,0.031084501909826208,True,True,0.07500000000000001,20260831
T04,space_filling_design,1,1,13,9,0.8228894331804641,gate1b_t04_02,M_base(x) + (p0 * sin(x1) * x2),0.6943445310238971,-92.41394234673258,0.02303451279350517,True,True,0.07500000000000001,20260831
T04,space_filling_design,1,2,14,9,0.10051726484198,gate1b_t04_02,M_base(x) + (p0 * sin(x1) * x2),0.9818063220769195,-98.01398936466954,0.01532912040614475,True,True,0.07500000000000001,20260831
T04,space_filling_design,1,3,15,9,0.07525853127064036,gate1b_t04_02,M_base(x) + (p0 * sin(x1) * x2),0.9871801003653964,-106.15718960369341,0.015019381424505658,True,True,0.07500000000000001,20260831
T04,space_filling_design,1,4,16,9,4.9923509629418455e-05,gate1b_t04_02,M_base(x) + (p0 * sin(x1) * x2),0.9999966655471408,-114.36536726175723,0.01483660205416685,True,True,0.07500000000000001,20260831
T04,space_filling_design,1,5,17,9,5.25494886787662e-05,gate1b_t04_02,M_base(x) + (p0 * sin(x1) * x2),0.9999963708788449,-120.3044673353252,0.017056952703506916,True,True,0.07500000000000001,20260831
T04,space_filling_design,1,6,18,9,2.752324357142051e-05,gate1b_t04_02,M_base(x) + (p0 * sin(x1) * x2),0.9999981715807456,-127.97698900656212,0.015916006254048588,True,True,0.07500000000000001,20260831
T04,space_filling_design,1,7,19,9,3.890724507293905e-06,gate1b_t04_02,M_base(x) + (p0 * sin(x1) * x2),0.9999997743501448,-135.72658016788236,0.01926587465721224,True,True,0.07500000000000001,20260831
T04,space_filling_design,1,8,20,9,4.650534462831997e-06,gate1b_t04_02,M_base(x) + (p0 * sin(x1) * x2),0.9999997274320354,-140.98276927067448,0.012696006722315523,True,True,0.07500000000000001,20260831
T04,random_design,1,0,12,9,1.8510091681961267,gate1b_t04_02,M_base(x) + (p0 * sin(x1) * x2),0.3000775500089057,-85.17821487043761,0.031084501909826208,True,True,0.07500000000000001,20260831
T04,random_design,1,1,13,9,1.383325482784309,gate1b_t04_02,M_base(x) + (p0 * sin(x1) * x2),0.5344390469718193,-93.14073275925334,0.02979051685659861,True,True,0.07500000000000001,20260831
T04,random_design,1,2,14,9,0.061921617528807704,gate1b_t04_02,M_base(x) + (p0 * sin(x1) * x2),0.9906375842126388,-98.98557008123076,0.023262186182176025,True,True,0.07500000000000001,20260831
T04,random_design,1,3,15,9,0.043917932281665656,gate1b_t04_02,M_base(x) + (p0 * sin(x1) * x2),0.9937729865661236,-106.74452583431774,0.01839947145370802,True,True,0.07500000000000001,20260831
T04,random_design,1,4,16,9,0.0032752169950896475,gate1b_t04_02,M_base(x) + (p0 * sin(x1) * x2),0.9996726823161748,-115.00943299853913,0.018388725923919987,True,True,0.07500000000000001,20260831
T04,random_design,1,5,17,9,0.0020929484657715674,gate1b_t04_02,M_base(x) + (p0 * sin(x1) * x2),0.9997999228986342,-123.25142611427972,0.01974336195064162,True,True,0.07500000000000001,20260831
T04,random_design,1,6,18,9,0.001113544810574066,gate1b_t04_02,M_base(x) + (p0 * sin(x1) * x2),0.9999009094523222,-131.54368679724527,0.020055314194903577,True,True,0.07500000000000001,20260831
T04,random_design,1,7,19,9,0.004017868970364225,gate1b_t04_02,M_base(x) + (p0 * sin(x1) * x2),0.999590142955069,-126.23154880874937,0.009034284273646212,True,True,0.07500000000000001,20260831
T04,random_design,1,8,20,9,0.0030601533444325054,gate1b_t04_02,M_base(x) + (p0 * sin(x1) * x2),0.999696681333424,-133.77259450681186,0.008560122087143605,True,True,0.07500000000000001,20260831
T04,model_information_gain,1,0,12,9,1.8510091681961267,gate1b_t04_02,M_base(x) + (p0 * sin(x1) * x2),0.3000775500089057,-85.17821487043761,0.031084501909826208,True,True,0.07500000000000001,20260831
T04,model_information_gain,1,1,13,9,0.7743238936055865,gate1b_t04_02,M_base(x) + (p0 * sin(x1) * x2),0.665464503855082,-91.70851601158638,0.02001890465661383,True,True,0.07500000000000001,20260831
T04,model_information_gain,1,2,14,9,0.0021479457786665913,gate1b_t04_02,M_base(x) + (p0 * sin(x1) * x2),0.9998027065905034,-99.8147170904347,0.0189198249365856,True,True,0.07500000000000001,20260831
T04,model_information_gain,1,3,15,9,0.00030024793586263745,gate1b_t04_02,M_base(x) + (p0 * sin(x1) * x2),0.9999761085561989,-107.99564920109115,0.017113097102714706,True,True,0.07500000000000001,20260831
T04,model_information_gain,1,4,16,9,1.1803658887228401e-05,gate1b_t04_02,M_base(x) + (p0 * sin(x1) * x2),0.9999992690890839,-114.00674266696079,0.013031615998353325,True,True,0.07500000000000001,20260831
T04,model_information_gain,1,5,17,9,3.021329781007455e-06,gate1b_t04_02,M_base(x) + (p0 * sin(x1) * x2),0.9999998297204611,-122.27289513443812,0.01294741306037716,True,True,0.07500000000000001,20260831
T04,model_information_gain,1,6,18,9,3.3538807764022604e-07,gate1b_t04_02,M_base(x) + (p0 * sin(x1) * x2),0.9999999831446089,-130.23346117472335,0.01500635043829505,True,True,0.07500000000000001,20260831
T04,model_information_gain,1,7,19,9,6.245352167446516e-08,gate1b_t04_02,M_base(x) + (p0 * sin(x1) * x2),0.9999999971106536,-138.4702497678977,0.014235294583000971,True,True,0.07500000000000001,20260831
T04,model_information_gain,1,8,20,9,1.3940298135726222e-08,gate1b_t04_02,M_base(x) + (p0 * sin(x1) * x2),0.9999999993991292,-144.27954691903454,0.018000978156520735,True,True,0.07500000000000001,20260831
T04,parameter_information_gain,1,0,12,9,1.8510091681961267,gate1b_t04_02,M_base(x) + (p0 * sin(x1) * x2),0.3000775500089057,-85.17821487043761,0.031084501909826208,True,True,0.07500000000000001,20260831
T04,parameter_information_gain,1,1,13,9,0.8228894331804641,gate1b_t04_02,M_base(x) + (p0 * sin(x1) * x2),0.6943445310238971,-92.41394234673258,0.02303451279350517,True,True,0.07500000000000001,20260831
T04,parameter_information_gain,1,2,14,9,0.03203067661547282,gate1b_t04_02,M_base(x) + (p0 * sin(x1) * x2),0.9953855185154367,-98.408114963749,0.01295656142176901,True,True,0.07500000000000001,20260831
T04,parameter_information_gain,1,3,15,9,0.0009966029385272393,gate1b_t04_02,M_base(x) + (p0 * sin(x1) * x2),0.999914842433514,-106.28794977986273,0.015478464058709528,True,True,0.07500000000000001,20260831
T04,parameter_information_gain,1,4,16,9,0.0002925102858561399,gate1b_t04_02,M_base(x) + (p0 * sin(x1) * x2),0.9999772623577642,-114.50746925819455,0.015067407154695078,True,True,0.07500000000000001,20260831
T04,parameter_information_gain,1,5,17,9,0.0004757472999441828,gate1b_t04_02,M_base(x) + (p0 * sin(x1) * x2),0.999961274021664,-120.3450729691696,0.010817065076326132,True,True,0.07500000000000001,20260831
T04,parameter_information_gain,1,6,18,9,0.00026159559293888125,gate1b_t04_02,M_base(x) + (p0 * sin(x1) * x2),0.9999797301723218,-125.74501325097592,0.014761443555339671,True,True,0.07500000000000001,20260831
T04,parameter_information_gain,1,7,19,9,0.00011673153510594003,gate1b_t04_02,M_base(x) + (p0 * sin(x1) * x2),0.9999914700578363,-133.81977697107087,0.015191660349331743,True,True,0.07500000000000001,20260831
T04,parameter_information_gain,1,8,20,9,8.398813710944283e-05,gate1b_t04_02,M_base(x) + (p0 * sin(x1) * x2),0.9999940012888336,-141.44239466788304,0.013890779209218905,True,True,0.07500000000000001,20260831
T04,joint_structure_parameter_information_gain,1,0,12,9,1.8510091681961267,gate1b_t04_02,M_base(x) + (p0 * sin(x1) * x2),0.3000775500089057,-85.17821487043761,0.031084501909826208,True,True,0.07500000000000001,20260831
T04,joint_structure_parameter_information_gain,1,1,13,9,0.8228894331804641,gate1b_t04_02,M_base(x) + (p0 * sin(x1) * x2),0.6943445310238971,-92.41394234673258,0.02303451279350517,True,True,0.07500000000000001,20260831
T04,joint_structure_parameter_information_gain,1,2,14,9,0.03203067661547282,gate1b_t04_02,M_base(x) + (p0 * sin(x1) * x2),0.9953855185154367,-98.408114963749,0.01295656142176901,True,True,0.07500000000000001,20260831
T04,joint_structure_parameter_information_gain,1,3,15,9,0.0009966029385272393,gate1b_t04_02,M_base(x) + (p0 * sin(x1) * x2),0.999914842433514,-106.28794977986273,0.015478464058709528,True,True,0.07500000000000001,20260831
T04,joint_structure_parameter_information_gain,1,4,16,9,0.0002925102858561399,gate1b_t04_02,M_base(x) + (p0 * sin(x1) * x2),0.9999772623577642,-114.50746925819455,0.015067407154695078,True,True,0.07500000000000001,20260831
T04,joint_structure_parameter_information_gain,1,5,17,9,0.0004757472999441828,gate1b_t04_02,M_base(x) + (p0 * sin(x1) * x2),0.999961274021664,-120.3450729691696,0.010817065076326132,True,True,0.07500000000000001,20260831
T04,joint_structure_parameter_information_gain,1,6,18,9,0.00026159559293888125,gate1b_t04_02,M_base(x) + (p0 * sin(x1) * x2),0.9999797301723218,-125.74501325097592,0.014761443555339671,True,True,0.07500000000000001,20260831
T04,joint_structure_parameter_information_gain,1,7,19,9,0.00011673153510594003,gate1b_t04_02,M_base(x) + (p0 * sin(x1) * x2),0.9999914700578363,-133.81977697107087,0.015191660349331743,True,True,0.07500000000000001,20260831
T04,joint_structure_parameter_information_gain,1,8,20,9,8.398813710944283e-05,gate1b_t04_02,M_base(x) + (p0 * sin(x1) * x2),0.9999940012888336,-141.44239466788304,0.013890779209218905,True,True,0.07500000000000001,20260831
T05,space_filling_design,1,0,12,9,0.9626400971001166,gate1d_t05_04,M_base(x) + (sin(exp(((pysr_coefficient_1 + (-1 * x1)) * pysr_coefficient_2))) + (-1 * pysr_coefficient_3)),0.6804301083112455,-100.73453510028648,0.03150491040354152,True,False,0.045,20260831
T05,space_filling_design,1,1,13,9,1.240508085899609,gate1d_t05_01,M_base(x) + (coefficient_exp_x1 * exp((rate_x1 * x1))),0.37912826605859373,-106.02323385127856,0.006509365410834785,True,True,0.045,20260831
T05,space_filling_design,1,2,14,9,1.2022221731869183,gate1d_t05_01,M_base(x) + (coefficient_exp_x1 * exp((rate_x1 * x1))),0.3880367033140484,-115.21673065097667,0.006285479961929813,True,True,0.045,20260831
T05,space_filling_design,1,3,15,9,1.1832282981901534,gate1d_t05_01,M_base(x) + (coefficient_exp_x1 * exp((rate_x1 * x1))),0.39528815062485306,-124.64950767379679,0.0064166627791117144,True,True,0.045,20260831
T05,space_filling_design,1,4,16,9,1.1973678006429647,gate1d_t05_01,M_base(x) + (coefficient_exp_x1 * exp((rate_x1 * x1))),0.3872613387627922,-132.87624258199867,0.0056664659053240725,True,True,0.045,20260831
T05,space_filling_design,1,5,17,9,1.1850264628824643,gate1d_t05_02,M_base(x) + exp((pysr_coefficient_1 + (-1 * (x1 * pysr_coefficient_2)))),0.39096113403381383,-142.40640157991558,0.005643410170893016,True,False,0.045,20260831
T05,space_filling_design,1,6,18,9,1.1704877012011905,gate1d_t05_01,M_base(x) + (coefficient_exp_x1 * exp((rate_x1 * x1))),0.3966789879036658,-152.02053395461618,0.005686678070114125,True,True,0.045,20260831
T05,space_filling_design,1,7,19,9,1.1516554177957414,gate1d_t05_01,M_base(x) + (coefficient_exp_x1 * exp((rate_x1 * x1))),0.404776302174486,-161.0916729725488,0.006099922341056423,True,True,0.045,20260831
T05,space_filling_design,1,8,20,9,1.1444477214808173,gate1d_t05_01,M_base(x) + (coefficient_exp_x1 * exp((rate_x1 * x1))),0.4061279531835133,-170.6053378775963,0.005902784691221534,True,True,0.045,20260831
T05,random_design,1,0,12,9,0.9626400971001166,gate1d_t05_04,M_base(x) + (sin(exp(((pysr_coefficient_1 + (-1 * x1)) * pysr_coefficient_2))) + (-1 * pysr_coefficient_3)),0.6804301083112455,-100.73453510028648,0.03150491040354152,True,False,0.045,20260831
T05,random_design,1,1,13,9,1.3385353619155045,gate1d_t05_02,M_base(x) + exp((pysr_coefficient_1 + (-1 * (x1 * pysr_coefficient_2)))),0.32441770285127697,-106.79440185329985,0.006812457575069504,True,False,0.045,20260831
T05,random_design,1,2,14,9,1.2691251702989221,gate1d_t05_02,M_base(x) + exp((pysr_coefficient_1 + (-1 * (x1 * pysr_coefficient_2)))),0.37150073846667103,-116.24325656252883,0.006678458209925266,True,False,0.045,20260831
T05,random_design,1,3,15,9,1.2690884463765215,gate1d_t05_01,M_base(x) + (coefficient_exp_x1 * exp((rate_x1 * x1))),0.370673272525341,-125.46367170877721,0.007064960469838926,True,True,0.045,20260831
T05,random_design,1,4,16,9,1.2683723491835015,gate1d_t05_01,M_base(x) + (coefficient_exp_x1 * exp((rate_x1 * x1))),0.3679459380269099,-134.6969466966031,0.006829013477301794,True,True,0.045,20260831
T05,random_design,1,5,17,9,1.3095438460662796,gate1d_t05_02,M_base(x) + exp((pysr_coefficient_1 + (-1 * (x1 * pysr_coefficient_2)))),0.34941945267418395,-138.98364991199867,0.005258498751932262,True,False,0.045,20260831
T05,random_design,1,6,18,9,1.3083696023539055,gate1d_t05_02,M_base(x) + exp((pysr_coefficient_1 + (-1 * (x1 * pysr_coefficient_2)))),0.3481973907959071,-148.18669928481998,0.005577429154348585,True,False,0.045,20260831
T05,random_design,1,7,19,9,1.302740722577777,gate1d_t05_02,M_base(x) + exp((pysr_coefficient_1 + (-1 * (x1 * pysr_coefficient_2)))),0.3489082909358388,-157.4950776133701,0.005812027981700183,True,False,0.045,20260831
T05,random_design,1,8,20,9,1.3118126040940257,gate1d_t05_02,M_base(x) + exp((pysr_coefficient_1 + (-1 * (x1 * pysr_coefficient_2)))),0.339686096689965,-166.32540464383754,0.00523287264212171,True,False,0.045,20260831
T05,model_information_gain,1,0,12,9,0.9626400971001166,gate1d_t05_04,M_base(x) + (sin(exp(((pysr_coefficient_1 + (-1 * x1)) * pysr_coefficient_2))) + (-1 * pysr_coefficient_3)),0.6804301083112455,-100.73453510028648,0.03150491040354152,True,False,0.045,20260831
T05,model_information_gain,1,1,13,9,1.2307760014007443,gate1d_t05_02,M_base(x) + exp((pysr_coefficient_1 + (-1 * (x1 * pysr_coefficient_2)))),0.3821285928726048,-106.08392098475572,0.006576206557931151,True,False,0.045,20260831
T05,model_information_gain,1,2,14,9,1.2341007076619797,gate1d_t05_01,M_base(x) + (coefficient_exp_x1 * exp((rate_x1 * x1))),0.3740048942268378,-113.45654597418107,0.005919118501939491,True,True,0.045,20260831
T05,model_information_gain,1,3,15,9,1.1892501631321337,gate1d_t05_02,M_base(x) + exp((pysr_coefficient_1 + (-1 * (x1 * pysr_coefficient_2)))),0.3884039994130607,-122.70040055983182,0.005375722054757261,True,False,0.045,20260831
T05,model_information_gain,1,4,16,9,1.165508812013528,gate1d_t05_02,M_base(x) + exp((pysr_coefficient_1 + (-1 * (x1 * pysr_coefficient_2)))),0.3969715694665251,-132.1351495531142,0.005378515963351734,True,False,0.045,20260831
T05,model_information_gain,1,5,17,9,1.2137233844311406,gate1d_t05_01,M_base(x) + (coefficient_exp_x1 * exp((rate_x1 * x1))),0.37366109689629373,-139.65608486293266,0.005354495731867683,True,True,0.045,20260831
T05,model_information_gain,1,6,18,9,1.1657678902141524,gate1d_t05_01,M_base(x) + (coefficient_exp_x1 * exp((rate_x1 * x1))),0.394965895162546,-146.59819796286303,0.003853172836759411,True,True,0.045,20260831
T05,model_information_gain,1,7,19,9,1.177562260082789,gate1d_t05_01,M_base(x) + (coefficient_exp_x1 * exp((rate_x1 * x1))),0.38863672770421015,-155.48720145202344,0.0039865009792514365,True,True,0.045,20260831
T05,model_information_gain,1,8,20,9,1.1610142865715019,gate1d_t05_01,M_base(x) + (coefficient_exp_x1 * exp((rate_x1 * x1))),0.39556903200213706,-164.8800697170294,0.003912789302502619,True,True,0.045,20260831
T05,parameter_information_gain,1,0,12,9,0.9626400971001166,gate1d_t05_04,M_base(x) + (sin(exp(((pysr_coefficient_1 + (-1 * x1)) * pysr_coefficient_2))) + (-1 * pysr_coefficient_3)),0.6804301083112455,-100.73453510028648,0.03150491040354152,True,False,0.045,20260831
T05,parameter_information_gain,1,1,13,9,1.2307760014007443,gate1d_t05_02,M_base(x) + exp((pysr_coefficient_1 + (-1 * (x1 * pysr_coefficient_2)))),0.3821285928726048,-106.08392098475572,0.006576206557931151,True,False,0.045,20260831
T05,parameter_information_gain,1,2,14,9,1.196057271267315,gate1d_t05_02,M_base(x) + exp((pysr_coefficient_1 + (-1 * (x1 * pysr_coefficient_2)))),0.39455102473542875,-115.32606776679572,0.0059370580001574,True,False,0.045,20260831
T05,parameter_information_gain,1,3,15,9,1.1886620302914892,gate1d_t05_01,M_base(x) + (coefficient_exp_x1 * exp((rate_x1 * x1))),0.3987978809861662,-121.6888749953191,0.0042202864755007926,True,True,0.045,20260831
T05,parameter_information_gain,1,4,16,9,1.1751449296304164,gate1d_t05_01,M_base(x) + (coefficient_exp_x1 * exp((rate_x1 * x1))),0.4032669172052514,-130.9917707546711,0.00440901073503234,True,True,0.045,20260831
T05,parameter_information_gain,1,5,17,9,1.1899604431280772,gate1d_t05_01,M_base(x) + (coefficient_exp_x1 * exp((rate_x1 * x1))),0.3971787969477497,-138.5371485628552,0.003911624185260517,True,True,0.045,20260831
T05,parameter_information_gain,1,6,18,9,1.177119200542018,gate1d_t05_01,M_base(x) + (coefficient_exp_x1 * exp((rate_x1 * x1))),0.4019338579291436,-147.92991602715486,0.0038508300935143876,True,True,0.045,20260831
T05,parameter_information_gain,1,7,19,9,1.169796754545494,gate1d_t05_01,M_base(x) + (coefficient_exp_x1 * exp((rate_x1 * x1))),0.4052253154607626,-157.2175913927403,0.0035312289244492086,True,True,0.045,20260831
T05,parameter_information_gain,1,8,20,9,1.1502459037190251,gate1d_t05_02,M_base(x) + exp((pysr_coefficient_1 + (-1 * (x1 * pysr_coefficient_2)))),0.4121983421612022,-165.48635995126338,0.0037808847579455388,True,False,0.045,20260831
T05,joint_structure_parameter_information_gain,1,0,12,9,0.9626400971001166,gate1d_t05_04,M_base(x) + (sin(exp(((pysr_coefficient_1 + (-1 * x1)) * pysr_coefficient_2))) + (-1 * pysr_coefficient_3)),0.6804301083112455,-100.73453510028648,0.03150491040354152,True,False,0.045,20260831
T05,joint_structure_parameter_information_gain,1,1,13,9,1.2307760014007443,gate1d_t05_02,M_base(x) + exp((pysr_coefficient_1 + (-1 * (x1 * pysr_coefficient_2)))),0.3821285928726048,-106.08392098475572,0.006576206557931151,True,False,0.045,20260831
T05,joint_structure_parameter_information_gain,1,2,14,9,1.196057271267315,gate1d_t05_02,M_base(x) + exp((pysr_coefficient_1 + (-1 * (x1 * pysr_coefficient_2)))),0.39455102473542875,-115.32606776679572,0.0059370580001574,True,False,0.045,20260831
T05,joint_structure_parameter_information_gain,1,3,15,9,1.1886620302914892,gate1d_t05_01,M_base(x) + (coefficient_exp_x1 * exp((rate_x1 * x1))),0.3987978809861662,-121.6888749953191,0.0042202864755007926,True,True,0.045,20260831
T05,joint_structure_parameter_information_gain,1,4,16,9,1.1751449296304164,gate1d_t05_01,M_base(x) + (coefficient_exp_x1 * exp((rate_x1 * x1))),0.4032669172052514,-130.9917707546711,0.00440901073503234,True,True,0.045,20260831
T05,joint_structure_parameter_information_gain,1,5,17,9,1.1899604431280772,gate1d_t05_01,M_base(x) + (coefficient_exp_x1 * exp((rate_x1 * x1))),0.3971787969477497,-138.5371485628552,0.003911624185260517,True,True,0.045,20260831
T05,joint_structure_parameter_information_gain,1,6,18,9,1.1824309876755954,gate1d_t05_02,M_base(x) + exp((pysr_coefficient_1 + (-1 * (x1 * pysr_coefficient_2)))),0.40061067708836984,-147.76839130988844,0.003547625651908439,True,False,0.045,20260831
T05,joint_structure_parameter_information_gain,1,7,19,9,1.1688771442342996,gate1d_t05_01,M_base(x) + (coefficient_exp_x1 * exp((rate_x1 * x1))),0.4054624930887562,-157.21764102915014,0.0035626594799710812,True,True,0.045,20260831
T05,joint_structure_parameter_information_gain,1,8,20,9,1.1492589529957256,gate1d_t05_01,M_base(x) + (coefficient_exp_x1 * exp((rate_x1 * x1))),0.4124241494183992,-165.48410606959746,0.0038121740644893975,True,True,0.045,20260831
T06,space_filling_design,1,0,12,9,0.7607194779677313,gate1b_t06_01,M_base(x) + (tanh((p0 + (p1 * x2))) * p2),0.49250011832036544,-92.58546084931697,0.004246199753742563,True,False,0.045,20260831
T06,space_filling_design,1,1,13,9,0.6972640685607426,gate1b_t06_01,M_base(x) + (tanh((p0 + (p1 * x2))) * p2),0.49974033561353637,-101.1925681776014,0.00623191263131325,True,False,0.045,20260831
T06,space_filling_design,1,2,14,9,0.6957139842983089,gate1b_t06_02,M_base(x) + (a * tanh((b * (x2 - c)))),0.49984752973542124,-110.20899223970788,0.006031479014445088,True,False,0.045,20260831
T06,space_filling_design,1,3,15,9,0.6932018471163202,gate1b_t06_01,M_base(x) + (tanh((p0 + (p1 * x2))) * p2),0.49999802362366785,-112.45476235252941,0.007906464471177507,True,False,0.045,20260831
T06,space_filling_design,1,4,16,9,0.6931692903127915,gate1b_t06_01,M_base(x) + (tanh((p0 + (p1 * x2))) * p2),0.4999992498380057,-121.33216213871091,0.007866520734720965,True,False,0.045,20260831
T06,space_filling_design,1,5,17,9,0.6931624501518752,gate1b_t06_02,M_base(x) + (a * tanh((b * (x2 - c)))),0.4999994911982384,-128.98127983048417,0.00554403212545226,True,False,0.045,20260831
T06,space_filling_design,1,6,18,9,0.6931548192902862,gate1b_t06_01,M_base(x) + (tanh((p0 + (p1 * x2))) * p2),0.49999975613910735,-137.54521150231997,0.006608593491939321,True,False,0.045,20260831
T06,space_filling_design,1,7,19,9,0.6931533023244425,gate1b_t06_02,M_base(x) + (a * tanh((b * (x2 - c)))),0.4999998073442363,-145.1822240059868,0.005010678085785999,True,False,0.045,20260831
T06,space_filling_design,1,8,20,9,0.6931482656838421,gate1b_t06_01,M_base(x) + (tanh((p0 + (p1 * x2))) * p2),0.4999999695105313,-153.74378582663303,0.00463938540741984,True,False,0.045,20260831
T06,random_design,1,0,12,9,0.7607194779677313,gate1b_t06_01,M_base(x) + (tanh((p0 + (p1 * x2))) * p2),0.49250011832036544,-92.58546084931697,0.004246199753742563,True,False,0.045,20260831
T06,random_design,1,1,13,9,0.7489717235020534,gate1b_t06_02,M_base(x) + (a * tanh((b * (x2 - c)))),0.49412164440341755,-101.06918476934132,0.006375321002792408,True,False,0.045,20260831
T06,random_design,1,2,14,9,0.7281613096270765,gate1b_t06_01,M_base(x) + (tanh((p0 + (p1 * x2))) * p2),0.49671680316526057,-110.17927211283472,0.0059254863610556,True,False,0.045,20260831
T06,random_design,1,3,15,9,0.7170981304936043,gate1b_t06_02,M_base(x) + (a * tanh((b * (x2 - c)))),0.49793447252195605,-117.87319532200077,0.008773108464156493,True,False,0.045,20260831
T06,random_design,1,4,16,9,0.6975190782632583,gate1b_t06_02,M_base(x) + (a * tanh((b * (x2 - c)))),0.4997202165389174,-125.04835451537338,0.005571932338093259,True,False,0.045,20260831
T06,random_design,1,5,17,9,0.6934355741457352,gate1b_t06_02,M_base(x) + (a * tanh((b * (x2 - c)))),0.4999868519278601,-134.20370385586577,0.005297809736285715,True,False,0.045,20260831
T06,random_design,1,6,18,9,0.6933118906841921,gate1b_t06_02,M_base(x) + (a * tanh((b * (x2 - c)))),0.49999287665771613,-143.3931773895105,0.005094562269081754,True,False,0.045,20260831
T06,random_design,1,7,19,9,0.6931488617155408,gate1b_t06_02,M_base(x) + (a * tanh((b * (x2 - c)))),0.49999995115865326,-152.6572346042449,0.004847896563898775,True,False,0.045,20260831
T06,random_design,1,8,20,9,0.6931483493353359,gate1b_t06_02,M_base(x) + (a * tanh((b * (x2 - c)))),0.4999999667372111,-160.87550598705602,0.005635440838283242,True,False,0.045,20260831
T06,model_information_gain,1,0,12,9,0.7607194779677313,gate1b_t06_01,M_base(x) + (tanh((p0 + (p1 * x2))) * p2),0.49250011832036544,-92.58546084931697,0.004246199753742563,True,False,0.045,20260831
T06,model_information_gain,1,1,13,9,0.6932349262567095,gate1b_t06_02,M_base(x) + (a * tanh((b * (x2 - c)))),0.49999669481973497,-101.72194351323262,0.004223293316368327,True,False,0.045,20260831
T06,model_information_gain,1,2,14,9,0.693169987245021,gate1b_t06_01,M_base(x) + (tanh((p0 + (p1 * x2))) * p2),0.4999992088878333,-108.94006885523277,0.003901646800008331,True,False,0.045,20260831
T06,model_information_gain,1,3,15,9,0.6931541315811955,gate1b_t06_01,M_base(x) + (tanh((p0 + (p1 * x2))) * p2),0.49999978294496566,-116.19213123096998,0.0075139129197652615,True,False,0.045,20260831
T06,model_information_gain,1,4,16,9,0.6931483046273939,gate1b_t06_02,M_base(x) + (a * tanh((b * (x2 - c)))),0.499999968550924,-124.7359831881054,0.0069078335031245485,True,False,0.045,20260831
T06,model_information_gain,1,5,17,9,0.6931475339958312,gate1b_t06_01,M_base(x) + (tanh((p0 + (p1 * x2))) * p2),0.4999999907950879,-133.49470769654735,0.0054089309558284305,True,False,0.045,20260831
T06,model_information_gain,1,6,18,9,0.6931504160440448,gate1b_t06_01,M_base(x) + (tanh((p0 + (p1 * x2))) * p2),0.49999990172930714,-134.6787413343433,0.003586283071844127,True,False,0.045,20260831
T06,model_information_gain,1,7,19,9,0.6931480460885426,gate1b_t06_02,M_base(x) + (a * tanh((b * (x2 - c)))),0.49999997611616714,-143.39368775380797,0.004466233678070492,True,False,0.045,20260831
T06,model_information_gain,1,8,20,9,0.6931475170642796,gate1b_t06_02,M_base(x) + (a * tanh((b * (x2 - c)))),0.49999999123277067,-152.0573191188308,0.005606797429660648,True,False,0.045,20260831
T06,parameter_information_gain,1,0,12,9,0.7607194779677313,gate1b_t06_01,M_base(x) + (tanh((p0 + (p1 * x2))) * p2),0.49250011832036544,-92.58546084931697,0.004246199753742563,True,False,0.045,20260831
T06,parameter_information_gain,1,1,13,9,0.6932349262567095,gate1b_t06_02,M_base(x) + (a * tanh((b * (x2 - c)))),0.49999669481973497,-101.72194351323262,0.004223293316368327,True,False,0.045,20260831
T06,parameter_information_gain,1,2,14,9,0.6931961582583275,gate1b_t06_01,M_base(x) + (tanh((p0 + (p1 * x2))) * p2),0.4999982373297739,-110.32278555953609,0.005417769321333571,True,False,0.045,20260831
T06,parameter_information_gain,1,3,15,9,0.6931591599618226,gate1b_t06_01,M_base(x) + (tanh((p0 + (p1 * x2))) * p2),0.4999996043944545,-119.4952190537582,0.005541290343754986,True,False,0.045,20260831
T06,parameter_information_gain,1,4,16,9,0.6932304302822495,gate1b_t06_02,M_base(x) + (a * tanh((b * (x2 - c)))),0.4999967789320916,-121.10960089865293,0.0063902795265165305,True,False,0.045,20260831
T06,parameter_information_gain,1,5,17,9,0.6931917907692173,gate1b_t06_02,M_base(x) + (a * tanh((b * (x2 - c)))),0.49999835888384425,-129.73325799749657,0.006849241735527363,True,False,0.045,20260831
T06,parameter_information_gain,1,6,18,9,0.6931722479968868,gate1b_t06_02,M_base(x) + (a * tanh((b * (x2 - c)))),0.4999991007259174,-137.72523174772027,0.006726939860872413,True,False,0.045,20260831
T06,parameter_information_gain,1,7,19,9,0.6931612642248313,gate1b_t06_01,M_base(x) + (tanh((p0 + (p1 * x2))) * p2),0.49999951452293157,-146.48709976639893,0.007706606888542819,True,False,0.045,20260831
T06,parameter_information_gain,1,8,20,9,0.6931550505472704,gate1b_t06_02,M_base(x) + (a * tanh((b * (x2 - c)))),0.49999973738457765,-152.92868334436724,0.006986430792388119,True,False,0.045,20260831
T06,joint_structure_parameter_information_gain,1,0,12,9,0.7607194779677313,gate1b_t06_01,M_base(x) + (tanh((p0 + (p1 * x2))) * p2),0.49250011832036544,-92.58546084931697,0.004246199753742563,True,False,0.045,20260831
T06,joint_structure_parameter_information_gain,1,1,13,9,0.6932349262567095,gate1b_t06_02,M_base(x) + (a * tanh((b * (x2 - c)))),0.49999669481973497,-101.72194351323262,0.004223293316368327,True,False,0.045,20260831
T06,joint_structure_parameter_information_gain,1,2,14,9,0.6931961582583275,gate1b_t06_01,M_base(x) + (tanh((p0 + (p1 * x2))) * p2),0.4999982373297739,-110.32278555953609,0.005417769321333571,True,False,0.045,20260831
T06,joint_structure_parameter_information_gain,1,3,15,9,0.6931591599618226,gate1b_t06_01,M_base(x) + (tanh((p0 + (p1 * x2))) * p2),0.4999996043944545,-119.4952190537582,0.005541290343754986,True,False,0.045,20260831
T06,joint_structure_parameter_information_gain,1,4,16,9,0.6932304302822495,gate1b_t06_02,M_base(x) + (a * tanh((b * (x2 - c)))),0.4999967789320916,-121.10960089865293,0.0063902795265165305,True,False,0.045,20260831
T06,joint_structure_parameter_information_gain,1,5,17,9,0.6931917907692173,gate1b_t06_02,M_base(x) + (a * tanh((b * (x2 - c)))),0.49999835888384425,-129.73325799749657,0.006849241735527363,True,False,0.045,20260831
T06,joint_structure_parameter_information_gain,1,6,18,9,0.6931722479968868,gate1b_t06_02,M_base(x) + (a * tanh((b * (x2 - c)))),0.4999991007259174,-137.72523174772027,0.006726939860872413,True,False,0.045,20260831
T06,joint_structure_parameter_information_gain,1,7,19,9,0.6931612642248313,gate1b_t06_01,M_base(x) + (tanh((p0 + (p1 * x2))) * p2),0.49999951452293157,-146.48709976639893,0.007706606888542819,True,False,0.045,20260831
T06,joint_structure_parameter_information_gain,1,8,20,9,0.6931550505472704,gate1b_t06_02,M_base(x) + (a * tanh((b * (x2 - c)))),0.49999973738457765,-152.92868334436724,0.006986430792388119,True,False,0.045,20260831
T01,space_filling_design,1,0,12,9,1.9416784534926836,gate1d_t01_02,M_base(x) + (p0 * (x1 ^ 2)),0.29723281428040027,-91.4302069349826,0.025923148964670677,True,True,0.06,20260903
T01,space_filling_design,1,1,13,9,1.866747073175883,gate1d_t01_02,M_base(x) + (p0 * (x1 ^ 2)),0.28724005273708825,-99.05558262262313,0.0006405562985467929,True,True,0.06,20260903
T01,space_filling_design,1,2,14,9,1.8134072429031947,gate1d_t01_02,M_base(x) + (p0 * (x1 ^ 2)),0.3403389377214848,-107.83585615900253,0.0007150027696985182,True,True,0.06,20260903
T01,space_filling_design,1,3,15,9,1.7651806060728465,gate1d_t01_02,M_base(x) + (p0 * (x1 ^ 2)),0.377629867301877,-116.68721019581757,0.0004862396007881871,True,True,0.06,20260903
T01,space_filling_design,1,4,16,9,1.6917127770534413,gate1d_t01_02,M_base(x) + (p0 * (x1 ^ 2)),0.4176026464953821,-125.54893753687129,0.00017968439339736077,True,True,0.06,20260903
T01,space_filling_design,1,5,17,9,1.5936995874498354,gate1d_t01_02,M_base(x) + (p0 * (x1 ^ 2)),0.45258001328485153,-134.13067733021202,0.0012306511783346183,True,True,0.06,20260903
T01,space_filling_design,1,6,18,9,1.575212400156755,gate1d_t01_02,M_base(x) + (p0 * (x1 ^ 2)),0.4593040230832595,-143.13562462818066,0.001631163242364629,True,True,0.06,20260903
T01,space_filling_design,1,7,19,9,1.60892687975986,gate1d_t01_02,M_base(x) + (p0 * (x1 ^ 2)),0.43972848120057273,-151.6977860755646,0.0007081075114545682,True,True,0.06,20260903
T01,space_filling_design,1,8,20,9,1.6521838705342178,gate1d_t01_02,M_base(x) + (p0 * (x1 ^ 2)),0.39660174269843834,-159.6740228312475,0.0014942570757163413,True,True,0.06,20260903
T01,random_design,1,0,12,9,1.9416784534926836,gate1d_t01_02,M_base(x) + (p0 * (x1 ^ 2)),0.29723281428040027,-91.4302069349826,0.025923148964670677,True,True,0.06,20260903
T01,random_design,1,1,13,9,1.9459363011471695,gate1d_t01_02,M_base(x) + (p0 * (x1 ^ 2)),0.3048681317731624,-99.29109774020816,0.007335656420819089,True,True,0.06,20260903
T01,random_design,1,2,14,9,1.7629522896112628,gate1d_t01_02,M_base(x) + (p0 * (x1 ^ 2)),0.3777419654086514,-107.9652970508994,0.011750297961357275,True,True,0.06,20260903
T01,random_design,1,3,15,9,1.6903752187891168,gate1d_t01_02,M_base(x) + (p0 * (x1 ^ 2)),0.431229255385329,-115.93813320144933,0.017832360004399122,True,True,0.06,20260903
T01,random_design,1,4,16,9,1.6635593674629408,gate1d_t01_02,M_base(x) + (p0 * (x1 ^ 2)),0.44056550344608714,-124.27520450962034,0.015083540799374885,True,True,0.06,20260903
T01,random_design,1,5,17,9,1.6436906960349198,gate1d_t01_02,M_base(x) + (p0 * (x1 ^ 2)),0.43822472746738617,-132.21508888049792,0.012313102053186647,True,True,0.06,20260903
T01,random_design,1,6,18,9,1.6044374005241822,gate1d_t01_02,M_base(x) + (p0 * (x1 ^ 2)),0.4244912313492825,-140.74836057212718,0.014669780365256012,True,True,0.06,20260903
T01,random_design,1,7,19,9,1.6302169793052117,gate1d_t01_02,M_base(x) + (p0 * (x1 ^ 2)),0.4188620198623214,-143.6726236950543,0.010902588280455365,True,True,0.06,20260903
T01,random_design,1,8,20,9,1.6158541870514564,gate1d_t01_02,M_base(x) + (p0 * (x1 ^ 2)),0.40746260896663644,-152.04718623565216,0.009720008305340531,True,True,0.06,20260903
T01,model_information_gain,1,0,12,9,1.9416784534926836,gate1d_t01_02,M_base(x) + (p0 * (x1 ^ 2)),0.29723281428040027,-91.4302069349826,0.025923148964670677,True,True,0.06,20260903
T01,model_information_gain,1,1,13,9,1.8127611648185167,gate1d_t01_02,M_base(x) + (p0 * (x1 ^ 2)),0.34476113294650684,-99.46760998313053,0.005768613305997644,True,True,0.06,20260903
T01,model_information_gain,1,2,14,9,1.813407242903192,gate1d_t01_02,M_base(x) + (p0 * (x1 ^ 2)),0.34033893772148593,-107.8358561590025,0.000715002786666682,True,True,0.06,20260903
T01,model_information_gain,1,3,15,9,1.7711382552770105,gate1d_t01_02,M_base(x) + (p0 * (x1 ^ 2)),0.37217397436113375,-116.6859899809311,0.0009268568848922343,True,True,0.06,20260903
T01,model_information_gain,1,4,16,9,1.6912402671163858,gate1d_t01_02,M_base(x) + (p0 * (x1 ^ 2)),0.4137596098825609,-125.52065782549938,0.0002666731743930493,True,True,0.06,20260903
T01,model_information_gain,1,5,17,9,1.6890418820401107,gate1d_t01_02,M_base(x) + (p0 * (x1 ^ 2)),0.4178905246892411,-134.11461352436237,0.00204527346180596,True,True,0.06,20260903
T01,model_information_gain,1,6,18,9,1.5505203105819814,gate1d_t01_02,M_base(x) + (p0 * (x1 ^ 2)),0.4722787821089172,-142.2715824799714,0.0033977220572508227,True,True,0.06,20260903
T01,model_information_gain,1,7,19,9,1.552655861722923,gate1d_t01_02,M_base(x) + (p0 * (x1 ^ 2)),0.4740180350186889,-150.88155216867003,0.0024985987499380902,True,True,0.06,20260903
T01,model_information_gain,1,8,20,9,1.5106482214916457,gate1d_t01_02,M_base(x) + (p0 * (x1 ^ 2)),0.4880100194426406,-159.95207641309406,0.002483806674605239,True,True,0.06,20260903
T01,parameter_information_gain,1,0,12,9,1.9416784534926836,gate1d_t01_02,M_base(x) + (p0 * (x1 ^ 2)),0.29723281428040027,-91.4302069349826,0.025923148964670677,True,True,0.06,20260903
T01,parameter_information_gain,1,1,13,9,1.866747073175883,gate1d_t01_02,M_base(x) + (p0 * (x1 ^ 2)),0.28724005273708825,-99.05558262262313,0.0006405562985467929,True,True,0.06,20260903
T01,parameter_information_gain,1,2,14,9,1.8134072429031947,gate1d_t01_02,M_base(x) + (p0 * (x1 ^ 2)),0.3403389377214848,-107.83585615900253,0.0007150027696985182,True,True,0.06,20260903
T01,parameter_information_gain,1,3,15,9,1.789884909274463,gate1d_t01_02,M_base(x) + (p0 * (x1 ^ 2)),0.3584444942269682,-116.65812948157145,0.0015676389786055775,True,True,0.06,20260903
T01,parameter_information_gain,1,4,16,9,1.790358581948839,gate1d_t01_02,M_base(x) + (p0 * (x1 ^ 2)),0.35417628619761143,-125.07103792871425,0.0007528413713536269,True,True,0.06,20260903
T01,parameter_information_gain,1,5,17,9,1.781646838786078,gate1d_t01_02,M_base(x) + (p0 * (x1 ^ 2)),0.3617468629918225,-133.9467326852212,2.456803336460214e-05,True,True,0.06,20260903
T01,parameter_information_gain,1,6,18,9,1.7653591802594462,gate1d_t01_02,M_base(x) + (p0 * (x1 ^ 2)),0.3723542445428778,-142.8517257610044,0.0006468815659036544,True,True,0.06,20260903
T01,parameter_information_gain,1,7,19,9,1.7710507208632793,gate1d_t01_02,M_base(x) + (p0 * (x1 ^ 2)),0.3690261971806598,-151.45063497815627,0.000498547012951586,True,True,0.06,20260903
T01,parameter_information_gain,1,8,20,9,1.7880046217021546,gate1d_t01_02,M_base(x) + (p0 * (x1 ^ 2)),0.3597568731511985,-159.444068843248,0.0010272176410811192,True,True,0.06,20260903
T01,joint_structure_parameter_information_gain,1,0,12,9,1.9416784534926836,gate1d_t01_02,M_base(x) + (p0 * (x1 ^ 2)),0.29723281428040027,-91.4302069349826,0.025923148964670677,True,True,0.06,20260903
T01,joint_structure_parameter_information_gain,1,1,13,9,1.866747073175883,gate1d_t01_02,M_base(x) + (p0 * (x1 ^ 2)),0.28724005273708825,-99.05558262262313,0.0006405562985467929,True,True,0.06,20260903
T01,joint_structure_parameter_information_gain,1,2,14,9,1.8134072429031947,gate1d_t01_02,M_base(x) + (p0 * (x1 ^ 2)),0.3403389377214848,-107.83585615900253,0.0007150027696985182,True,True,0.06,20260903
T01,joint_structure_parameter_information_gain,1,3,15,9,1.8050179049600832,gate1d_t01_02,M_base(x) + (p0 * (x1 ^ 2)),0.33911736577032797,-116.32573699545023,0.0020608694576444717,True,True,0.06,20260903
T01,joint_structure_parameter_information_gain,1,4,16,9,1.790358581948838,gate1d_t01_02,M_base(x) + (p0 * (x1 ^ 2)),0.354176286197612,-125.07103792871425,0.0007528413713536269,True,True,0.06,20260903
T01,joint_structure_parameter_information_gain,1,5,17,9,1.6956095119627226,gate1d_t01_02,M_base(x) + (p0 * (x1 ^ 2)),0.41852463884850544,-133.9425578098912,0.0012288451906136966,True,True,0.06,20260903
T01,joint_structure_parameter_information_gain,1,6,18,9,1.6720974041582912,gate1d_t01_02,M_base(x) + (p0 * (x1 ^ 2)),0.4288771481619175,-142.84598263131025,0.0004625118437851797,True,True,0.06,20260903
T01,joint_structure_parameter_information_gain,1,7,19,9,1.6380308572441105,gate1d_t01_02,M_base(x) + (p0 * (x1 ^ 2)),0.44813813146972753,-151.7710002591231,0.0002374771080221999,True,True,0.06,20260903
T01,joint_structure_parameter_information_gain,1,8,20,9,1.632229420870798,gate1d_t01_02,M_base(x) + (p0 * (x1 ^ 2)),0.4448812971324683,-159.8947991374299,0.0017923007407999656,True,True,0.06,20260903
T02,space_filling_design,1,0,12,9,0.04377591503823072,gate1d_t02_01,M_base(x) * (1 + (p6 * x1 * x2)),0.9935301721750452,-91.13796326408921,0.036964850900095346,True,True,0.06,20260903
T02,space_filling_design,1,1,13,9,0.2602508641855942,gate1d_t02_01,M_base(x) * (1 + (p6 * x1 * x2)),0.9340630538719233,-93.48038750863371,0.003183600157631402,True,True,0.06,20260903
T02,space_filling_design,1,2,14,9,0.009573355079460133,gate1d_t02_01,M_base(x) * (1 + (p6 * x1 * x2)),0.9988371097048446,-98.25995912625709,0.0017280819748648113,True,True,0.06,20260903
T02,space_filling_design,1,3,15,9,0.0034503596193003246,gate1d_t02_01,M_base(x) * (1 + (p6 * x1 * x2)),0.9996306066724209,-105.98045303314484,0.0014461683835510124,True,True,0.06,20260903
T02,space_filling_design,1,4,16,9,0.0013608052856024988,gate1d_t02_01,M_base(x) * (1 + (p6 * x1 * x2)),0.9998692296133632,-113.74805297073232,0.0017555532031678423,True,True,0.06,20260903
T02,space_filling_design,1,5,17,9,2.4028943898851783e-09,gate1d_t02_01,M_base(x) * (1 + (p6 * x1 * x2)),0.9999999999010324,-121.66903047463614,0.00019130737275947006,True,True,0.06,20260903
T02,space_filling_design,1,6,18,9,5.821893418849483e-10,gate1d_t02_01,M_base(x) * (1 + (p6 * x1 * x2)),0.999999999977372,-129.87439821639938,7.385264182572207e-05,True,True,0.06,20260903
T02,space_filling_design,1,7,19,9,1.7416572419758206e-10,gate1d_t02_01,M_base(x) * (1 + (p6 * x1 * x2)),0.9999999999935426,-138.10167885401972,0.0002691044120014775,True,True,0.06,20260903
T02,space_filling_design,1,8,20,9,1.089301272713875e-12,gate1d_t02_01,M_base(x) * (1 + (p6 * x1 * x2)),0.9999999999999661,-146.25451663485626,0.0006047151609356611,True,True,0.06,20260903
T02,random_design,1,0,12,9,0.04377591503823072,gate1d_t02_01,M_base(x) * (1 + (p6 * x1 * x2)),0.9935301721750452,-91.13796326408921,0.036964850900095346,True,True,0.06,20260903
T02,random_design,1,1,13,9,0.021976647659853094,gate1d_t02_01,M_base(x) * (1 + (p6 * x1 * x2)),0.9971274428891637,-97.19818421361754,0.03096624013975195,True,True,0.06,20260903
T02,random_design,1,2,14,9,0.002026844519048133,gate1d_t02_01,M_base(x) * (1 + (p6 * x1 * x2)),0.999803946867107,-104.61351025991748,0.02315944196202398,True,True,0.06,20260903
T02,random_design,1,3,15,9,0.0007870838579384934,gate1d_t02_01,M_base(x) * (1 + (p6 * x1 * x2)),0.9999284783328162,-112.6626704957289,0.0253603197079671,True,True,0.06,20260903
T02,random_design,1,4,16,9,1.21032973394944e-05,gate1d_t02_01,M_base(x) * (1 + (p6 * x1 * x2)),0.9999992346641058,-119.81568261224994,0.014501357059970276,True,True,0.06,20260903
T02,random_design,1,5,17,9,6.56501863744845e-06,gate1d_t02_01,M_base(x) * (1 + (p6 * x1 * x2)),0.9999996015093863,-127.70767720019904,0.01728146066244603,True,True,0.06,20260903
T02,random_design,1,6,18,9,3.967603241671485e-06,gate1d_t02_01,M_base(x) * (1 + (p6 * x1 * x2)),0.9999997667023228,-135.62959974546544,0.015370293169113413,True,True,0.06,20260903
T02,random_design,1,7,19,9,1.3565979932206532e-06,gate1d_t02_01,M_base(x) * (1 + (p6 * x1 * x2)),0.9999999224863815,-143.64051065592096,0.017400871308350878,True,True,0.06,20260903
T02,random_design,1,8,20,9,8.435281404161839e-06,gate1d_t02_01,M_base(x) * (1 + (p6 * x1 * x2)),0.9999994604116083,-144.31799741537986,0.009214758673335505,True,True,0.06,20260903
T02,model_information_gain,1,0,12,9,0.04377591503823072,gate1d_t02_01,M_base(x) * (1 + (p6 * x1 * x2)),0.9935301721750452,-91.13796326408921,0.036964850900095346,True,True,0.06,20260903
T02,model_information_gain,1,1,13,9,0.0072123391218259685,gate1d_t02_01,M_base(x) * (1 + (p6 * x1 * x2)),0.9991424957365609,-96.0341117290862,0.013698759997647459,True,True,0.06,20260903
T02,model_information_gain,1,2,14,9,1.3662375112627468e-06,gate1d_t02_01,M_base(x) * (1 + (p6 * x1 * x2)),0.999999923630814,-104.55346369844791,0.014275766869525253,True,True,0.06,20260903
T02,model_information_gain,1,3,15,9,9.555323483902438e-08,gate1d_t02_01,M_base(x) * (1 + (p6 * x1 * x2)),0.9999999953215546,-112.7145655432418,0.01202379074434031,True,True,0.06,20260903
T02,model_information_gain,1,4,16,9,1.7220373475607577e-09,gate1d_t02_01,M_base(x) * (1 + (p6 * x1 * x2)),0.9999999999307121,-120.98252792886737,0.008099383540337362,True,True,0.06,20260903
T02,model_information_gain,1,5,17,9,1.2419472138432178e-11,gate1d_t02_01,M_base(x) * (1 + (p6 * x1 * x2)),0.9999999999995933,-128.31442792629858,0.0023688840891207185,True,True,0.06,20260903
T02,model_information_gain,1,6,18,9,1.1297053045566358e-13,gate1d_t02_01,M_base(x) * (1 + (p6 * x1 * x2)),0.9999999999999968,-136.97859679831137,0.0018186272554008445,True,True,0.06,20260903
T02,model_information_gain,1,7,19,9,6.0936770799129206e-15,gate1d_t02_01,M_base(x) * (1 + (p6 * x1 * x2)),0.9999999999999999,-145.58107640503084,0.0013785221428781417,True,True,0.06,20260903
T02,model_information_gain,1,8,20,9,6.227465891166458e-16,gate1d_t02_01,M_base(x) * (1 + (p6 * x1 * x2)),1.0,-154.2462213866761,0.0017775167944326443,True,True,0.06,20260903
T02,parameter_information_gain,1,0,12,9,0.04377591503823072,gate1d_t02_01,M_base(x) * (1 + (p6 * x1 * x2)),0.9935301721750452,-91.13796326408921,0.036964850900095346,True,True,0.06,20260903
T02,parameter_information_gain,1,1,13,9,0.2602508641855942,gate1d_t02_01,M_base(x) * (1 + (p6 * x1 * x2)),0.9340630538719233,-93.48038750863371,0.003183600157631402,True,True,0.06,20260903
T02,parameter_information_gain,1,2,14,9,0.23325958821401127,gate1d_t02_01,M_base(x) * (1 + (p6 * x1 * x2)),0.942700123758531,-101.81735609467768,0.0026526935107087707,True,True,0.06,20260903
T02,parameter_information_gain,1,3,15,8,0.17705034178857237,gate1d_t02_01,M_base(x) * (1 + (p6 * x1 * x2)),0.9598111378333765,-110.08089357373252,0.0016018900997034331,True,True,0.06,20260903
T02,parameter_information_gain,1,4,16,8,0.01815323720792,gate1d_t02_01,M_base(x) * (1 + (p6 * x1 * x2)),0.9974129002636182,-118.0629621011814,0.0004086295371963201,True,True,0.06,20260903
T02,parameter_information_gain,1,5,17,8,0.012969790661082496,gate1d_t02_01,M_base(x) * (1 + (p6 * x1 * x2)),0.9982477177391779,-126.43128422900398,0.00011271655257590377,True,True,0.06,20260903
T02,parameter_information_gain,1,6,18,8,3.461805978481799e-12,gate1d_t02_01,M_base(x) * (1 + (p6 * x1 * x2)),0.9999999999998906,-134.67190783818174,0.000504386084212393,True,True,0.06,20260903
T02,parameter_information_gain,1,7,19,8,6.513564206921243e-13,gate1d_t02_01,M_base(x) * (1 + (p6 * x1 * x2)),0.9999999999999805,-143.11079639311723,0.00015324527114908253,True,True,0.06,20260903
T02,parameter_information_gain,1,8,20,8,4.0181399613319114e-14,gate1d_t02_01,M_base(x) * (1 + (p6 * x1 * x2)),0.9999999999999989,-150.2838590097791,0.000709850981417049,True,True,0.06,20260903
T02,joint_structure_parameter_information_gain,1,0,12,9,0.04377591503823072,gate1d_t02_01,M_base(x) * (1 + (p6 * x1 * x2)),0.9935301721750452,-91.13796326408921,0.036964850900095346,True,True,0.06,20260903
T02,joint_structure_parameter_information_gain,1,1,13,9,0.2602508641855942,gate1d_t02_01,M_base(x) * (1 + (p6 * x1 * x2)),0.9340630538719233,-93.48038750863371,0.003183600157631402,True,True,0.06,20260903
T02,joint_structure_parameter_information_gain,1,2,14,9,2.4228370450468356e-08,gate1d_t02_01,M_base(x) * (1 + (p6 * x1 * x2)),0.999999998924411,-101.7911415531446,0.00391297737748553,True,True,0.06,20260903
T02,joint_structure_parameter_information_gain,1,3,15,8,1.262086811570147e-09,gate1d_t02_01,M_base(x) * (1 + (p6 * x1 * x2)),0.9999999999503337,-110.1710694453217,0.003225862342209298,True,True,0.06,20260903
T02,joint_structure_parameter_information_gain,1,4,16,8,1.3272816891154662e-10,gate1d_t02_01,M_base(x) * (1 + (p6 * x1 * x2)),0.9999999999952139,-118.42015394027653,0.0021857310939673988,True,True,0.06,20260903
T02,joint_structure_parameter_information_gain,1,5,17,8,1.7750724468546762e-11,gate1d_t02_01,M_base(x) * (1 + (p6 * x1 * x2)),0.9999999999994086,-126.32484034908077,0.0010483646746255483,True,True,0.06,20260903
T02,joint_structure_parameter_information_gain,1,6,18,8,3.4618059784819932e-12,gate1d_t02_01,M_base(x) * (1 + (p6 * x1 * x2)),0.9999999999998906,-134.67190783818174,0.000504386084212393,True,True,0.06,20260903
T02,joint_structure_parameter_information_gain,1,7,19,8,6.513564206921344e-13,gate1d_t02_01,M_base(x) * (1 + (p6 * x1 * x2)),0.9999999999999805,-143.11079639311723,0.00015324527114908253,True,True,0.06,20260903
T02,joint_structure_parameter_information_gain,1,8,20,8,4.018139961331788e-14,gate1d_t02_01,M_base(x) * (1 + (p6 * x1 * x2)),0.9999999999999989,-150.28385900977915,0.0007098510003354391,True,True,0.06,20260903
T03,space_filling_design,1,0,12,9,1.118451755055839,gate1d_t03_01,M_base(x) + (coefficient_cubic_x2 * (x2 ^ 3)),0.3921212724445413,-95.04544769299062,0.041661958683885884,True,True,0.07500000000000001,20260903
T03,space_filling_design,1,1,13,9,0.48960006046156024,gate1d_t03_02,M_base(x) + ((sin(x2) + (-1 * x2)) * pysr_coefficient_1),0.8076600477680876,-103.4584720982877,0.017830197521345223,True,False,0.07500000000000001,20260903
T03,space_filling_design,1,2,14,9,0.4839859552735039,gate1d_t03_02,M_base(x) + ((sin(x2) + (-1 * x2)) * pysr_coefficient_1),0.8115375665759914,-112.3855431199335,0.01912119546403195,True,False,0.07500000000000001,20260903
T03,space_filling_design,1,3,15,9,0.4193294397487347,gate1d_t03_02,M_base(x) + ((sin(x2) + (-1 * x2)) * pysr_coefficient_1),0.8519398354130392,-121.54831819539804,0.019422936540953183,True,False,0.07500000000000001,20260903
T03,space_filling_design,1,4,16,9,0.1463914935553481,gate1d_t03_02,M_base(x) + ((sin(x2) + (-1 * x2)) * pysr_coefficient_1),0.9665933642669025,-130.6450938983839,0.018779206365436566,True,False,0.07500000000000001,20260903
T03,space_filling_design,1,5,17,9,0.10068976161396376,gate1d_t03_02,M_base(x) + ((sin(x2) + (-1 * x2)) * pysr_coefficient_1),0.9793158840429902,-138.74761117523002,0.018870345683800683,True,False,0.07500000000000001,20260903
T03,space_filling_design,1,6,18,9,0.2146541495267055,gate1d_t03_02,M_base(x) + ((sin(x2) + (-1 * x2)) * pysr_coefficient_1),0.9444109118254913,-144.12055248597008,0.02130254615453206,True,False,0.07500000000000001,20260903
T03,space_filling_design,1,7,19,9,0.15294881084090758,gate1d_t03_02,M_base(x) + ((sin(x2) + (-1 * x2)) * pysr_coefficient_1),0.9646272342918307,-149.54545438770543,0.01917896301430884,True,False,0.07500000000000001,20260903
T03,space_filling_design,1,8,20,9,0.08480711075521116,gate1d_t03_02,M_base(x) + ((sin(x2) + (-1 * x2)) * pysr_coefficient_1),0.9833232688935466,-156.02797709668215,0.01935540643831661,True,False,0.07500000000000001,20260903
T03,random_design,1,0,12,9,1.118451755055839,gate1d_t03_01,M_base(x) + (coefficient_cubic_x2 * (x2 ^ 3)),0.3921212724445413,-95.04544769299062,0.041661958683885884,True,True,0.07500000000000001,20260903
T03,random_design,1,1,13,9,0.380624508041331,gate1d_t03_02,M_base(x) + ((sin(x2) + (-1 * x2)) * pysr_coefficient_1),0.8730100126032727,-103.45661429366046,0.017924567283079357,True,False,0.07500000000000001,20260903
T03,random_design,1,2,14,9,0.1698041806778626,gate1d_t03_02,M_base(x) + ((sin(x2) + (-1 * x2)) * pysr_coefficient_1),0.9594133244443374,-112.4445699198999,0.018387574188914686,True,False,0.07500000000000001,20260903
T03,random_design,1,3,15,9,0.35046705522274435,gate1d_t03_02,M_base(x) + ((sin(x2) + (-1 * x2)) * pysr_coefficient_1),0.8881011348535425,-118.64985526139687,0.01576760450066858,True,False,0.07500000000000001,20260903
T03,random_design,1,4,16,9,0.32327924065276087,gate1d_t03_02,M_base(x) + ((sin(x2) + (-1 * x2)) * pysr_coefficient_1),0.9008192138607263,-127.61422929965705,0.015480081232060077,True,False,0.07500000000000001,20260903
T03,random_design,1,5,17,9,0.5700419821641172,gate1d_t03_02,M_base(x) + ((sin(x2) + (-1 * x2)) * pysr_coefficient_1),0.7428620343221582,-133.84210284716275,0.01497249516019773,True,False,0.07500000000000001,20260903
T03,random_design,1,6,18,9,0.5680558710019995,gate1d_t03_02,M_base(x) + ((sin(x2) + (-1 * x2)) * pysr_coefficient_1),0.7447255564170705,-142.40724405397356,0.014737324980101984,True,False,0.07500000000000001,20260903
T03,random_design,1,7,19,9,0.6241710312401454,gate1d_t03_02,M_base(x) + ((sin(x2) + (-1 * x2)) * pysr_coefficient_1),0.6835415884805403,-145.846913687578,0.014732842942379892,True,False,0.07500000000000001,20260903
T03,random_design,1,8,20,9,0.6750380983745549,gate1d_t03_02,M_base(x) + ((sin(x2) + (-1 * x2)) * pysr_coefficient_1),0.5948670192214623,-153.7723646047522,0.014694871398886238,True,False,0.07500000000000001,20260903
T03,model_information_gain,1,0,12,9,1.118451755055839,gate1d_t03_01,M_base(x) + (coefficient_cubic_x2 * (x2 ^ 3)),0.3921212724445413,-95.04544769299062,0.041661958683885884,True,True,0.07500000000000001,20260903
T03,model_information_gain,1,1,13,9,0.26971172891808776,gate1d_t03_02,M_base(x) + ((sin(x2) + (-1 * x2)) * pysr_coefficient_1),0.923670571066535,-103.55136386277651,0.01691942047245107,True,False,0.07500000000000001,20260903
T03,model_information_gain,1,2,14,9,0.6652744736848967,gate1d_t03_01,M_base(x) + (coefficient_cubic_x2 * (x2 ^ 3)),0.6175005843127425,-105.59947957365151,0.008557178184382563,True,True,0.07500000000000001,20260903
T03,model_information_gain,1,3,15,9,0.5251488860608192,gate1d_t03_01,M_base(x) + (coefficient_cubic_x2 * (x2 ^ 3)),0.781385417734303,-114.27864698439247,0.00886642684513454,True,True,0.07500000000000001,20260903
T03,model_information_gain,1,4,16,9,0.39945197536045124,gate1d_t03_01,M_base(x) + (coefficient_cubic_x2 * (x2 ^ 3)),0.8630152341266211,-123.01045499355337,0.009737998741773727,True,True,0.07500000000000001,20260903
T03,model_information_gain,1,5,17,9,0.6331477603388601,gate1d_t03_01,M_base(x) + (coefficient_cubic_x2 * (x2 ^ 3)),0.6714489490843144,-129.32075387576697,0.007657306132099435,True,True,0.07500000000000001,20260903
T03,model_information_gain,1,6,18,9,0.691398840322917,gate1d_t03_01,M_base(x) + (coefficient_cubic_x2 * (x2 ^ 3)),0.5295577494230294,-136.7733909500009,0.006262017857748309,True,True,0.07500000000000001,20260903
T03,model_information_gain,1,7,19,9,0.6190305281832164,gate1d_t03_01,M_base(x) + (coefficient_cubic_x2 * (x2 ^ 3)),0.6900876347934114,-145.50518156731056,0.006236438466158396,True,True,0.07500000000000001,20260903
T03,model_information_gain,1,8,20,9,0.31491504710755225,gate1d_t03_01,M_base(x) + (coefficient_cubic_x2 * (x2 ^ 3)),0.9045739901575509,-153.69987834310388,0.0042417448844998765,True,True,0.07500000000000001,20260903
T03,parameter_information_gain,1,0,12,9,1.118451755055839,gate1d_t03_01,M_base(x) + (coefficient_cubic_x2 * (x2 ^ 3)),0.3921212724445413,-95.04544769299062,0.041661958683885884,True,True,0.07500000000000001,20260903
T03,parameter_information_gain,1,1,13,9,0.26971172891808776,gate1d_t03_02,M_base(x) + ((sin(x2) + (-1 * x2)) * pysr_coefficient_1),0.923670571066535,-103.55136386277651,0.01691942047245107,True,False,0.07500000000000001,20260903
T03,parameter_information_gain,1,2,14,9,0.2200954822789993,gate1d_t03_02,M_base(x) + ((sin(x2) + (-1 * x2)) * pysr_coefficient_1),0.9424774930184961,-112.64624132979277,0.017335994837399372,True,False,0.07500000000000001,20260903
T03,parameter_information_gain,1,3,15,9,0.2926291885009849,gate1d_t03_02,M_base(x) + ((sin(x2) + (-1 * x2)) * pysr_coefficient_1),0.9142347086587479,-119.7734529176911,0.019735377918919765,True,False,0.07500000000000001,20260903
T03,parameter_information_gain,1,4,16,9,0.3518732763686304,gate1d_t03_02,M_base(x) + ((sin(x2) + (-1 * x2)) * pysr_coefficient_1),0.8874211657421275,-127.01107771618074,0.021739721260791243,True,False,0.07500000000000001,20260903
T03,parameter_information_gain,1,5,17,9,0.3417491726919847,gate1d_t03_02,M_base(x) + ((sin(x2) + (-1 * x2)) * pysr_coefficient_1),0.8922670221414324,-133.93077233214194,0.019997563484826165,True,False,0.07500000000000001,20260903
T03,parameter_information_gain,1,6,18,9,0.340986558136213,gate1d_t03_02,M_base(x) + ((sin(x2) + (-1 * x2)) * pysr_coefficient_1),0.8926274283485325,-142.19293600196093,0.02083678308735758,True,False,0.07500000000000001,20260903
T03,parameter_information_gain,1,7,19,9,0.31861356053155526,gate1d_t03_02,M_base(x) + ((sin(x2) + (-1 * x2)) * pysr_coefficient_1),0.9029225703635319,-151.18457802744834,0.021006044811182196,True,False,0.07500000000000001,20260903
T03,parameter_information_gain,1,8,20,9,0.3208325733754207,gate1d_t03_02,M_base(x) + ((sin(x2) + (-1 * x2)) * pysr_coefficient_1),0.9019250168193694,-157.6085913734275,0.02221555073769423,True,False,0.07500000000000001,20260903
T03,joint_structure_parameter_information_gain,1,0,12,9,1.118451755055839,gate1d_t03_01,M_base(x) + (coefficient_cubic_x2 * (x2 ^ 3)),0.3921212724445413,-95.04544769299062,0.041661958683885884,True,True,0.07500000000000001,20260903
T03,joint_structure_parameter_information_gain,1,1,13,9,0.26971172891808776,gate1d_t03_02,M_base(x) + ((sin(x2) + (-1 * x2)) * pysr_coefficient_1),0.923670571066535,-103.55136386277651,0.01691942047245107,True,False,0.07500000000000001,20260903
T03,joint_structure_parameter_information_gain,1,2,14,9,0.2200954822789993,gate1d_t03_02,M_base(x) + ((sin(x2) + (-1 * x2)) * pysr_coefficient_1),0.9424774930184961,-112.64624132979277,0.017335994837399372,True,False,0.07500000000000001,20260903
T03,joint_structure_parameter_information_gain,1,3,15,9,0.2926291885009849,gate1d_t03_02,M_base(x) + ((sin(x2) + (-1 * x2)) * pysr_coefficient_1),0.9142347086587479,-119.7734529176911,0.019735377918919765,True,False,0.07500000000000001,20260903
T03,joint_structure_parameter_information_gain,1,4,16,9,0.3518732763686304,gate1d_t03_02,M_base(x) + ((sin(x2) + (-1 * x2)) * pysr_coefficient_1),0.8874211657421275,-127.01107771618074,0.021739721260791243,True,False,0.07500000000000001,20260903
T03,joint_structure_parameter_information_gain,1,5,17,9,0.6651506469313035,gate1d_t03_01,M_base(x) + (coefficient_cubic_x2 * (x2 ^ 3)),0.6177588066904057,-131.29494306109606,0.003279796475163815,True,True,0.07500000000000001,20260903
T03,joint_structure_parameter_information_gain,1,6,18,9,0.12345790627092472,gate1d_t03_01,M_base(x) + (coefficient_cubic_x2 * (x2 ^ 3)),0.9731939847506607,-135.65106424357057,0.005141087199028144,True,True,0.07500000000000001,20260903
T03,joint_structure_parameter_information_gain,1,7,19,9,0.14874402228384356,gate1d_t03_01,M_base(x) + (coefficient_cubic_x2 * (x2 ^ 3)),0.9658920037038556,-143.13180593177734,0.0070803309186062285,True,True,0.07500000000000001,20260903
T03,joint_structure_parameter_information_gain,1,8,20,9,0.11905685167242497,gate1d_t03_01,M_base(x) + (coefficient_cubic_x2 * (x2 ^ 3)),0.9744112123177021,-151.05020001190084,0.005800289317329641,True,True,0.07500000000000001,20260903
T04,space_filling_design,1,0,12,9,1.1424769637368082,gate1b_t04_02,M_base(x) + (p0 * sin(x1) * x2),0.5892940123997298,-93.98304694230035,0.011787845859723856,True,True,0.07500000000000001,20260903
T04,space_filling_design,1,1,13,9,0.487595970460219,gate1b_t04_02,M_base(x) + (p0 * sin(x1) * x2),0.8664176602005278,-98.0737628528599,0.024962390327489547,True,True,0.07500000000000001,20260903
T04,space_filling_design,1,2,14,9,0.22806992707438395,gate1b_t04_02,M_base(x) + (p0 * sin(x1) * x2),0.9539610721908213,-100.10445287708193,0.016557740930818174,True,True,0.07500000000000001,20260903
T04,space_filling_design,1,3,15,9,0.03144944522184587,gate1b_t04_02,M_base(x) + (p0 * sin(x1) * x2),0.9958826115308701,-108.04432531325267,0.016802246635368993,True,True,0.07500000000000001,20260903
T04,space_filling_design,1,4,16,9,0.0034897973830016276,gate1b_t04_02,M_base(x) + (p0 * sin(x1) * x2),0.999655195547112,-114.78946371850856,0.021798448258619492,True,True,0.07500000000000001,20260903
T04,space_filling_design,1,5,17,9,0.001430441620046898,gate1b_t04_02,M_base(x) + (p0 * sin(x1) * x2),0.9998676568330002,-117.33233208121995,0.009832895214740591,True,True,0.07500000000000001,20260903
T04,space_filling_design,1,6,18,9,0.0008170770195289125,gate1b_t04_02,M_base(x) + (p0 * sin(x1) * x2),0.9999271241639646,-125.34968200420553,0.009309369452349805,True,True,0.07500000000000001,20260903
T04,space_filling_design,1,7,19,9,0.00017203482417306557,gate1b_t04_02,M_base(x) + (p0 * sin(x1) * x2),0.9999867513927969,-133.18140785793602,0.007481795638445937,True,True,0.07500000000000001,20260903
T04,space_filling_design,1,8,20,9,6.284985512988871e-05,gate1b_t04_02,M_base(x) + (p0 * sin(x1) * x2),0.9999955069268703,-141.24925969057725,0.008249275878746827,True,True,0.07500000000000001,20260903
T04,random_design,1,0,12,9,1.1424769637368082,gate1b_t04_02,M_base(x) + (p0 * sin(x1) * x2),0.5892940123997298,-93.98304694230035,0.011787845859723856,True,True,0.07500000000000001,20260903
T04,random_design,1,1,13,9,1.2959487699930492,gate1b_t04_02,M_base(x) + (p0 * sin(x1) * x2),0.472067928538149,-100.15909035169481,0.010561005653332328,True,True,0.07500000000000001,20260903
T04,random_design,1,2,14,9,1.2057863698496516,gate1b_t04_02,M_base(x) + (p0 * sin(x1) * x2),0.4374431268018224,-108.40574276584357,0.005936478464460401,True,True,0.07500000000000001,20260903
T04,random_design,1,3,15,9,1.159525557429635,gate1b_t04_02,M_base(x) + (p0 * sin(x1) * x2),0.461623523107621,-117.18705403009382,0.0067590877191353906,True,True,0.07500000000000001,20260903
T04,random_design,1,4,16,9,1.133722138399882,gate1b_t04_02,M_base(x) + (p0 * sin(x1) * x2),0.4863896612700521,-125.94743670457352,0.006868252409150345,True,True,0.07500000000000001,20260903
T04,random_design,1,5,17,9,1.1234025689843483,gate1b_t04_02,M_base(x) + (p0 * sin(x1) * x2),0.42480124218089266,-134.05178066137734,0.004772734006712562,True,True,0.07500000000000001,20260903
T04,random_design,1,6,18,9,0.9495810384676455,gate1b_t04_02,M_base(x) + (p0 * sin(x1) * x2),0.6181904831133536,-141.99306284501475,0.005046375783919149,True,True,0.07500000000000001,20260903
T04,random_design,1,7,19,9,0.09062631222065878,gate1b_t04_02,M_base(x) + (p0 * sin(x1) * x2),0.9851081267081323,-150.01440273799307,0.0036942843537397115,True,True,0.07500000000000001,20260903
T04,random_design,1,8,20,9,0.0001669841948929511,gate1b_t04_02,M_base(x) + (p0 * sin(x1) * x2),0.9999874065885607,-158.59178101407144,0.002550807446115393,True,True,0.07500000000000001,20260903
T04,model_information_gain,1,0,12,9,1.1424769637368082,gate1b_t04_02,M_base(x) + (p0 * sin(x1) * x2),0.5892940123997298,-93.98304694230035,0.011787845859723856,True,True,0.07500000000000001,20260903
T04,model_information_gain,1,1,13,9,0.10286247503186846,gate1b_t04_02,M_base(x) + (p0 * sin(x1) * x2),0.9817969043382039,-99.51374905961137,0.020822251887370007,True,True,0.07500000000000001,20260903
T04,model_information_gain,1,2,14,9,6.123192988019164e-05,gate1b_t04_02,M_base(x) + (p0 * sin(x1) * x2),0.9999957663821585,-103.06290862085986,0.00681884821498926,True,True,0.07500000000000001,20260903
T04,model_information_gain,1,3,15,9,1.579416379807789e-05,gate1b_t04_02,M_base(x) + (p0 * sin(x1) * x2),0.9999990026790851,-111.18695440472625,0.00559599533494257,True,True,0.07500000000000001,20260903
T04,model_information_gain,1,4,16,9,3.106422359680584e-06,gate1b_t04_02,M_base(x) + (p0 * sin(x1) * x2),0.9999998229174134,-119.68412788415327,0.00660164426826184,True,True,0.07500000000000001,20260903
T04,model_information_gain,1,5,17,9,6.133298825404522e-06,gate1b_t04_02,M_base(x) + (p0 * sin(x1) * x2),0.9999996353464236,-124.33216583196472,0.002708787972058569,True,True,0.07500000000000001,20260903
T04,model_information_gain,1,6,18,9,1.0636005212066633e-06,gate1b_t04_02,M_base(x) + (p0 * sin(x1) * x2),0.9999999429983633,-132.51902022297446,0.003401949788935119,True,True,0.07500000000000001,20260903
T04,model_information_gain,1,7,19,9,2.547433604588536e-07,gate1b_t04_02,M_base(x) + (p0 * sin(x1) * x2),0.9999999873482076,-140.77158225585217,0.0046650335983444355,True,True,0.07500000000000001,20260903
T04,model_information_gain,1,8,20,9,2.07775326750549e-07,gate1b_t04_02,M_base(x) + (p0 * sin(x1) * x2),0.9999999897708551,-147.38056872304085,0.00243446909353808,True,True,0.07500000000000001,20260903
T04,parameter_information_gain,1,0,12,9,1.1424769637368082,gate1b_t04_02,M_base(x) + (p0 * sin(x1) * x2),0.5892940123997298,-93.98304694230035,0.011787845859723856,True,True,0.07500000000000001,20260903
T04,parameter_information_gain,1,1,13,9,1.2519009680796256,gate1b_t04_02,M_base(x) + (p0 * sin(x1) * x2),0.48349411176864965,-97.53190398428937,0.003494698213751666,True,True,0.07500000000000001,20260903
T04,parameter_information_gain,1,2,14,9,0.7039111246489469,gate1b_t04_02,M_base(x) + (p0 * sin(x1) * x2),0.7878463844543128,-105.68342713739258,0.007004494715077936,True,True,0.07500000000000001,20260903
T04,parameter_information_gain,1,3,15,9,0.8717223922128945,gate1b_t04_02,M_base(x) + (p0 * sin(x1) * x2),0.7020180900511341,-112.85076986829178,0.0026797842196280694,True,True,0.07500000000000001,20260903
T04,parameter_information_gain,1,4,16,9,0.6650185968860964,gate1b_t04_02,M_base(x) + (p0 * sin(x1) * x2),0.8078419198008588,-121.25549934682041,0.001400962265408256,True,True,0.07500000000000001,20260903
T04,parameter_information_gain,1,5,17,9,0.7992110647862525,gate1b_t04_02,M_base(x) + (p0 * sin(x1) * x2),0.7471931752482612,-128.9062863796486,0.0006771880862431219,True,True,0.07500000000000001,20260903
T04,parameter_information_gain,1,6,18,9,0.032315527724932305,gate1b_t04_02,M_base(x) + (p0 * sin(x1) * x2),0.9956213614940944,-137.49431745274504,0.0012730690480872026,True,True,0.07500000000000001,20260903
T04,parameter_information_gain,1,7,19,9,0.010563428474147556,gate1b_t04_02,M_base(x) + (p0 * sin(x1) * x2),0.9987734965490846,-144.77907827472905,0.0005844257297026944,True,True,0.07500000000000001,20260903
T04,parameter_information_gain,1,8,20,9,0.009822246528592272,gate1b_t04_02,M_base(x) + (p0 * sin(x1) * x2),0.9988659975436823,-152.71870330685897,0.0006329156095293063,True,True,0.07500000000000001,20260903
T04,joint_structure_parameter_information_gain,1,0,12,9,1.1424769637368082,gate1b_t04_02,M_base(x) + (p0 * sin(x1) * x2),0.5892940123997298,-93.98304694230035,0.011787845859723856,True,True,0.07500000000000001,20260903
T04,joint_structure_parameter_information_gain,1,1,13,9,1.2519009680796256,gate1b_t04_02,M_base(x) + (p0 * sin(x1) * x2),0.48349411176864965,-97.53190398428937,0.003494698213751666,True,True,0.07500000000000001,20260903
T04,joint_structure_parameter_information_gain,1,2,14,9,0.0007935775987012271,gate1b_t04_02,M_base(x) + (p0 * sin(x1) * x2),0.9999330959627768,-100.97213266713047,0.004847159520292033,True,True,0.07500000000000001,20260903
T04,joint_structure_parameter_information_gain,1,3,15,9,0.00011919995551548936,gate1b_t04_02,M_base(x) + (p0 * sin(x1) * x2),0.9999912825778243,-109.26439129846456,0.00620801328958723,True,True,0.07500000000000001,20260903
T04,joint_structure_parameter_information_gain,1,4,16,9,4.2405694975164566e-05,gate1b_t04_02,M_base(x) + (p0 * sin(x1) * x2),0.9999971230112715,-115.9537076018755,0.0016014614569769931,True,True,0.07500000000000001,20260903
T04,joint_structure_parameter_information_gain,1,5,17,9,1.681027300845933e-05,gate1b_t04_02,M_base(x) + (p0 * sin(x1) * x2),0.9999989310666523,-123.9976687517684,0.0031648376326884153,True,True,0.07500000000000001,20260903
T04,joint_structure_parameter_information_gain,1,6,18,9,6.778119728015793e-06,gate1b_t04_02,M_base(x) + (p0 * sin(x1) * x2),0.9999995945066387,-131.1200871075836,0.0006326078515698759,True,True,0.07500000000000001,20260903
T04,joint_structure_parameter_information_gain,1,7,19,9,2.8499425918239975e-06,gate1b_t04_02,M_base(x) + (p0 * sin(x1) * x2),0.9999998379200344,-139.47897110509965,0.0010900299719791247,True,True,0.07500000000000001,20260903
T04,joint_structure_parameter_information_gain,1,8,20,9,1.09999009604455e-06,gate1b_t04_02,M_base(x) + (p0 * sin(x1) * x2),0.999999940828319,-147.9462731349701,0.0011811809936763356,True,True,0.07500000000000001,20260903
T05,space_filling_design,1,0,12,9,1.2619356925968812,gate1d_t05_02,M_base(x) + exp((pysr_coefficient_1 + (-1 * (x1 * pysr_coefficient_2)))),0.36212064645814046,-106.5901336526729,0.0017940619094540427,True,False,0.045,20260903
T05,space_filling_design,1,1,13,9,0.9322253303072291,gate1d_t05_04,M_base(x) + (sin(exp(((pysr_coefficient_1 + (-1 * x1)) * pysr_coefficient_2))) + (-1 * pysr_coefficient_3)),0.698259322298632,-112.08422379911741,0.014941053476828446,True,False,0.045,20260903
T05,space_filling_design,1,2,14,9,0.4013776984432721,gate1d_t05_04,M_base(x) + (sin(exp(((pysr_coefficient_1 + (-1 * x1)) * pysr_coefficient_2))) + (-1 * pysr_coefficient_3)),0.9086789785405182,-122.06115758475866,0.014220122962749309,True,False,0.045,20260903
T05,space_filling_design,1,3,15,9,1.3178042713781368,gate1d_t05_04,M_base(x) + (sin(exp(((pysr_coefficient_1 + (-1 * x1)) * pysr_coefficient_2))) + (-1 * pysr_coefficient_3)),0.38077891139162584,-125.38689142731018,0.008271238887527586,True,False,0.045,20260903
T05,space_filling_design,1,4,16,9,1.3774991858347148,gate1d_t05_01,M_base(x) + (coefficient_exp_x1 * exp((rate_x1 * x1))),0.2893452444221998,-128.05513513184047,0.002249058881928616,True,True,0.045,20260903
T05,space_filling_design,1,5,17,9,1.3756674346666586,gate1d_t05_01,M_base(x) + (coefficient_exp_x1 * exp((rate_x1 * x1))),0.2869017039933035,-136.64121971435355,0.0022095251406860994,True,True,0.045,20260903
T05,space_filling_design,1,6,18,9,1.37870005819281,gate1d_t05_02,M_base(x) + exp((pysr_coefficient_1 + (-1 * (x1 * pysr_coefficient_2)))),0.28471824024046966,-145.75324799065703,0.002072265202004636,True,False,0.045,20260903
T05,space_filling_design,1,7,19,9,1.3446101613726233,gate1d_t05_01,M_base(x) + (coefficient_exp_x1 * exp((rate_x1 * x1))),0.3019279485735166,-153.93244291660207,0.0024510310365937647,True,True,0.045,20260903
T05,space_filling_design,1,8,20,9,1.329703477880736,gate1d_t05_03,M_base(x) + sin(exp(((pysr_coefficient_1 + (-1 * x1)) * pysr_coefficient_2))),0.3416786501083832,-161.79494715673215,0.0023653119872756776,True,False,0.045,20260903
T05,random_design,1,0,12,9,1.2619356925968812,gate1d_t05_02,M_base(x) + exp((pysr_coefficient_1 + (-1 * (x1 * pysr_coefficient_2)))),0.36212064645814046,-106.5901336526729,0.0017940619094540427,True,False,0.045,20260903
T05,random_design,1,1,13,9,1.2874572300709184,gate1d_t05_01,M_base(x) + (coefficient_exp_x1 * exp((rate_x1 * x1))),0.35887942524783406,-115.68402761110447,0.001615128015932219,True,True,0.045,20260903
T05,random_design,1,2,14,9,1.2897270983289026,gate1d_t05_02,M_base(x) + exp((pysr_coefficient_1 + (-1 * (x1 * pysr_coefficient_2)))),0.35759173395676863,-124.89107411737015,0.0016855192311542686,True,False,0.045,20260903
T05,random_design,1,3,15,9,1.3002671728347575,gate1d_t05_02,M_base(x) + exp((pysr_coefficient_1 + (-1 * (x1 * pysr_coefficient_2)))),0.34104548185397726,-133.98076608811496,0.0019430439408756248,True,False,0.045,20260903
T05,random_design,1,4,16,9,1.2949398689304397,gate1d_t05_01,M_base(x) + (coefficient_exp_x1 * exp((rate_x1 * x1))),0.3465294671006483,-134.3788989873643,0.002192533123046494,True,True,0.045,20260903
T05,random_design,1,5,17,9,1.3615954270694322,gate1d_t05_01,M_base(x) + (coefficient_exp_x1 * exp((rate_x1 * x1))),0.29977319589575985,-141.79693379684352,0.0027517518478271594,True,True,0.045,20260903
T05,random_design,1,6,18,9,1.345039698393833,gate1d_t05_04,M_base(x) + (sin(exp(((pysr_coefficient_1 + (-1 * x1)) * pysr_coefficient_2))) + (-1 * pysr_coefficient_3)),0.3125980308131302,-150.54940704425752,0.01233981021588282,True,False,0.045,20260903
T05,random_design,1,7,19,9,1.3033467712460567,gate1d_t05_01,M_base(x) + (coefficient_exp_x1 * exp((rate_x1 * x1))),0.33821027423999395,-154.64844738324686,0.002082783705302782,True,True,0.045,20260903
T05,random_design,1,8,20,9,1.2971883898486245,gate1d_t05_01,M_base(x) + (coefficient_exp_x1 * exp((rate_x1 * x1))),0.341236374791755,-164.0144932499824,0.0021043216472225886,True,True,0.045,20260903
T05,model_information_gain,1,0,12,9,1.2619356925968812,gate1d_t05_02,M_base(x) + exp((pysr_coefficient_1 + (-1 * (x1 * pysr_coefficient_2)))),0.36212064645814046,-106.5901336526729,0.0017940619094540427,True,False,0.045,20260903
T05,model_information_gain,1,1,13,9,1.3042560887861503,gate1d_t05_04,M_base(x) + (sin(exp(((pysr_coefficient_1 + (-1 * x1)) * pysr_coefficient_2))) + (-1 * pysr_coefficient_3)),0.3964657057666794,-113.36598318545082,0.010565012477280929,True,False,0.045,20260903
T05,model_information_gain,1,2,14,9,1.3294228148657472,gate1d_t05_04,M_base(x) + (sin(exp(((pysr_coefficient_1 + (-1 * x1)) * pysr_coefficient_2))) + (-1 * pysr_coefficient_3)),0.3229317025968125,-122.41710705715849,0.007392050248221925,True,False,0.045,20260903
T05,model_information_gain,1,3,15,9,1.2610110508912966,gate1d_t05_01,M_base(x) + (coefficient_exp_x1 * exp((rate_x1 * x1))),0.3626307670387261,-129.95805072888567,0.001645642347536376,True,True,0.045,20260903
T05,model_information_gain,1,4,16,9,1.2292256694480086,gate1d_t05_02,M_base(x) + exp((pysr_coefficient_1 + (-1 * (x1 * pysr_coefficient_2)))),0.38107533430429597,-139.81151702344374,0.001895489303851926,True,False,0.045,20260903
T05,model_information_gain,1,5,17,9,1.2016141371199212,gate1d_t05_01,M_base(x) + (coefficient_exp_x1 * exp((rate_x1 * x1))),0.38761382864910615,-149.52116984330198,0.0019481685763953118,True,True,0.045,20260903
T05,model_information_gain,1,6,18,9,1.1830231838230694,gate1d_t05_02,M_base(x) + exp((pysr_coefficient_1 + (-1 * (x1 * pysr_coefficient_2)))),0.39600816021501606,-159.56437777012655,0.001947652367784074,True,False,0.045,20260903
T05,model_information_gain,1,7,19,9,1.265844037008913,gate1d_t05_01,M_base(x) + (coefficient_exp_x1 * exp((rate_x1 * x1))),0.3422891896179942,-165.65585262226205,0.0008802605877511659,True,True,0.045,20260903
T05,model_information_gain,1,8,20,9,1.2309596109183094,gate1d_t05_01,M_base(x) + (coefficient_exp_x1 * exp((rate_x1 * x1))),0.3683991395626314,-175.1184277137354,0.0006817318397929183,True,True,0.045,20260903
T05,parameter_information_gain,1,0,12,9,1.2619356925968812,gate1d_t05_02,M_base(x) + exp((pysr_coefficient_1 + (-1 * (x1 * pysr_coefficient_2)))),0.36212064645814046,-106.5901336526729,0.0017940619094540427,True,False,0.045,20260903
T05,parameter_information_gain,1,1,13,9,1.2299951964613511,gate1d_t05_01,M_base(x) + (coefficient_exp_x1 * exp((rate_x1 * x1))),0.3815432032085964,-116.70060080691215,0.0020164905287681145,True,True,0.045,20260903
T05,parameter_information_gain,1,2,14,9,1.2868666409110998,gate1d_t05_01,M_base(x) + (coefficient_exp_x1 * exp((rate_x1 * x1))),0.3318892691327127,-122.32205450603142,0.0007968659527626935,True,True,0.045,20260903
T05,parameter_information_gain,1,3,15,9,1.2953550922982646,gate1d_t05_01,M_base(x) + (coefficient_exp_x1 * exp((rate_x1 * x1))),0.30552662796989527,-129.4063910395789,0.0005763772448273039,True,True,0.045,20260903
T05,parameter_information_gain,1,4,16,9,1.2923883202003656,gate1d_t05_03,M_base(x) + sin(exp(((pysr_coefficient_1 + (-1 * x1)) * pysr_coefficient_2))),0.3136756276004535,-138.54722253301964,0.001728116621362149,True,False,0.045,20260903
T05,parameter_information_gain,1,5,17,9,1.293399323063314,gate1d_t05_01,M_base(x) + (coefficient_exp_x1 * exp((rate_x1 * x1))),0.31284138524161964,-147.13331169095161,0.00039926338773447584,True,True,0.045,20260903
T05,parameter_information_gain,1,6,18,9,1.2866041463526927,gate1d_t05_02,M_base(x) + exp((pysr_coefficient_1 + (-1 * (x1 * pysr_coefficient_2)))),0.32104912307335526,-156.86628604455353,0.0005026439693497686,True,False,0.045,20260903
T05,parameter_information_gain,1,7,19,9,1.2894558638456433,gate1d_t05_01,M_base(x) + (coefficient_exp_x1 * exp((rate_x1 * x1))),0.32154116232056723,-166.22494608806667,0.0008971813103896407,True,True,0.045,20260903
T05,parameter_information_gain,1,8,20,9,1.258726672422667,gate1d_t05_02,M_base(x) + exp((pysr_coefficient_1 + (-1 * (x1 * pysr_coefficient_2)))),0.3489471581937778,-169.5200443863845,0.0013915006495561146,True,False,0.045,20260903
T05,joint_structure_parameter_information_gain,1,0,12,9,1.2619356925968812,gate1d_t05_02,M_base(x) + exp((pysr_coefficient_1 + (-1 * (x1 * pysr_coefficient_2)))),0.36212064645814046,-106.5901336526729,0.0017940619094540427,True,False,0.045,20260903
T05,joint_structure_parameter_information_gain,1,1,13,9,1.2299951964613511,gate1d_t05_01,M_base(x) + (coefficient_exp_x1 * exp((rate_x1 * x1))),0.3815432032085964,-116.70060080691215,0.0020164905287681145,True,True,0.045,20260903
T05,joint_structure_parameter_information_gain,1,2,14,9,1.2868666409110998,gate1d_t05_01,M_base(x) + (coefficient_exp_x1 * exp((rate_x1 * x1))),0.3318892691327127,-122.32205450603142,0.0007968659527626935,True,True,0.045,20260903
T05,joint_structure_parameter_information_gain,1,3,15,9,1.2953550922982646,gate1d_t05_01,M_base(x) + (coefficient_exp_x1 * exp((rate_x1 * x1))),0.30552662796989527,-129.4063910395789,0.0005763772448273039,True,True,0.045,20260903
T05,joint_structure_parameter_information_gain,1,4,16,9,1.2923883202003656,gate1d_t05_03,M_base(x) + sin(exp(((pysr_coefficient_1 + (-1 * x1)) * pysr_coefficient_2))),0.3136756276004535,-138.54722253301964,0.001728116621362149,True,False,0.045,20260903
T05,joint_structure_parameter_information_gain,1,5,17,9,1.3781969404997894,gate1d_t05_02,M_base(x) + exp((pysr_coefficient_1 + (-1 * (x1 * pysr_coefficient_2)))),0.28183593543793906,-145.29311771455522,0.0013801464147580526,True,False,0.045,20260903
T05,joint_structure_parameter_information_gain,1,6,18,9,1.369596041327687,gate1d_t05_01,M_base(x) + (coefficient_exp_x1 * exp((rate_x1 * x1))),0.2949800757272764,-154.98953767106653,0.0014909658316924945,True,True,0.045,20260903
T05,joint_structure_parameter_information_gain,1,7,19,9,1.2934099128692544,gate1d_t05_01,M_base(x) + (coefficient_exp_x1 * exp((rate_x1 * x1))),0.3152604725393582,-162.7376183486739,0.0009901362269119243,True,True,0.045,20260903
T05,joint_structure_parameter_information_gain,1,8,20,9,1.2861495627460509,gate1d_t05_01,M_base(x) + (coefficient_exp_x1 * exp((rate_x1 * x1))),0.32303531180693873,-172.36466824806615,0.0010159553206056232,True,True,0.045,20260903
T06,space_filling_design,1,0,12,9,1.0562523606524123,gate1b_t06_02,M_base(x) + (a * tanh((b * (x2 - c)))),0.39903253053396953,-97.81233491551902,0.006346408289046153,True,False,0.045,20260903
T06,space_filling_design,1,1,13,9,0.6938327697831693,gate1b_t06_01,M_base(x) + (tanh((p0 + (p1 * x2))) * p2),0.4999653672240309,-105.49002806880895,0.0024279658385718533,True,False,0.045,20260903
T06,space_filling_design,1,2,14,9,0.6931572740238563,gate1b_t06_02,M_base(x) + (a * tanh((b * (x2 - c)))),0.4999996573754691,-115.01139187540478,0.002395652813667091,True,False,0.045,20260903
T06,space_filling_design,1,3,15,9,0.6931522032291131,gate1b_t06_02,M_base(x) + (a * tanh((b * (x2 - c)))),0.4999998362993774,-123.48572198248048,0.0015605670485996203,True,False,0.045,20260903
T06,space_filling_design,1,4,16,9,0.6931498481911625,gate1b_t06_02,M_base(x) + (a * tanh((b * (x2 - c)))),0.49999991665434984,-132.04535565548318,0.0031771885503365034,True,False,0.045,20260903
T06,space_filling_design,1,5,17,9,0.6931484859969689,gate1b_t06_02,M_base(x) + (a * tanh((b * (x2 - c)))),0.49999996101804617,-141.28200629731586,0.002298095097356416,True,False,0.045,20260903
T06,space_filling_design,1,6,18,9,0.6931472207709914,gate1b_t06_02,M_base(x) + (a * tanh((b * (x2 - c)))),0.49999999904174586,-150.34539353109912,0.001538821721381151,True,False,0.045,20260903
T06,space_filling_design,1,7,19,9,0.6931472032303357,gate1b_t06_02,M_base(x) + (a * tanh((b * (x2 - c)))),0.49999999948082324,-157.6191487001954,0.0017692535625777428,True,False,0.045,20260903
T06,space_filling_design,1,8,20,9,0.6931471886504058,gate1b_t06_01,M_base(x) + (tanh((p0 + (p1 * x2))) * p2),0.4999999998237376,-166.94917267442867,0.002183228831445083,True,False,0.045,20260903
T06,random_design,1,0,12,9,1.0562523606524123,gate1b_t06_02,M_base(x) + (a * tanh((b * (x2 - c)))),0.39903253053396953,-97.81233491551902,0.006346408289046153,True,False,0.045,20260903
T06,random_design,1,1,13,9,0.9920104011172228,gate1b_t06_02,M_base(x) + (a * tanh((b * (x2 - c)))),0.433922248926019,-104.56052603493009,0.0022633238788925822,True,False,0.045,20260903
T06,random_design,1,2,14,9,0.6933957957649146,gate1b_t06_01,M_base(x) + (tanh((p0 + (p1 * x2))) * p2),0.49998874565362134,-112.35197679589628,0.0031503687944954752,True,False,0.045,20260903
T06,random_design,1,3,15,9,0.693248544468911,gate1b_t06_02,M_base(x) + (a * tanh((b * (x2 - c)))),0.4999957804033328,-121.49852069380363,0.0033276218411616427,True,False,0.045,20260903
T06,random_design,1,4,16,9,0.6932101368368141,gate1b_t06_01,M_base(x) + (tanh((p0 + (p1 * x2))) * p2),0.49999748655867843,-130.27255831772558,0.0018146482145738555,True,False,0.045,20260903
T06,random_design,1,5,17,9,0.6931584450611464,gate1b_t06_02,M_base(x) + (a * tanh((b * (x2 - c)))),0.4999996088216201,-139.7615521541352,0.002008855409894161,True,False,0.045,20260903
T06,random_design,1,6,18,9,0.6931525272480482,gate1b_t06_02,M_base(x) + (a * tanh((b * (x2 - c)))),0.4999998239913076,-149.31972277449447,0.001860377903161236,True,False,0.045,20260903
T06,random_design,1,7,19,9,0.6931488933405231,gate1b_t06_02,M_base(x) + (a * tanh((b * (x2 - c)))),0.49999994779828577,-158.95919329562776,0.001821686529036098,True,False,0.045,20260903
T06,random_design,1,8,20,9,0.6931479583648216,gate1b_t06_02,M_base(x) + (a * tanh((b * (x2 - c)))),0.49999997744028785,-168.65943711646517,0.0017834441168690133,True,False,0.045,20260903
T06,model_information_gain,1,0,12,9,1.0562523606524123,gate1b_t06_02,M_base(x) + (a * tanh((b * (x2 - c)))),0.39903253053396953,-97.81233491551902,0.006346408289046153,True,False,0.045,20260903
T06,model_information_gain,1,1,13,9,0.6931531286096664,gate1b_t06_02,M_base(x) + (a * tanh((b * (x2 - c)))),0.49999981007380145,-106.85210767265622,0.004100134175319672,True,False,0.045,20260903
T06,model_information_gain,1,2,14,9,0.6931482620809495,gate1b_t06_01,M_base(x) + (tanh((p0 + (p1 * x2))) * p2),0.4999999695259921,-116.39577449493898,0.0035485766736580724,True,False,0.045,20260903
T06,model_information_gain,1,3,15,9,0.6931473575688567,gate1b_t06_02,M_base(x) + (a * tanh((b * (x2 - c)))),0.49999999543394374,-125.9476329146914,0.0035520891678407643,True,False,0.045,20260903
T06,model_information_gain,1,4,16,9,0.6931472196344813,gate1b_t06_02,M_base(x) + (a * tanh((b * (x2 - c)))),0.4999999990722725,-135.11904321598593,0.0030514639817716045,True,False,0.045,20260903
T06,model_information_gain,1,5,17,9,0.6931472510674305,gate1b_t06_01,M_base(x) + (tanh((p0 + (p1 * x2))) * p2),0.4999999982729154,-140.78875028727154,0.0014133657911172964,True,False,0.045,20260903
T06,model_information_gain,1,6,18,9,0.6931471956666125,gate1b_t06_01,M_base(x) + (tanh((p0 + (p1 * x2))) * p2),0.4999999996598224,-150.42691480334372,0.001385217726580223,True,False,0.045,20260903
T06,model_information_gain,1,7,19,9,0.693147188790533,gate1b_t06_02,M_base(x) + (a * tanh((b * (x2 - c)))),0.49999999982014226,-158.34444142612853,0.0014659378216108222,True,False,0.045,20260903
T06,model_information_gain,1,8,20,9,0.6931472016756108,gate1b_t06_02,M_base(x) + (a * tanh((b * (x2 - c)))),0.4999999995169279,-163.3802495858105,0.00414928038727535,True,False,0.045,20260903
T06,parameter_information_gain,1,0,12,9,1.0562523606524123,gate1b_t06_02,M_base(x) + (a * tanh((b * (x2 - c)))),0.39903253053396953,-97.81233491551902,0.006346408289046153,True,False,0.045,20260903
T06,parameter_information_gain,1,1,13,9,0.6931523055341446,gate1b_t06_02,M_base(x) + (a * tanh((b * (x2 - c)))),0.4999998383512169,-107.01619907008354,0.004476365319825495,True,False,0.045,20260903
T06,parameter_information_gain,1,2,14,9,0.6931493515572857,gate1b_t06_02,M_base(x) + (a * tanh((b * (x2 - c)))),0.4999999351464385,-114.568696740903,0.004910092233794977,True,False,0.045,20260903
T06,parameter_information_gain,1,3,15,9,0.6931511218468004,gate1b_t06_01,M_base(x) + (tanh((p0 + (p1 * x2))) * p2),0.49999987653976113,-120.10133788569699,0.00336448194272517,True,False,0.045,20260903
T06,parameter_information_gain,1,4,16,9,0.6931486862323917,gate1b_t06_02,M_base(x) + (a * tanh((b * (x2 - c)))),0.4999999556398696,-129.30195345425716,0.0022433328221650927,True,False,0.045,20260903
T06,parameter_information_gain,1,5,17,9,0.6931475502514121,gate1b_t06_02,M_base(x) + (a * tanh((b * (x2 - c)))),0.499999989987282,-138.6273013088268,0.002309008366978786,True,False,0.045,20260903
T06,parameter_information_gain,1,6,18,9,0.6931473490704991,gate1b_t06_02,M_base(x) + (a * tanh((b * (x2 - c)))),0.4999999956256352,-147.57479398229762,0.0010575754045038192,True,False,0.045,20260903
T06,parameter_information_gain,1,7,19,9,0.693147213422916,gate1b_t06_02,M_base(x) + (a * tanh((b * (x2 - c)))),0.4999999992327653,-156.13983968861788,0.0009477599898521991,True,False,0.045,20260903
T06,parameter_information_gain,1,8,20,9,0.6931471897791374,gate1b_t06_02,M_base(x) + (a * tanh((b * (x2 - c)))),0.49999999979654663,-165.2448147768016,0.0012307362858649782,True,False,0.045,20260903
T06,joint_structure_parameter_information_gain,1,0,12,9,1.0562523606524123,gate1b_t06_02,M_base(x) + (a * tanh((b * (x2 - c)))),0.39903253053396953,-97.81233491551902,0.006346408289046153,True,False,0.045,20260903
T06,joint_structure_parameter_information_gain,1,1,13,9,0.6931523055341446,gate1b_t06_02,M_base(x) + (a * tanh((b * (x2 - c)))),0.4999998383512169,-107.01619907008354,0.004476365319825495,True,False,0.045,20260903
T06,joint_structure_parameter_information_gain,1,2,14,9,0.6931493515572857,gate1b_t06_02,M_base(x) + (a * tanh((b * (x2 - c)))),0.4999999351464385,-114.568696740903,0.004910092233794977,True,False,0.045,20260903
T06,joint_structure_parameter_information_gain,1,3,15,9,0.6931511218468004,gate1b_t06_01,M_base(x) + (tanh((p0 + (p1 * x2))) * p2),0.49999987653976113,-120.10133788569699,0.00336448194272517,True,False,0.045,20260903
T06,joint_structure_parameter_information_gain,1,4,16,9,0.6931486862323917,gate1b_t06_02,M_base(x) + (a * tanh((b * (x2 - c)))),0.4999999556398696,-129.30195345425716,0.0022433328221650927,True,False,0.045,20260903
T06,joint_structure_parameter_information_gain,1,5,17,9,0.6931475502514121,gate1b_t06_02,M_base(x) + (a * tanh((b * (x2 - c)))),0.499999989987282,-138.6273013088268,0.002309008366978786,True,False,0.045,20260903
T06,joint_structure_parameter_information_gain,1,6,18,9,0.6931473490704991,gate1b_t06_02,M_base(x) + (a * tanh((b * (x2 - c)))),0.4999999956256352,-147.57479398229762,0.0010575754045038192,True,False,0.045,20260903
T06,joint_structure_parameter_information_gain,1,7,19,9,0.693147213422916,gate1b_t06_02,M_base(x) + (a * tanh((b * (x2 - c)))),0.4999999992327653,-156.13983968861788,0.0009477599898521991,True,False,0.045,20260903
T06,joint_structure_parameter_information_gain,1,8,20,9,0.6931471897791374,gate1b_t06_02,M_base(x) + (a * tanh((b * (x2 - c)))),0.49999999979654663,-165.2448147768016,0.0012307362858649782,True,False,0.045,20260903
T01,space_filling_design,1,0,12,9,1.9457519616129932,gate1d_t01_01,M_base(x) + ((x1 + pysr_coefficient_1) * pysr_coefficient_2 * x1),0.2428315328372023,-94.83164475370208,0.0370927215216223,True,False,0.06,20260907
T01,space_filling_design,1,1,13,9,1.8611555477344464,gate1d_t01_01,M_base(x) + ((x1 + pysr_coefficient_1) * pysr_coefficient_2 * x1),0.2520753883717152,-102.61212037210363,0.02600499828142903,True,False,0.06,20260907
T01,space_filling_design,1,2,14,9,1.7381963349903002,gate1d_t01_04,M_base(x) + (p0 * tanh((p1 * (x1 ^ 2)))),0.2953466331837999,-108.86493074387919,0.013413780278099884,True,False,0.06,20260907
T01,space_filling_design,1,3,15,9,1.7058431537302226,gate1d_t01_04,M_base(x) + (p0 * tanh((p1 * (x1 ^ 2)))),0.2946612267693371,-117.60777895921152,0.012228235928448367,True,False,0.06,20260907
T01,space_filling_design,1,4,16,9,1.7958430929939944,gate1d_t01_05,M_base(x) + (p0 * (1 - cos((p1 * x1)))),0.23996998407904027,-125.58537428535105,0.014426709162261587,True,False,0.06,20260907
T01,space_filling_design,1,5,17,9,1.7264268605976363,gate1d_t01_05,M_base(x) + (p0 * (1 - cos((p1 * x1)))),0.2751046743184197,-134.68906472584624,0.014462653536727753,True,False,0.06,20260907
T01,space_filling_design,1,6,18,9,1.7245121587621066,gate1d_t01_05,M_base(x) + (p0 * (1 - cos((p1 * x1)))),0.26247681931035505,-141.15341313553597,0.01734288215226558,True,False,0.06,20260907
T01,space_filling_design,1,7,19,9,1.4818751515907813,gate1d_t01_05,M_base(x) + (p0 * (1 - cos((p1 * x1)))),0.3795785464818102,-147.65965078806835,0.015920349178409798,True,False,0.06,20260907
T01,space_filling_design,1,8,20,9,1.4717570073212614,gate1d_t01_05,M_base(x) + (p0 * (1 - cos((p1 * x1)))),0.38231696986417124,-155.9565185927285,0.014732835675323486,True,False,0.06,20260907
T01,random_design,1,0,12,9,1.9457519616129932,gate1d_t01_01,M_base(x) + ((x1 + pysr_coefficient_1) * pysr_coefficient_2 * x1),0.2428315328372023,-94.83164475370208,0.0370927215216223,True,False,0.06,20260907
T01,random_design,1,1,13,9,1.8146248876577689,gate1d_t01_01,M_base(x) + ((x1 + pysr_coefficient_1) * pysr_coefficient_2 * x1),0.35301365418499514,-103.28869009677538,0.03159901309795548,True,False,0.06,20260907
T01,random_design,1,2,14,9,1.4449235299113108,gate1d_t01_01,M_base(x) + ((x1 + pysr_coefficient_1) * pysr_coefficient_2 * x1),0.4829677711315345,-112.4857616595155,0.03351258707411807,True,False,0.06,20260907
T01,random_design,1,3,15,9,1.2846513660081802,gate1d_t01_01,M_base(x) + ((x1 + pysr_coefficient_1) * pysr_coefficient_2 * x1),0.5488240784461969,-121.79339507311977,0.03342913665091136,True,False,0.06,20260907
T01,random_design,1,4,16,9,1.1443219865476644,gate1d_t01_01,M_base(x) + ((x1 + pysr_coefficient_1) * pysr_coefficient_2 * x1),0.6607299666943446,-130.23333018802967,0.036192749384587775,True,False,0.06,20260907
T01,random_design,1,5,17,9,1.0300957001086557,gate1d_t01_01,M_base(x) + ((x1 + pysr_coefficient_1) * pysr_coefficient_2 * x1),0.7057119314525965,-139.61779487482175,0.035941153766188456,True,False,0.06,20260907
T01,random_design,1,6,18,9,1.7912004659217002,gate1d_t01_02,M_base(x) + (p0 * (x1 ^ 2)),0.3290457257592487,-142.64446926017644,0.010274968493522692,True,True,0.06,20260907
T01,random_design,1,7,19,9,1.8006221384988117,gate1d_t01_02,M_base(x) + (p0 * (x1 ^ 2)),0.33784960158203303,-151.20507333074315,0.007810247333663897,True,True,0.06,20260907
T01,random_design,1,8,20,9,1.7913204552268711,gate1d_t01_02,M_base(x) + (p0 * (x1 ^ 2)),0.34881380138206775,-160.08777781698242,0.006812424557458915,True,True,0.06,20260907
T01,model_information_gain,1,0,12,9,1.9457519616129932,gate1d_t01_01,M_base(x) + ((x1 + pysr_coefficient_1) * pysr_coefficient_2 * x1),0.2428315328372023,-94.83164475370208,0.0370927215216223,True,False,0.06,20260907
T01,model_information_gain,1,1,13,9,1.8611555477344464,gate1d_t01_01,M_base(x) + ((x1 + pysr_coefficient_1) * pysr_coefficient_2 * x1),0.2520753883717152,-102.61212037210363,0.02600499828142903,True,False,0.06,20260907
T01,model_information_gain,1,2,14,9,1.7381963349903002,gate1d_t01_04,M_base(x) + (p0 * tanh((p1 * (x1 ^ 2)))),0.2953466331837999,-108.86493074387919,0.013413780278099884,True,False,0.06,20260907
T01,model_information_gain,1,3,15,9,1.8475956982756456,gate1d_t01_02,M_base(x) + (p0 * (x1 ^ 2)),0.22633219620668518,-116.4261075453943,0.015167193220215047,True,True,0.06,20260907
T01,model_information_gain,1,4,16,9,1.8448989378144651,gate1d_t01_02,M_base(x) + (p0 * (x1 ^ 2)),0.30035266356423806,-125.04260664854793,0.016372441986149497,True,True,0.06,20260907
T01,model_information_gain,1,5,17,9,1.4385230682773302,gate1d_t01_06,M_base(x) + (x1 * x1 * (pysr_coefficient_1 + (-1 * (x1 * pysr_coefficient_2)))),0.35985294274691526,-127.03572686218905,0.01690723657251268,True,False,0.06,20260907
T01,model_information_gain,1,6,18,9,1.4636115111846544,gate1d_t01_06,M_base(x) + (x1 * x1 * (pysr_coefficient_1 + (-1 * (x1 * pysr_coefficient_2)))),0.3509507091144828,-135.22690192977996,0.013932129269594359,True,False,0.06,20260907
T01,model_information_gain,1,7,19,9,1.6398811825142194,gate1d_t01_06,M_base(x) + (x1 * x1 * (pysr_coefficient_1 + (-1 * (x1 * pysr_coefficient_2)))),0.26449103859998174,-141.81384721884857,0.012293223622301572,True,False,0.06,20260907
T01,model_information_gain,1,8,20,9,1.6262392282682372,gate1d_t01_06,M_base(x) + (x1 * x1 * (pysr_coefficient_1 + (-1 * (x1 * pysr_coefficient_2)))),0.2752246240892942,-150.42435823891975,0.011418558444145757,True,False,0.06,20260907
T01,parameter_information_gain,1,0,12,9,1.9457519616129932,gate1d_t01_01,M_base(x) + ((x1 + pysr_coefficient_1) * pysr_coefficient_2 * x1),0.2428315328372023,-94.83164475370208,0.0370927215216223,True,False,0.06,20260907
T01,parameter_information_gain,1,1,13,9,1.7563560146940569,gate1d_t01_04,M_base(x) + (p0 * tanh((p1 * (x1 ^ 2)))),0.30796859756205697,-100.98902614438623,0.016879444291833585,True,False,0.06,20260907
T01,parameter_information_gain,1,2,14,9,1.738196334990299,gate1d_t01_04,M_base(x) + (p0 * tanh((p1 * (x1 ^ 2)))),0.2953466331837853,-108.86493074387911,0.013413778780872557,True,False,0.06,20260907
T01,parameter_information_gain,1,3,15,9,1.7739980971023026,gate1d_t01_06,M_base(x) + (x1 * x1 * (pysr_coefficient_1 + (-1 * (x1 * pysr_coefficient_2)))),0.2630275568227762,-109.94527807012592,0.015921203645048627,True,False,0.06,20260907
T01,parameter_information_gain,1,4,16,9,1.768645732567773,gate1d_t01_06,M_base(x) + (x1 * x1 * (pysr_coefficient_1 + (-1 * (x1 * pysr_coefficient_2)))),0.27001987231968727,-118.22784933124639,0.01303738571285051,True,False,0.06,20260907
T01,parameter_information_gain,1,5,17,9,1.8753279258914402,gate1d_t01_02,M_base(x) + (p0 * (x1 ^ 2)),0.2403266271797691,-125.40727683728977,0.004863343597250803,True,True,0.06,20260907
T01,parameter_information_gain,1,6,18,9,1.8709535517293863,gate1d_t01_02,M_base(x) + (p0 * (x1 ^ 2)),0.2214317458336333,-133.63531231235248,0.006287908357158232,True,True,0.06,20260907
T01,parameter_information_gain,1,7,19,9,1.862148883066305,gate1d_t01_02,M_base(x) + (p0 * (x1 ^ 2)),0.2918149351237577,-141.1376973550348,0.003990397467160481,True,True,0.06,20260907
T01,parameter_information_gain,1,8,20,9,1.8677739688805515,gate1d_t01_02,M_base(x) + (p0 * (x1 ^ 2)),0.2821891443607361,-149.4784307505791,0.003084504122763135,True,True,0.06,20260907
T01,joint_structure_parameter_information_gain,1,0,12,9,1.9457519616129932,gate1d_t01_01,M_base(x) + ((x1 + pysr_coefficient_1) * pysr_coefficient_2 * x1),0.2428315328372023,-94.83164475370208,0.0370927215216223,True,False,0.06,20260907
T01,joint_structure_parameter_information_gain,1,1,13,9,1.7563560146940569,gate1d_t01_04,M_base(x) + (p0 * tanh((p1 * (x1 ^ 2)))),0.30796859756205697,-100.98902614438623,0.016879444291833585,True,False,0.06,20260907
T01,joint_structure_parameter_information_gain,1,2,14,9,1.738196334990299,gate1d_t01_04,M_base(x) + (p0 * tanh((p1 * (x1 ^ 2)))),0.2953466331837853,-108.86493074387911,0.013413778780872557,True,False,0.06,20260907
T01,joint_structure_parameter_information_gain,1,3,15,9,1.6123244847803275,gate1d_t01_04,M_base(x) + (p0 * tanh((p1 * (x1 ^ 2)))),0.3339682982076958,-117.78077274102907,0.012526816298454356,True,False,0.06,20260907
T01,joint_structure_parameter_information_gain,1,4,16,9,1.8046553825934442,gate1d_t01_06,M_base(x) + (x1 * x1 * (pysr_coefficient_1 + (-1 * (x1 * pysr_coefficient_2)))),0.23468159397486985,-117.7537182956606,0.013033336888423168,True,False,0.06,20260907
T01,joint_structure_parameter_information_gain,1,5,17,9,1.7881305127861475,gate1d_t01_06,M_base(x) + (x1 * x1 * (pysr_coefficient_1 + (-1 * (x1 * pysr_coefficient_2)))),0.25530235500670867,-126.28011392915991,0.011850394100068872,True,False,0.06,20260907
T01,joint_structure_parameter_information_gain,1,6,18,9,1.8741407467120959,gate1d_t01_02,M_base(x) + (p0 * (x1 ^ 2)),0.2605316232625257,-133.78251402462266,0.004225754564183976,True,True,0.06,20260907
T01,joint_structure_parameter_information_gain,1,7,19,9,1.8493067186234278,gate1d_t01_02,M_base(x) + (p0 * (x1 ^ 2)),0.24420735192173335,-141.04505841333582,0.00226225823662349,True,True,0.06,20260907
T01,joint_structure_parameter_information_gain,1,8,20,9,1.80206108904568,gate1d_t01_02,M_base(x) + (p0 * (x1 ^ 2)),0.3295570382888739,-148.35738672356624,0.003818639085305644,True,True,0.06,20260907
T02,space_filling_design,1,0,12,9,0.9317780278049451,gate1d_t02_01,M_base(x) * (1 + (p6 * x1 * x2)),0.6169466990793551,-86.68314493430856,0.0007900736308358885,True,True,0.06,20260907
T02,space_filling_design,1,1,13,9,0.007209713241140836,gate1d_t02_01,M_base(x) * (1 + (p6 * x1 * x2)),0.9992041765213313,-95.07173409148976,0.0012498458385664006,True,True,0.06,20260907
T02,space_filling_design,1,2,14,9,3.6341178861727595e-06,gate1d_t02_01,M_base(x) * (1 + (p6 * x1 * x2)),0.9999997780615363,-103.54338562558975,0.0007382326079465023,True,True,0.06,20260907
T02,space_filling_design,1,3,15,9,2.1873372103143053e-09,gate1d_t02_01,M_base(x) * (1 + (p6 * x1 * x2)),0.9999999999105217,-112.01140024851799,0.0014367634883681718,True,True,0.06,20260907
T02,space_filling_design,1,4,16,9,4.534305522047947e-12,gate1d_t02_01,M_base(x) * (1 + (p6 * x1 * x2)),0.9999999999998543,-119.06163725723404,0.0021398016197352473,True,True,0.06,20260907
T02,space_filling_design,1,5,17,9,2.9037210905925305e-12,gate1d_t02_01,M_base(x) * (1 + (p6 * x1 * x2)),0.9999999999999079,-124.63624820284413,0.0007724496754283257,True,True,0.06,20260907
T02,space_filling_design,1,6,18,9,4.768830478293523e-13,gate1d_t02_01,M_base(x) * (1 + (p6 * x1 * x2)),0.9999999999999856,-133.10536368402947,0.0007820846603897511,True,True,0.06,20260907
T02,space_filling_design,1,7,19,9,1.0287458428645627e-13,gate1d_t02_01,M_base(x) * (1 + (p6 * x1 * x2)),0.999999999999997,-141.23996529634235,0.000879898504976949,True,True,0.06,20260907
T02,space_filling_design,1,8,20,9,4.5487222425990915e-14,gate1d_t02_01,M_base(x) * (1 + (p6 * x1 * x2)),0.9999999999999987,-148.05489392042023,0.0016475496335714385,True,True,0.06,20260907
T02,random_design,1,0,12,9,0.9317780278049451,gate1d_t02_01,M_base(x) * (1 + (p6 * x1 * x2)),0.6169466990793551,-86.68314493430856,0.0007900736308358885,True,True,0.06,20260907
T02,random_design,1,1,13,9,0.3105361569559483,gate1d_t02_01,M_base(x) * (1 + (p6 * x1 * x2)),0.9263036515494476,-94.52772177864088,0.004288848870873719,True,True,0.06,20260907
T02,random_design,1,2,14,9,0.1449808924023818,gate1d_t02_01,M_base(x) * (1 + (p6 * x1 * x2)),0.9728242708603193,-102.95978287707538,0.00427476334182982,True,True,0.06,20260907
T02,random_design,1,3,15,9,0.12640189027434173,gate1d_t02_01,M_base(x) * (1 + (p6 * x1 * x2)),0.9767819569671267,-111.18255315199336,0.0037418006646768153,True,True,0.06,20260907
T02,random_design,1,4,16,9,0.09282256063459605,gate1d_t02_01,M_base(x) * (1 + (p6 * x1 * x2)),0.9840094827717414,-119.74174782364624,0.003922653001036865,True,True,0.06,20260907
T02,random_design,1,5,17,9,0.11251231444752634,gate1d_t02_01,M_base(x) * (1 + (p6 * x1 * x2)),0.976822600151792,-122.06112674138126,0.012640311836753482,True,True,0.06,20260907
T02,random_design,1,6,18,9,0.08777795072493193,gate1d_t02_01,M_base(x) * (1 + (p6 * x1 * x2)),0.98294656128605,-130.37212528788058,0.01233022375150367,True,True,0.06,20260907
T02,random_design,1,7,19,9,0.0009115655997834066,gate1d_t02_01,M_base(x) * (1 + (p6 * x1 * x2)),0.9999123446805803,-138.3353415813438,0.01788509954214449,True,True,0.06,20260907
T02,random_design,1,8,20,9,1.3676569566696606e-06,gate1d_t02_01,M_base(x) * (1 + (p6 * x1 * x2)),0.9999999219098945,-144.8574600475199,0.010559014331160663,True,True,0.06,20260907
T02,model_information_gain,1,0,12,9,0.9317780278049451,gate1d_t02_01,M_base(x) * (1 + (p6 * x1 * x2)),0.6169466990793551,-86.68314493430856,0.0007900736308358885,True,True,0.06,20260907
T02,model_information_gain,1,1,13,9,0.013441794473304427,gate1d_t02_01,M_base(x) * (1 + (p6 * x1 * x2)),0.9983693530045542,-95.02963622860024,0.0009904979015299944,True,True,0.06,20260907
T02,model_information_gain,1,2,14,9,4.944082718564969e-06,gate1d_t02_01,M_base(x) * (1 + (p6 * x1 * x2)),0.9999996915412277,-103.4955790903681,0.00022419734367296938,True,True,0.06,20260907
T02,model_information_gain,1,3,15,9,5.553991900923943e-09,gate1d_t02_01,M_base(x) * (1 + (p6 * x1 * x2)),0.9999999997629138,-112.00322186298413,0.001748480273537339,True,True,0.06,20260907
T02,model_information_gain,1,4,16,9,1.020129563134498e-10,gate1d_t02_01,M_base(x) * (1 + (p6 * x1 * x2)),0.9999999999963112,-120.61369009486602,0.0018645128518045687,True,True,0.06,20260907
T02,model_information_gain,1,5,17,9,7.759928361961741e-13,gate1d_t02_01,M_base(x) * (1 + (p6 * x1 * x2)),0.9999999999999762,-127.45595093960267,0.0015787949595110974,True,True,0.06,20260907
T02,model_information_gain,1,6,18,9,3.162390412821921e-14,gate1d_t02_01,M_base(x) * (1 + (p6 * x1 * x2)),0.9999999999999991,-136.09047517308073,0.00159982344641747,True,True,0.06,20260907
T02,model_information_gain,1,7,19,9,2.714883547454006e-15,gate1d_t02_01,M_base(x) * (1 + (p6 * x1 * x2)),0.9999999999999999,-143.84115840100353,0.0007066962735342447,True,True,0.06,20260907
T02,model_information_gain,1,8,20,9,8.057298206827849e-16,gate1d_t02_01,M_base(x) * (1 + (p6 * x1 * x2)),1.0,-150.6768544153326,0.001483687777390261,True,True,0.06,20260907
T02,parameter_information_gain,1,0,12,9,0.9317780278049451,gate1d_t02_01,M_base(x) * (1 + (p6 * x1 * x2)),0.6169466990793551,-86.68314493430856,0.0007900736308358885,True,True,0.06,20260907
T02,parameter_information_gain,1,1,13,9,0.057810983078264704,gate1d_t02_01,M_base(x) * (1 + (p6 * x1 * x2)),0.9907443711637671,-95.04437865754083,0.002021743632810063,True,True,0.06,20260907
T02,parameter_information_gain,1,2,14,9,1.4338688084954458e-08,gate1d_t02_01,M_base(x) * (1 + (p6 * x1 * x2)),0.9999999993932909,-102.117373203126,0.0023845974110645327,True,True,0.06,20260907
T02,parameter_information_gain,1,3,15,9,1.8526057213532036e-09,gate1d_t02_01,M_base(x) * (1 + (p6 * x1 * x2)),0.9999999999280716,-109.05892720081339,0.0006780891465171325,True,True,0.06,20260907
T02,parameter_information_gain,1,4,16,9,4.289545750608722e-10,gate1d_t02_01,M_base(x) * (1 + (p6 * x1 * x2)),0.9999999999842427,-115.1771394890018,0.0036065102726184762,True,True,0.06,20260907
T02,parameter_information_gain,1,5,17,8,2.274044002857762e-11,gate1d_t02_01,M_base(x) * (1 + (p6 * x1 * x2)),0.9999999999992413,-123.51133554148763,0.003745787522644578,True,True,0.06,20260907
T02,parameter_information_gain,1,6,18,8,2.1885664592239203e-12,gate1d_t02_01,M_base(x) * (1 + (p6 * x1 * x2)),0.9999999999999318,-131.53978179826754,0.0029491932869750337,True,True,0.06,20260907
T02,parameter_information_gain,1,7,19,8,4.865881139991109e-13,gate1d_t02_01,M_base(x) * (1 + (p6 * x1 * x2)),0.9999999999999855,-138.48414208821532,0.0015995283143681654,True,True,0.06,20260907
T02,parameter_information_gain,1,8,20,8,1.0879912479352824e-13,gate1d_t02_01,M_base(x) * (1 + (p6 * x1 * x2)),0.9999999999999969,-146.53373247974253,0.001039491384186068,True,True,0.06,20260907
T02,joint_structure_parameter_information_gain,1,0,12,9,0.9317780278049451,gate1d_t02_01,M_base(x) * (1 + (p6 * x1 * x2)),0.6169466990793551,-86.68314493430856,0.0007900736308358885,True,True,0.06,20260907
T02,joint_structure_parameter_information_gain,1,1,13,9,0.057810983078264704,gate1d_t02_01,M_base(x) * (1 + (p6 * x1 * x2)),0.9907443711637671,-95.04437865754083,0.002021743632810063,True,True,0.06,20260907
T02,joint_structure_parameter_information_gain,1,2,14,9,1.4338688084954458e-08,gate1d_t02_01,M_base(x) * (1 + (p6 * x1 * x2)),0.9999999993932909,-102.117373203126,0.0023845974110645327,True,True,0.06,20260907
T02,joint_structure_parameter_information_gain,1,3,15,9,1.8526057213532036e-09,gate1d_t02_01,M_base(x) * (1 + (p6 * x1 * x2)),0.9999999999280716,-109.05892720081339,0.0006780891465171325,True,True,0.06,20260907
T02,joint_structure_parameter_information_gain,1,4,16,9,4.289545750608722e-10,gate1d_t02_01,M_base(x) * (1 + (p6 * x1 * x2)),0.9999999999842427,-115.1771394890018,0.0036065102726184762,True,True,0.06,20260907
T02,joint_structure_parameter_information_gain,1,5,17,8,2.274044002857762e-11,gate1d_t02_01,M_base(x) * (1 + (p6 * x1 * x2)),0.9999999999992413,-123.51133554148763,0.003745787522644578,True,True,0.06,20260907
T02,joint_structure_parameter_information_gain,1,6,18,8,2.1885664592239203e-12,gate1d_t02_01,M_base(x) * (1 + (p6 * x1 * x2)),0.9999999999999318,-131.53978179826754,0.0029491932869750337,True,True,0.06,20260907
T02,joint_structure_parameter_information_gain,1,7,19,8,4.865881139991109e-13,gate1d_t02_01,M_base(x) * (1 + (p6 * x1 * x2)),0.9999999999999855,-138.48414208821532,0.0015995283143681654,True,True,0.06,20260907
T02,joint_structure_parameter_information_gain,1,8,20,8,1.0879912479352824e-13,gate1d_t02_01,M_base(x) * (1 + (p6 * x1 * x2)),0.9999999999999969,-146.53373247974253,0.001039491384186068,True,True,0.06,20260907
T03,space_filling_design,1,0,12,9,1.4544449345590706,gate1d_t03_03,M_base(x) + sin((pysr_coefficient_1 * (sin(x2) + (-1 * x2)))),0.28439737430810846,-87.34175343162894,0.1317996850089163,False,False,0.07500000000000001,20260907
T03,space_filling_design,1,1,13,9,0.45800802478246183,gate1d_t03_02,M_base(x) + ((sin(x2) + (-1 * x2)) * pysr_coefficient_1),0.8288412223993907,-95.72008813795392,0.02780594549961617,True,False,0.07500000000000001,20260907
T03,space_filling_design,1,2,14,9,0.6549830323507287,gate1d_t03_02,M_base(x) + ((sin(x2) + (-1 * x2)) * pysr_coefficient_1),0.6372525933409319,-101.39490435872442,0.017657313301515286,True,False,0.07500000000000001,20260907
T03,space_filling_design,1,3,15,9,0.6305039964790402,gate1d_t03_02,M_base(x) + ((sin(x2) + (-1 * x2)) * pysr_coefficient_1),0.6751053727555548,-109.79101444981576,0.0177273303272107,True,False,0.07500000000000001,20260907
T03,space_filling_design,1,4,16,9,0.6849785830356275,gate1d_t03_02,M_base(x) + ((sin(x2) + (-1 * x2)) * pysr_coefficient_1),0.5638213572567028,-116.8742867126227,0.01605686971348633,True,False,0.07500000000000001,20260907
T03,space_filling_design,1,5,17,9,0.6890334969153147,gate1d_t03_01,M_base(x) + (coefficient_cubic_x2 * (x2 ^ 3)),0.5453212962572246,-123.53401190890294,0.015646212888891835,True,True,0.07500000000000001,20260907
T03,space_filling_design,1,6,18,9,0.6877972229731963,gate1d_t03_01,M_base(x) + (coefficient_cubic_x2 * (x2 ^ 3)),0.5516740267629106,-129.4044434812646,0.011180516152514712,True,True,0.07500000000000001,20260907
T03,space_filling_design,1,7,19,9,0.6872102232529882,gate1d_t03_01,M_base(x) + (coefficient_cubic_x2 * (x2 ^ 3)),0.5544297658490687,-137.71834519333385,0.011180406388225197,True,True,0.07500000000000001,20260907
T03,space_filling_design,1,8,20,9,0.6909497367629334,gate1d_t03_01,M_base(x) + (coefficient_cubic_x2 * (x2 ^ 3)),0.5331348286442013,-144.90756229392863,0.008699377453489298,True,True,0.07500000000000001,20260907
T03,random_design,1,0,12,9,1.4544449345590706,gate1d_t03_03,M_base(x) + sin((pysr_coefficient_1 * (sin(x2) + (-1 * x2)))),0.28439737430810846,-87.34175343162894,0.1317996850089163,False,False,0.07500000000000001,20260907
T03,random_design,1,1,13,9,0.6880743473335029,gate1d_t03_01,M_base(x) + (coefficient_cubic_x2 * (x2 ^ 3)),0.5509927429407678,-94.99367876835139,0.008926309343831415,True,True,0.07500000000000001,20260907
T03,random_design,1,2,14,9,0.6731754605788154,gate1d_t03_01,M_base(x) + (coefficient_cubic_x2 * (x2 ^ 3)),0.5997060539441943,-103.44730571559732,0.009359007930926621,True,True,0.07500000000000001,20260907
T03,random_design,1,3,15,9,0.6802621045266866,gate1d_t03_01,M_base(x) + (coefficient_cubic_x2 * (x2 ^ 3)),0.580158966985454,-111.76134631763057,0.009820070765969755,True,True,0.07500000000000001,20260907
T03,random_design,1,4,16,9,0.637759775575071,gate1d_t03_01,M_base(x) + (coefficient_cubic_x2 * (x2 ^ 3)),0.6648842123152078,-118.58101170249994,0.008905605397204534,True,True,0.07500000000000001,20260907
T03,random_design,1,5,17,9,0.661954275150159,gate1d_t03_01,M_base(x) + (coefficient_cubic_x2 * (x2 ^ 3)),0.624251926096931,-126.53307519848693,0.009623134461134386,True,True,0.07500000000000001,20260907
T03,random_design,1,6,18,9,0.6898256656661741,gate1d_t03_01,M_base(x) + (coefficient_cubic_x2 * (x2 ^ 3)),0.5407324750317016,-134.36114621049984,0.0029927736106183235,True,True,0.07500000000000001,20260907
T03,random_design,1,7,19,9,0.6793533026015373,gate1d_t03_01,M_base(x) + (coefficient_cubic_x2 * (x2 ^ 3)),0.582856778987445,-142.95533226060132,0.0029469941477708746,True,True,0.07500000000000001,20260907
T03,random_design,1,8,20,9,0.6531446971578856,gate1d_t03_01,M_base(x) + (coefficient_cubic_x2 * (x2 ^ 3)),0.6404749936253861,-147.6441856157444,0.0025741013909506586,True,True,0.07500000000000001,20260907
T03,model_information_gain,1,0,12,9,1.4544449345590706,gate1d_t03_03,M_base(x) + sin((pysr_coefficient_1 * (sin(x2) + (-1 * x2)))),0.28439737430810846,-87.34175343162894,0.1317996850089163,False,False,0.07500000000000001,20260907
T03,model_information_gain,1,1,13,9,0.48609088187696226,gate1d_t03_02,M_base(x) + ((sin(x2) + (-1 * x2)) * pysr_coefficient_1),0.8100912317885296,-95.54519892203497,0.019693928754344045,True,False,0.07500000000000001,20260907
T03,model_information_gain,1,2,14,9,0.18646914349711494,gate1d_t03_02,M_base(x) + ((sin(x2) + (-1 * x2)) * pysr_coefficient_1),0.9540315731697214,-101.1527710029822,0.016546801476448755,True,False,0.07500000000000001,20260907
T03,model_information_gain,1,3,15,9,0.1009314723013486,gate1d_t03_02,M_base(x) + ((sin(x2) + (-1 * x2)) * pysr_coefficient_1),0.9792532197214746,-109.28022057826253,0.01606018726737391,True,False,0.07500000000000001,20260907
T03,model_information_gain,1,4,16,9,0.08647764990432436,gate1d_t03_02,M_base(x) + ((sin(x2) + (-1 * x2)) * pysr_coefficient_1),0.9829122667691125,-117.46282539519162,0.016471815284320346,True,False,0.07500000000000001,20260907
T03,model_information_gain,1,5,17,9,0.13938864874443493,gate1d_t03_02,M_base(x) + ((sin(x2) + (-1 * x2)) * pysr_coefficient_1),0.9686544839895742,-124.17229096060235,0.015689447844227784,True,False,0.07500000000000001,20260907
T03,model_information_gain,1,6,18,9,0.27097144124613526,gate1d_t03_02,M_base(x) + ((sin(x2) + (-1 * x2)) * pysr_coefficient_1),0.9231646035058586,-130.14428601529872,0.015541857342819107,True,False,0.07500000000000001,20260907
T03,model_information_gain,1,7,19,9,0.4691188943549225,gate1d_t03_02,M_base(x) + ((sin(x2) + (-1 * x2)) * pysr_coefficient_1),0.8214950427950117,-136.01861909530535,0.015901624390729053,True,False,0.07500000000000001,20260907
T03,model_information_gain,1,8,20,9,0.6030331930036748,gate1d_t03_02,M_base(x) + ((sin(x2) + (-1 * x2)) * pysr_coefficient_1),0.7090128535715725,-142.80090973270592,0.015592625350904383,True,False,0.07500000000000001,20260907
T03,parameter_information_gain,1,0,12,9,1.4544449345590706,gate1d_t03_03,M_base(x) + sin((pysr_coefficient_1 * (sin(x2) + (-1 * x2)))),0.28439737430810846,-87.34175343162894,0.1317996850089163,False,False,0.07500000000000001,20260907
T03,parameter_information_gain,1,1,13,9,0.48609088187696226,gate1d_t03_02,M_base(x) + ((sin(x2) + (-1 * x2)) * pysr_coefficient_1),0.8100912317885296,-95.54519892203497,0.019693928754344045,True,False,0.07500000000000001,20260907
T03,parameter_information_gain,1,2,14,9,0.6218694314004992,gate1d_t03_02,M_base(x) + ((sin(x2) + (-1 * x2)) * pysr_coefficient_1),0.686503925129696,-101.32414677559404,0.0155297394816491,True,False,0.07500000000000001,20260907
T03,parameter_information_gain,1,3,15,9,0.6552879067016601,gate1d_t03_02,M_base(x) + ((sin(x2) + (-1 * x2)) * pysr_coefficient_1),0.6367096033332383,-108.65227879134996,0.01629111380928548,True,False,0.07500000000000001,20260907
T03,parameter_information_gain,1,4,16,9,0.6538200068731623,gate1d_t03_02,M_base(x) + ((sin(x2) + (-1 * x2)) * pysr_coefficient_1),0.6392997899032311,-116.98169143844126,0.016563254112486558,True,False,0.07500000000000001,20260907
T03,parameter_information_gain,1,5,17,9,0.6550670932886504,gate1d_t03_02,M_base(x) + ((sin(x2) + (-1 * x2)) * pysr_coefficient_1),0.6371025372021145,-125.15157165442164,0.017086629323817912,True,False,0.07500000000000001,20260907
T03,parameter_information_gain,1,6,18,9,0.6790541697607217,gate1d_t03_02,M_base(x) + ((sin(x2) + (-1 * x2)) * pysr_coefficient_1),0.5837456895132914,-125.48305173615316,0.020738399039791574,True,False,0.07500000000000001,20260907
T03,parameter_information_gain,1,7,19,9,0.6795154282036249,gate1d_t03_02,M_base(x) + ((sin(x2) + (-1 * x2)) * pysr_coefficient_1),0.5823701927059634,-132.4242383852622,0.019262328757113,True,False,0.07500000000000001,20260907
T03,parameter_information_gain,1,8,20,9,0.6741171991808534,gate1d_t03_02,M_base(x) + ((sin(x2) + (-1 * x2)) * pysr_coefficient_1),0.5972341456781043,-139.64376279696077,0.020356783426628458,True,False,0.07500000000000001,20260907
T03,joint_structure_parameter_information_gain,1,0,12,9,1.4544449345590706,gate1d_t03_03,M_base(x) + sin((pysr_coefficient_1 * (sin(x2) + (-1 * x2)))),0.28439737430810846,-87.34175343162894,0.1317996850089163,False,False,0.07500000000000001,20260907
T03,joint_structure_parameter_information_gain,1,1,13,9,0.48609088187696226,gate1d_t03_02,M_base(x) + ((sin(x2) + (-1 * x2)) * pysr_coefficient_1),0.8100912317885296,-95.54519892203497,0.019693928754344045,True,False,0.07500000000000001,20260907
T03,joint_structure_parameter_information_gain,1,2,14,9,0.6218694314004992,gate1d_t03_02,M_base(x) + ((sin(x2) + (-1 * x2)) * pysr_coefficient_1),0.686503925129696,-101.32414677559404,0.0155297394816491,True,False,0.07500000000000001,20260907
T03,joint_structure_parameter_information_gain,1,3,15,9,0.6552879067016601,gate1d_t03_02,M_base(x) + ((sin(x2) + (-1 * x2)) * pysr_coefficient_1),0.6367096033332383,-108.65227879134996,0.01629111380928548,True,False,0.07500000000000001,20260907
T03,joint_structure_parameter_information_gain,1,4,16,9,0.5713099603990882,gate1d_t03_02,M_base(x) + ((sin(x2) + (-1 * x2)) * pysr_coefficient_1),0.7416632977587072,-116.96793224026476,0.016139945438543565,True,False,0.07500000000000001,20260907
T03,joint_structure_parameter_information_gain,1,5,17,9,0.5712953397925131,gate1d_t03_02,M_base(x) + ((sin(x2) + (-1 * x2)) * pysr_coefficient_1),0.7416771605137054,-124.97432829782522,0.01586750663249506,True,False,0.07500000000000001,20260907
T03,joint_structure_parameter_information_gain,1,6,18,9,0.4445303367797617,gate1d_t03_02,M_base(x) + ((sin(x2) + (-1 * x2)) * pysr_coefficient_1),0.8370494497899154,-133.44903127723998,0.015830565145081143,True,False,0.07500000000000001,20260907
T03,joint_structure_parameter_information_gain,1,7,19,9,0.43866810929619837,gate1d_t03_02,M_base(x) + ((sin(x2) + (-1 * x2)) * pysr_coefficient_1),0.8406033034087028,-141.82516676381698,0.01607313734872448,True,False,0.07500000000000001,20260907
T03,joint_structure_parameter_information_gain,1,8,20,9,0.46967666316725865,gate1d_t03_02,M_base(x) + ((sin(x2) + (-1 * x2)) * pysr_coefficient_1),0.821129355880846,-149.92769308747336,0.016507954999433184,True,False,0.07500000000000001,20260907
T04,space_filling_design,1,0,12,9,1.2826188858012924,gate1b_t04_02,M_base(x) + (p0 * sin(x1) * x2),0.4618533847400382,-90.3754572652334,0.013348873844086865,True,True,0.07500000000000001,20260907
T04,space_filling_design,1,1,13,9,0.05733049798218771,gate1b_t04_02,M_base(x) + (p0 * sin(x1) * x2),0.991068399147929,-98.75138694282431,0.010044499493752844,True,True,0.07500000000000001,20260907
T04,space_filling_design,1,2,14,9,0.03882971593709726,gate1b_t04_02,M_base(x) + (p0 * sin(x1) * x2),0.9943245680961526,-107.36055430186026,0.008482345567163206,True,True,0.07500000000000001,20260907
T04,space_filling_design,1,3,15,9,0.005527123199595505,gate1b_t04_02,M_base(x) + (p0 * sin(x1) * x2),0.9993929361103847,-115.73896846565236,0.008668936953450564,True,True,0.07500000000000001,20260907
T04,space_filling_design,1,4,16,9,0.017594447440174677,gate1b_t04_02,M_base(x) + (p0 * sin(x1) * x2),0.9977314227533085,-120.42995311625178,0.0015895645461054281,True,True,0.07500000000000001,20260907
T04,space_filling_design,1,5,17,9,2.5896620926489595e-06,gate1b_t04_02,M_base(x) + (p0 * sin(x1) * x2),0.999999858111461,-129.09797375784376,0.0015445394442371245,True,True,0.07500000000000001,20260907
T04,space_filling_design,1,6,18,9,2.8442846114329895e-06,gate1b_t04_02,M_base(x) + (p0 * sin(x1) * x2),0.9999998395198989,-134.56109878171628,0.004438477422819592,True,True,0.07500000000000001,20260907
T04,space_filling_design,1,7,19,9,1.049901583349717e-06,gate1b_t04_02,M_base(x) + (p0 * sin(x1) * x2),0.9999999441226312,-142.54263775925574,0.004776573819239869,True,True,0.07500000000000001,20260907
T04,space_filling_design,1,8,20,9,2.3760191773732143e-07,gate1b_t04_02,M_base(x) + (p0 * sin(x1) * x2),0.9999999880733761,-149.60782552931946,0.008913147924632166,True,True,0.07500000000000001,20260907
T04,random_design,1,0,12,9,1.2826188858012924,gate1b_t04_02,M_base(x) + (p0 * sin(x1) * x2),0.4618533847400382,-90.3754572652334,0.013348873844086865,True,True,0.07500000000000001,20260907
T04,random_design,1,1,13,9,1.1861957454713963,gate1b_t04_02,M_base(x) + (p0 * sin(x1) * x2),0.49013883758451104,-99.04130586621925,0.013491700525068893,True,True,0.07500000000000001,20260907
T04,random_design,1,2,14,9,1.2067448091332529,gate1b_t04_01,M_base(x) + (p7 * tanh(x1) * x2),0.4311655175383113,-103.62798918340339,0.05575931657143192,True,False,0.07500000000000001,20260907
T04,random_design,1,3,15,9,0.00017167319724242948,gate1b_t04_02,M_base(x) + (p0 * sin(x1) * x2),0.9999873810126596,-110.22015579181044,0.00721447618040595,True,True,0.07500000000000001,20260907
T04,random_design,1,4,16,9,0.00020706642592342552,gate1b_t04_02,M_base(x) + (p0 * sin(x1) * x2),0.9999845902590123,-116.06000756180983,0.0037874996848577948,True,True,0.07500000000000001,20260907
T04,random_design,1,5,17,9,0.00010586827298489489,gate1b_t04_02,M_base(x) + (p0 * sin(x1) * x2),0.999992490186092,-123.99764036582995,0.0019004804457438905,True,True,0.07500000000000001,20260907
T04,random_design,1,6,18,9,4.435778739584779e-05,gate1b_t04_02,M_base(x) + (p0 * sin(x1) * x2),0.9999970373583833,-131.08409973414305,0.0017661247947277664,True,True,0.07500000000000001,20260907
T04,random_design,1,7,19,9,3.3915418015046436e-05,gate1b_t04_02,M_base(x) + (p0 * sin(x1) * x2),0.999997779053836,-138.3825753939616,0.0009687660777624616,True,True,0.07500000000000001,20260907
T04,random_design,1,8,20,9,2.1723868290366323e-05,gate1b_t04_02,M_base(x) + (p0 * sin(x1) * x2),0.9999986053208685,-145.70553719367268,0.0014804000835541135,True,True,0.07500000000000001,20260907
T04,model_information_gain,1,0,12,9,1.2826188858012924,gate1b_t04_02,M_base(x) + (p0 * sin(x1) * x2),0.4618533847400382,-90.3754572652334,0.013348873844086865,True,True,0.07500000000000001,20260907
T04,model_information_gain,1,1,13,9,0.22719610117131875,gate1b_t04_02,M_base(x) + (p0 * sin(x1) * x2),0.9498874243860974,-95.17009612395896,0.000982580146613279,True,True,0.07500000000000001,20260907
T04,model_information_gain,1,2,14,9,2.9586099270945733e-05,gate1b_t04_02,M_base(x) + (p0 * sin(x1) * x2),0.9999981207394342,-103.57876751227474,0.0026785656036328394,True,True,0.07500000000000001,20260907
T04,model_information_gain,1,3,15,9,2.1877384313791887e-06,gate1b_t04_02,M_base(x) + (p0 * sin(x1) * x2),0.9999998803064429,-112.07791682131254,0.002170960648126754,True,True,0.07500000000000001,20260907
T04,model_information_gain,1,4,16,9,2.814674205548442e-07,gate1b_t04_02,M_base(x) + (p0 * sin(x1) * x2),0.9999999863213361,-120.69792535512663,0.00222703207218028,True,True,0.07500000000000001,20260907
T04,model_information_gain,1,5,17,9,1.7749798454907153e-08,gate1b_t04_02,M_base(x) + (p0 * sin(x1) * x2),0.9999999992337045,-128.42345733728953,0.005320769727361549,True,True,0.07500000000000001,20260907
T04,model_information_gain,1,6,18,9,2.133166396587262e-09,gate1b_t04_02,M_base(x) + (p0 * sin(x1) * x2),0.9999999999154408,-136.94673567770985,0.006332911184680837,True,True,0.07500000000000001,20260907
T04,model_information_gain,1,7,19,9,2.9665836326442447e-10,gate1b_t04_02,M_base(x) + (p0 * sin(x1) * x2),0.9999999999891294,-144.01828848614065,0.004556807942759704,True,True,0.07500000000000001,20260907
T04,model_information_gain,1,8,20,9,7.893795008420443e-11,gate1b_t04_02,M_base(x) + (p0 * sin(x1) * x2),0.9999999999972496,-151.58506989402986,0.0037495664061220377,True,True,0.07500000000000001,20260907
T04,parameter_information_gain,1,0,12,9,1.2826188858012924,gate1b_t04_02,M_base(x) + (p0 * sin(x1) * x2),0.4618533847400382,-90.3754572652334,0.013348873844086865,True,True,0.07500000000000001,20260907
T04,parameter_information_gain,1,1,13,9,0.4247530366915552,gate1b_t04_02,M_base(x) + (p0 * sin(x1) * x2),0.8836792967202387,-93.1233858323641,0.00444890953446271,True,True,0.07500000000000001,20260907
T04,parameter_information_gain,1,2,14,9,0.001580714400456189,gate1b_t04_02,M_base(x) + (p0 * sin(x1) * x2),0.9998598881914562,-101.12919924606622,0.0009202999524489211,True,True,0.07500000000000001,20260907
T04,parameter_information_gain,1,3,15,9,0.0004284395890409058,gate1b_t04_02,M_base(x) + (p0 * sin(x1) * x2),0.999965748570162,-108.46687108416909,0.0033736817366758778,True,True,0.07500000000000001,20260907
T04,parameter_information_gain,1,4,16,9,0.00014520044795828693,gate1b_t04_02,M_base(x) + (p0 * sin(x1) * x2),0.9999893178700744,-116.62177860429202,0.00488380778087155,True,True,0.07500000000000001,20260907
T04,parameter_information_gain,1,5,17,9,0.00011642290673575384,gate1b_t04_02,M_base(x) + (p0 * sin(x1) * x2),0.9999915667831999,-124.02578039284022,0.0023201124433346906,True,True,0.07500000000000001,20260907
T04,parameter_information_gain,1,6,18,9,5.6203159471607554e-05,gate1b_t04_02,M_base(x) + (p0 * sin(x1) * x2),0.9999961316537945,-132.06155821657774,0.00365144506651309,True,True,0.07500000000000001,20260907
T04,parameter_information_gain,1,7,19,9,9.676513985083791e-05,gate1b_t04_02,M_base(x) + (p0 * sin(x1) * x2),0.9999930653795734,-137.43846429306075,0.00036780823895582487,True,True,0.07500000000000001,20260907
T04,parameter_information_gain,1,8,20,9,4.693438986724479e-05,gate1b_t04_02,M_base(x) + (p0 * sin(x1) * x2),0.9999968075201163,-145.80063461195726,0.0003159974524670896,True,True,0.07500000000000001,20260907
T04,joint_structure_parameter_information_gain,1,0,12,9,1.2826188858012924,gate1b_t04_02,M_base(x) + (p0 * sin(x1) * x2),0.4618533847400382,-90.3754572652334,0.013348873844086865,True,True,0.07500000000000001,20260907
T04,joint_structure_parameter_information_gain,1,1,13,9,0.22719610117131875,gate1b_t04_02,M_base(x) + (p0 * sin(x1) * x2),0.9498874243860974,-95.17009612395896,0.000982580146613279,True,True,0.07500000000000001,20260907
T04,joint_structure_parameter_information_gain,1,2,14,9,2.9586099270945733e-05,gate1b_t04_02,M_base(x) + (p0 * sin(x1) * x2),0.9999981207394342,-103.57876751227474,0.0026785656036328394,True,True,0.07500000000000001,20260907
T04,joint_structure_parameter_information_gain,1,3,15,9,4.043402894720559e-06,gate1b_t04_02,M_base(x) + (p0 * sin(x1) * x2),0.9999997700752623,-111.37735697811819,0.006215064069892529,True,True,0.07500000000000001,20260907
T04,joint_structure_parameter_information_gain,1,4,16,9,8.84330602993416e-07,gate1b_t04_02,M_base(x) + (p0 * sin(x1) * x2),0.9999999535806864,-119.84815568406334,0.007183150998882525,True,True,0.07500000000000001,20260907
T04,joint_structure_parameter_information_gain,1,5,17,9,6.521350286367103e-07,gate1b_t04_02,M_base(x) + (p0 * sin(x1) * x2),0.9999999662736966,-126.86323194465109,0.004140936482207711,True,True,0.07500000000000001,20260907
T04,joint_structure_parameter_information_gain,1,6,18,9,2.1632299020706002e-07,gate1b_t04_02,M_base(x) + (p0 * sin(x1) * x2),0.9999999894139017,-135.15728534164964,0.005247980700404056,True,True,0.07500000000000001,20260907
T04,joint_structure_parameter_information_gain,1,7,19,9,4.978288027820431e-07,gate1b_t04_02,M_base(x) + (p0 * sin(x1) * x2),0.9999999745230179,-139.78979703958854,0.0016814658163605443,True,True,0.07500000000000001,20260907
T04,joint_structure_parameter_information_gain,1,8,20,9,1.8406078262229695e-07,gate1b_t04_02,M_base(x) + (p0 * sin(x1) * x2),0.9999999910425684,-148.2614867865312,0.0014846313336569306,True,True,0.07500000000000001,20260907
T05,space_filling_design,1,0,12,9,1.3409099867099337,gate1d_t05_02,M_base(x) + exp((pysr_coefficient_1 + (-1 * (x1 * pysr_coefficient_2)))),0.3256727816154394,-113.11604023899889,0.005069015278000247,True,False,0.045,20260907
T05,space_filling_design,1,1,13,9,0.7879338432243281,gate1d_t05_04,M_base(x) + (sin(exp(((pysr_coefficient_1 + (-1 * x1)) * pysr_coefficient_2))) + (-1 * pysr_coefficient_3)),0.7664500712413976,-122.26327290327276,0.014534774028542292,True,False,0.045,20260907
T05,space_filling_design,1,2,14,9,1.3320145649493165,gate1d_t05_01,M_base(x) + (coefficient_exp_x1 * exp((rate_x1 * x1))),0.3328055917884862,-127.82018438079979,0.005564699520206406,True,True,0.045,20260907
T05,space_filling_design,1,3,15,9,1.3301071392015091,gate1d_t05_01,M_base(x) + (coefficient_exp_x1 * exp((rate_x1 * x1))),0.3331261505391509,-137.76316391594756,0.005763796764834314,True,True,0.045,20260907
T05,space_filling_design,1,4,16,9,1.3431221915415363,gate1d_t05_02,M_base(x) + exp((pysr_coefficient_1 + (-1 * (x1 * pysr_coefficient_2)))),0.31379564159967877,-147.28456852890523,0.006047830520181239,True,False,0.045,20260907
T05,space_filling_design,1,5,17,9,1.3069965505641834,gate1d_t05_01,M_base(x) + (coefficient_exp_x1 * exp((rate_x1 * x1))),0.3085408481004092,-146.00273520079338,0.0045673305180029735,True,True,0.045,20260907
T05,space_filling_design,1,6,18,9,1.296595923457384,gate1d_t05_01,M_base(x) + (coefficient_exp_x1 * exp((rate_x1 * x1))),0.32498835229938505,-153.70442902116486,0.005434123490820201,True,True,0.045,20260907
T05,space_filling_design,1,7,19,9,1.2947732650388382,gate1d_t05_01,M_base(x) + (coefficient_exp_x1 * exp((rate_x1 * x1))),0.3174853715772907,-162.89053516222103,0.005063440673386931,True,True,0.045,20260907
T05,space_filling_design,1,8,20,9,1.2836018518356764,gate1d_t05_01,M_base(x) + (coefficient_exp_x1 * exp((rate_x1 * x1))),0.33008572903884875,-171.81067681413944,0.005502972507980238,True,True,0.045,20260907
T05,random_design,1,0,12,9,1.3409099867099337,gate1d_t05_02,M_base(x) + exp((pysr_coefficient_1 + (-1 * (x1 * pysr_coefficient_2)))),0.3256727816154394,-113.11604023899889,0.005069015278000247,True,False,0.045,20260907
T05,random_design,1,1,13,9,1.2548367765933637,gate1d_t05_02,M_base(x) + exp((pysr_coefficient_1 + (-1 * (x1 * pysr_coefficient_2)))),0.35843884081082983,-123.4416465528593,0.004896772987660754,True,False,0.045,20260907
T05,random_design,1,2,14,9,1.2792776945299968,gate1d_t05_01,M_base(x) + (coefficient_exp_x1 * exp((rate_x1 * x1))),0.3407735046999572,-130.7995932546096,0.004246043796270371,True,True,0.045,20260907
T05,random_design,1,3,15,9,1.384600797316428,gate1d_t05_03,M_base(x) + sin(exp(((pysr_coefficient_1 + (-1 * x1)) * pysr_coefficient_2))),0.3143348016878672,-129.80228352688852,0.003013028187568966,True,False,0.045,20260907
T05,random_design,1,4,16,9,1.3860701211771504,gate1d_t05_04,M_base(x) + (sin(exp(((pysr_coefficient_1 + (-1 * x1)) * pysr_coefficient_2))) + (-1 * pysr_coefficient_3)),0.31679561834722625,-138.13804422267327,0.007811009592802991,True,False,0.045,20260907
T05,random_design,1,5,17,9,1.4404021096483108,gate1d_t05_03,M_base(x) + sin(exp(((pysr_coefficient_1 + (-1 * x1)) * pysr_coefficient_2))),0.2889890112306616,-142.84867296230297,0.003146394554509995,True,False,0.045,20260907
T05,random_design,1,6,18,9,1.4282029194891506,gate1d_t05_03,M_base(x) + sin(exp(((pysr_coefficient_1 + (-1 * x1)) * pysr_coefficient_2))),0.2967697668748224,-152.28714214785495,0.003125168753693531,True,False,0.045,20260907
T05,random_design,1,7,19,9,1.4177777835545304,gate1d_t05_03,M_base(x) + sin(exp(((pysr_coefficient_1 + (-1 * x1)) * pysr_coefficient_2))),0.29842604839998127,-161.8933895441394,0.0030311152717701394,True,False,0.045,20260907
T05,random_design,1,8,20,9,1.3830405875681326,gate1d_t05_03,M_base(x) + sin(exp(((pysr_coefficient_1 + (-1 * x1)) * pysr_coefficient_2))),0.30514907167359945,-171.47901356225825,0.003377725817851524,True,False,0.045,20260907
T05,model_information_gain,1,0,12,9,1.3409099867099337,gate1d_t05_02,M_base(x) + exp((pysr_coefficient_1 + (-1 * (x1 * pysr_coefficient_2)))),0.3256727816154394,-113.11604023899889,0.005069015278000247,True,False,0.045,20260907
T05,model_information_gain,1,1,13,9,1.247264382731681,gate1d_t05_01,M_base(x) + (coefficient_exp_x1 * exp((rate_x1 * x1))),0.357250504924071,-123.07247504985891,0.004865731781655708,True,True,0.045,20260907
T05,model_information_gain,1,2,14,9,1.1253279836969305,gate1d_t05_02,M_base(x) + exp((pysr_coefficient_1 + (-1 * (x1 * pysr_coefficient_2)))),0.4181067667795688,-124.37106029054823,0.002534939869759972,True,False,0.045,20260907
T05,model_information_gain,1,3,15,9,1.1092804500578979,gate1d_t05_01,M_base(x) + (coefficient_exp_x1 * exp((rate_x1 * x1))),0.41842193613058853,-133.54012301285096,0.0022737729765726095,True,True,0.045,20260907
T05,model_information_gain,1,4,16,9,1.0557349540541103,gate1d_t05_01,M_base(x) + (coefficient_exp_x1 * exp((rate_x1 * x1))),0.43541884542823567,-143.2080961597942,0.0022538407342691277,True,True,0.045,20260907
T05,model_information_gain,1,5,17,9,1.1896886650382796,gate1d_t05_01,M_base(x) + (coefficient_exp_x1 * exp((rate_x1 * x1))),0.38373457854963855,-148.36356267538892,0.002634477450258713,True,True,0.045,20260907
T05,model_information_gain,1,6,18,9,1.2158338323714173,gate1d_t05_01,M_base(x) + (coefficient_exp_x1 * exp((rate_x1 * x1))),0.3682812115054621,-157.46177174346215,0.002948620409738734,True,True,0.045,20260907
T05,model_information_gain,1,7,19,9,1.233910819989787,gate1d_t05_01,M_base(x) + (coefficient_exp_x1 * exp((rate_x1 * x1))),0.355232120012135,-166.79964989136002,0.003112926142843339,True,True,0.045,20260907
T05,model_information_gain,1,8,20,9,1.2289317292131634,gate1d_t05_01,M_base(x) + (coefficient_exp_x1 * exp((rate_x1 * x1))),0.3574802007938213,-176.79896225382888,0.0030748078939912744,True,True,0.045,20260907
T05,parameter_information_gain,1,0,12,9,1.3409099867099337,gate1d_t05_02,M_base(x) + exp((pysr_coefficient_1 + (-1 * (x1 * pysr_coefficient_2)))),0.3256727816154394,-113.11604023899889,0.005069015278000247,True,False,0.045,20260907
T05,parameter_information_gain,1,1,13,9,1.2939163515798446,gate1d_t05_02,M_base(x) + exp((pysr_coefficient_1 + (-1 * (x1 * pysr_coefficient_2)))),0.33959280308570794,-114.53290605896187,0.0026812760458108298,True,False,0.045,20260907
T05,parameter_information_gain,1,2,14,9,1.2916720835130902,gate1d_t05_01,M_base(x) + (coefficient_exp_x1 * exp((rate_x1 * x1))),0.35540904002619006,-122.75486082909657,0.0034125980958451827,True,True,0.045,20260907
T05,parameter_information_gain,1,3,15,9,1.2856167261985654,gate1d_t05_01,M_base(x) + (coefficient_exp_x1 * exp((rate_x1 * x1))),0.3561284275518276,-132.45195206573854,0.003161756948073639,True,True,0.045,20260907
T05,parameter_information_gain,1,4,16,9,1.1372965196305047,gate1d_t05_01,M_base(x) + (coefficient_exp_x1 * exp((rate_x1 * x1))),0.41244166771197066,-142.2701152502312,0.0030271110211952984,True,True,0.045,20260907
T05,parameter_information_gain,1,5,17,9,1.1352178309169114,gate1d_t05_01,M_base(x) + (coefficient_exp_x1 * exp((rate_x1 * x1))),0.41233360207912273,-150.99572196973108,0.003374685409569004,True,True,0.045,20260907
T05,parameter_information_gain,1,6,18,9,1.1365519368128354,gate1d_t05_01,M_base(x) + (coefficient_exp_x1 * exp((rate_x1 * x1))),0.4130436278327607,-160.02171133294507,0.0029802289159401966,True,True,0.045,20260907
T05,parameter_information_gain,1,7,19,9,1.2385473440366128,gate1d_t05_02,M_base(x) + exp((pysr_coefficient_1 + (-1 * (x1 * pysr_coefficient_2)))),0.3636477788491373,-157.61245786621743,0.0019386168336273143,True,False,0.045,20260907
T05,parameter_information_gain,1,8,20,9,1.2335099723010985,gate1d_t05_01,M_base(x) + (coefficient_exp_x1 * exp((rate_x1 * x1))),0.36658169272682156,-167.09310439310104,0.0018276515671535164,True,True,0.045,20260907
T05,joint_structure_parameter_information_gain,1,0,12,9,1.3409099867099337,gate1d_t05_02,M_base(x) + exp((pysr_coefficient_1 + (-1 * (x1 * pysr_coefficient_2)))),0.3256727816154394,-113.11604023899889,0.005069015278000247,True,False,0.045,20260907
T05,joint_structure_parameter_information_gain,1,1,13,9,1.2939163515798446,gate1d_t05_02,M_base(x) + exp((pysr_coefficient_1 + (-1 * (x1 * pysr_coefficient_2)))),0.33959280308570794,-114.53290605896187,0.0026812760458108298,True,False,0.045,20260907
T05,joint_structure_parameter_information_gain,1,2,14,9,1.1253279836969299,gate1d_t05_01,M_base(x) + (coefficient_exp_x1 * exp((rate_x1 * x1))),0.4181067667795647,-124.3710602905482,0.002534939960881853,True,True,0.045,20260907
T05,joint_structure_parameter_information_gain,1,3,15,9,1.1568325321530504,gate1d_t05_01,M_base(x) + (coefficient_exp_x1 * exp((rate_x1 * x1))),0.4051046675183365,-132.51883627132585,0.0032731888957269403,True,True,0.045,20260907
T05,joint_structure_parameter_information_gain,1,4,16,9,1.1372965196304925,gate1d_t05_01,M_base(x) + (coefficient_exp_x1 * exp((rate_x1 * x1))),0.4124416677119788,-142.2701152502312,0.0030271110211952984,True,True,0.045,20260907
T05,joint_structure_parameter_information_gain,1,5,17,9,1.1352178309169199,gate1d_t05_02,M_base(x) + exp((pysr_coefficient_1 + (-1 * (x1 * pysr_coefficient_2)))),0.4123336020791202,-150.99572196973105,0.003374685443740286,True,False,0.045,20260907
T05,joint_structure_parameter_information_gain,1,6,18,9,1.1365519368128325,gate1d_t05_02,M_base(x) + exp((pysr_coefficient_1 + (-1 * (x1 * pysr_coefficient_2)))),0.41304362783275855,-160.0217113329451,0.002980228775588489,True,False,0.045,20260907
T05,joint_structure_parameter_information_gain,1,7,19,9,1.238547344036611,gate1d_t05_01,M_base(x) + (coefficient_exp_x1 * exp((rate_x1 * x1))),0.3636477788491372,-157.6124578662174,0.0019386168264019857,True,True,0.045,20260907
T05,joint_structure_parameter_information_gain,1,8,20,9,1.2340954454009452,gate1d_t05_01,M_base(x) + (coefficient_exp_x1 * exp((rate_x1 * x1))),0.36742490174720255,-166.93395301900017,0.0017374439214061317,True,True,0.045,20260907
T06,space_filling_design,1,0,12,9,0.7187515972591295,gate1b_t06_02,M_base(x) + (a * tanh((b * (x2 - c)))),0.4977588682929628,-100.75023993294492,0.012604690853434587,True,False,0.045,20260907
T06,space_filling_design,1,1,13,9,0.6932057258825297,gate1b_t06_02,M_base(x) + (a * tanh((b * (x2 - c)))),0.4999978029579275,-100.19109297122655,0.0032267779165404717,True,False,0.045,20260907
T06,space_filling_design,1,2,14,9,0.69316109610491,gate1b_t06_01,M_base(x) + (tanh((p0 + (p1 * x2))) * p2),0.49999954174210354,-108.99861572233445,0.0033239554283042475,True,False,0.045,20260907
T06,space_filling_design,1,3,15,9,0.6931506936710348,gate1b_t06_02,M_base(x) + (a * tanh((b * (x2 - c)))),0.4999998936843772,-117.69334617977628,0.0033536604687426823,True,False,0.045,20260907
T06,space_filling_design,1,4,16,9,0.6931544880441012,gate1b_t06_02,M_base(x) + (a * tanh((b * (x2 - c)))),0.49999977163753956,-121.05638392429265,0.008190541050428869,True,False,0.045,20260907
T06,space_filling_design,1,5,17,9,0.6931514228317526,gate1b_t06_02,M_base(x) + (a * tanh((b * (x2 - c)))),0.49999987203999485,-129.19903198642345,0.006225401159522516,True,False,0.045,20260907
T06,space_filling_design,1,6,18,9,0.6931508563344183,gate1b_t06_02,M_base(x) + (a * tanh((b * (x2 - c)))),0.49999989016071816,-135.99826408822318,0.0037777580591053647,True,False,0.045,20260907
T06,space_filling_design,1,7,19,9,0.6931486271064721,gate1b_t06_02,M_base(x) + (a * tanh((b * (x2 - c)))),0.4999999591950869,-144.7597549700068,0.0036218361964648576,True,False,0.045,20260907
T06,space_filling_design,1,8,20,9,0.6931477776574528,gate1b_t06_01,M_base(x) + (tanh((p0 + (p1 * x2))) * p2),0.4999999839933067,-153.71127833720865,0.0036992740452073407,True,False,0.045,20260907
T06,random_design,1,0,12,9,0.7187515972591295,gate1b_t06_02,M_base(x) + (a * tanh((b * (x2 - c)))),0.4977588682929628,-100.75023993294492,0.012604690853434587,True,False,0.045,20260907
T06,random_design,1,1,13,9,0.7081488634089793,gate1b_t06_01,M_base(x) + (tanh((p0 + (p1 * x2))) * p2),0.4988196018074676,-110.37761369030613,0.012026041418856416,True,False,0.045,20260907
T06,random_design,1,2,14,9,0.701868578385964,gate1b_t06_02,M_base(x) + (a * tanh((b * (x2 - c)))),0.49937643611364047,-118.6998734894444,0.012560803555888799,True,False,0.045,20260907
T06,random_design,1,3,15,9,0.6931688398390407,gate1b_t06_01,M_base(x) + (tanh((p0 + (p1 * x2))) * p2),0.4999992077954964,-127.54188562389284,0.010009511364448402,True,False,0.045,20260907
T06,random_design,1,4,16,9,0.693147221660615,gate1b_t06_01,M_base(x) + (tanh((p0 + (p1 * x2))) * p2),0.49999999903885056,-135.61222125366947,0.00710447054431542,True,False,0.045,20260907
T06,random_design,1,5,17,9,0.6931472511326087,gate1b_t06_02,M_base(x) + (a * tanh((b * (x2 - c)))),0.4999999983056407,-141.30684501001707,0.0036801484811814777,True,False,0.045,20260907
T06,random_design,1,6,18,9,0.6931472039305705,gate1b_t06_01,M_base(x) + (tanh((p0 + (p1 * x2))) * p2),0.4999999994703106,-150.43305035365776,0.0030730194950419373,True,False,0.045,20260907
T06,random_design,1,7,19,9,0.6931471906837612,gate1b_t06_01,M_base(x) + (tanh((p0 + (p1 * x2))) * p2),0.49999999977945164,-159.26695588543808,0.003111544185850613,True,False,0.045,20260907
T06,random_design,1,8,20,9,0.6931472388182481,gate1b_t06_01,M_base(x) + (tanh((p0 + (p1 * x2))) * p2),0.49999999861979083,-162.65605535874346,0.0006808821801778192,True,False,0.045,20260907
T06,model_information_gain,1,0,12,9,0.7187515972591295,gate1b_t06_02,M_base(x) + (a * tanh((b * (x2 - c)))),0.4977588682929628,-100.75023993294492,0.012604690853434587,True,False,0.045,20260907
T06,model_information_gain,1,1,13,9,0.6931496081522379,gate1b_t06_02,M_base(x) + (a * tanh((b * (x2 - c)))),0.499999925771991,-110.26997599390322,0.01413852808474552,True,False,0.045,20260907
T06,model_information_gain,1,2,14,9,0.6931475645571856,gate1b_t06_01,M_base(x) + (tanh((p0 + (p1 * x2))) * p2),0.4999999897449501,-118.85331676017717,0.011721209118993329,True,False,0.045,20260907
T06,model_information_gain,1,3,15,9,0.6931473141922878,gate1b_t06_01,M_base(x) + (tanh((p0 + (p1 * x2))) * p2),0.49999999658633754,-127.15677598007498,0.011436639900873553,True,False,0.045,20260907
T06,model_information_gain,1,4,16,9,0.693147247674614,gate1b_t06_02,M_base(x) + (a * tanh((b * (x2 - c)))),0.4999999983544986,-134.987737203329,0.009131477213515087,True,False,0.045,20260907
T06,model_information_gain,1,5,17,9,0.6931477259902343,gate1b_t06_01,M_base(x) + (tanh((p0 + (p1 * x2))) * p2),0.4999999849520838,-137.81469056830727,0.007742794880050201,True,False,0.045,20260907
T06,model_information_gain,1,6,18,9,0.69314743172586,gate1b_t06_02,M_base(x) + (a * tanh((b * (x2 - c)))),0.49999999339556667,-146.1657369966265,0.005976758755111294,True,False,0.045,20260907
T06,model_information_gain,1,7,19,9,0.6931474973561587,gate1b_t06_02,M_base(x) + (a * tanh((b * (x2 - c)))),0.49999999180551913,-150.266475877313,0.005815436624923726,True,False,0.045,20260907
T06,model_information_gain,1,8,20,9,0.6931472612634089,gate1b_t06_01,M_base(x) + (tanh((p0 + (p1 * x2))) * p2),0.49999999805032064,-159.26592297933294,0.006064264808119273,True,False,0.045,20260907
T06,parameter_information_gain,1,0,12,9,0.7187515972591295,gate1b_t06_02,M_base(x) + (a * tanh((b * (x2 - c)))),0.4977588682929628,-100.75023993294492,0.012604690853434587,True,False,0.045,20260907
T06,parameter_information_gain,1,1,13,9,0.7573254675913753,gate1b_t06_02,M_base(x) + (a * tanh((b * (x2 - c)))),0.4929693363387777,-107.44620932045773,0.010302108284272192,True,False,0.045,20260907
T06,parameter_information_gain,1,2,14,9,0.6931483586200966,gate1b_t06_02,M_base(x) + (a * tanh((b * (x2 - c)))),0.49999996623976295,-116.69911845877554,0.00825130693071247,True,False,0.045,20260907
T06,parameter_information_gain,1,3,15,9,0.6931498347526717,gate1b_t06_02,M_base(x) + (a * tanh((b * (x2 - c)))),0.49999991973733143,-121.60449613320334,0.00299157756486606,True,False,0.045,20260907
T06,parameter_information_gain,1,4,16,9,0.6931488303382197,gate1b_t06_02,M_base(x) + (a * tanh((b * (x2 - c)))),0.4999999515448985,-129.85146506090746,0.002281591534080657,True,False,0.045,20260907
T06,parameter_information_gain,1,5,17,9,0.6931474801358831,gate1b_t06_02,M_base(x) + (a * tanh((b * (x2 - c)))),0.4999999922143673,-138.53921767278484,0.0022722681545337244,True,False,0.045,20260907
T06,parameter_information_gain,1,6,18,9,0.6931483581866356,gate1b_t06_01,M_base(x) + (tanh((p0 + (p1 * x2))) * p2),0.4999999668341256,-142.22386846961362,0.004051655783514437,True,False,0.045,20260907
T06,parameter_information_gain,1,7,19,9,0.6931475353309056,gate1b_t06_01,M_base(x) + (tanh((p0 + (p1 * x2))) * p2),0.49999999061825895,-151.37588752112194,0.004089171149134508,True,False,0.045,20260907
T06,parameter_information_gain,1,8,20,9,0.693147307469884,gate1b_t06_02,M_base(x) + (a * tanh((b * (x2 - c)))),0.49999999687334745,-159.1445498621264,0.0036904281693221903,True,False,0.045,20260907
T06,joint_structure_parameter_information_gain,1,0,12,9,0.7187515972591295,gate1b_t06_02,M_base(x) + (a * tanh((b * (x2 - c)))),0.4977588682929628,-100.75023993294492,0.012604690853434587,True,False,0.045,20260907
T06,joint_structure_parameter_information_gain,1,1,13,9,0.6931482964681172,gate1b_t06_02,M_base(x) + (a * tanh((b * (x2 - c)))),0.4999999682099625,-109.72009198213127,0.009914946461366697,True,False,0.045,20260907
T06,joint_structure_parameter_information_gain,1,2,14,9,0.6931488094390135,gate1b_t06_01,M_base(x) + (tanh((p0 + (p1 * x2))) * p2),0.49999995245805867,-116.01436465585114,0.008105086217173312,True,False,0.045,20260907
T06,joint_structure_parameter_information_gain,1,3,15,9,0.69315048794195,gate1b_t06_01,M_base(x) + (tanh((p0 + (p1 * x2))) * p2),0.4999998987629336,-121.13993521306143,0.0028427829321941655,True,False,0.045,20260907
T06,joint_structure_parameter_information_gain,1,4,16,9,0.6931482851993646,gate1b_t06_01,M_base(x) + (tanh((p0 + (p1 * x2))) * p2),0.4999999681385204,-130.24001731053826,0.002506138940589238,True,False,0.045,20260907
T06,joint_structure_parameter_information_gain,1,5,17,9,0.6931473718527833,gate1b_t06_02,M_base(x) + (a * tanh((b * (x2 - c)))),0.4999999951241917,-138.89653203899218,0.0024937401919427485,True,False,0.045,20260907
T06,joint_structure_parameter_information_gain,1,6,18,9,0.6931479767401686,gate1b_t06_01,M_base(x) + (tanh((p0 + (p1 * x2))) * p2),0.4999999779455939,-142.4370159939996,0.004007175107982853,True,False,0.045,20260907
T06,joint_structure_parameter_information_gain,1,7,19,9,0.6931482654965978,gate1b_t06_02,M_base(x) + (a * tanh((b * (x2 - c)))),0.4999999693185253,-149.09072160307554,0.004294210608574522,True,False,0.045,20260907
T06,joint_structure_parameter_information_gain,1,8,20,9,0.6931475726593231,gate1b_t06_02,M_base(x) + (a * tanh((b * (x2 - c)))),0.4999999897359207,-156.78309367642186,0.003851243604738489,True,False,0.045,20260907
T01,space_filling_design,1,0,12,9,1.9820193650815132,gate1d_t01_02,M_base(x) + (p0 * (x1 ^ 2)),0.2870595632461734,-95.05010904196523,0.039675221708047013,True,True,0.06,20260911
T01,space_filling_design,1,1,13,9,1.4705906487480147,gate1d_t01_06,M_base(x) + (x1 * x1 * (pysr_coefficient_1 + (-1 * (x1 * pysr_coefficient_2)))),0.33295112229882556,-101.49889316768001,0.048745866725952464,True,False,0.06,20260911
T01,space_filling_design,1,2,14,9,1.6563261199756139,gate1d_t01_08,M_base(x) + (x1 * (pysr_coefficient_1 + (-1 * sin((x1 * pysr_coefficient_2)))) * x1),0.2144660164029407,-107.08924693617055,0.012337341929895487,True,False,0.06,20260911
T01,space_filling_design,1,3,15,9,1.6207785669038692,gate1d_t01_08,M_base(x) + (x1 * (pysr_coefficient_1 + (-1 * sin((x1 * pysr_coefficient_2)))) * x1),0.24433467177726254,-116.01138963981683,0.0123971363033409,True,False,0.06,20260911
T01,space_filling_design,1,4,16,9,1.6038298994938918,gate1d_t01_02,M_base(x) + (p0 * (x1 ^ 2)),0.389317766058895,-121.0195223398342,0.0057787670950388125,True,True,0.06,20260911
T01,space_filling_design,1,5,17,9,1.5573610138428757,gate1d_t01_02,M_base(x) + (p0 * (x1 ^ 2)),0.4050389928537935,-129.45927842625656,0.0048420101981770875,True,True,0.06,20260911
T01,space_filling_design,1,6,18,9,1.50991235128173,gate1d_t01_02,M_base(x) + (p0 * (x1 ^ 2)),0.4400137991799714,-137.8671387444866,0.0031009700487323465,True,True,0.06,20260911
T01,space_filling_design,1,7,19,9,1.479710947983578,gate1d_t01_02,M_base(x) + (p0 * (x1 ^ 2)),0.45669121795092166,-146.46151708962316,0.0042035197691854456,True,True,0.06,20260911
T01,space_filling_design,1,8,20,9,1.4671038801596428,gate1d_t01_02,M_base(x) + (p0 * (x1 ^ 2)),0.43142648688927787,-154.43775875526737,0.003047808257439739,True,True,0.06,20260911
T01,random_design,1,0,12,9,1.9820193650815132,gate1d_t01_02,M_base(x) + (p0 * (x1 ^ 2)),0.2870595632461734,-95.05010904196523,0.039675221708047013,True,True,0.06,20260911
T01,random_design,1,1,13,9,1.8143791359265429,gate1d_t01_02,M_base(x) + (p0 * (x1 ^ 2)),0.23049618602007424,-101.76597528398544,0.014402723477234963,True,True,0.06,20260911
T01,random_design,1,2,14,9,1.7422888323229697,gate1d_t01_02,M_base(x) + (p0 * (x1 ^ 2)),0.3352578085747936,-110.66080656786033,0.016989665075647198,True,True,0.06,20260911
T01,random_design,1,3,15,9,1.7301449840778844,gate1d_t01_02,M_base(x) + (p0 * (x1 ^ 2)),0.4000814573794301,-113.65409716187318,0.004216591081067154,True,True,0.06,20260911
T01,random_design,1,4,16,9,1.6745046639469865,gate1d_t01_02,M_base(x) + (p0 * (x1 ^ 2)),0.41824584153286326,-121.83788328326781,0.00831701443507533,True,True,0.06,20260911
T01,random_design,1,5,17,9,1.667542874691082,gate1d_t01_02,M_base(x) + (p0 * (x1 ^ 2)),0.41977584909251237,-130.46586127915427,0.007582204824154746,True,True,0.06,20260911
T01,random_design,1,6,18,9,1.5493770291228361,gate1d_t01_02,M_base(x) + (p0 * (x1 ^ 2)),0.4677236051825377,-138.2205095405261,0.0039042492915469275,True,True,0.06,20260911
T01,random_design,1,7,19,9,1.555024419954011,gate1d_t01_02,M_base(x) + (p0 * (x1 ^ 2)),0.47181487864925264,-146.60047647040656,0.005785228903125235,True,True,0.06,20260911
T01,random_design,1,8,20,9,1.5081883830206722,gate1d_t01_02,M_base(x) + (p0 * (x1 ^ 2)),0.4863622063204477,-155.29748722912296,0.006148283741285432,True,True,0.06,20260911
T01,model_information_gain,1,0,12,9,1.9820193650815132,gate1d_t01_02,M_base(x) + (p0 * (x1 ^ 2)),0.2870595632461734,-95.05010904196523,0.039675221708047013,True,True,0.06,20260911
T01,model_information_gain,1,1,13,9,1.4705906487480147,gate1d_t01_06,M_base(x) + (x1 * x1 * (pysr_coefficient_1 + (-1 * (x1 * pysr_coefficient_2)))),0.33295112229882556,-101.49889316768001,0.048745866725952464,True,False,0.06,20260911
T01,model_information_gain,1,2,14,9,1.6563261199756139,gate1d_t01_08,M_base(x) + (x1 * (pysr_coefficient_1 + (-1 * sin((x1 * pysr_coefficient_2)))) * x1),0.2144660164029407,-107.08924693617055,0.012337341929895487,True,False,0.06,20260911
T01,model_information_gain,1,3,15,9,1.6258096819687753,gate1d_t01_08,M_base(x) + (x1 * (pysr_coefficient_1 + (-1 * sin((x1 * pysr_coefficient_2)))) * x1),0.24924643990680526,-115.96591217272712,0.01160835106339224,True,False,0.06,20260911
T01,model_information_gain,1,4,16,9,1.6411379299554072,gate1d_t01_08,M_base(x) + (x1 * (pysr_coefficient_1 + (-1 * sin((x1 * pysr_coefficient_2)))) * x1),0.21724356814278875,-124.18651227246501,0.009145968505241877,True,False,0.06,20260911
T01,model_information_gain,1,5,17,9,1.395075599870191,gate1d_t01_03,M_base(x) + (p0 * (abs(x1) ^ p1)),0.529438427256733,-127.3377843212823,0.01794127815242463,True,False,0.06,20260911
T01,model_information_gain,1,6,18,9,0.8124179581889492,gate1d_t01_03,M_base(x) + (p0 * (abs(x1) ^ p1)),0.7721589857069455,-135.43042864323385,0.020110283802920535,True,False,0.06,20260911
T01,model_information_gain,1,7,19,9,0.7992619727415069,gate1d_t01_03,M_base(x) + (p0 * (abs(x1) ^ p1)),0.7950216104879868,-144.08751994486116,0.01941009295265767,True,False,0.06,20260911
T01,model_information_gain,1,8,20,9,0.5095635618494393,gate1d_t01_03,M_base(x) + (p0 * (abs(x1) ^ p1)),0.8873159499563986,-151.86035468751132,0.02141036675838551,True,False,0.06,20260911
T01,parameter_information_gain,1,0,12,9,1.9820193650815132,gate1d_t01_02,M_base(x) + (p0 * (x1 ^ 2)),0.2870595632461734,-95.05010904196523,0.039675221708047013,True,True,0.06,20260911
T01,parameter_information_gain,1,1,13,9,1.4705906487480147,gate1d_t01_06,M_base(x) + (x1 * x1 * (pysr_coefficient_1 + (-1 * (x1 * pysr_coefficient_2)))),0.33295112229882556,-101.49889316768001,0.048745866725952464,True,False,0.06,20260911
T01,parameter_information_gain,1,2,14,9,1.6563261199756139,gate1d_t01_08,M_base(x) + (x1 * (pysr_coefficient_1 + (-1 * sin((x1 * pysr_coefficient_2)))) * x1),0.2144660164029407,-107.08924693617055,0.012337341929895487,True,False,0.06,20260911
T01,parameter_information_gain,1,3,15,9,1.6407793893757303,gate1d_t01_03,M_base(x) + (p0 * (abs(x1) ^ p1)),0.2392436688717747,-115.81730402122142,0.009465567886952447,True,False,0.06,20260911
T01,parameter_information_gain,1,4,16,9,1.6411379299554065,gate1d_t01_08,M_base(x) + (x1 * (pysr_coefficient_1 + (-1 * sin((x1 * pysr_coefficient_2)))) * x1),0.2172435681427874,-124.18651227246504,0.009145968509994997,True,False,0.06,20260911
T01,parameter_information_gain,1,5,17,9,1.627453971994885,gate1d_t01_02,M_base(x) + (p0 * (x1 ^ 2)),0.2723893937347747,-132.86208924282698,0.004168717616544366,True,True,0.06,20260911
T01,parameter_information_gain,1,6,18,9,1.6266117285536896,gate1d_t01_02,M_base(x) + (p0 * (x1 ^ 2)),0.2425483892091773,-141.36630716066946,0.005541598776264213,True,True,0.06,20260911
T01,parameter_information_gain,1,7,19,9,1.5484235164930291,gate1d_t01_02,M_base(x) + (p0 * (x1 ^ 2)),0.3506405699123093,-148.42366570046545,0.0031024436037778934,True,True,0.06,20260911
T01,parameter_information_gain,1,8,20,9,1.6217173852813342,gate1d_t01_02,M_base(x) + (p0 * (x1 ^ 2)),0.2833737483601534,-155.3531267139698,0.0008885260671841278,True,True,0.06,20260911
T01,joint_structure_parameter_information_gain,1,0,12,9,1.9820193650815132,gate1d_t01_02,M_base(x) + (p0 * (x1 ^ 2)),0.2870595632461734,-95.05010904196523,0.039675221708047013,True,True,0.06,20260911
T01,joint_structure_parameter_information_gain,1,1,13,9,1.4705906487480147,gate1d_t01_06,M_base(x) + (x1 * x1 * (pysr_coefficient_1 + (-1 * (x1 * pysr_coefficient_2)))),0.33295112229882556,-101.49889316768001,0.048745866725952464,True,False,0.06,20260911
T01,joint_structure_parameter_information_gain,1,2,14,9,1.6563261199756139,gate1d_t01_08,M_base(x) + (x1 * (pysr_coefficient_1 + (-1 * sin((x1 * pysr_coefficient_2)))) * x1),0.2144660164029407,-107.08924693617055,0.012337341929895487,True,False,0.06,20260911
T01,joint_structure_parameter_information_gain,1,3,15,9,1.6258096819687753,gate1d_t01_08,M_base(x) + (x1 * (pysr_coefficient_1 + (-1 * sin((x1 * pysr_coefficient_2)))) * x1),0.24924643990680526,-115.96591217272712,0.01160835106339224,True,False,0.06,20260911
T01,joint_structure_parameter_information_gain,1,4,16,9,1.6411379299554072,gate1d_t01_08,M_base(x) + (x1 * (pysr_coefficient_1 + (-1 * sin((x1 * pysr_coefficient_2)))) * x1),0.21724356814278875,-124.18651227246501,0.009145968505241877,True,False,0.06,20260911
T01,joint_structure_parameter_information_gain,1,5,17,9,1.609781722683727,gate1d_t01_08,M_base(x) + (x1 * (pysr_coefficient_1 + (-1 * sin((x1 * pysr_coefficient_2)))) * x1),0.24818061665295713,-133.20406019609374,0.00912819101909223,True,False,0.06,20260911
T01,joint_structure_parameter_information_gain,1,6,18,9,1.6266117285536887,gate1d_t01_02,M_base(x) + (p0 * (x1 ^ 2)),0.2425483892091798,-141.36630716066946,0.005541598776264213,True,True,0.06,20260911
T01,joint_structure_parameter_information_gain,1,7,19,9,1.548423516493029,gate1d_t01_02,M_base(x) + (p0 * (x1 ^ 2)),0.3506405699123061,-148.42366570046545,0.0031024436037778934,True,True,0.06,20260911
T01,joint_structure_parameter_information_gain,1,8,20,9,1.6217173852813314,gate1d_t01_02,M_base(x) + (p0 * (x1 ^ 2)),0.28337374836016427,-155.35312671396986,0.000888526108249006,True,True,0.06,20260911
T02,space_filling_design,1,0,12,9,0.031366121286488254,gate1d_t02_01,M_base(x) * (1 + (p6 * x1 * x2)),0.9957403606806877,-92.91408682926766,0.004941761739483523,True,True,0.06,20260911
T02,space_filling_design,1,1,13,9,0.0008874158526206726,gate1d_t02_01,M_base(x) * (1 + (p6 * x1 * x2)),0.9999177049553416,-101.61516152981243,0.001606432526731798,True,True,0.06,20260911
T02,space_filling_design,1,2,14,9,0.0003071467395691437,gate1d_t02_01,M_base(x) * (1 + (p6 * x1 * x2)),0.9999741105842727,-109.93444752601089,0.004358072863705374,True,True,0.06,20260911
T02,space_filling_design,1,3,15,9,2.031231161658788e-08,gate1d_t02_01,M_base(x) * (1 + (p6 * x1 * x2)),0.9999999990690686,-118.5903411248987,0.005101105050909065,True,True,0.06,20260911
T02,space_filling_design,1,4,16,9,3.5530440649297196e-10,gate1d_t02_01,M_base(x) * (1 + (p6 * x1 * x2)),0.9999999999864174,-127.30915522497314,0.006010433698442295,True,True,0.06,20260911
T02,space_filling_design,1,5,17,9,7.079101938902359e-11,gate1d_t02_01,M_base(x) * (1 + (p6 * x1 * x2)),0.9999999999974559,-136.40692538300715,0.0059770491357416435,True,True,0.06,20260911
T02,space_filling_design,1,6,18,9,1.2089277912188183e-14,gate1d_t02_01,M_base(x) * (1 + (p6 * x1 * x2)),0.9999999999999997,-144.10430587196274,0.0021408088284884295,True,True,0.06,20260911
T02,space_filling_design,1,7,19,9,1.3961496070029528e-15,gate1d_t02_01,M_base(x) * (1 + (p6 * x1 * x2)),1.0,-153.14819693231055,0.001942300940558718,True,True,0.06,20260911
T02,space_filling_design,1,8,20,9,1.9473671635454706e-16,gate1d_t02_01,M_base(x) * (1 + (p6 * x1 * x2)),1.0,-162.26677995740403,0.0018655657872650889,True,True,0.06,20260911
T02,random_design,1,0,12,9,0.031366121286488254,gate1d_t02_01,M_base(x) * (1 + (p6 * x1 * x2)),0.9957403606806877,-92.91408682926766,0.004941761739483523,True,True,0.06,20260911
T02,random_design,1,1,13,9,0.015218751641928827,gate1d_t02_01,M_base(x) * (1 + (p6 * x1 * x2)),0.9981291271906343,-101.53565832994384,0.0029325855504052775,True,True,0.06,20260911
T02,random_design,1,2,14,9,0.0030656647166537694,gate1d_t02_01,M_base(x) * (1 + (p6 * x1 * x2)),0.9996915719868257,-110.29066389927961,0.0066975672106335355,True,True,0.06,20260911
T02,random_design,1,3,15,9,0.001757432929765333,gate1d_t02_01,M_base(x) * (1 + (p6 * x1 * x2)),0.9998330116081994,-119.31802756855387,0.006635860802452366,True,True,0.06,20260911
T02,random_design,1,4,16,9,0.0007365229221445029,gate1d_t02_01,M_base(x) * (1 + (p6 * x1 * x2)),0.9999339486346963,-127.54537676440593,0.0008808182541291867,True,True,0.06,20260911
T02,random_design,1,5,17,9,1.9820028866790264e-06,gate1d_t02_01,M_base(x) * (1 + (p6 * x1 * x2)),0.9999998856158678,-136.12472458672104,0.00311658208056112,True,True,0.06,20260911
T02,random_design,1,6,18,9,7.854108901472816e-07,gate1d_t02_01,M_base(x) * (1 + (p6 * x1 * x2)),0.9999999568485307,-144.05702523365701,0.008572493496829125,True,True,0.06,20260911
T02,random_design,1,7,19,9,4.844514052120045e-07,gate1d_t02_01,M_base(x) * (1 + (p6 * x1 * x2)),0.9999999741079741,-151.99783666662682,0.007124596564085211,True,True,0.06,20260911
T02,random_design,1,8,20,9,3.0899350258564325e-07,gate1d_t02_01,M_base(x) * (1 + (p6 * x1 * x2)),0.999999983869728,-157.97209241520855,0.0011547874333978048,True,True,0.06,20260911
T02,model_information_gain,1,0,12,9,0.031366121286488254,gate1d_t02_01,M_base(x) * (1 + (p6 * x1 * x2)),0.9957403606806877,-92.91408682926766,0.004941761739483523,True,True,0.06,20260911
T02,model_information_gain,1,1,13,9,0.0011217181493011481,gate1d_t02_01,M_base(x) * (1 + (p6 * x1 * x2)),0.9998986162360983,-101.06847801815617,0.006271046639520119,True,True,0.06,20260911
T02,model_information_gain,1,2,14,9,3.4736532770652594e-05,gate1d_t02_01,M_base(x) * (1 + (p6 * x1 * x2)),0.9999975813021992,-109.28139029331692,0.000279822139357153,True,True,0.06,20260911
T02,model_information_gain,1,3,15,9,8.310119251888266e-10,gate1d_t02_01,M_base(x) * (1 + (p6 * x1 * x2)),0.999999999968134,-118.10557442898792,0.0008730310593054813,True,True,0.06,20260911
T02,model_information_gain,1,4,16,9,6.239122105590838e-13,gate1d_t02_01,M_base(x) * (1 + (p6 * x1 * x2)),0.9999999999999811,-126.91503083171362,0.0005744415009572259,True,True,0.06,20260911
T02,model_information_gain,1,5,17,9,1.8669424157491997e-14,gate1d_t02_01,M_base(x) * (1 + (p6 * x1 * x2)),0.9999999999999994,-135.40446236188367,0.0010928796877575518,True,True,0.06,20260911
T02,model_information_gain,1,6,18,9,9.496708425215615e-16,gate1d_t02_01,M_base(x) * (1 + (p6 * x1 * x2)),1.0,-144.3612100879326,0.00043711068471953313,True,True,0.06,20260911
T02,model_information_gain,1,7,19,9,1.1471032505860663e-16,gate1d_t02_01,M_base(x) * (1 + (p6 * x1 * x2)),1.0,-153.45021403281527,0.0003603621352479205,True,True,0.06,20260911
T02,model_information_gain,1,8,20,9,6.55673845061843e-17,gate1d_t02_01,M_base(x) * (1 + (p6 * x1 * x2)),1.0,-159.48805588821736,2.3148967646399503e-05,True,True,0.06,20260911
T02,parameter_information_gain,1,0,12,9,0.031366121286488254,gate1d_t02_01,M_base(x) * (1 + (p6 * x1 * x2)),0.9957403606806877,-92.91408682926766,0.004941761739483523,True,True,0.06,20260911
T02,parameter_information_gain,1,1,13,9,0.005708037398221162,gate1d_t02_01,M_base(x) * (1 + (p6 * x1 * x2)),0.9993490015890122,-101.8181817895307,0.0037824091620389287,True,True,0.06,20260911
T02,parameter_information_gain,1,2,14,9,0.004717350713108192,gate1d_t02_01,M_base(x) * (1 + (p6 * x1 * x2)),0.999475103534507,-110.16303921597394,0.0005925325990562051,True,True,0.06,20260911
T02,parameter_information_gain,1,3,15,8,0.0032118039031806436,gate1d_t02_01,M_base(x) * (1 + (p6 * x1 * x2)),0.9996579051449952,-118.90468326424629,0.0018265656792143422,True,True,0.06,20260911
T02,parameter_information_gain,1,4,16,8,0.0002911554760075907,gate1d_t02_01,M_base(x) * (1 + (p6 * x1 * x2)),0.999975137869129,-127.80618064312019,0.0011152942949361822,True,True,0.06,20260911
T02,parameter_information_gain,1,5,17,8,5.1814165716744874e-05,gate1d_t02_01,M_base(x) * (1 + (p6 * x1 * x2)),0.9999961689379308,-136.27731384265687,3.681210492848522e-05,True,True,0.06,20260911
T02,parameter_information_gain,1,6,18,8,2.259983982887499e-13,gate1d_t02_01,M_base(x) * (1 + (p6 * x1 * x2)),0.9999999999999936,-145.25134027704422,0.00042695141780057773,True,True,0.06,20260911
T02,parameter_information_gain,1,7,19,8,2.8263120986803217e-15,gate1d_t02_01,M_base(x) * (1 + (p6 * x1 * x2)),0.9999999999999999,-154.45046853836135,0.00036836159683552636,True,True,0.06,20260911
T02,parameter_information_gain,1,8,20,8,4.167692394005571e-16,gate1d_t02_01,M_base(x) * (1 + (p6 * x1 * x2)),1.0,-163.5878582973764,0.00013410039496447986,True,True,0.06,20260911
T02,joint_structure_parameter_information_gain,1,0,12,9,0.031366121286488254,gate1d_t02_01,M_base(x) * (1 + (p6 * x1 * x2)),0.9957403606806877,-92.91408682926766,0.004941761739483523,True,True,0.06,20260911
T02,joint_structure_parameter_information_gain,1,1,13,9,0.005708037398221162,gate1d_t02_01,M_base(x) * (1 + (p6 * x1 * x2)),0.9993490015890122,-101.8181817895307,0.0037824091620389287,True,True,0.06,20260911
T02,joint_structure_parameter_information_gain,1,2,14,9,0.004717350713108192,gate1d_t02_01,M_base(x) * (1 + (p6 * x1 * x2)),0.999475103534507,-110.16303921597394,0.0005925325990562051,True,True,0.06,20260911
T02,joint_structure_parameter_information_gain,1,3,15,8,0.0005709051041220867,gate1d_t02_01,M_base(x) * (1 + (p6 * x1 * x2)),0.9999481609655568,-119.12633257255575,2.5815706748869005e-05,True,True,0.06,20260911
T02,joint_structure_parameter_information_gain,1,4,16,8,0.00029115547600759746,gate1d_t02_01,M_base(x) * (1 + (p6 * x1 * x2)),0.999975137869129,-127.80618064312016,0.0011152943528226324,True,True,0.06,20260911
T02,joint_structure_parameter_information_gain,1,5,17,8,5.181416571674392e-05,gate1d_t02_01,M_base(x) * (1 + (p6 * x1 * x2)),0.9999961689379308,-136.27731384265692,3.68120439577528e-05,True,True,0.06,20260911
T02,joint_structure_parameter_information_gain,1,6,18,8,2.2599839828874888e-13,gate1d_t02_01,M_base(x) * (1 + (p6 * x1 * x2)),0.9999999999999936,-145.25134027704422,0.00042695141780057773,True,True,0.06,20260911
T02,joint_structure_parameter_information_gain,1,7,19,8,2.8263120986803307e-15,gate1d_t02_01,M_base(x) * (1 + (p6 * x1 * x2)),0.9999999999999999,-154.45046853836135,0.00036836159683552636,True,True,0.06,20260911
T02,joint_structure_parameter_information_gain,1,8,20,8,4.1676923940056437e-16,gate1d_t02_01,M_base(x) * (1 + (p6 * x1 * x2)),1.0,-163.58785829737639,0.00013410038696954184,True,True,0.06,20260911
T03,space_filling_design,1,0,12,9,1.4419592115284974,gate1d_t03_04,M_base(x) + (sin(sin(x2)) + (-1 * x2)),0.43718406617723043,-94.71750346878488,0.18784467459353346,False,False,0.07500000000000001,20260911
T03,space_filling_design,1,1,13,9,0.3364671693789804,gate1d_t03_01,M_base(x) + (coefficient_cubic_x2 * (x2 ^ 3)),0.8947505812086004,-101.4287742106288,0.0003917506600901224,True,True,0.07500000000000001,20260911
T03,space_filling_design,1,2,14,9,0.1649674462555558,gate1d_t03_01,M_base(x) + (coefficient_cubic_x2 * (x2 ^ 3)),0.960933049142729,-110.34316203038854,0.0018023750865893032,True,True,0.07500000000000001,20260911
T03,space_filling_design,1,3,15,9,0.14187058016106854,gate1d_t03_01,M_base(x) + (coefficient_cubic_x2 * (x2 ^ 3)),0.9679285545810761,-119.2674300094202,0.0007673530646498439,True,True,0.07500000000000001,20260911
T03,space_filling_design,1,4,16,9,0.08410989743697926,gate1d_t03_01,M_base(x) + (coefficient_cubic_x2 * (x2 ^ 3)),0.9834940645620517,-128.14602647915632,0.0001240656971531307,True,True,0.07500000000000001,20260911
T03,space_filling_design,1,5,17,9,0.042338876412453035,gate1d_t03_01,M_base(x) + (coefficient_cubic_x2 * (x2 ^ 3)),0.9928725120294326,-137.14091971109548,0.0006980154634844883,True,True,0.07500000000000001,20260911
T03,space_filling_design,1,6,18,9,0.02785902390807954,gate1d_t03_01,M_base(x) + (coefficient_cubic_x2 * (x2 ^ 3)),0.995674828799243,-143.88197519358488,0.0032141626490431578,True,True,0.07500000000000001,20260911
T03,space_filling_design,1,7,19,9,0.028760546908695714,gate1d_t03_01,M_base(x) + (coefficient_cubic_x2 * (x2 ^ 3)),0.9955084930281661,-151.9209509453273,0.0032413644534849844,True,True,0.07500000000000001,20260911
T03,space_filling_design,1,8,20,9,0.01462045815835752,gate1d_t03_01,M_base(x) + (coefficient_cubic_x2 * (x2 ^ 3)),0.9979688560619465,-158.10128725929923,0.0029333276387829804,True,True,0.07500000000000001,20260911
T03,random_design,1,0,12,9,1.4419592115284974,gate1d_t03_04,M_base(x) + (sin(sin(x2)) + (-1 * x2)),0.43718406617723043,-94.71750346878488,0.18784467459353346,False,False,0.07500000000000001,20260911
T03,random_design,1,1,13,9,1.4295235876304573,gate1d_t03_04,M_base(x) + (sin(sin(x2)) + (-1 * x2)),0.4462524084366907,-103.0773104279075,0.18784467459353346,False,False,0.07500000000000001,20260911
T03,random_design,1,2,14,9,1.1342418082123116,gate1d_t03_03,M_base(x) + sin((pysr_coefficient_1 * (sin(x2) + (-1 * x2)))),0.377475830695541,-110.0019137202065,0.12582777448366902,False,False,0.07500000000000001,20260911
T03,random_design,1,3,15,9,1.0903579920603592,gate1d_t03_03,M_base(x) + sin((pysr_coefficient_1 * (sin(x2) + (-1 * x2)))),0.38910570334618616,-118.25648070821128,0.12270565341740337,False,False,0.07500000000000001,20260911
T03,random_design,1,4,16,9,1.0856162837632015,gate1d_t03_03,M_base(x) + sin((pysr_coefficient_1 * (sin(x2) + (-1 * x2)))),0.3920617938205852,-127.06157319014032,0.12270582926147,False,False,0.07500000000000001,20260911
T03,random_design,1,5,17,9,1.0717320845564646,gate1d_t03_03,M_base(x) + sin((pysr_coefficient_1 * (sin(x2) + (-1 * x2)))),0.42100314449444454,-134.276213870608,0.12691313697385528,False,False,0.07500000000000001,20260911
T03,random_design,1,6,18,9,0.023792774255052614,gate1d_t03_01,M_base(x) + (coefficient_cubic_x2 * (x2 ^ 3)),0.9964101864619885,-140.90777001774788,0.00933076998333573,True,True,0.07500000000000001,20260911
T03,random_design,1,7,19,9,0.010749452600466728,gate1d_t03_01,M_base(x) + (coefficient_cubic_x2 * (x2 ^ 3)),0.9985770430807134,-147.97915280792526,0.011775506649891907,True,True,0.07500000000000001,20260911
T03,random_design,1,8,20,9,0.0929421143805091,gate1d_t03_01,M_base(x) + (coefficient_cubic_x2 * (x2 ^ 3)),0.9812983775015215,-148.85390350547146,0.006830634240823344,True,True,0.07500000000000001,20260911
T03,model_information_gain,1,0,12,9,1.4419592115284974,gate1d_t03_04,M_base(x) + (sin(sin(x2)) + (-1 * x2)),0.43718406617723043,-94.71750346878488,0.18784467459353346,False,False,0.07500000000000001,20260911
T03,model_information_gain,1,1,13,9,0.3049826360106008,gate1d_t03_01,M_base(x) + (coefficient_cubic_x2 * (x2 ^ 3)),0.9089403539428969,-101.43769703521865,0.004561570969174586,True,True,0.07500000000000001,20260911
T03,model_information_gain,1,2,14,9,0.35309287122100447,gate1d_t03_01,M_base(x) + (coefficient_cubic_x2 * (x2 ^ 3)),0.8868296218423477,-109.399609901679,0.0019296064097403338,True,True,0.07500000000000001,20260911
T03,model_information_gain,1,3,15,9,0.15489421861338531,gate1d_t03_01,M_base(x) + (coefficient_cubic_x2 * (x2 ^ 3)),0.9640372162842656,-118.05138857173225,0.003171768676671583,True,True,0.07500000000000001,20260911
T03,model_information_gain,1,4,16,9,0.051463501948398806,gate1d_t03_01,M_base(x) + (coefficient_cubic_x2 * (x2 ^ 3)),0.9909767354604821,-126.72666914217875,0.000499232423180521,True,True,0.07500000000000001,20260911
T03,model_information_gain,1,5,17,9,0.029960919895355223,gate1d_t03_01,M_base(x) + (coefficient_cubic_x2 * (x2 ^ 3)),0.9952852301778365,-135.6608249616166,5.997168319721901e-05,True,True,0.07500000000000001,20260911
T03,model_information_gain,1,6,18,9,0.008676233544758568,gate1d_t03_01,M_base(x) + (coefficient_cubic_x2 * (x2 ^ 3)),0.9988877826132406,-142.9733758906941,0.001546439651303015,True,True,0.07500000000000001,20260911
T03,model_information_gain,1,7,19,9,0.0032306919510709025,gate1d_t03_01,M_base(x) + (coefficient_cubic_x2 * (x2 ^ 3)),0.9996379598831667,-151.77360450467427,0.0002034271792994968,True,True,0.07500000000000001,20260911
T03,model_information_gain,1,8,20,9,0.0010275140788286248,gate1d_t03_01,M_base(x) + (coefficient_cubic_x2 * (x2 ^ 3)),0.9998992956191429,-160.53566425046398,0.0006702128864213913,True,True,0.07500000000000001,20260911
T03,parameter_information_gain,1,0,12,9,1.4419592115284974,gate1d_t03_04,M_base(x) + (sin(sin(x2)) + (-1 * x2)),0.43718406617723043,-94.71750346878488,0.18784467459353346,False,False,0.07500000000000001,20260911
T03,parameter_information_gain,1,1,13,9,0.19490064340946556,gate1d_t03_01,M_base(x) + (coefficient_cubic_x2 * (x2 ^ 3)),0.9512222209091614,-101.39960887126551,0.002435433151198946,True,True,0.07500000000000001,20260911
T03,parameter_information_gain,1,2,14,9,0.14472350865657246,gate1d_t03_01,M_base(x) + (coefficient_cubic_x2 * (x2 ^ 3)),0.9670879164180145,-110.35469674582518,0.002828744834622497,True,True,0.07500000000000001,20260911
T03,parameter_information_gain,1,3,15,9,0.18114063918340845,gate1d_t03_01,M_base(x) + (coefficient_cubic_x2 * (x2 ^ 3)),0.955776889887844,-117.62453073390948,0.0012876769181450944,True,True,0.07500000000000001,20260911
T03,parameter_information_gain,1,4,16,9,0.17959290856337842,gate1d_t03_01,M_base(x) + (coefficient_cubic_x2 * (x2 ^ 3)),0.956279523124833,-124.14506475663359,0.002349632755216725,True,True,0.07500000000000001,20260911
T03,parameter_information_gain,1,5,17,9,0.17362153859805768,gate1d_t03_01,M_base(x) + (coefficient_cubic_x2 * (x2 ^ 3)),0.9582004826259343,-132.4985636739948,0.0009847607733624029,True,True,0.07500000000000001,20260911
T03,parameter_information_gain,1,6,18,9,0.15171489925305137,gate1d_t03_01,M_base(x) + (coefficient_cubic_x2 * (x2 ^ 3)),0.9649998733062194,-141.42138438621706,0.0008417751377508578,True,True,0.07500000000000001,20260911
T03,parameter_information_gain,1,7,19,9,0.14236275052451391,gate1d_t03_01,M_base(x) + (coefficient_cubic_x2 * (x2 ^ 3)),0.9677840055234885,-149.52317104459613,0.0003144430617503985,True,True,0.07500000000000001,20260911
T03,parameter_information_gain,1,8,20,9,0.12589836093995907,gate1d_t03_01,M_base(x) + (coefficient_cubic_x2 * (x2 ^ 3)),0.9725121019579189,-158.04395958356932,0.0010446196471971961,True,True,0.07500000000000001,20260911
T03,joint_structure_parameter_information_gain,1,0,12,9,1.4419592115284974,gate1d_t03_04,M_base(x) + (sin(sin(x2)) + (-1 * x2)),0.43718406617723043,-94.71750346878488,0.18784467459353346,False,False,0.07500000000000001,20260911
T03,joint_structure_parameter_information_gain,1,1,13,9,0.38456921934807864,gate1d_t03_01,M_base(x) + (coefficient_cubic_x2 * (x2 ^ 3)),0.8709539746275909,-101.35653734142362,0.009481912850682629,True,True,0.07500000000000001,20260911
T03,joint_structure_parameter_information_gain,1,2,14,9,0.23865432996162297,gate1d_t03_01,M_base(x) + (coefficient_cubic_x2 * (x2 ^ 3)),0.9356941798021026,-109.12917347932483,0.0034758942696735827,True,True,0.07500000000000001,20260911
T03,joint_structure_parameter_information_gain,1,3,15,9,0.18114063918340667,gate1d_t03_01,M_base(x) + (coefficient_cubic_x2 * (x2 ^ 3)),0.9557768898878446,-117.62453073390948,0.0012876769420282499,True,True,0.07500000000000001,20260911
T03,joint_structure_parameter_information_gain,1,4,16,9,0.1795929085633775,gate1d_t03_01,M_base(x) + (coefficient_cubic_x2 * (x2 ^ 3)),0.9562795231248333,-124.1450647566336,0.0023496327090268675,True,True,0.07500000000000001,20260911
T03,joint_structure_parameter_information_gain,1,5,17,9,0.17362153859805768,gate1d_t03_01,M_base(x) + (coefficient_cubic_x2 * (x2 ^ 3)),0.9582004826259343,-132.4985636739948,0.0009847607733624029,True,True,0.07500000000000001,20260911
T03,joint_structure_parameter_information_gain,1,6,18,9,0.15171489925305137,gate1d_t03_01,M_base(x) + (coefficient_cubic_x2 * (x2 ^ 3)),0.9649998733062194,-141.42138438621706,0.0008417751377508578,True,True,0.07500000000000001,20260911
T03,joint_structure_parameter_information_gain,1,7,19,9,0.14236275052451391,gate1d_t03_01,M_base(x) + (coefficient_cubic_x2 * (x2 ^ 3)),0.9677840055234885,-149.52317104459613,0.0003144430642173389,True,True,0.07500000000000001,20260911
T03,joint_structure_parameter_information_gain,1,8,20,9,0.12589836093995765,gate1d_t03_01,M_base(x) + (coefficient_cubic_x2 * (x2 ^ 3)),0.9725121019579194,-158.04395958356935,0.0010446196799641704,True,True,0.07500000000000001,20260911
T04,space_filling_design,1,0,12,9,1.4877745374371063,gate1b_t04_02,M_base(x) + (p0 * sin(x1) * x2),0.4796381181756198,-87.76362744745938,0.001035452676968828,True,True,0.07500000000000001,20260911
T04,space_filling_design,1,1,13,9,0.17146281991430937,gate1b_t04_02,M_base(x) + (p0 * sin(x1) * x2),0.9636639166567554,-95.96900926811152,0.004575157656294496,True,True,0.07500000000000001,20260911
T04,space_filling_design,1,2,14,9,0.026268492708053322,gate1b_t04_02,M_base(x) + (p0 * sin(x1) * x2),0.9966687039133698,-103.72490744965575,0.004036482184846491,True,True,0.07500000000000001,20260911
T04,space_filling_design,1,3,15,9,0.019942630217237967,gate1b_t04_02,M_base(x) + (p0 * sin(x1) * x2),0.9975044729309207,-111.56267810033418,0.007478068154530813,True,True,0.07500000000000001,20260911
T04,space_filling_design,1,4,16,9,0.007233744681292021,gate1b_t04_02,M_base(x) + (p0 * sin(x1) * x2),0.9992073120401425,-119.54415624433025,0.00488461658499863,True,True,0.07500000000000001,20260911
T04,space_filling_design,1,5,17,9,0.0006854480798587596,gate1b_t04_02,M_base(x) + (p0 * sin(x1) * x2),0.9999408987585312,-127.91843384166836,0.0037528767130786487,True,True,0.07500000000000001,20260911
T04,space_filling_design,1,6,18,9,0.0003944596596878566,gate1b_t04_02,M_base(x) + (p0 * sin(x1) * x2),0.9999674184535824,-133.58991536324203,0.00047755647845436935,True,True,0.07500000000000001,20260911
T04,space_filling_design,1,7,19,9,0.00038325821815639755,gate1b_t04_02,M_base(x) + (p0 * sin(x1) * x2),0.9999677210166005,-137.37118898432362,0.004538942939939178,True,True,0.07500000000000001,20260911
T04,space_filling_design,1,8,20,9,0.00010822623844448427,gate1b_t04_02,M_base(x) + (p0 * sin(x1) * x2),0.999991818206398,-145.05567456175717,0.003744002483276537,True,True,0.07500000000000001,20260911
T04,random_design,1,0,12,9,1.4877745374371063,gate1b_t04_02,M_base(x) + (p0 * sin(x1) * x2),0.4796381181756198,-87.76362744745938,0.001035452676968828,True,True,0.07500000000000001,20260911
T04,random_design,1,1,13,9,0.31692128001937797,gate1b_t04_02,M_base(x) + (p0 * sin(x1) * x2),0.9345256328805086,-95.9210092093691,0.004718270394827567,True,True,0.07500000000000001,20260911
T04,random_design,1,2,14,9,0.14688414483474763,gate1b_t04_02,M_base(x) + (p0 * sin(x1) * x2),0.9742011285248836,-104.37702883988385,0.004353006942205943,True,True,0.07500000000000001,20260911
T04,random_design,1,3,15,9,0.6275709616967373,gate1b_t04_02,M_base(x) + (p0 * sin(x1) * x2),0.8153877605319565,-107.87590682261113,0.00017992259763401896,True,True,0.07500000000000001,20260911
T04,random_design,1,4,16,9,0.6665884035868789,gate1b_t04_02,M_base(x) + (p0 * sin(x1) * x2),0.8026376723062968,-114.06722809364038,0.0004998104195825257,True,True,0.07500000000000001,20260911
T04,random_design,1,5,17,9,0.1586214871569708,gate1b_t04_02,M_base(x) + (p0 * sin(x1) * x2),0.9710063732578408,-122.32178278375495,0.0009137744301224789,True,True,0.07500000000000001,20260911
T04,random_design,1,6,18,9,0.043433193723736344,gate1b_t04_02,M_base(x) + (p0 * sin(x1) * x2),0.993828146263822,-127.81402895769355,0.003234067818501571,True,True,0.07500000000000001,20260911
T04,random_design,1,7,19,9,0.03076113181997504,gate1b_t04_02,M_base(x) + (p0 * sin(x1) * x2),0.9959167516916276,-135.45917084151964,0.000646194200620384,True,True,0.07500000000000001,20260911
T04,random_design,1,8,20,9,0.023700456097459865,gate1b_t04_02,M_base(x) + (p0 * sin(x1) * x2),0.9969742848109192,-143.68925323567328,0.0006201668675655266,True,True,0.07500000000000001,20260911
T04,model_information_gain,1,0,12,9,1.4877745374371063,gate1b_t04_02,M_base(x) + (p0 * sin(x1) * x2),0.4796381181756198,-87.76362744745938,0.001035452676968828,True,True,0.07500000000000001,20260911
T04,model_information_gain,1,1,13,9,0.1655616781687674,gate1b_t04_02,M_base(x) + (p0 * sin(x1) * x2),0.9655782386043187,-96.13574110244569,0.0011140696030518514,True,True,0.07500000000000001,20260911
T04,model_information_gain,1,2,14,9,0.010715762103543918,gate1b_t04_02,M_base(x) + (p0 * sin(x1) * x2),0.9987861657706075,-102.49295326046848,0.005083060094298671,True,True,0.07500000000000001,20260911
T04,model_information_gain,1,3,15,9,0.0021161346883709626,gate1b_t04_02,M_base(x) + (p0 * sin(x1) * x2),0.9998054310271673,-109.63336436146047,0.009090056901174511,True,True,0.07500000000000001,20260911
T04,model_information_gain,1,4,16,9,0.0011992202496808114,gate1b_t04_02,M_base(x) + (p0 * sin(x1) * x2),0.9998908661027355,-115.30231502285024,0.0017384497204273506,True,True,0.07500000000000001,20260911
T04,model_information_gain,1,5,17,9,0.0009673293900641309,gate1b_t04_02,M_base(x) + (p0 * sin(x1) * x2),0.9999136033358255,-121.81332211457595,0.0027359401706316413,True,True,0.07500000000000001,20260911
T04,model_information_gain,1,6,18,9,0.00017182795609656395,gate1b_t04_02,M_base(x) + (p0 * sin(x1) * x2),0.9999867742045736,-130.01335277844507,0.0020855228863488296,True,True,0.07500000000000001,20260911
T04,model_information_gain,1,7,19,9,1.7543139646173156e-05,gate1b_t04_02,M_base(x) + (p0 * sin(x1) * x2),0.9999988612739049,-136.43416747424774,0.0013998660976137674,True,True,0.07500000000000001,20260911
T04,model_information_gain,1,8,20,9,2.49496490253893e-06,gate1b_t04_02,M_base(x) + (p0 * sin(x1) * x2),0.9999998570513573,-142.75588170411694,0.0005017666912455308,True,True,0.07500000000000001,20260911
T04,parameter_information_gain,1,0,12,9,1.4877745374371063,gate1b_t04_02,M_base(x) + (p0 * sin(x1) * x2),0.4796381181756198,-87.76362744745938,0.001035452676968828,True,True,0.07500000000000001,20260911
T04,parameter_information_gain,1,1,13,9,0.17146281991430937,gate1b_t04_02,M_base(x) + (p0 * sin(x1) * x2),0.9636639166567554,-95.96900926811152,0.004575157656294496,True,True,0.07500000000000001,20260911
T04,parameter_information_gain,1,2,14,9,0.017018076685252508,gate1b_t04_02,M_base(x) + (p0 * sin(x1) * x2),0.9979584155046582,-103.84333879456689,0.008613727064603277,True,True,0.07500000000000001,20260911
T04,parameter_information_gain,1,3,15,9,0.006325056094884948,gate1b_t04_02,M_base(x) + (p0 * sin(x1) * x2),0.9993205245814032,-108.84586715833919,0.0018126423491268914,True,True,0.07500000000000001,20260911
T04,parameter_information_gain,1,4,16,9,0.003809344377657903,gate1b_t04_02,M_base(x) + (p0 * sin(x1) * x2),0.9996133948851431,-117.1007422498762,0.0028927773315518455,True,True,0.07500000000000001,20260911
T04,parameter_information_gain,1,5,17,9,0.004345555048253627,gate1b_t04_02,M_base(x) + (p0 * sin(x1) * x2),0.9995522542226697,-124.19744536955989,0.0055627019684105,True,True,0.07500000000000001,20260911
T04,parameter_information_gain,1,6,18,9,0.0027284594670483227,gate1b_t04_02,M_base(x) + (p0 * sin(x1) * x2),0.9997330475548744,-132.45626510393163,0.004741782133559454,True,True,0.07500000000000001,20260911
T04,parameter_information_gain,1,7,19,9,0.004840860288006744,gate1b_t04_02,M_base(x) + (p0 * sin(x1) * x2),0.9994919060467464,-137.38999536618687,0.0015300508981638376,True,True,0.07500000000000001,20260911
T04,parameter_information_gain,1,8,20,9,0.0036729868524966857,gate1b_t04_02,M_base(x) + (p0 * sin(x1) * x2),0.9996290652269912,-143.86062583877663,0.0006293380838025275,True,True,0.07500000000000001,20260911
T04,joint_structure_parameter_information_gain,1,0,12,9,1.4877745374371063,gate1b_t04_02,M_base(x) + (p0 * sin(x1) * x2),0.4796381181756198,-87.76362744745938,0.001035452676968828,True,True,0.07500000000000001,20260911
T04,joint_structure_parameter_information_gain,1,1,13,9,0.1655616781687674,gate1b_t04_02,M_base(x) + (p0 * sin(x1) * x2),0.9655782386043187,-96.13574110244569,0.0011140696030518514,True,True,0.07500000000000001,20260911
T04,joint_structure_parameter_information_gain,1,2,14,9,0.0245951604724588,gate1b_t04_02,M_base(x) + (p0 * sin(x1) * x2),0.9968776156490022,-103.27739563287311,0.004982621427273748,True,True,0.07500000000000001,20260911
T04,joint_structure_parameter_information_gain,1,3,15,9,0.006360362379293234,gate1b_t04_02,M_base(x) + (p0 * sin(x1) * x2),0.9993150708105014,-109.16559598024162,0.0010198124090306947,True,True,0.07500000000000001,20260911
T04,joint_structure_parameter_information_gain,1,4,16,9,0.004229010652450492,gate1b_t04_02,M_base(x) + (p0 * sin(x1) * x2),0.9995652869934595,-117.25289071381897,0.0006173554165230558,True,True,0.07500000000000001,20260911
T04,joint_structure_parameter_information_gain,1,5,17,9,0.005752171341488339,gate1b_t04_02,M_base(x) + (p0 * sin(x1) * x2),0.9993869059568256,-123.97349817768051,0.003684820945589322,True,True,0.07500000000000001,20260911
T04,joint_structure_parameter_information_gain,1,6,18,9,0.0035302413089685187,gate1b_t04_02,M_base(x) + (p0 * sin(x1) * x2),0.9996442636153205,-132.31558075811864,0.0031068178870634713,True,True,0.07500000000000001,20260911
T04,joint_structure_parameter_information_gain,1,7,19,9,0.005279628903765036,gate1b_t04_02,M_base(x) + (p0 * sin(x1) * x2),0.9994398970887655,-137.6446224333467,5.6781486007205364e-05,True,True,0.07500000000000001,20260911
T04,joint_structure_parameter_information_gain,1,8,20,9,0.0036341936495970476,gate1b_t04_02,M_base(x) + (p0 * sin(x1) * x2),0.9996327132875458,-144.3539481399363,0.0019684916313537693,True,True,0.07500000000000001,20260911
T05,space_filling_design,1,0,12,9,1.2675956183371277,gate1d_t05_02,M_base(x) + exp((pysr_coefficient_1 + (-1 * (x1 * pysr_coefficient_2)))),0.3445068707214828,-94.29382401238021,0.006234322750104383,True,False,0.045,20260911
T05,space_filling_design,1,1,13,9,1.2805382255280016,gate1d_t05_01,M_base(x) + (coefficient_exp_x1 * exp((rate_x1 * x1))),0.3467646264861734,-102.7803854733899,0.005841409490689029,True,True,0.045,20260911
T05,space_filling_design,1,2,14,9,1.3380851663083333,gate1d_t05_02,M_base(x) + exp((pysr_coefficient_1 + (-1 * (x1 * pysr_coefficient_2)))),0.32711063400039586,-110.07460450450982,0.005201932511285726,True,False,0.045,20260911
T05,space_filling_design,1,3,15,9,1.2981305819444493,gate1d_t05_02,M_base(x) + exp((pysr_coefficient_1 + (-1 * (x1 * pysr_coefficient_2)))),0.3463857569216962,-119.13050609111964,0.005334854981266079,True,False,0.045,20260911
T05,space_filling_design,1,4,16,9,1.2954932611719059,gate1d_t05_01,M_base(x) + (coefficient_exp_x1 * exp((rate_x1 * x1))),0.34646358864551324,-128.1238524193025,0.00577615666708969,True,True,0.045,20260911
T05,space_filling_design,1,5,17,9,1.2864577155843524,gate1d_t05_01,M_base(x) + (coefficient_exp_x1 * exp((rate_x1 * x1))),0.3531918001344582,-137.35671795105523,0.005791930935682931,True,True,0.045,20260911
T05,space_filling_design,1,6,18,9,1.2760013548039022,gate1d_t05_01,M_base(x) + (coefficient_exp_x1 * exp((rate_x1 * x1))),0.35743747038058415,-146.63349912052598,0.005943397577111879,True,True,0.045,20260911
T05,space_filling_design,1,7,19,9,1.2435429517810355,gate1d_t05_02,M_base(x) + exp((pysr_coefficient_1 + (-1 * (x1 * pysr_coefficient_2)))),0.3628097949109019,-155.12445877090462,0.006343210155335723,True,False,0.045,20260911
T05,space_filling_design,1,8,20,9,1.237288727109993,gate1d_t05_01,M_base(x) + (coefficient_exp_x1 * exp((rate_x1 * x1))),0.3660681567592141,-164.52173035131958,0.006359953257690786,True,True,0.045,20260911
T05,random_design,1,0,12,9,1.2675956183371277,gate1d_t05_02,M_base(x) + exp((pysr_coefficient_1 + (-1 * (x1 * pysr_coefficient_2)))),0.3445068707214828,-94.29382401238021,0.006234322750104383,True,False,0.045,20260911
T05,random_design,1,1,13,9,1.2805072535535964,gate1d_t05_02,M_base(x) + exp((pysr_coefficient_1 + (-1 * (x1 * pysr_coefficient_2)))),0.3298788348169313,-102.06733646415788,0.007333952766438113,True,False,0.045,20260911
T05,random_design,1,2,14,9,1.275665347446686,gate1d_t05_02,M_base(x) + exp((pysr_coefficient_1 + (-1 * (x1 * pysr_coefficient_2)))),0.33122760345788577,-111.16873744541536,0.007423317694565222,True,False,0.045,20260911
T05,random_design,1,3,15,9,1.2568991425496763,gate1d_t05_02,M_base(x) + exp((pysr_coefficient_1 + (-1 * (x1 * pysr_coefficient_2)))),0.3439377627162757,-119.85472650040883,0.006868224207899612,True,False,0.045,20260911
T05,random_design,1,4,16,9,1.2747952477539832,gate1d_t05_01,M_base(x) + (coefficient_exp_x1 * exp((rate_x1 * x1))),0.32409916638206687,-128.13380714326047,0.006131252134386517,True,True,0.045,20260911
T05,random_design,1,5,17,9,1.2591229287000827,gate1d_t05_01,M_base(x) + (coefficient_exp_x1 * exp((rate_x1 * x1))),0.339682061877571,-136.26813166832784,0.00536299225210169,True,True,0.045,20260911
T05,random_design,1,6,18,9,1.2387385444109367,gate1d_t05_01,M_base(x) + (coefficient_exp_x1 * exp((rate_x1 * x1))),0.3568504569358049,-145.23179484789472,0.0056614935979550024,True,True,0.045,20260911
T05,random_design,1,7,19,9,1.2502748961556391,gate1d_t05_01,M_base(x) + (coefficient_exp_x1 * exp((rate_x1 * x1))),0.34305119528979455,-153.38305543489312,0.004858009449079733,True,True,0.045,20260911
T05,random_design,1,8,20,9,1.2627068798423242,gate1d_t05_01,M_base(x) + (coefficient_exp_x1 * exp((rate_x1 * x1))),0.33156930810272006,-161.51165515463177,0.00522861477409472,True,True,0.045,20260911
T05,model_information_gain,1,0,12,9,1.2675956183371277,gate1d_t05_02,M_base(x) + exp((pysr_coefficient_1 + (-1 * (x1 * pysr_coefficient_2)))),0.3445068707214828,-94.29382401238021,0.006234322750104383,True,False,0.045,20260911
T05,model_information_gain,1,1,13,9,1.3190329207666975,gate1d_t05_01,M_base(x) + (coefficient_exp_x1 * exp((rate_x1 * x1))),0.3338698498556834,-101.56130151897729,0.005581745514208517,True,True,0.045,20260911
T05,model_information_gain,1,2,14,9,1.2885783935000108,gate1d_t05_01,M_base(x) + (coefficient_exp_x1 * exp((rate_x1 * x1))),0.3464228943138612,-110.65191628519673,0.0056176949308654345,True,True,0.045,20260911
T05,model_information_gain,1,3,15,9,1.2599097601372111,gate1d_t05_01,M_base(x) + (coefficient_exp_x1 * exp((rate_x1 * x1))),0.3540774644572646,-119.6132033743026,0.00582809834643143,True,True,0.045,20260911
T05,model_information_gain,1,4,16,9,1.270624568113499,gate1d_t05_01,M_base(x) + (coefficient_exp_x1 * exp((rate_x1 * x1))),0.340688481550907,-128.0316655726538,0.005028541737990165,True,True,0.045,20260911
T05,model_information_gain,1,5,17,9,1.2802170534424926,gate1d_t05_01,M_base(x) + (coefficient_exp_x1 * exp((rate_x1 * x1))),0.32647916634285035,-136.64084904058205,0.004637243773430318,True,True,0.045,20260911
T05,model_information_gain,1,6,18,9,1.2546596639462824,gate1d_t05_01,M_base(x) + (coefficient_exp_x1 * exp((rate_x1 * x1))),0.351865107606546,-144.49965440726984,0.005091753630686049,True,True,0.045,20260911
T05,model_information_gain,1,7,19,9,1.2447294746493602,gate1d_t05_02,M_base(x) + exp((pysr_coefficient_1 + (-1 * (x1 * pysr_coefficient_2)))),0.35391866346382084,-153.6765898054254,0.005218032176218365,True,False,0.045,20260911
T05,model_information_gain,1,8,20,9,1.2282115197983017,gate1d_t05_02,M_base(x) + exp((pysr_coefficient_1 + (-1 * (x1 * pysr_coefficient_2)))),0.36568461469310476,-162.77714564969042,0.005460535835183703,True,False,0.045,20260911
T05,parameter_information_gain,1,0,12,9,1.2675956183371277,gate1d_t05_02,M_base(x) + exp((pysr_coefficient_1 + (-1 * (x1 * pysr_coefficient_2)))),0.3445068707214828,-94.29382401238021,0.006234322750104383,True,False,0.045,20260911
T05,parameter_information_gain,1,1,13,9,1.2775648183752215,gate1d_t05_01,M_base(x) + (coefficient_exp_x1 * exp((rate_x1 * x1))),0.3304536145323723,-102.61516805833382,0.005388383010429402,True,True,0.045,20260911
T05,parameter_information_gain,1,2,14,9,1.273353386072758,gate1d_t05_01,M_base(x) + (coefficient_exp_x1 * exp((rate_x1 * x1))),0.3310263936095631,-111.70945109098326,0.005242741517832818,True,True,0.045,20260911
T05,parameter_information_gain,1,3,15,9,1.270076175651086,gate1d_t05_02,M_base(x) + exp((pysr_coefficient_1 + (-1 * (x1 * pysr_coefficient_2)))),0.3314127622356726,-120.7007398494837,0.004675201258465479,True,False,0.045,20260911
T05,parameter_information_gain,1,4,16,9,1.2598619476367154,gate1d_t05_01,M_base(x) + (coefficient_exp_x1 * exp((rate_x1 * x1))),0.3387907473531101,-129.91149457173685,0.004660552171361145,True,True,0.045,20260911
T05,parameter_information_gain,1,5,17,9,1.255930048159973,gate1d_t05_01,M_base(x) + (coefficient_exp_x1 * exp((rate_x1 * x1))),0.34047079107263045,-139.17137847131124,0.004342314616072087,True,True,0.045,20260911
T05,parameter_information_gain,1,6,18,9,1.2545518829572668,gate1d_t05_02,M_base(x) + exp((pysr_coefficient_1 + (-1 * (x1 * pysr_coefficient_2)))),0.3406631446400694,-148.04567912925287,0.003738868402722151,True,False,0.045,20260911
T05,parameter_information_gain,1,7,19,9,1.2102903705609915,gate1d_t05_01,M_base(x) + (coefficient_exp_x1 * exp((rate_x1 * x1))),0.3707960828144019,-151.66872886430187,0.003956660612721001,True,True,0.045,20260911
T05,parameter_information_gain,1,8,20,9,1.2063733347454504,gate1d_t05_01,M_base(x) + (coefficient_exp_x1 * exp((rate_x1 * x1))),0.37248132321679833,-160.48191836119196,0.00453203639235135,True,True,0.045,20260911
T05,joint_structure_parameter_information_gain,1,0,12,9,1.2675956183371277,gate1d_t05_02,M_base(x) + exp((pysr_coefficient_1 + (-1 * (x1 * pysr_coefficient_2)))),0.3445068707214828,-94.29382401238021,0.006234322750104383,True,False,0.045,20260911
T05,joint_structure_parameter_information_gain,1,1,13,9,1.2775648183752215,gate1d_t05_01,M_base(x) + (coefficient_exp_x1 * exp((rate_x1 * x1))),0.3304536145323723,-102.61516805833382,0.005388383010429402,True,True,0.045,20260911
T05,joint_structure_parameter_information_gain,1,2,14,9,1.273353386072758,gate1d_t05_01,M_base(x) + (coefficient_exp_x1 * exp((rate_x1 * x1))),0.3310263936095631,-111.70945109098326,0.005242741517832818,True,True,0.045,20260911
T05,joint_structure_parameter_information_gain,1,3,15,9,1.267344757215291,gate1d_t05_02,M_base(x) + exp((pysr_coefficient_1 + (-1 * (x1 * pysr_coefficient_2)))),0.3341465097386563,-120.95349683815533,0.005348541737649248,True,False,0.045,20260911
T05,joint_structure_parameter_information_gain,1,4,16,9,1.2572076421357594,gate1d_t05_01,M_base(x) + (coefficient_exp_x1 * exp((rate_x1 * x1))),0.34139709684676695,-130.19218008081396,0.005343788783448319,True,True,0.045,20260911
T05,joint_structure_parameter_information_gain,1,5,17,9,1.262228348671481,gate1d_t05_01,M_base(x) + (coefficient_exp_x1 * exp((rate_x1 * x1))),0.3354019768875797,-136.78288108783062,0.0037317298443534466,True,True,0.045,20260911
T05,joint_structure_parameter_information_gain,1,6,18,9,1.2599707017413269,gate1d_t05_01,M_base(x) + (coefficient_exp_x1 * exp((rate_x1 * x1))),0.3361906217208773,-145.9436474226006,0.0034310482880901294,True,True,0.045,20260911
T05,joint_structure_parameter_information_gain,1,7,19,9,1.218965468397545,gate1d_t05_01,M_base(x) + (coefficient_exp_x1 * exp((rate_x1 * x1))),0.36536003069305384,-149.95753432783079,0.003598191228492076,True,True,0.045,20260911
T05,joint_structure_parameter_information_gain,1,8,20,9,1.2128861683174683,gate1d_t05_01,M_base(x) + (coefficient_exp_x1 * exp((rate_x1 * x1))),0.3681622646795067,-159.05000500816655,0.0037703525642996043,True,True,0.045,20260911
T06,space_filling_design,1,0,12,9,0.6978460938580687,gate1b_t06_02,M_base(x) + (a * tanh((b * (x2 - c)))),0.4996953585325671,-102.81768336619785,0.01314158744593845,True,False,0.045,20260911
T06,space_filling_design,1,1,13,9,0.6946576529812435,gate1b_t06_01,M_base(x) + (tanh((p0 + (p1 * x2))) * p2),0.4999161423383983,-110.29684696308888,0.00927389928204482,True,False,0.045,20260911
T06,space_filling_design,1,2,14,9,0.6931491034521814,gate1b_t06_02,M_base(x) + (a * tanh((b * (x2 - c)))),0.4999999447561214,-118.73489307879184,0.012008416298768297,True,False,0.045,20260911
T06,space_filling_design,1,3,15,9,0.693147455385261,gate1b_t06_02,M_base(x) + (a * tanh((b * (x2 - c)))),0.49999999285236363,-128.09361149690162,0.011711913296036143,True,False,0.045,20260911
T06,space_filling_design,1,4,16,9,0.6931472321157222,gate1b_t06_01,M_base(x) + (tanh((p0 + (p1 * x2))) * p2),0.49999999878394996,-138.013615659969,0.01173502084061991,True,False,0.045,20260911
T06,space_filling_design,1,5,17,9,0.6931471987560154,gate1b_t06_02,M_base(x) + (a * tanh((b * (x2 - c)))),0.4999999995925661,-147.2665031808103,0.010567612681023783,True,False,0.045,20260911
T06,space_filling_design,1,6,18,9,0.6931471864938821,gate1b_t06_01,M_base(x) + (tanh((p0 + (p1 * x2))) * p2),0.4999999998738655,-156.92302831687465,0.00986239345543658,True,False,0.045,20260911
T06,space_filling_design,1,7,19,9,0.6931471832023548,gate1b_t06_01,M_base(x) + (tanh((p0 + (p1 * x2))) * p2),0.49999999994567146,-163.19971741588037,0.010535202475927657,True,False,0.045,20260911
T06,space_filling_design,1,8,20,9,0.693147181467077,gate1b_t06_01,M_base(x) + (tanh((p0 + (p1 * x2))) * p2),0.4999999999821579,-172.8186277208201,0.009967141017453168,True,False,0.045,20260911
T06,random_design,1,0,12,9,0.6978460938580687,gate1b_t06_02,M_base(x) + (a * tanh((b * (x2 - c)))),0.4996953585325671,-102.81768336619785,0.01314158744593845,True,False,0.045,20260911
T06,random_design,1,1,13,9,0.7010508821897148,gate1b_t06_01,M_base(x) + (tanh((p0 + (p1 * x2))) * p2),0.4994441408503374,-110.09010667651015,0.009607527679810891,True,False,0.045,20260911
T06,random_design,1,2,14,9,0.6932286552428809,gate1b_t06_02,M_base(x) + (a * tanh((b * (x2 - c)))),0.4999967677928885,-114.17676540199244,0.0032246272660968315,True,False,0.045,20260911
T06,random_design,1,3,15,9,0.6931854134431857,gate1b_t06_01,M_base(x) + (tanh((p0 + (p1 * x2))) * p2),0.49999859149029857,-122.28426840707131,0.001227496639264917,True,False,0.045,20260911
T06,random_design,1,4,16,9,0.6931686829281539,gate1b_t06_02,M_base(x) + (a * tanh((b * (x2 - c)))),0.4999992392999582,-131.35271994014207,0.0018238426192896684,True,False,0.045,20260911
T06,random_design,1,5,17,9,0.693158268832188,gate1b_t06_02,M_base(x) + (a * tanh((b * (x2 - c)))),0.49999962556226696,-140.63088296628518,0.0013309729886273939,True,False,0.045,20260911
T06,random_design,1,6,18,9,0.6931515473273996,gate1b_t06_02,M_base(x) + (a * tanh((b * (x2 - c)))),0.49999986196279755,-150.2100550713493,0.0013026458508424263,True,False,0.045,20260911
T06,random_design,1,7,19,9,0.6931490588485102,gate1b_t06_01,M_base(x) + (tanh((p0 + (p1 * x2))) * p2),0.4999999436748004,-159.9005036769255,0.0012959619396980145,True,False,0.045,20260911
T06,random_design,1,8,20,9,0.6931474790689337,gate1b_t06_02,M_base(x) + (a * tanh((b * (x2 - c)))),0.4999999920204038,-166.23857338301357,0.0033329445205623593,True,False,0.045,20260911
T06,model_information_gain,1,0,12,9,0.6978460938580687,gate1b_t06_02,M_base(x) + (a * tanh((b * (x2 - c)))),0.4996953585325671,-102.81768336619785,0.01314158744593845,True,False,0.045,20260911
T06,model_information_gain,1,1,13,9,0.6931489164618211,gate1b_t06_02,M_base(x) + (a * tanh((b * (x2 - c)))),0.4999999504025362,-112.07415519676833,0.015278759674999032,True,False,0.045,20260911
T06,model_information_gain,1,2,14,9,0.6931859946776385,gate1b_t06_01,M_base(x) + (tanh((p0 + (p1 * x2))) * p2),0.49999859102049077,-111.61532424086545,0.013155142309891493,True,False,0.045,20260911
T06,model_information_gain,1,3,15,9,0.6931920812811657,gate1b_t06_01,M_base(x) + (tanh((p0 + (p1 * x2))) * p2),0.4999983964917284,-116.27403298341379,0.006811310758339473,True,False,0.045,20260911
T06,model_information_gain,1,4,16,9,0.6931593848863142,gate1b_t06_02,M_base(x) + (a * tanh((b * (x2 - c)))),0.4999996038250805,-125.16531628736058,0.006536588967719368,True,False,0.045,20260911
T06,model_information_gain,1,5,17,9,0.6931565418260646,gate1b_t06_02,M_base(x) + (a * tanh((b * (x2 - c)))),0.4999997000654261,-131.4048097141453,0.010570845852644872,True,False,0.045,20260911
T06,model_information_gain,1,6,18,9,0.6931499170264536,gate1b_t06_02,M_base(x) + (a * tanh((b * (x2 - c)))),0.49999991931156923,-140.4916160816819,0.010567527665868258,True,False,0.045,20260911
T06,model_information_gain,1,7,19,9,0.6931489688081294,gate1b_t06_02,M_base(x) + (a * tanh((b * (x2 - c)))),0.4999999484361093,-146.92912767531578,0.010179453787083135,True,False,0.045,20260911
T06,model_information_gain,1,8,20,9,0.6931484191868007,gate1b_t06_02,M_base(x) + (a * tanh((b * (x2 - c)))),0.49999996504841326,-155.0419500010457,0.009838465640786278,True,False,0.045,20260911
T06,parameter_information_gain,1,0,12,9,0.6978460938580687,gate1b_t06_02,M_base(x) + (a * tanh((b * (x2 - c)))),0.4996953585325671,-102.81768336619785,0.01314158744593845,True,False,0.045,20260911
T06,parameter_information_gain,1,1,13,9,0.6944321988544084,gate1b_t06_01,M_base(x) + (tanh((p0 + (p1 * x2))) * p2),0.4999300274173226,-112.79525523750651,0.01301510739089801,True,False,0.045,20260911
T06,parameter_information_gain,1,2,14,9,0.693150767538975,gate1b_t06_02,M_base(x) + (a * tanh((b * (x2 - c)))),0.4999998929891702,-114.86711609838355,0.004860304202642287,True,False,0.045,20260911
T06,parameter_information_gain,1,3,15,9,0.6931483094684353,gate1b_t06_01,M_base(x) + (tanh((p0 + (p1 * x2))) * p2),0.49999996862185975,-123.47221710147774,0.004228026293131074,True,False,0.045,20260911
T06,parameter_information_gain,1,4,16,9,0.6931474061159328,gate1b_t06_01,M_base(x) + (tanh((p0 + (p1 * x2))) * p2),0.49999999427196995,-132.972431373566,0.004559363203250129,True,False,0.045,20260911
T06,parameter_information_gain,1,5,17,9,0.6931472752362046,gate1b_t06_01,M_base(x) + (tanh((p0 + (p1 * x2))) * p2),0.49999999770222825,-142.0700979319905,0.002928552967232779,True,False,0.045,20260911
T06,parameter_information_gain,1,6,18,9,0.6931471999013404,gate1b_t06_02,M_base(x) + (a * tanh((b * (x2 - c)))),0.4999999995652087,-151.766587552689,0.002908245970553893,True,False,0.045,20260911
T06,parameter_information_gain,1,7,19,9,0.6931471896299704,gate1b_t06_02,M_base(x) + (a * tanh((b * (x2 - c)))),0.49999999980310905,-160.6725891923126,0.004404425738563794,True,False,0.045,20260911
T06,parameter_information_gain,1,8,20,9,0.6931471838890244,gate1b_t06_02,M_base(x) + (a * tanh((b * (x2 - c)))),0.49999999993080557,-170.1268228117123,0.004111703632818477,True,False,0.045,20260911
T06,joint_structure_parameter_information_gain,1,0,12,9,0.6978460938580687,gate1b_t06_02,M_base(x) + (a * tanh((b * (x2 - c)))),0.4996953585325671,-102.81768336619785,0.01314158744593845,True,False,0.045,20260911
T06,joint_structure_parameter_information_gain,1,1,13,9,0.6944321988544084,gate1b_t06_01,M_base(x) + (tanh((p0 + (p1 * x2))) * p2),0.4999300274173226,-112.79525523750651,0.01301510739089801,True,False,0.045,20260911
T06,joint_structure_parameter_information_gain,1,2,14,9,0.693150767538975,gate1b_t06_02,M_base(x) + (a * tanh((b * (x2 - c)))),0.4999998929891702,-114.86711609838355,0.004860304202642287,True,False,0.045,20260911
T06,joint_structure_parameter_information_gain,1,3,15,9,0.6931483094684353,gate1b_t06_01,M_base(x) + (tanh((p0 + (p1 * x2))) * p2),0.49999996862185975,-123.47221710147774,0.004228026293131074,True,False,0.045,20260911
T06,joint_structure_parameter_information_gain,1,4,16,9,0.6931474061159328,gate1b_t06_01,M_base(x) + (tanh((p0 + (p1 * x2))) * p2),0.49999999427196995,-132.972431373566,0.004559363203250129,True,False,0.045,20260911
T06,joint_structure_parameter_information_gain,1,5,17,9,0.6931472752362046,gate1b_t06_01,M_base(x) + (tanh((p0 + (p1 * x2))) * p2),0.49999999770222825,-142.0700979319905,0.002928552967232779,True,False,0.045,20260911
T06,joint_structure_parameter_information_gain,1,6,18,9,0.6931471999013404,gate1b_t06_02,M_base(x) + (a * tanh((b * (x2 - c)))),0.4999999995652087,-151.766587552689,0.002908245970553893,True,False,0.045,20260911
T06,joint_structure_parameter_information_gain,1,7,19,9,0.6931471896299704,gate1b_t06_02,M_base(x) + (a * tanh((b * (x2 - c)))),0.49999999980310905,-160.6725891923126,0.004404425738563794,True,False,0.045,20260911
T06,joint_structure_parameter_information_gain,1,8,20,9,0.6931471838890244,gate1b_t06_02,M_base(x) + (a * tanh((b * (x2 - c)))),0.49999999993080557,-170.1268228117123,0.004111703632818477,True,False,0.045,20260911
T01,space_filling_design,1,0,12,9,1.8909646075525781,gate1d_t01_02,M_base(x) + (p0 * (x1 ^ 2)),0.32901182226786113,-97.64950960251059,0.05221583658188983,True,True,0.06,20260917
T01,space_filling_design,1,1,13,9,1.8895065892181726,gate1d_t01_02,M_base(x) + (p0 * (x1 ^ 2)),0.21992732167848636,-104.96748447824955,0.031703852419593746,True,True,0.06,20260917
T01,space_filling_design,1,2,14,9,1.8902799833943003,gate1d_t01_04,M_base(x) + (p0 * tanh((p1 * (x1 ^ 2)))),0.1883293303529597,-107.39432994532405,0.030399243522165855,True,False,0.06,20260917
T01,space_filling_design,1,3,15,9,1.8058562357856083,gate1d_t01_02,M_base(x) + (p0 * (x1 ^ 2)),0.32128361885274964,-111.54651329873543,0.007837823123437037,True,True,0.06,20260917
T01,space_filling_design,1,4,16,9,1.7719823973539026,gate1d_t01_02,M_base(x) + (p0 * (x1 ^ 2)),0.33697485138229666,-120.12537157089169,0.007610437213042913,True,True,0.06,20260917
T01,space_filling_design,1,5,17,9,1.8813399091779424,gate1d_t01_02,M_base(x) + (p0 * (x1 ^ 2)),0.24663434896616593,-125.34710208914527,0.011125610740351639,True,True,0.06,20260917
T01,space_filling_design,1,6,18,9,1.7828991958530893,gate1d_t01_02,M_base(x) + (p0 * (x1 ^ 2)),0.31668005877756755,-130.36173465387395,0.0048766728145599745,True,True,0.06,20260917
T01,space_filling_design,1,7,19,9,1.7328154455256026,gate1d_t01_02,M_base(x) + (p0 * (x1 ^ 2)),0.38138960051345955,-137.65979451879778,0.003062458534424194,True,True,0.06,20260917
T01,space_filling_design,1,8,20,9,1.699081983649614,gate1d_t01_02,M_base(x) + (p0 * (x1 ^ 2)),0.416350449728434,-143.86645215038857,0.007244513300613826,True,True,0.06,20260917
T01,random_design,1,0,12,9,1.8909646075525781,gate1d_t01_02,M_base(x) + (p0 * (x1 ^ 2)),0.32901182226786113,-97.64950960251059,0.05221583658188983,True,True,0.06,20260917
T01,random_design,1,1,13,9,1.9353211794561933,gate1d_t01_02,M_base(x) + (p0 * (x1 ^ 2)),0.29478414776382067,-106.92983844632884,0.05341694658089891,True,True,0.06,20260917
T01,random_design,1,2,14,9,1.9768961597550951,gate1d_t01_04,M_base(x) + (p0 * tanh((p1 * (x1 ^ 2)))),0.26742360274280547,-107.64091772709091,0.21580995031526906,False,False,0.06,20260917
T01,random_design,1,3,15,9,1.8265752012201013,gate1d_t01_02,M_base(x) + (p0 * (x1 ^ 2)),0.23201994555616087,-113.23380646422434,0.010086647966384425,True,True,0.06,20260917
T01,random_design,1,4,16,9,1.8689886797608355,gate1d_t01_02,M_base(x) + (p0 * (x1 ^ 2)),0.28932039587747344,-120.53301697290156,0.017420876708495642,True,True,0.06,20260917
T01,random_design,1,5,17,9,1.9020695107416827,gate1d_t01_02,M_base(x) + (p0 * (x1 ^ 2)),0.23270208018819644,-127.51374653588078,0.0115565514516992,True,True,0.06,20260917
T01,random_design,1,6,18,9,1.89956651799369,gate1d_t01_02,M_base(x) + (p0 * (x1 ^ 2)),0.22743339864385415,-136.1085956447088,0.011986060267952346,True,True,0.06,20260917
T01,random_design,1,7,19,9,1.86913372099867,gate1d_t01_02,M_base(x) + (p0 * (x1 ^ 2)),0.2577273896830878,-144.77042189291748,0.01120877943414579,True,True,0.06,20260917
T01,random_design,1,8,20,9,1.8180663371776222,gate1d_t01_02,M_base(x) + (p0 * (x1 ^ 2)),0.2914998002926039,-152.9563979881083,0.008793586570404747,True,True,0.06,20260917
T01,model_information_gain,1,0,12,9,1.8909646075525781,gate1d_t01_02,M_base(x) + (p0 * (x1 ^ 2)),0.32901182226786113,-97.64950960251059,0.05221583658188983,True,True,0.06,20260917
T01,model_information_gain,1,1,13,9,1.5337277998611725,gate1d_t01_04,M_base(x) + (p0 * tanh((p1 * (x1 ^ 2)))),0.38068465771308774,-104.05887364217364,0.024786519385630416,True,False,0.06,20260917
T01,model_information_gain,1,2,14,9,1.8902799833942965,gate1d_t01_04,M_base(x) + (p0 * tanh((p1 * (x1 ^ 2)))),0.18832933035296373,-107.39432994532415,0.03039924532564315,True,False,0.06,20260917
T01,model_information_gain,1,3,15,9,1.7890293355947544,gate1d_t01_06,M_base(x) + (x1 * x1 * (pysr_coefficient_1 + (-1 * (x1 * pysr_coefficient_2)))),0.2715594450347911,-116.18937908953508,0.02010766417307189,True,False,0.06,20260917
T01,model_information_gain,1,4,16,9,1.905408349025378,gate1d_t01_03,M_base(x) + (p0 * (abs(x1) ^ p1)),0.1962613012268925,-123.09739287240292,0.015015073685170008,True,False,0.06,20260917
T01,model_information_gain,1,5,17,9,1.8843131145149519,gate1d_t01_02,M_base(x) + (p0 * (x1 ^ 2)),0.2233050342099769,-131.9211103588693,0.009305541653159364,True,True,0.06,20260917
T01,model_information_gain,1,6,18,9,1.8316723990522963,gate1d_t01_03,M_base(x) + (p0 * (abs(x1) ^ p1)),0.26191055779079425,-140.17005069872891,0.015136793230852512,True,False,0.06,20260917
T01,model_information_gain,1,7,19,9,1.6322051578534373,gate1d_t01_03,M_base(x) + (p0 * (abs(x1) ^ p1)),0.30252407204579734,-145.25134478689444,0.012488408695004337,True,False,0.06,20260917
T01,model_information_gain,1,8,20,9,1.5585055047397969,gate1d_t01_03,M_base(x) + (p0 * (abs(x1) ^ p1)),0.32658347213500355,-154.12425933676369,0.012611238184597084,True,False,0.06,20260917
T01,parameter_information_gain,1,0,12,9,1.8909646075525781,gate1d_t01_02,M_base(x) + (p0 * (x1 ^ 2)),0.32901182226786113,-97.64950960251059,0.05221583658188983,True,True,0.06,20260917
T01,parameter_information_gain,1,1,13,9,1.8895065892181726,gate1d_t01_02,M_base(x) + (p0 * (x1 ^ 2)),0.21992732167848636,-104.96748447824955,0.031703852419593746,True,True,0.06,20260917
T01,parameter_information_gain,1,2,14,9,1.8902799833943003,gate1d_t01_04,M_base(x) + (p0 * tanh((p1 * (x1 ^ 2)))),0.1883293303529597,-107.39432994532405,0.030399243522165855,True,False,0.06,20260917
T01,parameter_information_gain,1,3,15,9,1.8386974501681537,gate1d_t01_06,M_base(x) + (x1 * x1 * (pysr_coefficient_1 + (-1 * (x1 * pysr_coefficient_2)))),0.2246241306912227,-116.20159441322076,0.020166764570948077,True,False,0.06,20260917
T01,parameter_information_gain,1,4,16,9,1.7812597698355719,gate1d_t01_04,M_base(x) + (p0 * tanh((p1 * (x1 ^ 2)))),0.27334005051877386,-124.56893212680116,0.028531263102788144,True,False,0.06,20260917
T01,parameter_information_gain,1,5,17,9,1.5999501110246894,gate1d_t01_04,M_base(x) + (p0 * tanh((p1 * (x1 ^ 2)))),0.3039843990005968,-129.67912848299574,0.026236025759953787,True,False,0.06,20260917
T01,parameter_information_gain,1,6,18,9,1.839076082376076,gate1d_t01_02,M_base(x) + (p0 * (x1 ^ 2)),0.2822314227645475,-134.73739452499493,0.0004289942839433783,True,True,0.06,20260917
T01,parameter_information_gain,1,7,19,9,1.8752635510299878,gate1d_t01_02,M_base(x) + (p0 * (x1 ^ 2)),0.24381488757451591,-142.50184639024098,0.0016342681046713412,True,True,0.06,20260917
T01,parameter_information_gain,1,8,20,9,1.8626066907960026,gate1d_t01_02,M_base(x) + (p0 * (x1 ^ 2)),0.2476119867556579,-151.1312655909582,0.0016622427638305353,True,True,0.06,20260917
T01,joint_structure_parameter_information_gain,1,0,12,9,1.8909646075525781,gate1d_t01_02,M_base(x) + (p0 * (x1 ^ 2)),0.32901182226786113,-97.64950960251059,0.05221583658188983,True,True,0.06,20260917
T01,joint_structure_parameter_information_gain,1,1,13,9,1.8895065892181726,gate1d_t01_02,M_base(x) + (p0 * (x1 ^ 2)),0.21992732167848636,-104.96748447824955,0.031703852419593746,True,True,0.06,20260917
T01,joint_structure_parameter_information_gain,1,2,14,9,1.8902799833943003,gate1d_t01_04,M_base(x) + (p0 * tanh((p1 * (x1 ^ 2)))),0.1883293303529597,-107.39432994532405,0.030399243522165855,True,False,0.06,20260917
T01,joint_structure_parameter_information_gain,1,3,15,9,1.7693872957601267,gate1d_t01_04,M_base(x) + (p0 * tanh((p1 * (x1 ^ 2)))),0.2729336718596587,-116.15898970565729,0.02951666110353641,True,False,0.06,20260917
T01,joint_structure_parameter_information_gain,1,4,16,9,1.8721459085316303,gate1d_t01_03,M_base(x) + (p0 * (abs(x1) ^ p1)),0.2144226787937024,-123.74744658824811,0.016017208941867183,True,False,0.06,20260917
T01,joint_structure_parameter_information_gain,1,5,17,9,1.6892365827182716,gate1d_t01_05,M_base(x) + (p0 * (1 - cos((p1 * x1)))),0.26203711763561216,-128.88197515120316,0.018789133857526192,True,False,0.06,20260917
T01,joint_structure_parameter_information_gain,1,6,18,9,1.7990093085367276,gate1d_t01_02,M_base(x) + (p0 * (x1 ^ 2)),0.2586961112403848,-135.91286423734286,0.0026005661131093174,True,True,0.06,20260917
T01,joint_structure_parameter_information_gain,1,7,19,9,1.7967479827762,gate1d_t01_03,M_base(x) + (p0 * (abs(x1) ^ p1)),0.2679494029995369,-144.64177525230775,0.009661626004759762,True,False,0.06,20260917
T01,joint_structure_parameter_information_gain,1,8,20,9,1.6858558507221844,gate1d_t01_03,M_base(x) + (p0 * (abs(x1) ^ p1)),0.30944368594463,-152.75380730228196,0.011313595675293282,True,False,0.06,20260917
T02,space_filling_design,1,0,12,9,0.6006428533544017,gate1d_t02_01,M_base(x) * (1 + (p6 * x1 * x2)),0.8450524393638673,-84.6301486204946,0.029626410119368826,True,True,0.06,20260917
T02,space_filling_design,1,1,13,9,0.026684400408378627,gate1d_t02_01,M_base(x) * (1 + (p6 * x1 * x2)),0.9963509468039786,-92.54831595347903,0.022253278425522313,True,True,0.06,20260917
T02,space_filling_design,1,2,14,9,0.00022486563051953552,gate1d_t02_01,M_base(x) * (1 + (p6 * x1 * x2)),0.9999810780203624,-95.06742148427958,0.01328903201885216,True,True,0.06,20260917
T02,space_filling_design,1,3,15,9,1.1812892558923137e-07,gate1d_t02_01,M_base(x) * (1 + (p6 * x1 * x2)),0.9999999941566111,-102.32016618088815,0.004371344355956258,True,True,0.06,20260917
T02,space_filling_design,1,4,16,9,3.538900721998712e-08,gate1d_t02_01,M_base(x) * (1 + (p6 * x1 * x2)),0.9999999983502463,-110.05539527006123,0.004855001957724672,True,True,0.06,20260917
T02,space_filling_design,1,5,17,9,1.1026271139394152e-08,gate1d_t02_01,M_base(x) * (1 + (p6 * x1 * x2)),0.9999999995136459,-117.61443332584474,0.0046089612296789295,True,True,0.06,20260917
T02,space_filling_design,1,6,18,9,1.6892895007301795e-11,gate1d_t02_01,M_base(x) * (1 + (p6 * x1 * x2)),0.9999999999994259,-124.5601831079818,0.0014023098829974649,True,True,0.06,20260917
T02,space_filling_design,1,7,19,9,8.579052357790804e-12,gate1d_t02_01,M_base(x) * (1 + (p6 * x1 * x2)),0.9999999999997151,-130.96825505520476,0.00299835085805366,True,True,0.06,20260917
T02,space_filling_design,1,8,20,9,1.9291280525929628e-12,gate1d_t02_01,M_base(x) * (1 + (p6 * x1 * x2)),0.999999999999939,-138.98180690678902,0.003069408592152743,True,True,0.06,20260917
T02,random_design,1,0,12,9,0.6006428533544017,gate1d_t02_01,M_base(x) * (1 + (p6 * x1 * x2)),0.8450524393638673,-84.6301486204946,0.029626410119368826,True,True,0.06,20260917
T02,random_design,1,1,13,9,0.05990026090820686,gate1d_t02_01,M_base(x) * (1 + (p6 * x1 * x2)),0.9914255900609208,-92.39186656635405,0.022181458437835137,True,True,0.06,20260917
T02,random_design,1,2,14,9,0.00868564261480611,gate1d_t02_01,M_base(x) * (1 + (p6 * x1 * x2)),0.9990016141755779,-100.52867300952288,0.020727133120047408,True,True,0.06,20260917
T02,random_design,1,3,15,9,0.0048644631782598,gate1d_t02_01,M_base(x) * (1 + (p6 * x1 * x2)),0.9994815058922957,-108.73247753709748,0.02146273923780092,True,True,0.06,20260917
T02,random_design,1,4,16,9,0.0038653632263020606,gate1d_t02_01,M_base(x) * (1 + (p6 * x1 * x2)),0.9995985167310273,-116.04168398416469,0.016426623700819033,True,True,0.06,20260917
T02,random_design,1,5,17,9,0.00010644377501384956,gate1d_t02_01,M_base(x) * (1 + (p6 * x1 * x2)),0.9999917309077635,-124.4260634472058,0.0167652657937516,True,True,0.06,20260917
T02,random_design,1,6,18,9,3.1824864239695486e-05,gate1d_t02_01,M_base(x) * (1 + (p6 * x1 * x2)),0.9999977420811875,-132.88276110055384,0.016611818731442005,True,True,0.06,20260917
T02,random_design,1,7,19,9,1.3352448864338006e-05,gate1d_t02_01,M_base(x) * (1 + (p6 * x1 * x2)),0.9999991112799204,-141.3840890855124,0.016722263518939826,True,True,0.06,20260917
T02,random_design,1,8,20,9,6.811371374571835e-06,gate1d_t02_01,M_base(x) * (1 + (p6 * x1 * x2)),0.9999995669848589,-149.76247143757038,0.016929979900958514,True,True,0.06,20260917
T02,model_information_gain,1,0,12,9,0.6006428533544017,gate1d_t02_01,M_base(x) * (1 + (p6 * x1 * x2)),0.8450524393638673,-84.6301486204946,0.029626410119368826,True,True,0.06,20260917
T02,model_information_gain,1,1,13,9,0.026684400408378627,gate1d_t02_01,M_base(x) * (1 + (p6 * x1 * x2)),0.9963509468039786,-92.54831595347903,0.022253278425522313,True,True,0.06,20260917
T02,model_information_gain,1,2,14,9,0.004890878577103996,gate1d_t02_01,M_base(x) * (1 + (p6 * x1 * x2)),0.9994586101516849,-98.32679305468339,0.0065445112925981,True,True,0.06,20260917
T02,model_information_gain,1,3,15,9,1.0574096056074162e-05,gate1d_t02_01,M_base(x) * (1 + (p6 * x1 * x2)),0.9999993278956213,-106.26733193609628,0.007207941689903534,True,True,0.06,20260917
T02,model_information_gain,1,4,16,9,7.719345134811053e-09,gate1d_t02_01,M_base(x) * (1 + (p6 * x1 * x2)),0.999999999666374,-112.12652100958348,0.0029524194087006427,True,True,0.06,20260917
T02,model_information_gain,1,5,17,9,1.5058784527589866e-10,gate1d_t02_01,M_base(x) * (1 + (p6 * x1 * x2)),0.9999999999944592,-116.46537460968048,0.0013834181325522938,True,True,0.06,20260917
T02,model_information_gain,1,6,18,9,2.4891679798598492e-11,gate1d_t02_01,M_base(x) * (1 + (p6 * x1 * x2)),0.9999999999991424,-123.52400304540606,0.00220463078716224,True,True,0.06,20260917
T02,model_information_gain,1,7,19,9,1.9708981082354984e-12,gate1d_t02_01,M_base(x) * (1 + (p6 * x1 * x2)),0.9999999999999377,-130.95023879810384,0.0008909095269223579,True,True,0.06,20260917
T02,model_information_gain,1,8,20,9,1.1039400885052848e-13,gate1d_t02_01,M_base(x) * (1 + (p6 * x1 * x2)),0.9999999999999968,-138.33247421478893,0.0008713225336199488,True,True,0.06,20260917
T02,parameter_information_gain,1,0,12,9,0.6006428533544017,gate1d_t02_01,M_base(x) * (1 + (p6 * x1 * x2)),0.8450524393638673,-84.6301486204946,0.029626410119368826,True,True,0.06,20260917
T02,parameter_information_gain,1,1,13,9,0.45301244858913586,gate1d_t02_01,M_base(x) * (1 + (p6 * x1 * x2)),0.854657605759893,-91.36684457556059,0.009170052413951997,True,True,0.06,20260917
T02,parameter_information_gain,1,2,14,9,0.5246377569057987,gate1d_t02_01,M_base(x) * (1 + (p6 * x1 * x2)),0.8155474612311884,-98.81318743310179,0.005264020853839604,True,True,0.06,20260917
T02,parameter_information_gain,1,3,15,9,0.00242426002383023,gate1d_t02_01,M_base(x) * (1 + (p6 * x1 * x2)),0.9997543151042476,-106.5010156301625,0.006309669058092528,True,True,0.06,20260917
T02,parameter_information_gain,1,4,16,9,0.0024901937499706723,gate1d_t02_01,M_base(x) * (1 + (p6 * x1 * x2)),0.9997421601784708,-111.25343652678728,0.0019342789591176076,True,True,0.06,20260917
T02,parameter_information_gain,1,5,17,9,0.0020787790426675065,gate1d_t02_01,M_base(x) * (1 + (p6 * x1 * x2)),0.999789185646807,-118.79353588919794,0.0005361441962559003,True,True,0.06,20260917
T02,parameter_information_gain,1,6,18,9,0.0015467304099844278,gate1d_t02_01,M_base(x) * (1 + (p6 * x1 * x2)),0.999848092082208,-126.48448124415498,0.0014986688122358008,True,True,0.06,20260917
T02,parameter_information_gain,1,7,19,9,0.0010329188691175046,gate1d_t02_01,M_base(x) * (1 + (p6 * x1 * x2)),0.9999027705733953,-134.62446268435406,0.0016729838275610683,True,True,0.06,20260917
T02,parameter_information_gain,1,8,20,9,0.002418344865224941,gate1d_t02_01,M_base(x) * (1 + (p6 * x1 * x2)),0.9997512403352511,-139.67198884637423,0.00020242462037520546,True,True,0.06,20260917
T02,joint_structure_parameter_information_gain,1,0,12,9,0.6006428533544017,gate1d_t02_01,M_base(x) * (1 + (p6 * x1 * x2)),0.8450524393638673,-84.6301486204946,0.029626410119368826,True,True,0.06,20260917
T02,joint_structure_parameter_information_gain,1,1,13,9,0.5469045755708777,gate1d_t02_01,M_base(x) * (1 + (p6 * x1 * x2)),0.803221038373735,-90.694598344628,0.004637629973187016,True,True,0.06,20260917
T02,joint_structure_parameter_information_gain,1,2,14,9,0.004890878577103965,gate1d_t02_01,M_base(x) * (1 + (p6 * x1 * x2)),0.9994586101516849,-98.32679305468339,0.0065445112925981,True,True,0.06,20260917
T02,joint_structure_parameter_information_gain,1,3,15,9,0.00242426002383021,gate1d_t02_01,M_base(x) * (1 + (p6 * x1 * x2)),0.9997543151042476,-106.5010156301625,0.006309669058092528,True,True,0.06,20260917
T02,joint_structure_parameter_information_gain,1,4,16,9,0.002490193749970694,gate1d_t02_01,M_base(x) * (1 + (p6 * x1 * x2)),0.9997421601784708,-111.25343652678728,0.0019342789591176076,True,True,0.06,20260917
T02,joint_structure_parameter_information_gain,1,5,17,9,0.0020787790426674913,gate1d_t02_01,M_base(x) * (1 + (p6 * x1 * x2)),0.999789185646807,-118.79353588919794,0.0005361441962559003,True,True,0.06,20260917
T02,joint_structure_parameter_information_gain,1,6,18,9,0.0015467304099844096,gate1d_t02_01,M_base(x) * (1 + (p6 * x1 * x2)),0.999848092082208,-126.48448124415498,0.001498668830152071,True,True,0.06,20260917
T02,joint_structure_parameter_information_gain,1,7,19,9,0.0010329188691175026,gate1d_t02_01,M_base(x) * (1 + (p6 * x1 * x2)),0.9999027705733953,-134.62446268435406,0.0016729838275610683,True,True,0.06,20260917
T02,joint_structure_parameter_information_gain,1,8,20,9,0.002418344865224941,gate1d_t02_01,M_base(x) * (1 + (p6 * x1 * x2)),0.9997512403352511,-139.67198884637423,0.00020242462037520546,True,True,0.06,20260917
T03,space_filling_design,1,0,12,9,1.5284718751688446,gate1d_t03_01,M_base(x) + (coefficient_cubic_x2 * (x2 ^ 3)),0.31071697793030645,-87.16416543340438,0.022874782856126808,True,True,0.07500000000000001,20260917
T03,space_filling_design,1,1,13,9,0.13408591420353488,gate1d_t03_01,M_base(x) + (coefficient_cubic_x2 * (x2 ^ 3)),0.9701886358222166,-94.09153093837796,0.011219884750671916,True,True,0.07500000000000001,20260917
T03,space_filling_design,1,2,14,9,0.11648228817225618,gate1d_t03_01,M_base(x) + (coefficient_cubic_x2 * (x2 ^ 3)),0.9751158198502868,-101.49554373011598,0.010943530483861546,True,True,0.07500000000000001,20260917
T03,space_filling_design,1,3,15,9,0.08996068359385252,gate1d_t03_01,M_base(x) + (coefficient_cubic_x2 * (x2 ^ 3)),0.9820473042331759,-109.82539041963996,0.009319138053153932,True,True,0.07500000000000001,20260917
T03,space_filling_design,1,4,16,9,0.13047775615269647,gate1d_t03_01,M_base(x) + (coefficient_cubic_x2 * (x2 ^ 3)),0.9712193349769521,-114.37334232251627,0.00020044927760453488,True,True,0.07500000000000001,20260917
T03,space_filling_design,1,5,17,9,0.1794555458618172,gate1d_t03_01,M_base(x) + (coefficient_cubic_x2 * (x2 ^ 3)),0.9563240393427024,-120.4376703106454,0.0006432345287061623,True,True,0.07500000000000001,20260917
T03,space_filling_design,1,6,18,9,0.12701671458870226,gate1d_t03_01,M_base(x) + (coefficient_cubic_x2 * (x2 ^ 3)),0.9721979826514242,-128.65412402355219,0.0009921238608097316,True,True,0.07500000000000001,20260917
T03,space_filling_design,1,7,19,9,0.1088685472297337,gate1d_t03_01,M_base(x) + (coefficient_cubic_x2 * (x2 ^ 3)),0.9771670537678873,-136.91800536267434,0.0006057800759641667,True,True,0.07500000000000001,20260917
T03,space_filling_design,1,8,20,9,0.06775505260542222,gate1d_t03_01,M_base(x) + (coefficient_cubic_x2 * (x2 ^ 3)),0.9873721045280868,-145.21489328943824,0.00030061071036374464,True,True,0.07500000000000001,20260917
T03,random_design,1,0,12,9,1.5284718751688446,gate1d_t03_01,M_base(x) + (coefficient_cubic_x2 * (x2 ^ 3)),0.31071697793030645,-87.16416543340438,0.022874782856126808,True,True,0.07500000000000001,20260917
T03,random_design,1,1,13,9,1.53089725356233,gate1d_t03_01,M_base(x) + (coefficient_cubic_x2 * (x2 ^ 3)),0.30636631251113794,-94.62419518184751,0.02251646725144853,True,True,0.07500000000000001,20260917
T03,random_design,1,2,14,9,0.6088427248667045,gate1d_t03_01,M_base(x) + (coefficient_cubic_x2 * (x2 ^ 3)),0.751227528152157,-102.90122333336947,0.012672522671799545,True,True,0.07500000000000001,20260917
T03,random_design,1,3,15,9,0.4098114173091512,gate1d_t03_01,M_base(x) + (coefficient_cubic_x2 * (x2 ^ 3)),0.8573575025775279,-111.39120359781927,0.014050248995265127,True,True,0.07500000000000001,20260917
T03,random_design,1,4,16,9,0.4868247161922397,gate1d_t03_01,M_base(x) + (coefficient_cubic_x2 * (x2 ^ 3)),0.8096232696481794,-118.88748466254101,0.01043181551570884,True,True,0.07500000000000001,20260917
T03,random_design,1,5,17,9,0.5061875524888685,gate1d_t03_01,M_base(x) + (coefficient_cubic_x2 * (x2 ^ 3)),0.795818231845937,-126.42531003243539,0.010264629553040455,True,True,0.07500000000000001,20260917
T03,random_design,1,6,18,9,0.4771004179069881,gate1d_t03_01,M_base(x) + (coefficient_cubic_x2 * (x2 ^ 3)),0.8162186186232114,-134.96359007977918,0.010322567165511084,True,True,0.07500000000000001,20260917
T03,random_design,1,7,19,9,0.463509918062724,gate1d_t03_01,M_base(x) + (coefficient_cubic_x2 * (x2 ^ 3)),0.8251473934176267,-143.30325190104563,0.010322569184063435,True,True,0.07500000000000001,20260917
T03,random_design,1,8,20,9,0.38437490462654145,gate1d_t03_01,M_base(x) + (coefficient_cubic_x2 * (x2 ^ 3)),0.8710603192721549,-150.05298056186737,0.011016756899476829,True,True,0.07500000000000001,20260917
T03,model_information_gain,1,0,12,9,1.5284718751688446,gate1d_t03_01,M_base(x) + (coefficient_cubic_x2 * (x2 ^ 3)),0.31071697793030645,-87.16416543340438,0.022874782856126808,True,True,0.07500000000000001,20260917
T03,model_information_gain,1,1,13,9,0.20381175135701093,gate1d_t03_01,M_base(x) + (coefficient_cubic_x2 * (x2 ^ 3)),0.9481896140963874,-95.29240464274937,0.00785839755962666,True,True,0.07500000000000001,20260917
T03,model_information_gain,1,2,14,9,0.32532299697669975,gate1d_t03_01,M_base(x) + (coefficient_cubic_x2 * (x2 ^ 3)),0.8998907425657778,-101.88807863500575,0.0034151277229032945,True,True,0.07500000000000001,20260917
T03,model_information_gain,1,3,15,9,0.19328783714422434,gate1d_t03_01,M_base(x) + (coefficient_cubic_x2 * (x2 ^ 3)),0.951764099241368,-110.2010246978594,0.004356486567797323,True,True,0.07500000000000001,20260917
T03,model_information_gain,1,4,16,9,0.13439523261777175,gate1d_t03_01,M_base(x) + (coefficient_cubic_x2 * (x2 ^ 3)),0.9700997567779258,-118.66829788925664,0.00529575926615201,True,True,0.07500000000000001,20260917
T03,model_information_gain,1,5,17,9,0.04984361928794057,gate1d_t03_01,M_base(x) + (coefficient_cubic_x2 * (x2 ^ 3)),0.9913200525530411,-126.17541991269732,0.006823181030341051,True,True,0.07500000000000001,20260917
T03,model_information_gain,1,6,18,9,0.05354091656064287,gate1d_t03_01,M_base(x) + (coefficient_cubic_x2 * (x2 ^ 3)),0.9905323144016426,-133.95350964933326,0.005583524112814398,True,True,0.07500000000000001,20260917
T03,model_information_gain,1,7,19,9,0.10207188217831153,gate1d_t03_01,M_base(x) + (coefficient_cubic_x2 * (x2 ^ 3)),0.9789567679720084,-140.29475905085633,0.0036870711372822052,True,True,0.07500000000000001,20260917
T03,model_information_gain,1,8,20,9,0.08228118874601276,gate1d_t03_01,M_base(x) + (coefficient_cubic_x2 * (x2 ^ 3)),0.9839399552935073,-148.6412876619921,0.004967568299873741,True,True,0.07500000000000001,20260917
T03,parameter_information_gain,1,0,12,9,1.5284718751688446,gate1d_t03_01,M_base(x) + (coefficient_cubic_x2 * (x2 ^ 3)),0.31071697793030645,-87.16416543340438,0.022874782856126808,True,True,0.07500000000000001,20260917
T03,parameter_information_gain,1,1,13,9,0.20775059681249672,gate1d_t03_01,M_base(x) + (coefficient_cubic_x2 * (x2 ^ 3)),0.9468282094372477,-95.31611847621568,0.008463943995147497,True,True,0.07500000000000001,20260917
T03,parameter_information_gain,1,2,14,9,0.15602533574575414,gate1d_t03_01,M_base(x) + (coefficient_cubic_x2 * (x2 ^ 3)),0.9636927511681159,-103.77503284128154,0.007264820898323266,True,True,0.07500000000000001,20260917
T03,parameter_information_gain,1,3,15,9,0.13052884652424623,gate1d_t03_01,M_base(x) + (coefficient_cubic_x2 * (x2 ^ 3)),0.971204813399757,-112.32944740604977,0.007684360513215102,True,True,0.07500000000000001,20260917
T03,parameter_information_gain,1,4,16,9,0.11083445465217721,gate1d_t03_01,M_base(x) + (coefficient_cubic_x2 * (x2 ^ 3)),0.976642080409094,-120.24909176903317,0.005443011811659076,True,True,0.07500000000000001,20260917
T03,parameter_information_gain,1,5,17,9,0.09743779750439059,gate1d_t03_01,M_base(x) + (coefficient_cubic_x2 * (x2 ^ 3)),0.9801543510312849,-128.68975848717216,0.006391236774299543,True,True,0.07500000000000001,20260917
T03,parameter_information_gain,1,6,18,9,0.13444699681896025,gate1d_t03_01,M_base(x) + (coefficient_cubic_x2 * (x2 ^ 3)),0.9700848789077642,-133.27153287589266,0.0028883185556538202,True,True,0.07500000000000001,20260917
T03,parameter_information_gain,1,7,19,9,0.1164253610158684,gate1d_t03_01,M_base(x) + (coefficient_cubic_x2 * (x2 ^ 3)),0.9751313295009937,-141.79769016628887,0.0027314672607660936,True,True,0.07500000000000001,20260917
T03,parameter_information_gain,1,8,20,9,0.10139081527532251,gate1d_t03_01,M_base(x) + (coefficient_cubic_x2 * (x2 ^ 3)),0.9791339344265543,-150.36275432079847,0.0025243800365602445,True,True,0.07500000000000001,20260917
T03,joint_structure_parameter_information_gain,1,0,12,9,1.5284718751688446,gate1d_t03_01,M_base(x) + (coefficient_cubic_x2 * (x2 ^ 3)),0.31071697793030645,-87.16416543340438,0.022874782856126808,True,True,0.07500000000000001,20260917
T03,joint_structure_parameter_information_gain,1,1,13,9,0.20775059681249672,gate1d_t03_01,M_base(x) + (coefficient_cubic_x2 * (x2 ^ 3)),0.9468282094372477,-95.31611847621568,0.008463943995147497,True,True,0.07500000000000001,20260917
T03,joint_structure_parameter_information_gain,1,2,14,9,0.15602533574575414,gate1d_t03_01,M_base(x) + (coefficient_cubic_x2 * (x2 ^ 3)),0.9636927511681159,-103.77503284128154,0.007264820898323266,True,True,0.07500000000000001,20260917
T03,joint_structure_parameter_information_gain,1,3,15,9,0.13052884652424623,gate1d_t03_01,M_base(x) + (coefficient_cubic_x2 * (x2 ^ 3)),0.971204813399757,-112.32944740604977,0.007684360513215102,True,True,0.07500000000000001,20260917
T03,joint_structure_parameter_information_gain,1,4,16,9,0.11083445465217721,gate1d_t03_01,M_base(x) + (coefficient_cubic_x2 * (x2 ^ 3)),0.976642080409094,-120.24909176903317,0.005443011811659076,True,True,0.07500000000000001,20260917
T03,joint_structure_parameter_information_gain,1,5,17,9,0.09743779750439059,gate1d_t03_01,M_base(x) + (coefficient_cubic_x2 * (x2 ^ 3)),0.9801543510312849,-128.68975848717216,0.006391236774299543,True,True,0.07500000000000001,20260917
T03,joint_structure_parameter_information_gain,1,6,18,9,0.13444699681896025,gate1d_t03_01,M_base(x) + (coefficient_cubic_x2 * (x2 ^ 3)),0.9700848789077642,-133.27153287589266,0.0028883185556538202,True,True,0.07500000000000001,20260917
T03,joint_structure_parameter_information_gain,1,7,19,9,0.1164253610158684,gate1d_t03_01,M_base(x) + (coefficient_cubic_x2 * (x2 ^ 3)),0.9751313295009937,-141.79769016628887,0.0027314672607660936,True,True,0.07500000000000001,20260917
T03,joint_structure_parameter_information_gain,1,8,20,9,0.10139081527532251,gate1d_t03_01,M_base(x) + (coefficient_cubic_x2 * (x2 ^ 3)),0.9791339344265543,-150.36275432079847,0.0025243800365602445,True,True,0.07500000000000001,20260917
T04,space_filling_design,1,0,12,9,1.7510811292424064,gate1b_t04_02,M_base(x) + (p0 * sin(x1) * x2),0.2969633292070125,-85.4574868029619,0.00406797131981817,True,True,0.07500000000000001,20260917
T04,space_filling_design,1,1,13,9,0.636162091148247,gate1b_t04_02,M_base(x) + (p0 * sin(x1) * x2),0.7841780612021486,-92.72638134042577,0.0026466467091381366,True,True,0.07500000000000001,20260917
T04,space_filling_design,1,2,14,9,0.46464288481670635,gate1b_t04_02,M_base(x) + (p0 * sin(x1) * x2),0.8686005460889937,-100.8611743715481,0.00448559844834362,True,True,0.07500000000000001,20260917
T04,space_filling_design,1,3,15,9,0.051491719265366796,gate1b_t04_02,M_base(x) + (p0 * sin(x1) * x2),0.9915799546453712,-108.8276253754826,0.0071556585494454,True,True,0.07500000000000001,20260917
T04,space_filling_design,1,4,16,9,0.02885434872384378,gate1b_t04_02,M_base(x) + (p0 * sin(x1) * x2),0.9957676978645769,-117.16182805551186,0.007917078492413538,True,True,0.07500000000000001,20260917
T04,space_filling_design,1,5,17,9,0.0005637439902978785,gate1b_t04_02,M_base(x) + (p0 * sin(x1) * x2),0.9999521825053899,-124.96557628559378,0.008383433203885876,True,True,0.07500000000000001,20260917
T04,space_filling_design,1,6,18,9,0.0004483063069330127,gate1b_t04_02,M_base(x) + (p0 * sin(x1) * x2),0.9999620153751074,-132.66325270407705,0.006053430711871605,True,True,0.07500000000000001,20260917
T04,space_filling_design,1,7,19,9,0.00031898927451244104,gate1b_t04_02,M_base(x) + (p0 * sin(x1) * x2),0.9999735708833717,-139.970928100013,0.007311073548817928,True,True,0.07500000000000001,20260917
T04,space_filling_design,1,8,20,9,0.00019440717141515015,gate1b_t04_02,M_base(x) + (p0 * sin(x1) * x2),0.9999845529231393,-147.71394192741636,0.006599836441056983,True,True,0.07500000000000001,20260917
T04,random_design,1,0,12,9,1.7510811292424064,gate1b_t04_02,M_base(x) + (p0 * sin(x1) * x2),0.2969633292070125,-85.4574868029619,0.00406797131981817,True,True,0.07500000000000001,20260917
T04,random_design,1,1,13,9,1.7785503242637573,gate1b_t04_01,M_base(x) + (p7 * tanh(x1) * x2),0.2864896099297135,-93.24457131847838,0.05952279808054788,True,False,0.07500000000000001,20260917
T04,random_design,1,2,14,9,1.0429287848203184,gate1b_t04_02,M_base(x) + (p0 * sin(x1) * x2),0.6703065669149271,-101.40847074758906,0.0065953901261536635,True,True,0.07500000000000001,20260917
T04,random_design,1,3,15,9,0.3478689827069214,gate1b_t04_02,M_base(x) + (p0 * sin(x1) * x2),0.9232653589394193,-109.78520978885166,0.0070369559787636215,True,True,0.07500000000000001,20260917
T04,random_design,1,4,16,9,0.2839645408750203,gate1b_t04_02,M_base(x) + (p0 * sin(x1) * x2),0.9399640700941926,-118.03416224605289,0.005596522522395616,True,True,0.07500000000000001,20260917
T04,random_design,1,5,17,9,0.19916863550853764,gate1b_t04_02,M_base(x) + (p0 * sin(x1) * x2),0.9613516448666491,-126.50208479355149,0.005703262399953271,True,True,0.07500000000000001,20260917
T04,random_design,1,6,18,9,0.20958391190042475,gate1b_t04_02,M_base(x) + (p0 * sin(x1) * x2),0.9586673596990491,-134.4680508309625,0.004716163275126218,True,True,0.07500000000000001,20260917
T04,random_design,1,7,19,9,0.19514968922769219,gate1b_t04_02,M_base(x) + (p0 * sin(x1) * x2),0.963296457131646,-141.25820607803098,0.00796382846532872,True,True,0.07500000000000001,20260917
T04,random_design,1,8,20,9,0.18808613174960925,gate1b_t04_02,M_base(x) + (p0 * sin(x1) * x2),0.9649711291174635,-148.74138536667866,0.007469687242116767,True,True,0.07500000000000001,20260917
T04,model_information_gain,1,0,12,9,1.7510811292424064,gate1b_t04_02,M_base(x) + (p0 * sin(x1) * x2),0.2969633292070125,-85.4574868029619,0.00406797131981817,True,True,0.07500000000000001,20260917
T04,model_information_gain,1,1,13,9,0.6008311361136285,gate1b_t04_02,M_base(x) + (p0 * sin(x1) * x2),0.8036321400862384,-92.82318726965276,0.0028517430727309652,True,True,0.07500000000000001,20260917
T04,model_information_gain,1,2,14,9,0.003938482035082119,gate1b_t04_02,M_base(x) + (p0 * sin(x1) * x2),0.9996036643552856,-97.91952860371244,0.0031276814252049327,True,True,0.07500000000000001,20260917
T04,model_information_gain,1,3,15,9,0.0009518081248440005,gate1b_t04_02,M_base(x) + (p0 * sin(x1) * x2),0.999917642700385,-105.6946894815623,0.000540031472578989,True,True,0.07500000000000001,20260917
T04,model_information_gain,1,4,16,9,3.517271884157205e-05,gate1b_t04_02,M_base(x) + (p0 * sin(x1) * x2),0.9999976399169143,-113.44248784662524,0.0026732258995872194,True,True,0.07500000000000001,20260917
T04,model_information_gain,1,5,17,9,5.58167228087139e-06,gate1b_t04_02,M_base(x) + (p0 * sin(x1) * x2),0.9999996683994834,-121.6414003193733,0.0030910178020999864,True,True,0.07500000000000001,20260917
T04,model_information_gain,1,6,18,9,7.228050371331871e-07,gate1b_t04_02,M_base(x) + (p0 * sin(x1) * x2),0.9999999618839478,-129.90853108737812,0.0026025155103783317,True,True,0.07500000000000001,20260917
T04,model_information_gain,1,7,19,9,8.90369107765954e-08,gate1b_t04_02,M_base(x) + (p0 * sin(x1) * x2),0.9999999957901906,-138.13256281727314,0.0019589057363950725,True,True,0.07500000000000001,20260917
T04,model_information_gain,1,8,20,9,4.693940429179149e-08,gate1b_t04_02,M_base(x) + (p0 * sin(x1) * x2),0.9999999978423246,-145.21191725280218,0.002999768534212201,True,True,0.07500000000000001,20260917
T04,parameter_information_gain,1,0,12,9,1.7510811292424064,gate1b_t04_02,M_base(x) + (p0 * sin(x1) * x2),0.2969633292070125,-85.4574868029619,0.00406797131981817,True,True,0.07500000000000001,20260917
T04,parameter_information_gain,1,1,13,9,0.5988021192654651,gate1b_t04_02,M_base(x) + (p0 * sin(x1) * x2),0.8392938438784693,-93.71656130793492,0.0027513402246131338,True,True,0.07500000000000001,20260917
T04,parameter_information_gain,1,2,14,9,0.12850535856152787,gate1b_t04_02,M_base(x) + (p0 * sin(x1) * x2),0.9785303311145641,-100.98963044027145,0.0027685748347839397,True,True,0.07500000000000001,20260917
T04,parameter_information_gain,1,3,15,9,0.04869286734655712,gate1b_t04_02,M_base(x) + (p0 * sin(x1) * x2),0.9930026072737245,-109.07373815996536,0.004780811383004468,True,True,0.07500000000000001,20260917
T04,parameter_information_gain,1,4,16,9,0.020548355471018062,gate1b_t04_02,M_base(x) + (p0 * sin(x1) * x2),0.9974432509767239,-116.3707316405714,0.00184685245375048,True,True,0.07500000000000001,20260917
T04,parameter_information_gain,1,5,17,9,0.023352222395160334,gate1b_t04_02,M_base(x) + (p0 * sin(x1) * x2),0.9970289747613852,-120.75334807371726,0.00669671983789193,True,True,0.07500000000000001,20260917
T04,parameter_information_gain,1,6,18,9,0.016170660125528653,gate1b_t04_02,M_base(x) + (p0 * sin(x1) * x2),0.9980430916553146,-128.84517542624383,0.0058701524293940065,True,True,0.07500000000000001,20260917
T04,parameter_information_gain,1,7,19,9,0.017105499189528788,gate1b_t04_02,M_base(x) + (p0 * sin(x1) * x2),0.9979115723162146,-136.25994351326284,0.0041574502121589346,True,True,0.07500000000000001,20260917
T04,parameter_information_gain,1,8,20,9,0.013512526440437772,gate1b_t04_02,M_base(x) + (p0 * sin(x1) * x2),0.9984013398408315,-144.34175096376543,0.003413559225423141,True,True,0.07500000000000001,20260917
T04,joint_structure_parameter_information_gain,1,0,12,9,1.7510811292424064,gate1b_t04_02,M_base(x) + (p0 * sin(x1) * x2),0.2969633292070125,-85.4574868029619,0.00406797131981817,True,True,0.07500000000000001,20260917
T04,joint_structure_parameter_information_gain,1,1,13,9,0.6008311361136285,gate1b_t04_02,M_base(x) + (p0 * sin(x1) * x2),0.8036321400862384,-92.82318726965276,0.0028517430727309652,True,True,0.07500000000000001,20260917
T04,joint_structure_parameter_information_gain,1,2,14,9,0.025791122962077785,gate1b_t04_02,M_base(x) + (p0 * sin(x1) * x2),0.996705324976207,-100.8957848730936,0.005626361981128426,True,True,0.07500000000000001,20260917
T04,joint_structure_parameter_information_gain,1,3,15,9,0.009814999961031226,gate1b_t04_02,M_base(x) + (p0 * sin(x1) * x2),0.998889329717469,-108.93544450870927,0.007844293560309456,True,True,0.07500000000000001,20260917
T04,joint_structure_parameter_information_gain,1,4,16,9,0.006044635847755059,gate1b_t04_02,M_base(x) + (p0 * sin(x1) * x2),0.9993541520611723,-117.11163596352175,0.0064668469278157305,True,True,0.07500000000000001,20260917
T04,joint_structure_parameter_information_gain,1,5,17,9,0.003468639656938477,gate1b_t04_02,M_base(x) + (p0 * sin(x1) * x2),0.9996526343945857,-124.12568107057618,0.0036421960643014096,True,True,0.07500000000000001,20260917
T04,joint_structure_parameter_information_gain,1,6,18,9,0.003582056017271751,gate1b_t04_02,M_base(x) + (p0 * sin(x1) * x2),0.9996403218870707,-128.78270582316378,0.007712688405362906,True,True,0.07500000000000001,20260917
T04,joint_structure_parameter_information_gain,1,7,19,9,0.003841831554758868,gate1b_t04_02,M_base(x) + (p0 * sin(x1) * x2),0.9996107681046533,-135.97749470486278,0.005745975080768962,True,True,0.07500000000000001,20260917
T04,joint_structure_parameter_information_gain,1,8,20,9,0.002885956290099435,gate1b_t04_02,M_base(x) + (p0 * sin(x1) * x2),0.9997164513546919,-143.94700835582185,0.004825244729348289,True,True,0.07500000000000001,20260917
T05,space_filling_design,1,0,12,9,0.7073245867714781,gate1d_t05_04,M_base(x) + (sin(exp(((pysr_coefficient_1 + (-1 * x1)) * pysr_coefficient_2))) + (-1 * pysr_coefficient_3)),0.7917193278132496,-105.07742055714111,0.02745765059585252,True,False,0.045,20260917
T05,space_filling_design,1,1,13,9,1.284955787894782,gate1d_t05_03,M_base(x) + sin(exp(((pysr_coefficient_1 + (-1 * x1)) * pysr_coefficient_2))),0.46245330746625296,-107.76664860785527,0.004184744099940568,True,False,0.045,20260917
T05,space_filling_design,1,2,14,9,1.2654985561907992,gate1d_t05_03,M_base(x) + sin(exp(((pysr_coefficient_1 + (-1 * x1)) * pysr_coefficient_2))),0.4840202086119664,-116.84475017600205,0.004452556261719503,True,False,0.045,20260917
T05,space_filling_design,1,3,15,9,1.2489575559168993,gate1d_t05_03,M_base(x) + sin(exp(((pysr_coefficient_1 + (-1 * x1)) * pysr_coefficient_2))),0.4951877427300186,-126.35681936031216,0.004330221009341812,True,False,0.045,20260917
T05,space_filling_design,1,4,16,9,1.2296877160363306,gate1d_t05_03,M_base(x) + sin(exp(((pysr_coefficient_1 + (-1 * x1)) * pysr_coefficient_2))),0.5083945689116448,-135.51454912365537,0.0048954235719035535,True,False,0.045,20260917
T05,space_filling_design,1,5,17,9,1.25670502657834,gate1d_t05_03,M_base(x) + sin(exp(((pysr_coefficient_1 + (-1 * x1)) * pysr_coefficient_2))),0.4823690713136473,-141.58311524959515,0.0037982654544405046,True,False,0.045,20260917
T05,space_filling_design,1,6,18,9,1.237420457130564,gate1d_t05_03,M_base(x) + sin(exp(((pysr_coefficient_1 + (-1 * x1)) * pysr_coefficient_2))),0.50635577816269,-149.84805246452464,0.004582041755571308,True,False,0.045,20260917
T05,space_filling_design,1,7,19,9,1.2597522560814582,gate1d_t05_03,M_base(x) + sin(exp(((pysr_coefficient_1 + (-1 * x1)) * pysr_coefficient_2))),0.472120780420054,-157.18401377173998,0.0038225327857538648,True,False,0.045,20260917
T05,space_filling_design,1,8,20,9,1.2768220122207525,gate1d_t05_03,M_base(x) + sin(exp(((pysr_coefficient_1 + (-1 * x1)) * pysr_coefficient_2))),0.47479446343297355,-162.1358517512111,0.004797662498725659,True,False,0.045,20260917
T05,random_design,1,0,12,9,0.7073245867714781,gate1d_t05_04,M_base(x) + (sin(exp(((pysr_coefficient_1 + (-1 * x1)) * pysr_coefficient_2))) + (-1 * pysr_coefficient_3)),0.7917193278132496,-105.07742055714111,0.02745765059585252,True,False,0.045,20260917
T05,random_design,1,1,13,9,1.0424565615814305,gate1d_t05_04,M_base(x) + (sin(exp(((pysr_coefficient_1 + (-1 * x1)) * pysr_coefficient_2))) + (-1 * pysr_coefficient_3)),0.5907525256490703,-112.30276614622778,0.015092158769784557,True,False,0.045,20260917
T05,random_design,1,2,14,9,1.1994846067960443,gate1d_t05_03,M_base(x) + sin(exp(((pysr_coefficient_1 + (-1 * x1)) * pysr_coefficient_2))),0.4044216283827185,-120.41283951978765,0.005062241334172605,True,False,0.045,20260917
T05,random_design,1,3,15,9,1.1744366228518095,gate1d_t05_03,M_base(x) + sin(exp(((pysr_coefficient_1 + (-1 * x1)) * pysr_coefficient_2))),0.4282461811150807,-130.1999667366513,0.005183477671355266,True,False,0.045,20260917
T05,random_design,1,4,16,9,1.2086657963405798,gate1d_t05_03,M_base(x) + sin(exp(((pysr_coefficient_1 + (-1 * x1)) * pysr_coefficient_2))),0.5327305204804945,-137.0948830293704,0.004596165316463698,True,False,0.045,20260917
T05,random_design,1,5,17,9,1.1880016811794427,gate1d_t05_03,M_base(x) + sin(exp(((pysr_coefficient_1 + (-1 * x1)) * pysr_coefficient_2))),0.5464957928784052,-146.36663462450335,0.005110867687545059,True,False,0.045,20260917
T05,random_design,1,6,18,9,1.1921845561946196,gate1d_t05_03,M_base(x) + sin(exp(((pysr_coefficient_1 + (-1 * x1)) * pysr_coefficient_2))),0.5405980289967409,-154.64795970590401,0.00551465962924661,True,False,0.045,20260917
T05,random_design,1,7,19,9,1.1731292814465275,gate1d_t05_03,M_base(x) + sin(exp(((pysr_coefficient_1 + (-1 * x1)) * pysr_coefficient_2))),0.5542534696205672,-164.43868353777628,0.00562927491650053,True,False,0.045,20260917
T05,random_design,1,8,20,9,1.173084756114901,gate1d_t05_03,M_base(x) + sin(exp(((pysr_coefficient_1 + (-1 * x1)) * pysr_coefficient_2))),0.5540897467954781,-173.9076309052087,0.005245117956746606,True,False,0.045,20260917
T05,model_information_gain,1,0,12,9,0.7073245867714781,gate1d_t05_04,M_base(x) + (sin(exp(((pysr_coefficient_1 + (-1 * x1)) * pysr_coefficient_2))) + (-1 * pysr_coefficient_3)),0.7917193278132496,-105.07742055714111,0.02745765059585252,True,False,0.045,20260917
T05,model_information_gain,1,1,13,9,1.0567448396276466,gate1d_t05_04,M_base(x) + (sin(exp(((pysr_coefficient_1 + (-1 * x1)) * pysr_coefficient_2))) + (-1 * pysr_coefficient_3)),0.5802432084169373,-112.1698425340927,0.014589600199389919,True,False,0.045,20260917
T05,model_information_gain,1,2,14,9,1.2667067220472936,gate1d_t05_03,M_base(x) + sin(exp(((pysr_coefficient_1 + (-1 * x1)) * pysr_coefficient_2))),0.4819901919956536,-116.49384227530467,0.004476956668965132,True,False,0.045,20260917
T05,model_information_gain,1,3,15,9,1.2276852058162184,gate1d_t05_03,M_base(x) + sin(exp(((pysr_coefficient_1 + (-1 * x1)) * pysr_coefficient_2))),0.5114763584034117,-126.07883648924451,0.004355129124029797,True,False,0.045,20260917
T05,model_information_gain,1,4,16,9,1.246092495004561,gate1d_t05_03,M_base(x) + sin(exp(((pysr_coefficient_1 + (-1 * x1)) * pysr_coefficient_2))),0.4911737106516896,-134.69670523735277,0.0040363389796742805,True,False,0.045,20260917
T05,model_information_gain,1,5,17,9,1.1976168443593564,gate1d_t05_03,M_base(x) + sin(exp(((pysr_coefficient_1 + (-1 * x1)) * pysr_coefficient_2))),0.537554526103136,-143.63237945374246,0.004026918806711625,True,False,0.045,20260917
T05,model_information_gain,1,6,18,9,1.1434090097918694,gate1d_t05_03,M_base(x) + sin(exp(((pysr_coefficient_1 + (-1 * x1)) * pysr_coefficient_2))),0.5797123082352659,-152.3030317627752,0.004117219133184336,True,False,0.045,20260917
T05,model_information_gain,1,7,19,9,1.1057449793966634,gate1d_t05_03,M_base(x) + sin(exp(((pysr_coefficient_1 + (-1 * x1)) * pysr_coefficient_2))),0.6047588749724044,-161.93738199618508,0.0041397941276456185,True,False,0.045,20260917
T05,model_information_gain,1,8,20,9,1.049483213920739,gate1d_t05_03,M_base(x) + sin(exp(((pysr_coefficient_1 + (-1 * x1)) * pysr_coefficient_2))),0.6378409233365012,-169.8605267825783,0.004739831493547551,True,False,0.045,20260917
T05,parameter_information_gain,1,0,12,9,0.7073245867714781,gate1d_t05_04,M_base(x) + (sin(exp(((pysr_coefficient_1 + (-1 * x1)) * pysr_coefficient_2))) + (-1 * pysr_coefficient_3)),0.7917193278132496,-105.07742055714111,0.02745765059585252,True,False,0.045,20260917
T05,parameter_information_gain,1,1,13,9,1.0567448396276466,gate1d_t05_04,M_base(x) + (sin(exp(((pysr_coefficient_1 + (-1 * x1)) * pysr_coefficient_2))) + (-1 * pysr_coefficient_3)),0.5802432084169373,-112.1698425340927,0.014589600199389919,True,False,0.045,20260917
T05,parameter_information_gain,1,2,14,9,0.9750899355750766,gate1d_t05_04,M_base(x) + (sin(exp(((pysr_coefficient_1 + (-1 * x1)) * pysr_coefficient_2))) + (-1 * pysr_coefficient_3)),0.6202694385669589,-122.1107065006619,0.014459505162946262,True,False,0.045,20260917
T05,parameter_information_gain,1,3,15,9,1.2276852058162036,gate1d_t05_03,M_base(x) + sin(exp(((pysr_coefficient_1 + (-1 * x1)) * pysr_coefficient_2))),0.5114763584034249,-126.0788364892446,0.004355129272527287,True,False,0.045,20260917
T05,parameter_information_gain,1,4,16,9,1.2253844042210245,gate1d_t05_03,M_base(x) + sin(exp(((pysr_coefficient_1 + (-1 * x1)) * pysr_coefficient_2))),0.5134547878767854,-134.3864437790415,0.003662680891575751,True,False,0.045,20260917
T05,parameter_information_gain,1,5,17,9,1.209328122084108,gate1d_t05_03,M_base(x) + sin(exp(((pysr_coefficient_1 + (-1 * x1)) * pysr_coefficient_2))),0.5269140759769,-143.98937667569245,0.003762252374318456,True,False,0.045,20260917
T05,parameter_information_gain,1,6,18,9,1.1921971918253114,gate1d_t05_03,M_base(x) + sin(exp(((pysr_coefficient_1 + (-1 * x1)) * pysr_coefficient_2))),0.5408919505184457,-153.62583607997271,0.003971794952397212,True,False,0.045,20260917
T05,parameter_information_gain,1,7,19,9,1.2410361273622132,gate1d_t05_03,M_base(x) + sin(exp(((pysr_coefficient_1 + (-1 * x1)) * pysr_coefficient_2))),0.4883645388109318,-159.8866438931275,0.003653420831283092,True,False,0.045,20260917
T05,parameter_information_gain,1,8,20,9,1.2704697977869264,gate1d_t05_03,M_base(x) + sin(exp(((pysr_coefficient_1 + (-1 * x1)) * pysr_coefficient_2))),0.4502675830052258,-164.1030405058635,0.0020864308647512405,True,False,0.045,20260917
T05,joint_structure_parameter_information_gain,1,0,12,9,0.7073245867714781,gate1d_t05_04,M_base(x) + (sin(exp(((pysr_coefficient_1 + (-1 * x1)) * pysr_coefficient_2))) + (-1 * pysr_coefficient_3)),0.7917193278132496,-105.07742055714111,0.02745765059585252,True,False,0.045,20260917
T05,joint_structure_parameter_information_gain,1,1,13,9,1.0567448396276466,gate1d_t05_04,M_base(x) + (sin(exp(((pysr_coefficient_1 + (-1 * x1)) * pysr_coefficient_2))) + (-1 * pysr_coefficient_3)),0.5802432084169373,-112.1698425340927,0.014589600199389919,True,False,0.045,20260917
T05,joint_structure_parameter_information_gain,1,2,14,9,1.2667067220472936,gate1d_t05_03,M_base(x) + sin(exp(((pysr_coefficient_1 + (-1 * x1)) * pysr_coefficient_2))),0.4819901919956536,-116.49384227530467,0.004476956668965132,True,False,0.045,20260917
T05,joint_structure_parameter_information_gain,1,3,15,9,1.2276852058162184,gate1d_t05_03,M_base(x) + sin(exp(((pysr_coefficient_1 + (-1 * x1)) * pysr_coefficient_2))),0.5114763584034117,-126.07883648924451,0.004355129124029797,True,False,0.045,20260917
T05,joint_structure_parameter_information_gain,1,4,16,9,1.2253844042210256,gate1d_t05_03,M_base(x) + sin(exp(((pysr_coefficient_1 + (-1 * x1)) * pysr_coefficient_2))),0.5134547878767838,-134.38644377904149,0.00366268087021405,True,False,0.045,20260917
T05,joint_structure_parameter_information_gain,1,5,17,9,1.2093281220841143,gate1d_t05_03,M_base(x) + sin(exp(((pysr_coefficient_1 + (-1 * x1)) * pysr_coefficient_2))),0.5269140759768969,-143.98937667569248,0.003762252284485544,True,False,0.045,20260917
T05,joint_structure_parameter_information_gain,1,6,18,9,1.1942923383340818,gate1d_t05_03,M_base(x) + sin(exp(((pysr_coefficient_1 + (-1 * x1)) * pysr_coefficient_2))),0.5388280802999283,-153.41424605071288,0.0041656598116444395,True,False,0.045,20260917
T05,joint_structure_parameter_information_gain,1,7,19,9,1.2416971801094947,gate1d_t05_03,M_base(x) + sin(exp(((pysr_coefficient_1 + (-1 * x1)) * pysr_coefficient_2))),0.4869214034891845,-159.71580619372833,0.003865738390705347,True,False,0.045,20260917
T05,joint_structure_parameter_information_gain,1,8,20,9,1.2704556213487248,gate1d_t05_03,M_base(x) + sin(exp(((pysr_coefficient_1 + (-1 * x1)) * pysr_coefficient_2))),0.4482707310438101,-163.85981188286158,0.00218496068081134,True,False,0.045,20260917
T06,space_filling_design,1,0,12,9,0.8160562616065797,gate1b_t06_02,M_base(x) + (a * tanh((b * (x2 - c)))),0.4833591403690669,-98.05835050673478,0.01284309443052181,True,False,0.045,20260917
T06,space_filling_design,1,1,13,9,0.6944944966418475,gate1b_t06_02,M_base(x) + (a * tanh((b * (x2 - c)))),0.4999262809451649,-107.48458220411865,0.011594518362500542,True,False,0.045,20260917
T06,space_filling_design,1,2,14,9,0.6931488803524358,gate1b_t06_02,M_base(x) + (a * tanh((b * (x2 - c)))),0.4999999513998794,-117.07627216771758,0.010867137356321617,True,False,0.045,20260917
T06,space_filling_design,1,3,15,9,0.6931484255926342,gate1b_t06_02,M_base(x) + (a * tanh((b * (x2 - c)))),0.4999999643226696,-123.41505832485926,0.010922781142562121,True,False,0.045,20260917
T06,space_filling_design,1,4,16,9,0.6931498619286516,gate1b_t06_01,M_base(x) + (tanh((p0 + (p1 * x2))) * p2),0.49999992093304274,-127.52193327336661,0.00543955549443206,True,False,0.045,20260917
T06,space_filling_design,1,5,17,9,0.6931484315862406,gate1b_t06_01,M_base(x) + (tanh((p0 + (p1 * x2))) * p2),0.4999999646835718,-136.35296061616887,0.006901203147261607,True,False,0.045,20260917
T06,space_filling_design,1,6,18,9,0.6931480780586161,gate1b_t06_02,M_base(x) + (a * tanh((b * (x2 - c)))),0.49999997525833584,-143.9835090823005,0.0047770485038771335,True,False,0.045,20260917
T06,space_filling_design,1,7,19,9,0.6931474495468591,gate1b_t06_01,M_base(x) + (tanh((p0 + (p1 * x2))) * p2),0.49999999310294535,-153.30549123713286,0.004565008972359012,True,False,0.045,20260917
T06,space_filling_design,1,8,20,9,0.6931474735576829,gate1b_t06_02,M_base(x) + (a * tanh((b * (x2 - c)))),0.4999999924513978,-160.4068857979481,0.0027477036243697467,True,False,0.045,20260917
T06,random_design,1,0,12,9,0.8160562616065797,gate1b_t06_02,M_base(x) + (a * tanh((b * (x2 - c)))),0.4833591403690669,-98.05835050673478,0.01284309443052181,True,False,0.045,20260917
T06,random_design,1,1,13,9,0.7042612185597205,gate1b_t06_01,M_base(x) + (tanh((p0 + (p1 * x2))) * p2),0.4991723355550182,-104.15240401636197,0.006941922147598819,True,False,0.045,20260917
T06,random_design,1,2,14,9,0.6935792640531748,gate1b_t06_01,M_base(x) + (tanh((p0 + (p1 * x2))) * p2),0.4999792981031682,-113.56850008996395,0.006789193065564343,True,False,0.045,20260917
T06,random_design,1,3,15,9,0.6933539082061186,gate1b_t06_02,M_base(x) + (a * tanh((b * (x2 - c)))),0.49999078864765434,-122.92925769903503,0.006996603976935772,True,False,0.045,20260917
T06,random_design,1,4,16,9,0.6932465060404162,gate1b_t06_01,M_base(x) + (tanh((p0 + (p1 * x2))) * p2),0.499995868556218,-132.1998194744172,0.006421914752856074,True,False,0.045,20260917
T06,random_design,1,5,17,9,0.693171334281358,gate1b_t06_01,M_base(x) + (tanh((p0 + (p1 * x2))) * p2),0.4999991089232354,-141.76294132977844,0.006113294752523419,True,False,0.045,20260917
T06,random_design,1,6,18,9,0.6931532091763196,gate1b_t06_01,M_base(x) + (tanh((p0 + (p1 * x2))) * p2),0.49999979974112874,-150.8459895039629,0.004598027227294721,True,False,0.045,20260917
T06,random_design,1,7,19,9,0.6931536732967917,gate1b_t06_02,M_base(x) + (a * tanh((b * (x2 - c)))),0.49999978311507287,-158.79362419881585,0.002724083003145225,True,False,0.045,20260917
T06,random_design,1,8,20,9,0.6931501520547817,gate1b_t06_01,M_base(x) + (tanh((p0 + (p1 * x2))) * p2),0.4999999060544607,-166.10814292726943,0.004403012403215736,True,False,0.045,20260917
T06,model_information_gain,1,0,12,9,0.8160562616065797,gate1b_t06_02,M_base(x) + (a * tanh((b * (x2 - c)))),0.4833591403690669,-98.05835050673478,0.01284309443052181,True,False,0.045,20260917
T06,model_information_gain,1,1,13,9,0.6931560285004241,gate1b_t06_02,M_base(x) + (a * tanh((b * (x2 - c)))),0.49999971364691487,-107.50476308094149,0.011576033877549777,True,False,0.045,20260917
T06,model_information_gain,1,2,14,9,0.6931494812875252,gate1b_t06_02,M_base(x) + (a * tanh((b * (x2 - c)))),0.4999999296754383,-116.56407831148411,0.010740435671861929,True,False,0.045,20260917
T06,model_information_gain,1,3,15,9,0.6934644146682964,gate1b_t06_01,M_base(x) + (tanh((p0 + (p1 * x2))) * p2),0.4999854623768387,-113.37148348014948,0.0017876680124576314,True,False,0.045,20260917
T06,model_information_gain,1,4,16,9,0.6932265246329251,gate1b_t06_02,M_base(x) + (a * tanh((b * (x2 - c)))),0.49999682898414466,-122.15322245642844,0.0016748971318976931,True,False,0.045,20260917
T06,model_information_gain,1,5,17,9,0.693176399632806,gate1b_t06_02,M_base(x) + (a * tanh((b * (x2 - c)))),0.4999989284011211,-130.95081777526195,0.0022380400389324507,True,False,0.045,20260917
T06,model_information_gain,1,6,18,9,0.6931514659839607,gate1b_t06_01,M_base(x) + (tanh((p0 + (p1 * x2))) * p2),0.49999986692752557,-139.84914189271493,0.002863370553257383,True,False,0.045,20260917
T06,model_information_gain,1,7,19,9,0.6931480901961284,gate1b_t06_02,M_base(x) + (a * tanh((b * (x2 - c)))),0.49999997487061437,-148.87335905684216,0.0029968072533357857,True,False,0.045,20260917
T06,model_information_gain,1,8,20,9,0.6931475254495088,gate1b_t06_02,M_base(x) + (a * tanh((b * (x2 - c)))),0.49999999097467884,-157.66953957233474,0.0025512374016087797,True,False,0.045,20260917
T06,parameter_information_gain,1,0,12,9,0.8160562616065797,gate1b_t06_02,M_base(x) + (a * tanh((b * (x2 - c)))),0.4833591403690669,-98.05835050673478,0.01284309443052181,True,False,0.045,20260917
T06,parameter_information_gain,1,1,13,9,0.6931551133985545,gate1b_t06_02,M_base(x) + (a * tanh((b * (x2 - c)))),0.49999974693291843,-107.34616203881014,0.010993890491504604,True,False,0.045,20260917
T06,parameter_information_gain,1,2,14,9,0.6931488530717371,gate1b_t06_02,M_base(x) + (a * tanh((b * (x2 - c)))),0.4999999508951914,-116.7759306737139,0.01044064469960448,True,False,0.045,20260917
T06,parameter_information_gain,1,3,15,9,0.6931475000518537,gate1b_t06_02,M_base(x) + (a * tanh((b * (x2 - c)))),0.49999999156245,-126.05235875864282,0.00984878012507135,True,False,0.045,20260917
T06,parameter_information_gain,1,4,16,9,0.6931472875914118,gate1b_t06_02,M_base(x) + (a * tanh((b * (x2 - c)))),0.4999999973346602,-135.58364119688176,0.008725151031246223,True,False,0.045,20260917
T06,parameter_information_gain,1,5,17,9,0.6931472309391172,gate1b_t06_01,M_base(x) + (tanh((p0 + (p1 * x2))) * p2),0.49999999878662127,-144.3491828409832,0.008132931312084314,True,False,0.045,20260917
T06,parameter_information_gain,1,6,18,9,0.6931471895219742,gate1b_t06_02,M_base(x) + (a * tanh((b * (x2 - c)))),0.4999999998040202,-154.05137533536268,0.00796143680632669,True,False,0.045,20260917
T06,parameter_information_gain,1,7,19,9,0.6931472159706036,gate1b_t06_02,M_base(x) + (a * tanh((b * (x2 - c)))),0.49999999917524796,-158.06166841589535,0.003488875407820723,True,False,0.045,20260917
T06,parameter_information_gain,1,8,20,9,0.6931472689973244,gate1b_t06_01,M_base(x) + (tanh((p0 + (p1 * x2))) * p2),0.4999999978422268,-163.6079436754207,0.002806719353789517,True,False,0.045,20260917
T06,joint_structure_parameter_information_gain,1,0,12,9,0.8160562616065797,gate1b_t06_02,M_base(x) + (a * tanh((b * (x2 - c)))),0.4833591403690669,-98.05835050673478,0.01284309443052181,True,False,0.045,20260917
T06,joint_structure_parameter_information_gain,1,1,13,9,0.6931551133985545,gate1b_t06_02,M_base(x) + (a * tanh((b * (x2 - c)))),0.49999974693291843,-107.34616203881014,0.010993890491504604,True,False,0.045,20260917
T06,joint_structure_parameter_information_gain,1,2,14,9,0.6931488530717371,gate1b_t06_02,M_base(x) + (a * tanh((b * (x2 - c)))),0.4999999508951914,-116.7759306737139,0.01044064469960448,True,False,0.045,20260917
T06,joint_structure_parameter_information_gain,1,3,15,9,0.6931475000518537,gate1b_t06_02,M_base(x) + (a * tanh((b * (x2 - c)))),0.49999999156245,-126.05235875864282,0.00984878012507135,True,False,0.045,20260917
T06,joint_structure_parameter_information_gain,1,4,16,9,0.6931472875914118,gate1b_t06_02,M_base(x) + (a * tanh((b * (x2 - c)))),0.4999999973346602,-135.58364119688176,0.008725151031246223,True,False,0.045,20260917
T06,joint_structure_parameter_information_gain,1,5,17,9,0.6931472309391172,gate1b_t06_01,M_base(x) + (tanh((p0 + (p1 * x2))) * p2),0.49999999878662127,-144.3491828409832,0.008132931312084314,True,False,0.045,20260917
T06,joint_structure_parameter_information_gain,1,6,18,9,0.6931471895219742,gate1b_t06_02,M_base(x) + (a * tanh((b * (x2 - c)))),0.4999999998040202,-154.05137533536268,0.00796143680632669,True,False,0.045,20260917
T06,joint_structure_parameter_information_gain,1,7,19,9,0.6931472159706036,gate1b_t06_02,M_base(x) + (a * tanh((b * (x2 - c)))),0.49999999917524796,-158.06166841589535,0.003488875407820723,True,False,0.045,20260917
T06,joint_structure_parameter_information_gain,1,8,20,9,0.6931472689973244,gate1b_t06_01,M_base(x) + (tanh((p0 + (p1 * x2))) * p2),0.4999999978422268,-163.6079436754207,0.002806719353789517,True,False,0.045,20260917
T01,space_filling_design,1,0,12,9,1.9459007049033452,gate1d_t01_02,M_base(x) + (p0 * (x1 ^ 2)),0.2163328064722228,-94.32765436248053,0.022630699568810978,True,True,0.06,20260923
T01,space_filling_design,1,1,13,9,1.797617993583298,gate1d_t01_02,M_base(x) + (p0 * (x1 ^ 2)),0.2514441842749732,-102.85597041402133,0.009477753956972328,True,True,0.06,20260923
T01,space_filling_design,1,2,14,9,1.8794529584005022,gate1d_t01_02,M_base(x) + (p0 * (x1 ^ 2)),0.2534190354982731,-107.91064120077104,0.004036680512975327,True,True,0.06,20260923
T01,space_filling_design,1,3,15,9,1.8975212233799352,gate1d_t01_02,M_base(x) + (p0 * (x1 ^ 2)),0.20550522141686625,-116.07548188742082,0.0015471887583264612,True,True,0.06,20260923
T01,space_filling_design,1,4,16,9,1.789624219125625,gate1d_t01_04,M_base(x) + (p0 * tanh((p1 * (x1 ^ 2)))),0.2855039904092346,-124.11295563582733,0.012924166102922133,True,False,0.06,20260923
T01,space_filling_design,1,5,17,9,1.828467169049996,gate1d_t01_04,M_base(x) + (p0 * tanh((p1 * (x1 ^ 2)))),0.25684813926214933,-132.36827067627596,0.010300659814796945,True,False,0.06,20260923
T01,space_filling_design,1,6,18,9,1.87752003737525,gate1d_t01_02,M_base(x) + (p0 * (x1 ^ 2)),0.2219128482556926,-140.2061666372728,0.0006782383068103575,True,True,0.06,20260923
T01,space_filling_design,1,7,19,9,1.8593290763120485,gate1d_t01_02,M_base(x) + (p0 * (x1 ^ 2)),0.22947267934085588,-149.10509413234732,0.0010311570764835142,True,True,0.06,20260923
T01,space_filling_design,1,8,20,9,1.8315742687763403,gate1d_t01_02,M_base(x) + (p0 * (x1 ^ 2)),0.30139381470851623,-157.24309998175102,0.0020468933006893026,True,True,0.06,20260923
T01,random_design,1,0,12,9,1.9459007049033452,gate1d_t01_02,M_base(x) + (p0 * (x1 ^ 2)),0.2163328064722228,-94.32765436248053,0.022630699568810978,True,True,0.06,20260923
T01,random_design,1,1,13,9,1.8454289051949615,gate1d_t01_02,M_base(x) + (p0 * (x1 ^ 2)),0.202761172121336,-102.56600712502944,0.006793468149806448,True,True,0.06,20260923
T01,random_design,1,2,14,9,1.7442394359168905,gate1d_t01_02,M_base(x) + (p0 * (x1 ^ 2)),0.3763460238055073,-104.52416756366404,0.007116115060213147,True,True,0.06,20260923
T01,random_design,1,3,15,9,1.6989637836731573,gate1d_t01_02,M_base(x) + (p0 * (x1 ^ 2)),0.40354629782983165,-113.10828054930857,0.00860996156809878,True,True,0.06,20260923
T01,random_design,1,4,16,9,1.6504321828753064,gate1d_t01_02,M_base(x) + (p0 * (x1 ^ 2)),0.44678228217948346,-121.43260890714197,0.005841444131461634,True,True,0.06,20260923
T01,random_design,1,5,17,9,1.6537306509832723,gate1d_t01_02,M_base(x) + (p0 * (x1 ^ 2)),0.40869009579653853,-127.57491274926684,0.0006304535565921517,True,True,0.06,20260923
T01,random_design,1,6,18,9,1.7037105441075788,gate1d_t01_02,M_base(x) + (p0 * (x1 ^ 2)),0.3642575680623077,-134.83924099825418,0.003166900501752156,True,True,0.06,20260923
T01,random_design,1,7,19,9,1.720618694326584,gate1d_t01_02,M_base(x) + (p0 * (x1 ^ 2)),0.3318605465399772,-142.93866589661243,0.004853412270035992,True,True,0.06,20260923
T01,random_design,1,8,20,9,1.7298033557729313,gate1d_t01_02,M_base(x) + (p0 * (x1 ^ 2)),0.3110148251546503,-151.28547457817422,0.005754273903689864,True,True,0.06,20260923
T01,model_information_gain,1,0,12,9,1.9459007049033452,gate1d_t01_02,M_base(x) + (p0 * (x1 ^ 2)),0.2163328064722228,-94.32765436248053,0.022630699568810978,True,True,0.06,20260923
T01,model_information_gain,1,1,13,9,1.797617993583298,gate1d_t01_02,M_base(x) + (p0 * (x1 ^ 2)),0.2514441842749732,-102.85597041402133,0.009477753956972328,True,True,0.06,20260923
T01,model_information_gain,1,2,14,9,1.8794529584005022,gate1d_t01_02,M_base(x) + (p0 * (x1 ^ 2)),0.2534190354982731,-107.91064120077104,0.004036680512975327,True,True,0.06,20260923
T01,model_information_gain,1,3,15,9,1.8743645386913168,gate1d_t01_02,M_base(x) + (p0 * (x1 ^ 2)),0.26626626780146556,-116.54963117261774,0.0027473350047326896,True,True,0.06,20260923
T01,model_information_gain,1,4,16,9,1.8422133275124764,gate1d_t01_02,M_base(x) + (p0 * (x1 ^ 2)),0.2796750342426431,-125.18675142929526,0.004783798212843593,True,True,0.06,20260923
T01,model_information_gain,1,5,17,9,1.7365355704253382,gate1d_t01_04,M_base(x) + (p0 * tanh((p1 * (x1 ^ 2)))),0.2894228059891501,-132.88454593037062,0.01085983765183192,True,False,0.06,20260923
T01,model_information_gain,1,6,18,9,1.7774590407928923,gate1d_t01_02,M_base(x) + (p0 * (x1 ^ 2)),0.3560714406084166,-139.0793398255207,0.004373592008387895,True,True,0.06,20260923
T01,model_information_gain,1,7,19,9,1.7600987888940356,gate1d_t01_02,M_base(x) + (p0 * (x1 ^ 2)),0.3627757283520871,-147.85259853759115,0.003979271597893905,True,True,0.06,20260923
T01,model_information_gain,1,8,20,9,1.7296422383991397,gate1d_t01_02,M_base(x) + (p0 * (x1 ^ 2)),0.37897914782112424,-156.75267386117844,0.0038523503017392938,True,True,0.06,20260923
T01,parameter_information_gain,1,0,12,9,1.9459007049033452,gate1d_t01_02,M_base(x) + (p0 * (x1 ^ 2)),0.2163328064722228,-94.32765436248053,0.022630699568810978,True,True,0.06,20260923
T01,parameter_information_gain,1,1,13,9,1.797617993583298,gate1d_t01_02,M_base(x) + (p0 * (x1 ^ 2)),0.2514441842749732,-102.85597041402133,0.009477753956972328,True,True,0.06,20260923
T01,parameter_information_gain,1,2,14,9,1.8794529584005022,gate1d_t01_02,M_base(x) + (p0 * (x1 ^ 2)),0.2534190354982731,-107.91064120077104,0.004036680512975327,True,True,0.06,20260923
T01,parameter_information_gain,1,3,15,9,1.8645092630897357,gate1d_t01_02,M_base(x) + (p0 * (x1 ^ 2)),0.2808980863560532,-116.5962496284534,0.005874033545663797,True,True,0.06,20260923
T01,parameter_information_gain,1,4,16,9,1.796249897441415,gate1d_t01_02,M_base(x) + (p0 * (x1 ^ 2)),0.35175897671944084,-123.19172988948081,0.0009641263586028581,True,True,0.06,20260923
T01,parameter_information_gain,1,5,17,9,1.8012829891759305,gate1d_t01_02,M_base(x) + (p0 * (x1 ^ 2)),0.34600378293117817,-131.86635851300414,0.0020193672385839904,True,True,0.06,20260923
T01,parameter_information_gain,1,6,18,9,1.8021229982605862,gate1d_t01_02,M_base(x) + (p0 * (x1 ^ 2)),0.34732445870962597,-140.51878444988924,0.0010019728972860463,True,True,0.06,20260923
T01,parameter_information_gain,1,7,19,9,1.773569712111315,gate1d_t01_02,M_base(x) + (p0 * (x1 ^ 2)),0.36823472553337755,-149.1187036323234,9.952270384490065e-06,True,True,0.06,20260923
T01,parameter_information_gain,1,8,20,9,1.7636240139269956,gate1d_t01_02,M_base(x) + (p0 * (x1 ^ 2)),0.37414537431057854,-156.90198463187394,0.0016247586805476313,True,True,0.06,20260923
T01,joint_structure_parameter_information_gain,1,0,12,9,1.9459007049033452,gate1d_t01_02,M_base(x) + (p0 * (x1 ^ 2)),0.2163328064722228,-94.32765436248053,0.022630699568810978,True,True,0.06,20260923
T01,joint_structure_parameter_information_gain,1,1,13,9,1.797617993583298,gate1d_t01_02,M_base(x) + (p0 * (x1 ^ 2)),0.2514441842749732,-102.85597041402133,0.009477753956972328,True,True,0.06,20260923
T01,joint_structure_parameter_information_gain,1,2,14,9,1.8794529584005022,gate1d_t01_02,M_base(x) + (p0 * (x1 ^ 2)),0.2534190354982731,-107.91064120077104,0.004036680512975327,True,True,0.06,20260923
T01,joint_structure_parameter_information_gain,1,3,15,9,1.8645092630897357,gate1d_t01_02,M_base(x) + (p0 * (x1 ^ 2)),0.2808980863560532,-116.5962496284534,0.005874033545663797,True,True,0.06,20260923
T01,joint_structure_parameter_information_gain,1,4,16,9,1.796249897441415,gate1d_t01_02,M_base(x) + (p0 * (x1 ^ 2)),0.35175897671944084,-123.19172988948081,0.0009641263586028581,True,True,0.06,20260923
T01,joint_structure_parameter_information_gain,1,5,17,9,1.6961189564682477,gate1d_t01_02,M_base(x) + (p0 * (x1 ^ 2)),0.4161461899494767,-131.82555818575744,0.0017129703864988848,True,True,0.06,20260923
T01,joint_structure_parameter_information_gain,1,6,18,9,1.675514896784195,gate1d_t01_02,M_base(x) + (p0 * (x1 ^ 2)),0.42188262919513075,-140.50279421771918,0.0006330239823536854,True,True,0.06,20260923
T01,joint_structure_parameter_information_gain,1,7,19,9,1.6880059335879238,gate1d_t01_02,M_base(x) + (p0 * (x1 ^ 2)),0.4107290183802032,-149.22725236287738,0.001526088509759746,True,True,0.06,20260923
T01,joint_structure_parameter_information_gain,1,8,20,9,1.6683383440988175,gate1d_t01_02,M_base(x) + (p0 * (x1 ^ 2)),0.43435676936700396,-157.2649658414967,0.003100008256748672,True,True,0.06,20260923
T02,space_filling_design,1,0,12,9,0.0022308206967183346,gate1d_t02_01,M_base(x) * (1 + (p6 * x1 * x2)),0.9997828113965124,-95.31524798165677,0.01131806916607906,True,True,0.06,20260923
T02,space_filling_design,1,1,13,9,5.27950481483469e-05,gate1d_t02_01,M_base(x) * (1 + (p6 * x1 * x2)),0.9999963976186922,-102.55977193343747,0.002926704063350325,True,True,0.06,20260923
T02,space_filling_design,1,2,14,9,6.685683647768131e-08,gate1d_t02_01,M_base(x) * (1 + (p6 * x1 * x2)),0.9999999968448778,-111.23520947810333,0.0038012861398014465,True,True,0.06,20260923
T02,space_filling_design,1,3,15,9,1.2649908054218559e-08,gate1d_t02_01,M_base(x) * (1 + (p6 * x1 * x2)),0.999999999434121,-117.02265663253769,0.0009881108931656581,True,True,0.06,20260923
T02,space_filling_design,1,4,16,9,2.702939858918183e-09,gate1d_t02_01,M_base(x) * (1 + (p6 * x1 * x2)),0.9999999998870528,-125.91175617212976,0.0008064942221789947,True,True,0.06,20260923
T02,space_filling_design,1,5,17,9,1.732531369953723e-14,gate1d_t02_01,M_base(x) * (1 + (p6 * x1 * x2)),0.9999999999999996,-134.77011717635364,0.00214250796300938,True,True,0.06,20260923
T02,space_filling_design,1,6,18,9,3.1066707995962443e-15,gate1d_t02_01,M_base(x) * (1 + (p6 * x1 * x2)),0.9999999999999999,-143.2289544353103,0.0020212573871418696,True,True,0.06,20260923
T02,space_filling_design,1,7,19,9,4.0314805276534254e-16,gate1d_t02_01,M_base(x) * (1 + (p6 * x1 * x2)),1.0,-152.22167718797917,0.00236241844355994,True,True,0.06,20260923
T02,space_filling_design,1,8,20,9,4.59144531829738e-17,gate1d_t02_01,M_base(x) * (1 + (p6 * x1 * x2)),1.0,-161.34324543633517,0.0024082807583406525,True,True,0.06,20260923
T02,random_design,1,0,12,9,0.0022308206967183346,gate1d_t02_01,M_base(x) * (1 + (p6 * x1 * x2)),0.9997828113965124,-95.31524798165677,0.01131806916607906,True,True,0.06,20260923
T02,random_design,1,1,13,9,0.0006958423721716218,gate1d_t02_01,M_base(x) * (1 + (p6 * x1 * x2)),0.9999398803066966,-104.4127742981445,0.011733404875789747,True,True,0.06,20260923
T02,random_design,1,2,14,9,1.751432808901247e-05,gate1d_t02_01,M_base(x) * (1 + (p6 * x1 * x2)),0.9999989055230178,-111.77183018197061,0.0010095842632578467,True,True,0.06,20260923
T02,random_design,1,3,15,9,1.1201553025070843e-08,gate1d_t02_01,M_base(x) * (1 + (p6 * x1 * x2)),0.9999999995163462,-120.90736172993013,0.0012659138427336607,True,True,0.06,20260923
T02,random_design,1,4,16,9,8.640982328787113e-10,gate1d_t02_01,M_base(x) * (1 + (p6 * x1 * x2)),0.999999999965951,-129.96228362632866,0.0017168742968908539,True,True,0.06,20260923
T02,random_design,1,5,17,9,4.934528096121578e-11,gate1d_t02_01,M_base(x) * (1 + (p6 * x1 * x2)),0.9999999999982631,-138.4594112586178,5.482176604828699e-05,True,True,0.06,20260923
T02,random_design,1,6,18,9,6.250334439191003e-12,gate1d_t02_01,M_base(x) * (1 + (p6 * x1 * x2)),0.9999999999997956,-146.61378008346117,0.0008750770776777275,True,True,0.06,20260923
T02,random_design,1,7,19,9,5.60724568795092e-11,gate1d_t02_01,M_base(x) * (1 + (p6 * x1 * x2)),0.9999999999980141,-147.7613288426731,0.001858029249500624,True,True,0.06,20260923
T02,random_design,1,8,20,9,1.752016644042027e-11,gate1d_t02_01,M_base(x) * (1 + (p6 * x1 * x2)),0.9999999999994037,-156.12598247860186,0.001241846021428893,True,True,0.06,20260923
T02,model_information_gain,1,0,12,9,0.0022308206967183346,gate1d_t02_01,M_base(x) * (1 + (p6 * x1 * x2)),0.9997828113965124,-95.31524798165677,0.01131806916607906,True,True,0.06,20260923
T02,model_information_gain,1,1,13,9,6.781223645421853e-05,gate1d_t02_01,M_base(x) * (1 + (p6 * x1 * x2)),0.9999951867522978,-103.11999791657809,0.004927100300100035,True,True,0.06,20260923
T02,model_information_gain,1,2,14,9,5.9432085381149596e-08,gate1d_t02_01,M_base(x) * (1 + (p6 * x1 * x2)),0.9999999971287795,-111.35891683407404,0.011673887387475653,True,True,0.06,20260923
T02,model_information_gain,1,3,15,9,1.6517561598068308e-10,gate1d_t02_01,M_base(x) * (1 + (p6 * x1 * x2)),0.9999999999940802,-118.55368208398197,0.005151045161938141,True,True,0.06,20260923
T02,model_information_gain,1,4,16,9,1.1561482187990358e-11,gate1d_t02_01,M_base(x) * (1 + (p6 * x1 * x2)),0.9999999999996255,-125.7121554718723,0.00026186159799891493,True,True,0.06,20260923
T02,model_information_gain,1,5,17,9,1.755300144746545e-14,gate1d_t02_01,M_base(x) * (1 + (p6 * x1 * x2)),0.9999999999999996,-133.8765903987489,0.002336434158004235,True,True,0.06,20260923
T02,model_information_gain,1,6,18,9,7.604176657294363e-16,gate1d_t02_01,M_base(x) * (1 + (p6 * x1 * x2)),1.0,-142.84510888259388,0.002441674738278508,True,True,0.06,20260923
T02,model_information_gain,1,7,19,9,1.1368751258359479e-16,gate1d_t02_01,M_base(x) * (1 + (p6 * x1 * x2)),1.0,-151.33369622924883,0.0027169010986781714,True,True,0.06,20260923
T02,model_information_gain,1,8,20,9,1.3591070955924812e-17,gate1d_t02_01,M_base(x) * (1 + (p6 * x1 * x2)),1.0,-160.42504294811175,0.0026987501018609075,True,True,0.06,20260923
T02,parameter_information_gain,1,0,12,9,0.0022308206967183346,gate1d_t02_01,M_base(x) * (1 + (p6 * x1 * x2)),0.9997828113965124,-95.31524798165677,0.01131806916607906,True,True,0.06,20260923
T02,parameter_information_gain,1,1,13,9,0.0007445546713399286,gate1d_t02_01,M_base(x) * (1 + (p6 * x1 * x2)),0.9999322578537305,-104.05283012554199,0.004851630409241864,True,True,0.06,20260923
T02,parameter_information_gain,1,2,14,9,0.00040069004052420545,gate1d_t02_01,M_base(x) * (1 + (p6 * x1 * x2)),0.9999656069437133,-113.1756654994491,0.0054582055720932415,True,True,0.06,20260923
T02,parameter_information_gain,1,3,15,8,0.00017408861029441858,gate1d_t02_01,M_base(x) * (1 + (p6 * x1 * x2)),0.9999860094143552,-120.8908250402856,0.00760549927778223,True,True,0.06,20260923
T02,parameter_information_gain,1,4,16,8,0.0007508046180658541,gate1d_t02_01,M_base(x) * (1 + (p6 * x1 * x2)),0.999930323685705,-120.0193282528691,0.002949775281944659,True,True,0.06,20260923
T02,parameter_information_gain,1,5,17,8,0.0003437114037278318,gate1d_t02_01,M_base(x) * (1 + (p6 * x1 * x2)),0.9999702182654079,-127.9688556380921,0.0018349845936819975,True,True,0.06,20260923
T02,parameter_information_gain,1,6,18,8,4.843167753679642e-13,gate1d_t02_01,M_base(x) * (1 + (p6 * x1 * x2)),0.9999999999999858,-135.53920829891123,0.0007339903592471653,True,True,0.06,20260923
T02,parameter_information_gain,1,7,19,8,9.98825796612162e-14,gate1d_t02_01,M_base(x) * (1 + (p6 * x1 * x2)),0.9999999999999972,-143.823984553104,0.0002007346185481616,True,True,0.06,20260923
T02,parameter_information_gain,1,8,20,8,2.2394873328401763e-14,gate1d_t02_01,M_base(x) * (1 + (p6 * x1 * x2)),0.9999999999999994,-152.0253038014644,0.0003319394408377995,True,True,0.06,20260923
T02,joint_structure_parameter_information_gain,1,0,12,9,0.0022308206967183346,gate1d_t02_01,M_base(x) * (1 + (p6 * x1 * x2)),0.9997828113965124,-95.31524798165677,0.01131806916607906,True,True,0.06,20260923
T02,joint_structure_parameter_information_gain,1,1,13,9,0.0007445546713399286,gate1d_t02_01,M_base(x) * (1 + (p6 * x1 * x2)),0.9999322578537305,-104.05283012554199,0.004851630409241864,True,True,0.06,20260923
T02,joint_structure_parameter_information_gain,1,2,14,9,0.00040069004052420545,gate1d_t02_01,M_base(x) * (1 + (p6 * x1 * x2)),0.9999656069437133,-113.1756654994491,0.0054582055720932415,True,True,0.06,20260923
T02,joint_structure_parameter_information_gain,1,3,15,8,0.00017408861029441858,gate1d_t02_01,M_base(x) * (1 + (p6 * x1 * x2)),0.9999860094143552,-120.8908250402856,0.00760549927778223,True,True,0.06,20260923
T02,joint_structure_parameter_information_gain,1,4,16,8,0.0007508046180658541,gate1d_t02_01,M_base(x) * (1 + (p6 * x1 * x2)),0.999930323685705,-120.0193282528691,0.002949775281944659,True,True,0.06,20260923
T02,joint_structure_parameter_information_gain,1,5,17,8,0.0003437114037278318,gate1d_t02_01,M_base(x) * (1 + (p6 * x1 * x2)),0.9999702182654079,-127.9688556380921,0.0018349845936819975,True,True,0.06,20260923
T02,joint_structure_parameter_information_gain,1,6,18,8,4.843167753679642e-13,gate1d_t02_01,M_base(x) * (1 + (p6 * x1 * x2)),0.9999999999999858,-135.53920829891123,0.0007339903592471653,True,True,0.06,20260923
T02,joint_structure_parameter_information_gain,1,7,19,8,9.98825796612162e-14,gate1d_t02_01,M_base(x) * (1 + (p6 * x1 * x2)),0.9999999999999972,-143.823984553104,0.0002007346185481616,True,True,0.06,20260923
T02,joint_structure_parameter_information_gain,1,8,20,8,2.2394873328401763e-14,gate1d_t02_01,M_base(x) * (1 + (p6 * x1 * x2)),0.9999999999999994,-152.0253038014644,0.0003319394408377995,True,True,0.06,20260923
T03,space_filling_design,1,0,12,9,1.4985495755108382,gate1d_t03_01,M_base(x) + (coefficient_cubic_x2 * (x2 ^ 3)),0.30026029131792314,-87.85903446989032,0.001054407637936451,True,True,0.07500000000000001,20260923
T03,space_filling_design,1,1,13,9,0.6682568230114366,gate1d_t03_02,M_base(x) + ((sin(x2) + (-1 * x2)) * pysr_coefficient_1),0.6326067471990734,-95.86694982306717,0.04296924747912176,True,False,0.07500000000000001,20260923
T03,space_filling_design,1,2,14,9,0.39265330196682996,gate1d_t03_01,M_base(x) + (coefficient_cubic_x2 * (x2 ^ 3)),0.866678081547733,-100.17662490376479,0.018454461806845568,True,True,0.07500000000000001,20260923
T03,space_filling_design,1,3,15,9,0.37581672149922934,gate1d_t03_01,M_base(x) + (coefficient_cubic_x2 * (x2 ^ 3)),0.8754894309419867,-108.36626999158148,0.016887921082096722,True,True,0.07500000000000001,20260923
T03,space_filling_design,1,4,16,9,0.3024362721334555,gate1d_t03_01,M_base(x) + (coefficient_cubic_x2 * (x2 ^ 3)),0.910043891404665,-116.70142678950474,0.016526489427058953,True,True,0.07500000000000001,20260923
T03,space_filling_design,1,5,17,9,0.2869832888574695,gate1d_t03_01,M_base(x) + (coefficient_cubic_x2 * (x2 ^ 3)),0.9166052263476844,-124.84490633420563,0.016502504551880452,True,True,0.07500000000000001,20260923
T03,space_filling_design,1,6,18,9,0.3271932500207854,gate1d_t03_01,M_base(x) + (coefficient_cubic_x2 * (x2 ^ 3)),0.8990372354733474,-131.90307098424572,0.01630757499895404,True,True,0.07500000000000001,20260923
T03,space_filling_design,1,7,19,9,0.3538401757239941,gate1d_t03_01,M_base(x) + (coefficient_cubic_x2 * (x2 ^ 3)),0.8864663136729501,-137.23942095926319,0.0104622266975124,True,True,0.07500000000000001,20260923
T03,space_filling_design,1,8,20,9,0.23157898861057533,gate1d_t03_01,M_base(x) + (coefficient_cubic_x2 * (x2 ^ 3)),0.9383149698751797,-143.41100333597234,0.0058051117030784175,True,True,0.07500000000000001,20260923
T03,random_design,1,0,12,9,1.4985495755108382,gate1d_t03_01,M_base(x) + (coefficient_cubic_x2 * (x2 ^ 3)),0.30026029131792314,-87.85903446989032,0.001054407637936451,True,True,0.07500000000000001,20260923
T03,random_design,1,1,13,9,1.1755546649343527,gate1d_t03_01,M_base(x) + (coefficient_cubic_x2 * (x2 ^ 3)),0.37422502482400566,-96.15083097632488,0.010286055025002485,True,True,0.07500000000000001,20260923
T03,random_design,1,2,14,9,1.1535937589820888,gate1d_t03_01,M_base(x) + (coefficient_cubic_x2 * (x2 ^ 3)),0.37713872179132835,-104.3484847089849,0.01605716637190701,True,True,0.07500000000000001,20260923
T03,random_design,1,3,15,9,1.1387765993746983,gate1d_t03_02,M_base(x) + ((sin(x2) + (-1 * x2)) * pysr_coefficient_1),0.33322576659121605,-107.38577881906491,0.03794975367790147,True,False,0.07500000000000001,20260923
T03,random_design,1,4,16,9,1.1303712086048094,gate1d_t03_02,M_base(x) + ((sin(x2) + (-1 * x2)) * pysr_coefficient_1),0.33429573285303393,-115.61523134814608,0.037916902903946614,True,False,0.07500000000000001,20260923
T03,random_design,1,5,17,9,1.123823538831042,gate1d_t03_01,M_base(x) + (coefficient_cubic_x2 * (x2 ^ 3)),0.3367051575428437,-123.89908754473139,0.0004865499138946844,True,True,0.07500000000000001,20260923
T03,random_design,1,6,18,9,1.0065726888362967,gate1d_t03_02,M_base(x) + ((sin(x2) + (-1 * x2)) * pysr_coefficient_1),0.5042797885262018,-132.31312516917595,0.03901594851174946,True,False,0.07500000000000001,20260923
T03,random_design,1,7,19,9,0.5946178922225829,gate1d_t03_01,M_base(x) + (coefficient_cubic_x2 * (x2 ^ 3)),0.72647841154783,-138.36701882576736,0.00031770651000542863,True,True,0.07500000000000001,20260923
T03,random_design,1,8,20,9,0.5979066222782681,gate1d_t03_01,M_base(x) + (coefficient_cubic_x2 * (x2 ^ 3)),0.716942929948868,-146.54061592377568,0.0031848024284605436,True,True,0.07500000000000001,20260923
T03,model_information_gain,1,0,12,9,1.4985495755108382,gate1d_t03_01,M_base(x) + (coefficient_cubic_x2 * (x2 ^ 3)),0.30026029131792314,-87.85903446989032,0.001054407637936451,True,True,0.07500000000000001,20260923
T03,model_information_gain,1,1,13,9,0.3118307666968383,gate1d_t03_01,M_base(x) + (coefficient_cubic_x2 * (x2 ^ 3)),0.9059405027780474,-96.33689336710827,0.0019441038251473994,True,True,0.07500000000000001,20260923
T03,model_information_gain,1,2,14,9,0.2198889322219109,gate1d_t03_01,M_base(x) + (coefficient_cubic_x2 * (x2 ^ 3)),0.9425513413442137,-104.85118946269395,0.002692350888535956,True,True,0.07500000000000001,20260923
T03,model_information_gain,1,3,15,9,0.23507255244802305,gate1d_t03_01,M_base(x) + (coefficient_cubic_x2 * (x2 ^ 3)),0.9370263002876645,-112.81156836628365,0.004851569283118235,True,True,0.07500000000000001,20260923
T03,model_information_gain,1,4,16,9,0.14682041684535038,gate1d_t03_01,M_base(x) + (coefficient_cubic_x2 * (x2 ^ 3)),0.9664658243330884,-121.47538695457597,0.00524375888401643,True,True,0.07500000000000001,20260923
T03,model_information_gain,1,5,17,9,0.17155632044393251,gate1d_t03_01,M_base(x) + (coefficient_cubic_x2 * (x2 ^ 3)),0.958858106760224,-129.2620368594272,0.006672995114687947,True,True,0.07500000000000001,20260923
T03,model_information_gain,1,6,18,9,0.0689761497235873,gate1d_t03_01,M_base(x) + (coefficient_cubic_x2 * (x2 ^ 3)),0.9870912607119688,-137.6326638679914,0.005863035337973295,True,True,0.07500000000000001,20260923
T03,model_information_gain,1,7,19,9,0.04638015504222175,gate1d_t03_01,M_base(x) + (coefficient_cubic_x2 * (x2 ^ 3)),0.9920444257457421,-146.33266951236382,0.006209792606851749,True,True,0.07500000000000001,20260923
T03,model_information_gain,1,8,20,9,0.06592494297718968,gate1d_t03_01,M_base(x) + (coefficient_cubic_x2 * (x2 ^ 3)),0.987790310616544,-153.78320788437443,0.002905695143091241,True,True,0.07500000000000001,20260923
T03,parameter_information_gain,1,0,12,9,1.4985495755108382,gate1d_t03_01,M_base(x) + (coefficient_cubic_x2 * (x2 ^ 3)),0.30026029131792314,-87.85903446989032,0.001054407637936451,True,True,0.07500000000000001,20260923
T03,parameter_information_gain,1,1,13,9,0.3118307666968383,gate1d_t03_01,M_base(x) + (coefficient_cubic_x2 * (x2 ^ 3)),0.9059405027780474,-96.33689336710827,0.0019441038251473994,True,True,0.07500000000000001,20260923
T03,parameter_information_gain,1,2,14,9,0.24999222698140755,gate1d_t03_01,M_base(x) + (coefficient_cubic_x2 * (x2 ^ 3)),0.9314039132565344,-104.83184840141467,0.003727947728551006,True,True,0.07500000000000001,20260923
T03,parameter_information_gain,1,3,15,9,0.26135635732234147,gate1d_t03_01,M_base(x) + (coefficient_cubic_x2 * (x2 ^ 3)),0.9269899375846576,-112.76346553834199,0.0004955037785562765,True,True,0.07500000000000001,20260923
T03,parameter_information_gain,1,4,16,9,0.24804571766881017,gate1d_t03_01,M_base(x) + (coefficient_cubic_x2 * (x2 ^ 3)),0.9321484744095417,-121.17566695248934,0.0008684370455652185,True,True,0.07500000000000001,20260923
T03,parameter_information_gain,1,5,17,9,0.2845469046640522,gate1d_t03_01,M_base(x) + (coefficient_cubic_x2 * (x2 ^ 3)),0.9176188032673225,-127.43620293105488,0.004182295443055679,True,True,0.07500000000000001,20260923
T03,parameter_information_gain,1,6,18,9,0.31186962660337975,gate1d_t03_01,M_base(x) + (coefficient_cubic_x2 * (x2 ^ 3)),0.9059233351658728,-134.0816775614619,0.0016609736059223482,True,True,0.07500000000000001,20260923
T03,parameter_information_gain,1,7,19,9,0.3136158587081387,gate1d_t03_01,M_base(x) + (coefficient_cubic_x2 * (x2 ^ 3)),0.9051507766182351,-142.01045221167297,0.0004242747876959129,True,True,0.07500000000000001,20260923
T03,parameter_information_gain,1,8,20,9,0.3400538904004449,gate1d_t03_01,M_base(x) + (coefficient_cubic_x2 * (x2 ^ 3)),0.8930673323067871,-149.668607925622,0.0008428079203803059,True,True,0.07500000000000001,20260923
T03,joint_structure_parameter_information_gain,1,0,12,9,1.4985495755108382,gate1d_t03_01,M_base(x) + (coefficient_cubic_x2 * (x2 ^ 3)),0.30026029131792314,-87.85903446989032,0.001054407637936451,True,True,0.07500000000000001,20260923
T03,joint_structure_parameter_information_gain,1,1,13,9,0.3118307666968383,gate1d_t03_01,M_base(x) + (coefficient_cubic_x2 * (x2 ^ 3)),0.9059405027780474,-96.33689336710827,0.0019441038251473994,True,True,0.07500000000000001,20260923
T03,joint_structure_parameter_information_gain,1,2,14,9,0.24999222698140755,gate1d_t03_01,M_base(x) + (coefficient_cubic_x2 * (x2 ^ 3)),0.9314039132565344,-104.83184840141467,0.003727947728551006,True,True,0.07500000000000001,20260923
T03,joint_structure_parameter_information_gain,1,3,15,9,0.26135635732234147,gate1d_t03_01,M_base(x) + (coefficient_cubic_x2 * (x2 ^ 3)),0.9269899375846576,-112.76346553834199,0.0004955037785562765,True,True,0.07500000000000001,20260923
T03,joint_structure_parameter_information_gain,1,4,16,9,0.24804571766881017,gate1d_t03_01,M_base(x) + (coefficient_cubic_x2 * (x2 ^ 3)),0.9321484744095417,-121.17566695248934,0.0008684370455652185,True,True,0.07500000000000001,20260923
T03,joint_structure_parameter_information_gain,1,5,17,9,0.2845469046640522,gate1d_t03_01,M_base(x) + (coefficient_cubic_x2 * (x2 ^ 3)),0.9176188032673225,-127.43620293105488,0.004182295443055679,True,True,0.07500000000000001,20260923
T03,joint_structure_parameter_information_gain,1,6,18,9,0.16138836624370292,gate1d_t03_01,M_base(x) + (coefficient_cubic_x2 * (x2 ^ 3)),0.9620454006438666,-136.05560501002768,0.004052645884969047,True,True,0.07500000000000001,20260923
T03,joint_structure_parameter_information_gain,1,7,19,9,0.16488821616780777,gate1d_t03_01,M_base(x) + (coefficient_cubic_x2 * (x2 ^ 3)),0.9609577856596664,-142.66434150571394,0.0016703761790806812,True,True,0.07500000000000001,20260923
T03,joint_structure_parameter_information_gain,1,8,20,9,0.15579583499368396,gate1d_t03_01,M_base(x) + (coefficient_cubic_x2 * (x2 ^ 3)),0.9637627260676597,-150.60858505702578,0.00048417160827055327,True,True,0.07500000000000001,20260923
T04,space_filling_design,1,0,12,9,1.2132604872215735,gate1b_t04_05,M_base(x) + (p6 * tanh((x1 * x2))),0.5486710753372588,-88.65387651253968,0.09866609257574536,False,False,0.07500000000000001,20260923
T04,space_filling_design,1,1,13,9,0.778057940914027,gate1b_t04_05,M_base(x) + (p6 * tanh((x1 * x2))),0.5205560409172175,-95.19753782478989,0.09783248049901158,False,False,0.07500000000000001,20260923
T04,space_filling_design,1,2,14,9,0.7034320588920449,gate1b_t04_05,M_base(x) + (p6 * tanh((x1 * x2))),0.6805712297280352,-103.44803041536652,0.09799470271292603,False,False,0.07500000000000001,20260923
T04,space_filling_design,1,3,15,9,0.7531473325929121,gate1b_t04_05,M_base(x) + (p6 * tanh((x1 * x2))),0.6099805298424514,-111.16703118315256,0.09776656230067743,False,False,0.07500000000000001,20260923
T04,space_filling_design,1,4,16,9,0.0004645478237177567,gate1b_t04_02,M_base(x) + (p0 * sin(x1) * x2),0.9999627319772932,-112.46258090055255,0.010292106095840088,True,True,0.07500000000000001,20260923
T04,space_filling_design,1,5,17,9,0.0001559890786212618,gate1b_t04_02,M_base(x) + (p0 * sin(x1) * x2),0.9999880333990215,-119.48014402235798,0.00551791585807298,True,True,0.07500000000000001,20260923
T04,space_filling_design,1,6,18,9,7.945039406616149e-05,gate1b_t04_02,M_base(x) + (p0 * sin(x1) * x2),0.9999941887220133,-127.30972888563525,0.007011105146208964,True,True,0.07500000000000001,20260923
T04,space_filling_design,1,7,19,9,2.553145463573423e-05,gate1b_t04_02,M_base(x) + (p0 * sin(x1) * x2),0.9999982841709912,-135.121320917418,0.00566643246663155,True,True,0.07500000000000001,20260923
T04,space_filling_design,1,8,20,9,1.469597082277676e-05,gate1b_t04_02,M_base(x) + (p0 * sin(x1) * x2),0.9999990455961476,-143.13363670017367,0.0050921512021364825,True,True,0.07500000000000001,20260923
T04,random_design,1,0,12,9,1.2132604872215735,gate1b_t04_05,M_base(x) + (p6 * tanh((x1 * x2))),0.5486710753372588,-88.65387651253968,0.09866609257574536,False,False,0.07500000000000001,20260923
T04,random_design,1,1,13,9,1.7930067221146826,gate1b_t04_01,M_base(x) + (p7 * tanh(x1) * x2),0.24130359691026634,-90.27084619995894,0.07078057973179112,True,False,0.07500000000000001,20260923
T04,random_design,1,2,14,9,0.9149245715608552,gate1b_t04_02,M_base(x) + (p0 * sin(x1) * x2),0.5917089878425676,-98.19312089265446,0.019265600237538517,True,True,0.07500000000000001,20260923
T04,random_design,1,3,15,9,0.3845820615658944,gate1b_t04_02,M_base(x) + (p0 * sin(x1) * x2),0.9135471311780222,-106.16208658853256,0.020306356249780333,True,True,0.07500000000000001,20260923
T04,random_design,1,4,16,9,0.4523512716763667,gate1b_t04_02,M_base(x) + (p0 * sin(x1) * x2),0.8914158279205862,-113.21080914889761,0.02214397651063654,True,True,0.07500000000000001,20260923
T04,random_design,1,5,17,9,0.5805883842406363,gate1b_t04_02,M_base(x) + (p0 * sin(x1) * x2),0.840800100338953,-119.59018246723267,0.026373549849956355,True,True,0.07500000000000001,20260923
T04,random_design,1,6,18,9,0.3683590326340776,gate1b_t04_02,M_base(x) + (p0 * sin(x1) * x2),0.9190676653830491,-125.64816551023637,0.025276369009241177,True,True,0.07500000000000001,20260923
T04,random_design,1,7,19,9,0.3027144298173141,gate1b_t04_02,M_base(x) + (p0 * sin(x1) * x2),0.9370705033011199,-133.7171270590493,0.025456885670441874,True,True,0.07500000000000001,20260923
T04,random_design,1,8,20,9,0.24161120380085915,gate1b_t04_02,M_base(x) + (p0 * sin(x1) * x2),0.9523871602660161,-139.75899081187316,0.026829689647930737,True,True,0.07500000000000001,20260923
T04,model_information_gain,1,0,12,9,1.2132604872215735,gate1b_t04_05,M_base(x) + (p6 * tanh((x1 * x2))),0.5486710753372588,-88.65387651253968,0.09866609257574536,False,False,0.07500000000000001,20260923
T04,model_information_gain,1,1,13,9,0.9622785007554078,gate1b_t04_02,M_base(x) + (p0 * sin(x1) * x2),0.6013104106937186,-90.32235203337446,0.021544141304675562,True,True,0.07500000000000001,20260923
T04,model_information_gain,1,2,14,9,0.014440945963331215,gate1b_t04_02,M_base(x) + (p0 * sin(x1) * x2),0.9982629583644738,-98.23458429949476,0.02037775361277499,True,True,0.07500000000000001,20260923
T04,model_information_gain,1,3,15,9,0.00020467176051331548,gate1b_t04_02,M_base(x) + (p0 * sin(x1) * x2),0.9999843465441239,-104.66823311983757,0.015139130716242276,True,True,0.07500000000000001,20260923
T04,model_information_gain,1,4,16,9,2.6789004458878105e-05,gate1b_t04_02,M_base(x) + (p0 * sin(x1) * x2),0.9999982278795281,-112.64895216526402,0.01333425392836204,True,True,0.07500000000000001,20260923
T04,model_information_gain,1,5,17,9,2.650686924523017e-06,gate1b_t04_02,M_base(x) + (p0 * sin(x1) * x2),0.9999998488904882,-120.80282892147865,0.012933729013255168,True,True,0.07500000000000001,20260923
T04,model_information_gain,1,6,18,9,6.207134116576127e-07,gate1b_t04_02,M_base(x) + (p0 * sin(x1) * x2),0.9999999677589293,-129.04299968636002,0.012857497908010745,True,True,0.07500000000000001,20260923
T04,model_information_gain,1,7,19,9,3.3707071401784183e-07,gate1b_t04_02,M_base(x) + (p0 * sin(x1) * x2),0.9999999830218026,-135.5567194582492,0.008938569506005778,True,True,0.07500000000000001,20260923
T04,model_information_gain,1,8,20,9,3.620921445809953e-08,gate1b_t04_02,M_base(x) + (p0 * sin(x1) * x2),0.9999999983658706,-143.28419317201605,0.007829547073661819,True,True,0.07500000000000001,20260923
T04,parameter_information_gain,1,0,12,9,1.2132604872215735,gate1b_t04_05,M_base(x) + (p6 * tanh((x1 * x2))),0.5486710753372588,-88.65387651253968,0.09866609257574536,False,False,0.07500000000000001,20260923
T04,parameter_information_gain,1,1,13,9,0.778057940914027,gate1b_t04_05,M_base(x) + (p6 * tanh((x1 * x2))),0.5205560409172175,-95.19753782478989,0.09783248049901158,False,False,0.07500000000000001,20260923
T04,parameter_information_gain,1,2,14,9,0.7034320588920449,gate1b_t04_05,M_base(x) + (p6 * tanh((x1 * x2))),0.6805712297280352,-103.44803041536652,0.09799470271292603,False,False,0.07500000000000001,20260923
T04,parameter_information_gain,1,3,15,9,0.0018026098289650031,gate1b_t04_02,M_base(x) + (p0 * sin(x1) * x2),0.9998290670951029,-104.34630042757368,0.013340663305936412,True,True,0.07500000000000001,20260923
T04,parameter_information_gain,1,4,16,9,2.55323707356554e-05,gate1b_t04_02,M_base(x) + (p0 * sin(x1) * x2),0.9999983803674547,-112.37455636779616,0.012149028081524562,True,True,0.07500000000000001,20260923
T04,parameter_information_gain,1,5,17,9,2.292271089948492e-05,gate1b_t04_02,M_base(x) + (p0 * sin(x1) * x2),0.999998531664836,-117.89294854891452,0.006748575370748947,True,True,0.07500000000000001,20260923
T04,parameter_information_gain,1,6,18,9,9.731412203477655e-06,gate1b_t04_02,M_base(x) + (p0 * sin(x1) * x2),0.9999994058752617,-125.22257123618868,0.00437810319087233,True,True,0.07500000000000001,20260923
T04,parameter_information_gain,1,7,19,9,3.2706898184907264e-06,gate1b_t04_02,M_base(x) + (p0 * sin(x1) * x2),0.9999998128245456,-133.2478406272336,0.0038074659036654635,True,True,0.07500000000000001,20260923
T04,parameter_information_gain,1,8,20,9,8.810027281513408e-07,gate1b_t04_02,M_base(x) + (p0 * sin(x1) * x2),0.9999999530185532,-141.09205463659663,0.004838040880293614,True,True,0.07500000000000001,20260923
T04,joint_structure_parameter_information_gain,1,0,12,9,1.2132604872215735,gate1b_t04_05,M_base(x) + (p6 * tanh((x1 * x2))),0.5486710753372588,-88.65387651253968,0.09866609257574536,False,False,0.07500000000000001,20260923
T04,joint_structure_parameter_information_gain,1,1,13,9,0.9622785007554078,gate1b_t04_02,M_base(x) + (p0 * sin(x1) * x2),0.6013104106937186,-90.32235203337446,0.021544141304675562,True,True,0.07500000000000001,20260923
T04,joint_structure_parameter_information_gain,1,2,14,9,0.0028006043534277067,gate1b_t04_02,M_base(x) + (p0 * sin(x1) * x2),0.999731381701799,-96.46988947823468,0.016335490117618152,True,True,0.07500000000000001,20260923
T04,joint_structure_parameter_information_gain,1,3,15,9,0.0006639805983706597,gate1b_t04_02,M_base(x) + (p0 * sin(x1) * x2),0.9999434631433846,-104.33142703690226,0.014013893171737853,True,True,0.07500000000000001,20260923
T04,joint_structure_parameter_information_gain,1,4,16,9,0.0012354925236774063,gate1b_t04_02,M_base(x) + (p0 * sin(x1) * x2),0.9998877411661325,-109.69812419146702,0.007415953555488903,True,True,0.07500000000000001,20260923
T04,joint_structure_parameter_information_gain,1,5,17,9,0.0009467153888536851,gate1b_t04_02,M_base(x) + (p0 * sin(x1) * x2),0.9999160900012571,-116.95535278443168,0.004646840056179267,True,True,0.07500000000000001,20260923
T04,joint_structure_parameter_information_gain,1,6,18,9,0.0005386912842372515,gate1b_t04_02,M_base(x) + (p0 * sin(x1) * x2),0.999954698696826,-124.90544428268409,0.003979851693571031,True,True,0.07500000000000001,20260923
T04,joint_structure_parameter_information_gain,1,7,19,9,0.00022235328873184508,gate1b_t04_02,M_base(x) + (p0 * sin(x1) * x2),0.999982656133267,-132.7126897655535,0.005077513797264034,True,True,0.07500000000000001,20260923
T04,joint_structure_parameter_information_gain,1,8,20,9,0.00022416932622909303,gate1b_t04_02,M_base(x) + (p0 * sin(x1) * x2),0.9999824754933483,-139.58735621717133,0.003006647878268184,True,True,0.07500000000000001,20260923
T05,space_filling_design,1,0,12,9,1.3866282493940663,gate1d_t05_04,M_base(x) + (sin(exp(((pysr_coefficient_1 + (-1 * x1)) * pysr_coefficient_2))) + (-1 * pysr_coefficient_3)),0.40696709109132656,-97.05280251924164,0.1689306249097774,False,False,0.045,20260923
T05,space_filling_design,1,1,13,9,1.3978627135375499,gate1d_t05_03,M_base(x) + sin(exp(((pysr_coefficient_1 + (-1 * x1)) * pysr_coefficient_2))),0.3552199239686395,-104.96328908158785,0.002928399748270695,True,False,0.045,20260923
T05,space_filling_design,1,2,14,9,1.5075134234223375,gate1d_t05_04,M_base(x) + (sin(exp(((pysr_coefficient_1 + (-1 * x1)) * pysr_coefficient_2))) + (-1 * pysr_coefficient_3)),0.2873241100702233,-109.47411221546658,0.010250277833154848,True,False,0.045,20260923
T05,space_filling_design,1,3,15,9,1.466735826678738,gate1d_t05_04,M_base(x) + (sin(exp(((pysr_coefficient_1 + (-1 * x1)) * pysr_coefficient_2))) + (-1 * pysr_coefficient_3)),0.36019834651632454,-118.63629806597409,0.009547730235547855,True,False,0.045,20260923
T05,space_filling_design,1,4,16,9,1.4419332896048977,gate1d_t05_04,M_base(x) + (sin(exp(((pysr_coefficient_1 + (-1 * x1)) * pysr_coefficient_2))) + (-1 * pysr_coefficient_3)),0.43440874499855486,-126.29574043062559,0.010175368918615793,True,False,0.045,20260923
T05,space_filling_design,1,5,17,9,1.433537752030095,gate1d_t05_04,M_base(x) + (sin(exp(((pysr_coefficient_1 + (-1 * x1)) * pysr_coefficient_2))) + (-1 * pysr_coefficient_3)),0.4380739033899599,-135.30524539155033,0.009675840494380758,True,False,0.045,20260923
T05,space_filling_design,1,6,18,9,1.234977488068912,gate1d_t05_04,M_base(x) + (sin(exp(((pysr_coefficient_1 + (-1 * x1)) * pysr_coefficient_2))) + (-1 * pysr_coefficient_3)),0.5812281657815452,-144.54201655618996,0.010174915274397242,True,False,0.045,20260923
T05,space_filling_design,1,7,19,9,1.2790722827050571,gate1d_t05_04,M_base(x) + (sin(exp(((pysr_coefficient_1 + (-1 * x1)) * pysr_coefficient_2))) + (-1 * pysr_coefficient_3)),0.5505239720549521,-153.33532840970815,0.009092853294093255,True,False,0.045,20260923
T05,space_filling_design,1,8,20,9,1.1782507558241182,gate1d_t05_04,M_base(x) + (sin(exp(((pysr_coefficient_1 + (-1 * x1)) * pysr_coefficient_2))) + (-1 * pysr_coefficient_3)),0.587522010135727,-162.41956483491404,0.008982953151368342,True,False,0.045,20260923
T05,random_design,1,0,12,9,1.3866282493940663,gate1d_t05_04,M_base(x) + (sin(exp(((pysr_coefficient_1 + (-1 * x1)) * pysr_coefficient_2))) + (-1 * pysr_coefficient_3)),0.40696709109132656,-97.05280251924164,0.1689306249097774,False,False,0.045,20260923
T05,random_design,1,1,13,9,1.427180388974558,gate1d_t05_03,M_base(x) + sin(exp(((pysr_coefficient_1 + (-1 * x1)) * pysr_coefficient_2))),0.35076708719905697,-104.41164695863058,0.0027498578913411438,True,False,0.045,20260923
T05,random_design,1,2,14,9,1.3725280833281308,gate1d_t05_03,M_base(x) + sin(exp(((pysr_coefficient_1 + (-1 * x1)) * pysr_coefficient_2))),0.3624391536467555,-113.25517618281688,0.0022685271542371177,True,False,0.045,20260923
T05,random_design,1,3,15,9,1.338883770797456,gate1d_t05_03,M_base(x) + sin(exp(((pysr_coefficient_1 + (-1 * x1)) * pysr_coefficient_2))),0.3597945737817813,-122.07821652117879,0.002540637179152814,True,False,0.045,20260923
T05,random_design,1,4,16,9,1.3270268580905322,gate1d_t05_03,M_base(x) + sin(exp(((pysr_coefficient_1 + (-1 * x1)) * pysr_coefficient_2))),0.34719231733015055,-130.97062457031294,0.0029468209480327323,True,False,0.045,20260923
T05,random_design,1,5,17,9,1.3453917639197057,gate1d_t05_03,M_base(x) + sin(exp(((pysr_coefficient_1 + (-1 * x1)) * pysr_coefficient_2))),0.3664440323194969,-139.05279616087074,0.0025723047751346874,True,False,0.045,20260923
T05,random_design,1,6,18,9,1.4100964830282399,gate1d_t05_03,M_base(x) + sin(exp(((pysr_coefficient_1 + (-1 * x1)) * pysr_coefficient_2))),0.37743600447179954,-141.30092271074335,0.0017924615747135434,True,False,0.045,20260923
T05,random_design,1,7,19,9,1.3574559054803625,gate1d_t05_03,M_base(x) + sin(exp(((pysr_coefficient_1 + (-1 * x1)) * pysr_coefficient_2))),0.3863922936493378,-150.26351840102154,0.001930560135771314,True,False,0.045,20260923
T05,random_design,1,8,20,9,1.342941779856246,gate1d_t05_03,M_base(x) + sin(exp(((pysr_coefficient_1 + (-1 * x1)) * pysr_coefficient_2))),0.40024719795277197,-159.32435458793097,0.001790107859185124,True,False,0.045,20260923
T05,model_information_gain,1,0,12,9,1.3866282493940663,gate1d_t05_04,M_base(x) + (sin(exp(((pysr_coefficient_1 + (-1 * x1)) * pysr_coefficient_2))) + (-1 * pysr_coefficient_3)),0.40696709109132656,-97.05280251924164,0.1689306249097774,False,False,0.045,20260923
T05,model_information_gain,1,1,13,9,1.402527216680522,gate1d_t05_03,M_base(x) + sin(exp(((pysr_coefficient_1 + (-1 * x1)) * pysr_coefficient_2))),0.3551378774538121,-104.88417541201828,0.0028913528907190886,True,False,0.045,20260923
T05,model_information_gain,1,2,14,9,1.3496063899927124,gate1d_t05_03,M_base(x) + sin(exp(((pysr_coefficient_1 + (-1 * x1)) * pysr_coefficient_2))),0.358640105264722,-114.08312270089,0.0026971097382607516,True,False,0.045,20260923
T05,model_information_gain,1,3,15,9,1.4499844668936028,gate1d_t05_03,M_base(x) + sin(exp(((pysr_coefficient_1 + (-1 * x1)) * pysr_coefficient_2))),0.3003849651086561,-118.41816611475868,0.001994384291036586,True,False,0.045,20260923
T05,model_information_gain,1,4,16,9,1.4364260082280558,gate1d_t05_03,M_base(x) + sin(exp(((pysr_coefficient_1 + (-1 * x1)) * pysr_coefficient_2))),0.3097521006477185,-127.41285469700516,0.0019018788410607864,True,False,0.045,20260923
T05,model_information_gain,1,5,17,9,1.4142407014426086,gate1d_t05_03,M_base(x) + sin(exp(((pysr_coefficient_1 + (-1 * x1)) * pysr_coefficient_2))),0.36240309480661304,-135.87644500001812,0.002110809912649225,True,False,0.045,20260923
T05,model_information_gain,1,6,18,9,1.364197823523366,gate1d_t05_03,M_base(x) + sin(exp(((pysr_coefficient_1 + (-1 * x1)) * pysr_coefficient_2))),0.37012405781605634,-144.9892380707271,0.0018600601499913364,True,False,0.045,20260923
T05,model_information_gain,1,7,19,9,1.380918856451011,gate1d_t05_03,M_base(x) + sin(exp(((pysr_coefficient_1 + (-1 * x1)) * pysr_coefficient_2))),0.36729448931725617,-153.45610195309752,0.0016874778605157341,True,False,0.045,20260923
T05,model_information_gain,1,8,20,9,1.3713238055963646,gate1d_t05_03,M_base(x) + sin(exp(((pysr_coefficient_1 + (-1 * x1)) * pysr_coefficient_2))),0.3766401292236656,-162.72366270376028,0.001659415905576365,True,False,0.045,20260923
T05,parameter_information_gain,1,0,12,9,1.3866282493940663,gate1d_t05_04,M_base(x) + (sin(exp(((pysr_coefficient_1 + (-1 * x1)) * pysr_coefficient_2))) + (-1 * pysr_coefficient_3)),0.40696709109132656,-97.05280251924164,0.1689306249097774,False,False,0.045,20260923
T05,parameter_information_gain,1,1,13,9,1.503476585426386,gate1d_t05_04,M_base(x) + (sin(exp(((pysr_coefficient_1 + (-1 * x1)) * pysr_coefficient_2))) + (-1 * pysr_coefficient_3)),0.31865732509203487,-100.94349946847665,0.013934580415626103,True,False,0.045,20260923
T05,parameter_information_gain,1,2,14,9,1.4447972683225034,gate1d_t05_04,M_base(x) + (sin(exp(((pysr_coefficient_1 + (-1 * x1)) * pysr_coefficient_2))) + (-1 * pysr_coefficient_3)),0.32147730781090983,-109.77356217766616,0.013632034321624692,True,False,0.045,20260923
T05,parameter_information_gain,1,3,15,9,1.4183262319342846,gate1d_t05_04,M_base(x) + (sin(exp(((pysr_coefficient_1 + (-1 * x1)) * pysr_coefficient_2))) + (-1 * pysr_coefficient_3)),0.3550650372770591,-118.81982545981879,0.013769403548657239,True,False,0.045,20260923
T05,parameter_information_gain,1,4,16,9,1.4239833434376667,gate1d_t05_04,M_base(x) + (sin(exp(((pysr_coefficient_1 + (-1 * x1)) * pysr_coefficient_2))) + (-1 * pysr_coefficient_3)),0.3248730487349265,-127.43557530064564,0.00998986781893227,True,False,0.045,20260923
T05,parameter_information_gain,1,5,17,9,1.4049523701891125,gate1d_t05_04,M_base(x) + (sin(exp(((pysr_coefficient_1 + (-1 * x1)) * pysr_coefficient_2))) + (-1 * pysr_coefficient_3)),0.34377290137506095,-136.6928043177074,0.009991235867685197,True,False,0.045,20260923
T05,parameter_information_gain,1,6,18,9,1.396330095775144,gate1d_t05_04,M_base(x) + (sin(exp(((pysr_coefficient_1 + (-1 * x1)) * pysr_coefficient_2))) + (-1 * pysr_coefficient_3)),0.3556364799129261,-145.71484936309932,0.009988385998528184,True,False,0.045,20260923
T05,parameter_information_gain,1,7,19,9,1.3987024003170105,gate1d_t05_03,M_base(x) + sin(exp(((pysr_coefficient_1 + (-1 * x1)) * pysr_coefficient_2))),0.36464454697562315,-153.8307470048084,0.002724397958940724,True,False,0.045,20260923
T05,parameter_information_gain,1,8,20,9,1.391322181498787,gate1d_t05_03,M_base(x) + sin(exp(((pysr_coefficient_1 + (-1 * x1)) * pysr_coefficient_2))),0.37066750247999697,-162.8027558755425,0.0031174755652594965,True,False,0.045,20260923
T05,joint_structure_parameter_information_gain,1,0,12,9,1.3866282493940663,gate1d_t05_04,M_base(x) + (sin(exp(((pysr_coefficient_1 + (-1 * x1)) * pysr_coefficient_2))) + (-1 * pysr_coefficient_3)),0.40696709109132656,-97.05280251924164,0.1689306249097774,False,False,0.045,20260923
T05,joint_structure_parameter_information_gain,1,1,13,9,1.503476585426386,gate1d_t05_04,M_base(x) + (sin(exp(((pysr_coefficient_1 + (-1 * x1)) * pysr_coefficient_2))) + (-1 * pysr_coefficient_3)),0.31865732509203487,-100.94349946847665,0.013934580415626103,True,False,0.045,20260923
T05,joint_structure_parameter_information_gain,1,2,14,9,1.5072197531722058,gate1d_t05_04,M_base(x) + (sin(exp(((pysr_coefficient_1 + (-1 * x1)) * pysr_coefficient_2))) + (-1 * pysr_coefficient_3)),0.2922575487439189,-109.46880119767411,0.010063768818421678,True,False,0.045,20260923
T05,joint_structure_parameter_information_gain,1,3,15,9,1.4440359613654752,gate1d_t05_03,M_base(x) + sin(exp(((pysr_coefficient_1 + (-1 * x1)) * pysr_coefficient_2))),0.2984811219898954,-118.3990683514234,0.0018739266472233428,True,False,0.045,20260923
T05,joint_structure_parameter_information_gain,1,4,16,9,1.4155785182994103,gate1d_t05_03,M_base(x) + sin(exp(((pysr_coefficient_1 + (-1 * x1)) * pysr_coefficient_2))),0.35480239438172706,-126.85309100823345,0.0021409588182436452,True,False,0.045,20260923
T05,joint_structure_parameter_information_gain,1,5,17,9,1.4101692572083924,gate1d_t05_03,M_base(x) + sin(exp(((pysr_coefficient_1 + (-1 * x1)) * pysr_coefficient_2))),0.3616529037409624,-135.73586289574254,0.0024176984810185182,True,False,0.045,20260923
T05,joint_structure_parameter_information_gain,1,6,18,9,1.3591575288293976,gate1d_t05_03,M_base(x) + sin(exp(((pysr_coefficient_1 + (-1 * x1)) * pysr_coefficient_2))),0.3687956033486957,-144.86914066290336,0.0022754021483357913,True,False,0.045,20260923
T05,joint_structure_parameter_information_gain,1,7,19,9,1.3534031735653322,gate1d_t05_03,M_base(x) + sin(exp(((pysr_coefficient_1 + (-1 * x1)) * pysr_coefficient_2))),0.3717903135893693,-154.07854447714615,0.002392863465379369,True,False,0.045,20260923
T05,joint_structure_parameter_information_gain,1,8,20,9,1.3521822388823683,gate1d_t05_03,M_base(x) + sin(exp(((pysr_coefficient_1 + (-1 * x1)) * pysr_coefficient_2))),0.37140568131927526,-163.07741704255102,0.002609200153121023,True,False,0.045,20260923
T06,space_filling_design,1,0,12,9,0.7140717810163492,gate1b_t06_01,M_base(x) + (tanh((p0 + (p1 * x2))) * p2),0.4982437895733852,-102.92258341582091,0.00251407222292282,True,False,0.045,20260923
T06,space_filling_design,1,1,13,9,0.6931582190098092,gate1b_t06_01,M_base(x) + (tanh((p0 + (p1 * x2))) * p2),0.49999962955106303,-111.96336147182667,0.0030138345083273368,True,False,0.045,20260923
T06,space_filling_design,1,2,14,9,0.6931516120677471,gate1b_t06_01,M_base(x) + (tanh((p0 + (p1 * x2))) * p2),0.49999985975142747,-121.762245579206,0.003856972561480042,True,False,0.045,20260923
T06,space_filling_design,1,3,15,9,0.6931483285847723,gate1b_t06_02,M_base(x) + (a * tanh((b * (x2 - c)))),0.4999999667278291,-130.47477367028196,0.0038618287177603176,True,False,0.045,20260923
T06,space_filling_design,1,4,16,9,0.6931472298119844,gate1b_t06_02,M_base(x) + (a * tanh((b * (x2 - c)))),0.4999999988329037,-140.48657597413288,0.0035128337641617885,True,False,0.045,20260923
T06,space_filling_design,1,5,17,9,0.6931472027375376,gate1b_t06_02,M_base(x) + (a * tanh((b * (x2 - c)))),0.4999999994936201,-149.69974507732917,0.004544011344295548,True,False,0.045,20260923
T06,space_filling_design,1,6,18,9,0.6931471948867101,gate1b_t06_01,M_base(x) + (tanh((p0 + (p1 * x2))) * p2),0.49999999967879377,-158.14975680132773,0.0033667455441997573,True,False,0.045,20260923
T06,space_filling_design,1,7,19,9,0.69314718569845,gate1b_t06_02,M_base(x) + (a * tanh((b * (x2 - c)))),0.49999999988975746,-168.0050582578519,0.003033950838649366,True,False,0.045,20260923
T06,space_filling_design,1,8,20,9,0.693147184086554,gate1b_t06_02,M_base(x) + (a * tanh((b * (x2 - c)))),0.49999999992572475,-175.28846036486365,0.0034277754085329207,True,False,0.045,20260923
T06,random_design,1,0,12,9,0.7140717810163492,gate1b_t06_01,M_base(x) + (tanh((p0 + (p1 * x2))) * p2),0.4982437895733852,-102.92258341582091,0.00251407222292282,True,False,0.045,20260923
T06,random_design,1,1,13,9,0.7010118194302826,gate1b_t06_02,M_base(x) + (a * tanh((b * (x2 - c)))),0.4994472866639973,-112.69049240522324,0.0031122769125636325,True,False,0.045,20260923
T06,random_design,1,2,14,9,0.6931489223051892,gate1b_t06_02,M_base(x) + (a * tanh((b * (x2 - c)))),0.49999995014281956,-120.47354611655922,0.003350028953764869,True,False,0.045,20260923
T06,random_design,1,3,15,9,0.6931475944159502,gate1b_t06_02,M_base(x) + (a * tanh((b * (x2 - c)))),0.4999999891377718,-130.3904967021981,0.003830112974007717,True,False,0.045,20260923
T06,random_design,1,4,16,9,0.6931473162547677,gate1b_t06_01,M_base(x) + (tanh((p0 + (p1 * x2))) * p2),0.49999999664416706,-140.2940061582247,0.004277922846446954,True,False,0.045,20260923
T06,random_design,1,5,17,9,0.6931476319650992,gate1b_t06_01,M_base(x) + (tanh((p0 + (p1 * x2))) * p2),0.49999998759379066,-142.95683967395735,0.005543313507791315,True,False,0.045,20260923
T06,random_design,1,6,18,9,0.6931474116614608,gate1b_t06_02,M_base(x) + (a * tanh((b * (x2 - c)))),0.4999999938732425,-152.02323628714691,0.007130469894484573,True,False,0.045,20260923
T06,random_design,1,7,19,9,0.6931472481629452,gate1b_t06_02,M_base(x) + (a * tanh((b * (x2 - c)))),0.49999999833774766,-160.85442157604075,0.005701979986607428,True,False,0.045,20260923
T06,random_design,1,8,20,9,0.6931472098329786,gate1b_t06_02,M_base(x) + (a * tanh((b * (x2 - c)))),0.49999999930887523,-170.34344130452868,0.006446526117315006,True,False,0.045,20260923
T06,model_information_gain,1,0,12,9,0.7140717810163492,gate1b_t06_01,M_base(x) + (tanh((p0 + (p1 * x2))) * p2),0.4982437895733852,-102.92258341582091,0.00251407222292282,True,False,0.045,20260923
T06,model_information_gain,1,1,13,9,0.6931495933229431,gate1b_t06_02,M_base(x) + (a * tanh((b * (x2 - c)))),0.4999999296569686,-112.46099775427291,0.0024062836998797474,True,False,0.045,20260923
T06,model_information_gain,1,2,14,9,0.6931519945007277,gate1b_t06_02,M_base(x) + (a * tanh((b * (x2 - c)))),0.49999984480702925,-117.0121330311022,0.002232100422571742,True,False,0.045,20260923
T06,model_information_gain,1,3,15,9,0.6931477577889489,gate1b_t06_02,M_base(x) + (a * tanh((b * (x2 - c)))),0.49999998401242984,-126.51304479141346,0.0013064682043238305,True,False,0.045,20260923
T06,model_information_gain,1,4,16,9,0.6931472789485584,gate1b_t06_02,M_base(x) + (a * tanh((b * (x2 - c)))),0.49999999756605834,-136.1416367972378,0.0020153098386678178,True,False,0.045,20260923
T06,model_information_gain,1,5,17,9,0.6931471976530916,gate1b_t06_01,M_base(x) + (tanh((p0 + (p1 * x2))) * p2),0.49999999961702224,-146.01517514701484,0.0020941106567170247,True,False,0.045,20260923
T06,model_information_gain,1,6,18,9,0.6931471837547867,gate1b_t06_01,M_base(x) + (tanh((p0 + (p1 * x2))) * p2),0.49999999993377114,-155.89092773608212,0.002032403490447975,True,False,0.045,20260923
T06,model_information_gain,1,7,19,9,0.6931471811957148,gate1b_t06_02,M_base(x) + (a * tanh((b * (x2 - c)))),0.49999999998773265,-165.48697129381046,0.0016671779269017215,True,False,0.045,20260923
T06,model_information_gain,1,8,20,9,0.6931471807038658,gate1b_t06_02,M_base(x) + (a * tanh((b * (x2 - c)))),0.49999999999738837,-175.4646019087919,0.0019615612722743564,True,False,0.045,20260923
T06,parameter_information_gain,1,0,12,9,0.7140717810163492,gate1b_t06_01,M_base(x) + (tanh((p0 + (p1 * x2))) * p2),0.4982437895733852,-102.92258341582091,0.00251407222292282,True,False,0.045,20260923
T06,parameter_information_gain,1,1,13,9,0.6931491143906156,gate1b_t06_02,M_base(x) + (a * tanh((b * (x2 - c)))),0.49999994448845164,-112.48676306010513,0.0023806193052454717,True,False,0.045,20260923
T06,parameter_information_gain,1,2,14,9,0.6931477576074548,gate1b_t06_01,M_base(x) + (tanh((p0 + (p1 * x2))) * p2),0.49999998456873634,-122.54326984557312,0.002324860805126328,True,False,0.045,20260923
T06,parameter_information_gain,1,3,15,9,0.6931472257482628,gate1b_t06_02,M_base(x) + (a * tanh((b * (x2 - c)))),0.4999999989324514,-132.62439103822192,0.002266858163814537,True,False,0.045,20260923
T06,parameter_information_gain,1,4,16,9,0.6931471894886638,gate1b_t06_02,M_base(x) + (a * tanh((b * (x2 - c)))),0.4999999998030229,-141.92638358381103,0.001765531843170301,True,False,0.045,20260923
T06,parameter_information_gain,1,5,17,9,0.6931471915117821,gate1b_t06_02,M_base(x) + (a * tanh((b * (x2 - c)))),0.49999999975554205,-148.9400884589016,0.00285187018001389,True,False,0.045,20260923
T06,parameter_information_gain,1,6,18,9,0.6931472112593525,gate1b_t06_01,M_base(x) + (tanh((p0 + (p1 * x2))) * p2),0.49999999928300787,-151.82849651803957,0.0031875803834735253,True,False,0.045,20260923
T06,parameter_information_gain,1,7,19,9,0.6931471867206529,gate1b_t06_01,M_base(x) + (tanh((p0 + (p1 * x2))) * p2),0.4999999998678666,-161.6094102496162,0.0032014128012236983,True,False,0.045,20260923
T06,parameter_information_gain,1,8,20,9,0.6931471825555303,gate1b_t06_01,M_base(x) + (tanh((p0 + (p1 * x2))) * p2),0.49999999995922617,-171.430338257109,0.0029916836684212526,True,False,0.045,20260923
T06,joint_structure_parameter_information_gain,1,0,12,9,0.7140717810163492,gate1b_t06_01,M_base(x) + (tanh((p0 + (p1 * x2))) * p2),0.4982437895733852,-102.92258341582091,0.00251407222292282,True,False,0.045,20260923
T06,joint_structure_parameter_information_gain,1,1,13,9,0.6931491143906156,gate1b_t06_02,M_base(x) + (a * tanh((b * (x2 - c)))),0.49999994448845164,-112.48676306010513,0.0023806193052454717,True,False,0.045,20260923
T06,joint_structure_parameter_information_gain,1,2,14,9,0.6931477576074548,gate1b_t06_01,M_base(x) + (tanh((p0 + (p1 * x2))) * p2),0.49999998456873634,-122.54326984557312,0.002324860805126328,True,False,0.045,20260923
T06,joint_structure_parameter_information_gain,1,3,15,9,0.6931472257482628,gate1b_t06_02,M_base(x) + (a * tanh((b * (x2 - c)))),0.4999999989324514,-132.62439103822192,0.002266858163814537,True,False,0.045,20260923
T06,joint_structure_parameter_information_gain,1,4,16,9,0.6931471894886638,gate1b_t06_02,M_base(x) + (a * tanh((b * (x2 - c)))),0.4999999998030229,-141.92638358381103,0.001765531843170301,True,False,0.045,20260923
T06,joint_structure_parameter_information_gain,1,5,17,9,0.6931471915117821,gate1b_t06_02,M_base(x) + (a * tanh((b * (x2 - c)))),0.49999999975554205,-148.9400884589016,0.00285187018001389,True,False,0.045,20260923
T06,joint_structure_parameter_information_gain,1,6,18,9,0.6931472112593525,gate1b_t06_01,M_base(x) + (tanh((p0 + (p1 * x2))) * p2),0.49999999928300787,-151.82849651803957,0.0031875803834735253,True,False,0.045,20260923
T06,joint_structure_parameter_information_gain,1,7,19,9,0.6931471867206529,gate1b_t06_01,M_base(x) + (tanh((p0 + (p1 * x2))) * p2),0.4999999998678666,-161.6094102496162,0.0032014128012236983,True,False,0.045,20260923
T06,joint_structure_parameter_information_gain,1,8,20,9,0.6931471825555303,gate1b_t06_01,M_base(x) + (tanh((p0 + (p1 * x2))) * p2),0.49999999995922617,-171.430338257109,0.0029916836684212526,True,False,0.045,20260923
T01,space_filling_design,1,0,12,9,1.9563542045297737,gate1d_t01_02,M_base(x) + (p0 * (x1 ^ 2)),0.3038264653400915,-97.1732012420797,0.013388787904535553,True,True,0.06,20261001
T01,space_filling_design,1,1,13,9,1.6009345457060165,gate1d_t01_02,M_base(x) + (p0 * (x1 ^ 2)),0.4222313044909113,-106.4206913232881,0.011364058819887782,True,True,0.06,20261001
T01,space_filling_design,1,2,14,9,1.535223805323544,gate1d_t01_02,M_base(x) + (p0 * (x1 ^ 2)),0.43976411084913203,-114.9003111540999,0.006174344054890782,True,True,0.06,20261001
T01,space_filling_design,1,3,15,9,1.5100131921478628,gate1d_t01_02,M_base(x) + (p0 * (x1 ^ 2)),0.46531960346893825,-123.73022129192576,0.004551655188030564,True,True,0.06,20261001
T01,space_filling_design,1,4,16,9,1.4573554973245149,gate1d_t01_02,M_base(x) + (p0 * (x1 ^ 2)),0.477599822973865,-131.90282899800374,0.006810455839423662,True,True,0.06,20261001
T01,space_filling_design,1,5,17,9,1.4698261073390748,gate1d_t01_02,M_base(x) + (p0 * (x1 ^ 2)),0.4667628868586239,-140.51943537386646,0.0048488508220527506,True,True,0.06,20261001
T01,space_filling_design,1,6,18,9,1.4320938325563843,gate1d_t01_02,M_base(x) + (p0 * (x1 ^ 2)),0.47877213110494726,-148.30021669147868,0.0062024001633708145,True,True,0.06,20261001
T01,space_filling_design,1,7,19,9,1.4259781481774305,gate1d_t01_02,M_base(x) + (p0 * (x1 ^ 2)),0.4809205237995544,-157.5886563391322,0.006741181124833936,True,True,0.06,20261001
T01,space_filling_design,1,8,20,9,1.403337133754715,gate1d_t01_02,M_base(x) + (p0 * (x1 ^ 2)),0.4971010072814271,-166.905653933478,0.006442082259255614,True,True,0.06,20261001
T01,random_design,1,0,12,9,1.9563542045297737,gate1d_t01_02,M_base(x) + (p0 * (x1 ^ 2)),0.3038264653400915,-97.1732012420797,0.013388787904535553,True,True,0.06,20261001
T01,random_design,1,1,13,9,1.7657366337697225,gate1d_t01_02,M_base(x) + (p0 * (x1 ^ 2)),0.38335468558267805,-106.41991661980315,0.011596807665743773,True,True,0.06,20261001
T01,random_design,1,2,14,9,1.6841846353260945,gate1d_t01_02,M_base(x) + (p0 * (x1 ^ 2)),0.40743868912148684,-115.7155223335984,0.01335762860897861,True,True,0.06,20261001
T01,random_design,1,3,15,9,1.6367915581693284,gate1d_t01_02,M_base(x) + (p0 * (x1 ^ 2)),0.4370139434295865,-125.13436171146483,0.013228129684609688,True,True,0.06,20261001
T01,random_design,1,4,16,9,1.6904951307316947,gate1d_t01_02,M_base(x) + (p0 * (x1 ^ 2)),0.34815326484075415,-131.56052016240972,0.008034385699307972,True,True,0.06,20261001
T01,random_design,1,5,17,9,1.53656056885236,gate1d_t01_06,M_base(x) + (x1 * x1 * (pysr_coefficient_1 + (-1 * (x1 * pysr_coefficient_2)))),0.29732990622415517,-132.53947737037282,0.014528525585036228,True,False,0.06,20261001
T01,random_design,1,6,18,9,1.417310207766684,gate1d_t01_06,M_base(x) + (x1 * x1 * (pysr_coefficient_1 + (-1 * (x1 * pysr_coefficient_2)))),0.33092505373020303,-141.5804318548342,0.014715573702897021,True,False,0.06,20261001
T01,random_design,1,7,19,9,1.5605538730723825,gate1d_t01_06,M_base(x) + (x1 * x1 * (pysr_coefficient_1 + (-1 * (x1 * pysr_coefficient_2)))),0.30113458245161656,-146.37602644971088,0.014040459715108412,True,False,0.06,20261001
T01,random_design,1,8,20,9,1.5474682605261814,gate1d_t01_06,M_base(x) + (x1 * x1 * (pysr_coefficient_1 + (-1 * (x1 * pysr_coefficient_2)))),0.30269120638332575,-155.03868277861883,0.013868206703747032,True,False,0.06,20261001
T01,model_information_gain,1,0,12,9,1.9563542045297737,gate1d_t01_02,M_base(x) + (p0 * (x1 ^ 2)),0.3038264653400915,-97.1732012420797,0.013388787904535553,True,True,0.06,20261001
T01,model_information_gain,1,1,13,9,1.6009345457060165,gate1d_t01_02,M_base(x) + (p0 * (x1 ^ 2)),0.4222313044909113,-106.4206913232881,0.011364058819887782,True,True,0.06,20261001
T01,model_information_gain,1,2,14,9,1.535223805323544,gate1d_t01_02,M_base(x) + (p0 * (x1 ^ 2)),0.43976411084913203,-114.9003111540999,0.006174344054890782,True,True,0.06,20261001
T01,model_information_gain,1,3,15,9,1.503662809249632,gate1d_t01_02,M_base(x) + (p0 * (x1 ^ 2)),0.4518120439293548,-121.78850638411497,0.0005785344184155717,True,True,0.06,20261001
T01,model_information_gain,1,4,16,9,1.5480791077377725,gate1d_t01_02,M_base(x) + (p0 * (x1 ^ 2)),0.4151516840126658,-130.0037059938937,0.003324150215290741,True,True,0.06,20261001
T01,model_information_gain,1,5,17,9,1.457204673475541,gate1d_t01_02,M_base(x) + (p0 * (x1 ^ 2)),0.44612355137326537,-135.36442806633602,0.005808270860783382,True,True,0.06,20261001
T01,model_information_gain,1,6,18,9,1.4111276704459468,gate1d_t01_02,M_base(x) + (p0 * (x1 ^ 2)),0.391164634646009,-141.72833651939646,0.007212697059719022,True,True,0.06,20261001
T01,model_information_gain,1,7,19,9,1.4246911693811366,gate1d_t01_02,M_base(x) + (p0 * (x1 ^ 2)),0.44989647183371073,-150.1766950310975,0.006636899496101617,True,True,0.06,20261001
T01,model_information_gain,1,8,20,9,1.4129040480880153,gate1d_t01_02,M_base(x) + (p0 * (x1 ^ 2)),0.45159263924051884,-159.16371696002028,0.006794975311576549,True,True,0.06,20261001
T01,parameter_information_gain,1,0,12,9,1.9563542045297737,gate1d_t01_02,M_base(x) + (p0 * (x1 ^ 2)),0.3038264653400915,-97.1732012420797,0.013388787904535553,True,True,0.06,20261001
T01,parameter_information_gain,1,1,13,9,1.6009345457060165,gate1d_t01_02,M_base(x) + (p0 * (x1 ^ 2)),0.4222313044909113,-106.4206913232881,0.011364058819887782,True,True,0.06,20261001
T01,parameter_information_gain,1,2,14,9,1.535223805323544,gate1d_t01_02,M_base(x) + (p0 * (x1 ^ 2)),0.43976411084913203,-114.9003111540999,0.006174344054890782,True,True,0.06,20261001
T01,parameter_information_gain,1,3,15,9,1.503662809249632,gate1d_t01_02,M_base(x) + (p0 * (x1 ^ 2)),0.4518120439293548,-121.78850638411497,0.0005785344184155717,True,True,0.06,20261001
T01,parameter_information_gain,1,4,16,9,1.5480791077377725,gate1d_t01_02,M_base(x) + (p0 * (x1 ^ 2)),0.4151516840126658,-130.0037059938937,0.003324150215290741,True,True,0.06,20261001
T01,parameter_information_gain,1,5,17,9,1.5321134981854678,gate1d_t01_02,M_base(x) + (p0 * (x1 ^ 2)),0.4233936018353195,-139.26298403787848,0.0031249058967304224,True,True,0.06,20261001
T01,parameter_information_gain,1,6,18,9,1.463660374623431,gate1d_t01_02,M_base(x) + (p0 * (x1 ^ 2)),0.4779829862236896,-147.67115980804655,0.0014922903739576262,True,True,0.06,20261001
T01,parameter_information_gain,1,7,19,9,1.588266789655005,gate1d_t01_02,M_base(x) + (p0 * (x1 ^ 2)),0.3744326996475108,-149.52726069089476,0.002787263978954115,True,True,0.06,20261001
T01,parameter_information_gain,1,8,20,9,1.5799625807037432,gate1d_t01_02,M_base(x) + (p0 * (x1 ^ 2)),0.376513017325006,-158.49236975608346,0.0025156074720720234,True,True,0.06,20261001
T01,joint_structure_parameter_information_gain,1,0,12,9,1.9563542045297737,gate1d_t01_02,M_base(x) + (p0 * (x1 ^ 2)),0.3038264653400915,-97.1732012420797,0.013388787904535553,True,True,0.06,20261001
T01,joint_structure_parameter_information_gain,1,1,13,9,1.6009345457060165,gate1d_t01_02,M_base(x) + (p0 * (x1 ^ 2)),0.4222313044909113,-106.4206913232881,0.011364058819887782,True,True,0.06,20261001
T01,joint_structure_parameter_information_gain,1,2,14,9,1.535223805323544,gate1d_t01_02,M_base(x) + (p0 * (x1 ^ 2)),0.43976411084913203,-114.9003111540999,0.006174344054890782,True,True,0.06,20261001
T01,joint_structure_parameter_information_gain,1,3,15,9,1.503662809249632,gate1d_t01_02,M_base(x) + (p0 * (x1 ^ 2)),0.4518120439293548,-121.78850638411497,0.0005785344184155717,True,True,0.06,20261001
T01,joint_structure_parameter_information_gain,1,4,16,9,1.5480791077377725,gate1d_t01_02,M_base(x) + (p0 * (x1 ^ 2)),0.4151516840126658,-130.0037059938937,0.003324150215290741,True,True,0.06,20261001
T01,joint_structure_parameter_information_gain,1,5,17,9,1.5321134981854678,gate1d_t01_02,M_base(x) + (p0 * (x1 ^ 2)),0.4233936018353195,-139.26298403787848,0.0031249058967304224,True,True,0.06,20261001
T01,joint_structure_parameter_information_gain,1,6,18,9,1.463660374623431,gate1d_t01_02,M_base(x) + (p0 * (x1 ^ 2)),0.4779829862236896,-147.67115980804655,0.0014922903739576262,True,True,0.06,20261001
T01,joint_structure_parameter_information_gain,1,7,19,9,1.588266789655005,gate1d_t01_02,M_base(x) + (p0 * (x1 ^ 2)),0.3744326996475108,-149.52726069089476,0.002787263978954115,True,True,0.06,20261001
T01,joint_structure_parameter_information_gain,1,8,20,9,1.5799625807037432,gate1d_t01_02,M_base(x) + (p0 * (x1 ^ 2)),0.376513017325006,-158.49236975608346,0.0025156074720720234,True,True,0.06,20261001
T02,space_filling_design,1,0,12,9,0.034245748841014126,gate1d_t02_01,M_base(x) * (1 + (p6 * x1 * x2)),0.9953151174489863,-91.3505538375059,0.02043960216491357,True,True,0.06,20261001
T02,space_filling_design,1,1,13,9,0.005100332884818259,gate1d_t02_01,M_base(x) * (1 + (p6 * x1 * x2)),0.9994198105280235,-99.94191100291665,0.015749302639787625,True,True,0.06,20261001
T02,space_filling_design,1,2,14,9,2.8133393122749474e-07,gate1d_t02_01,M_base(x) * (1 + (p6 * x1 * x2)),0.9999999852904251,-107.7699212711253,0.01296238430759285,True,True,0.06,20261001
T02,space_filling_design,1,3,15,9,7.591727802959373e-10,gate1d_t02_01,M_base(x) * (1 + (p6 * x1 * x2)),0.9999999999702686,-115.88822851136065,0.007278624292791011,True,True,0.06,20261001
T02,space_filling_design,1,4,16,9,1.821032089082381e-12,gate1d_t02_01,M_base(x) * (1 + (p6 * x1 * x2)),0.9999999999999426,-124.75806965609938,0.007135508545352756,True,True,0.06,20261001
T02,space_filling_design,1,5,17,9,3.7783525853411444e-13,gate1d_t02_01,M_base(x) * (1 + (p6 * x1 * x2)),0.9999999999999887,-133.151839969901,0.0072046046462581,True,True,0.06,20261001
T02,space_filling_design,1,6,18,9,1.9612876299495444e-13,gate1d_t02_01,M_base(x) * (1 + (p6 * x1 * x2)),0.9999999999999942,-139.7150624214542,0.007257488539798187,True,True,0.06,20261001
T02,space_filling_design,1,7,19,9,3.354018726655623e-14,gate1d_t02_01,M_base(x) * (1 + (p6 * x1 * x2)),0.9999999999999991,-148.59638126644538,0.007177846359133926,True,True,0.06,20261001
T02,space_filling_design,1,8,20,9,6.372395084352031e-15,gate1d_t02_01,M_base(x) * (1 + (p6 * x1 * x2)),0.9999999999999998,-157.41149296821578,0.006964922929296965,True,True,0.06,20261001
T02,random_design,1,0,12,9,0.034245748841014126,gate1d_t02_01,M_base(x) * (1 + (p6 * x1 * x2)),0.9953151174489863,-91.3505538375059,0.02043960216491357,True,True,0.06,20261001
T02,random_design,1,1,13,9,0.04201539369568809,gate1d_t02_01,M_base(x) * (1 + (p6 * x1 * x2)),0.9940131645328022,-97.33697107066881,0.006570700530979651,True,True,0.06,20261001
T02,random_design,1,2,14,9,0.034882731824107865,gate1d_t02_01,M_base(x) * (1 + (p6 * x1 * x2)),0.9946353592998152,-102.83549251391912,0.014900226095366344,True,True,0.06,20261001
T02,random_design,1,3,15,9,0.02282516854265341,gate1d_t02_01,M_base(x) * (1 + (p6 * x1 * x2)),0.9967635466232283,-110.85620838539715,0.018118425157165993,True,True,0.06,20261001
T02,random_design,1,4,16,9,0.0043633783992771055,gate1d_t02_01,M_base(x) * (1 + (p6 * x1 * x2)),0.9995058215069379,-119.28231248119425,0.016654359390843382,True,True,0.06,20261001
T02,random_design,1,5,17,9,0.003307038008900744,gate1d_t02_01,M_base(x) * (1 + (p6 * x1 * x2)),0.999636972880147,-127.43934796722758,0.017297050064110458,True,True,0.06,20261001
T02,random_design,1,6,18,9,0.00025407276913097374,gate1d_t02_01,M_base(x) * (1 + (p6 * x1 * x2)),0.9999798156339043,-135.36671356933422,0.01465650302533026,True,True,0.06,20261001
T02,random_design,1,7,19,9,1.7954970715454237e-05,gate1d_t02_01,M_base(x) * (1 + (p6 * x1 * x2)),0.9999988364988615,-143.3475568096398,0.011230709460038476,True,True,0.06,20261001
T02,random_design,1,8,20,9,1.1262231840159307e-05,gate1d_t02_01,M_base(x) * (1 + (p6 * x1 * x2)),0.999999292282892,-150.86809929278064,0.009657154931432804,True,True,0.06,20261001
T02,model_information_gain,1,0,12,9,0.034245748841014126,gate1d_t02_01,M_base(x) * (1 + (p6 * x1 * x2)),0.9953151174489863,-91.3505538375059,0.02043960216491357,True,True,0.06,20261001
T02,model_information_gain,1,1,13,9,0.0013260092209902046,gate1d_t02_01,M_base(x) * (1 + (p6 * x1 * x2)),0.9998733213480564,-98.994591234098,0.013128226125098272,True,True,0.06,20261001
T02,model_information_gain,1,2,14,9,2.8133393122749654e-07,gate1d_t02_01,M_base(x) * (1 + (p6 * x1 * x2)),0.9999999852904251,-107.76992127112527,0.01296238429868296,True,True,0.06,20261001
T02,model_information_gain,1,3,15,9,7.591727802959587e-10,gate1d_t02_01,M_base(x) * (1 + (p6 * x1 * x2)),0.9999999999702686,-115.8882285113606,0.0072786242963669276,True,True,0.06,20261001
T02,model_information_gain,1,4,16,9,1.4006426280949297e-11,gate1d_t02_01,M_base(x) * (1 + (p6 * x1 * x2)),0.9999999999995293,-124.55273270856073,0.006672081093099069,True,True,0.06,20261001
T02,model_information_gain,1,5,17,9,1.5796875111435288e-13,gate1d_t02_01,M_base(x) * (1 + (p6 * x1 * x2)),0.9999999999999953,-133.48054163321552,0.006679924716989085,True,True,0.06,20261001
T02,model_information_gain,1,6,18,9,8.959075257091772e-15,gate1d_t02_01,M_base(x) * (1 + (p6 * x1 * x2)),0.9999999999999998,-142.26431492339373,0.0071386168440147535,True,True,0.06,20261001
T02,model_information_gain,1,7,19,9,1.2880135143346869e-15,gate1d_t02_01,M_base(x) * (1 + (p6 * x1 * x2)),1.0,-148.40036675517516,0.0063898475389606866,True,True,0.06,20261001
T02,model_information_gain,1,8,20,9,4.943722374124938e-16,gate1d_t02_01,M_base(x) * (1 + (p6 * x1 * x2)),1.0,-155.20478565612626,0.0055589379055569635,True,True,0.06,20261001
T02,parameter_information_gain,1,0,12,9,0.034245748841014126,gate1d_t02_01,M_base(x) * (1 + (p6 * x1 * x2)),0.9953151174489863,-91.3505538375059,0.02043960216491357,True,True,0.06,20261001
T02,parameter_information_gain,1,1,13,9,0.002890480387971196,gate1d_t02_01,M_base(x) * (1 + (p6 * x1 * x2)),0.9996997545092265,-99.05296416895396,0.006849918151416086,True,True,0.06,20261001
T02,parameter_information_gain,1,2,14,8,0.001383473478362708,gate1d_t02_01,M_base(x) * (1 + (p6 * x1 * x2)),0.9998663456219905,-107.80446275445375,0.006316027232105811,True,True,0.06,20261001
T02,parameter_information_gain,1,3,15,8,0.0008636920947753078,gate1d_t02_01,M_base(x) * (1 + (p6 * x1 * x2)),0.9999204457525248,-116.42276357889958,0.005429238103088208,True,True,0.06,20261001
T02,parameter_information_gain,1,4,16,8,0.0007854841755841436,gate1d_t02_01,M_base(x) * (1 + (p6 * x1 * x2)),0.9999282753530012,-124.29252793905411,0.004122226073823934,True,True,0.06,20261001
T02,parameter_information_gain,1,5,17,8,0.0013987612164539618,gate1d_t02_01,M_base(x) * (1 + (p6 * x1 * x2)),0.9998644044543992,-130.81436294983357,0.0024842274148464327,True,True,0.06,20261001
T02,parameter_information_gain,1,6,18,8,0.00041551473632120856,gate1d_t02_01,M_base(x) * (1 + (p6 * x1 * x2)),0.9999640193207009,-138.11132598961535,0.003633572402085564,True,True,0.06,20261001
T02,parameter_information_gain,1,7,19,8,2.146023415619829e-12,gate1d_t02_01,M_base(x) * (1 + (p6 * x1 * x2)),0.9999999999999324,-146.77059133378182,0.003941543660963243,True,True,0.06,20261001
T02,parameter_information_gain,1,8,20,8,5.403978332199684e-13,gate1d_t02_01,M_base(x) * (1 + (p6 * x1 * x2)),0.9999999999999837,-154.6334521979072,0.0032525232056665465,True,True,0.06,20261001
T02,joint_structure_parameter_information_gain,1,0,12,9,0.034245748841014126,gate1d_t02_01,M_base(x) * (1 + (p6 * x1 * x2)),0.9953151174489863,-91.3505538375059,0.02043960216491357,True,True,0.06,20261001
T02,joint_structure_parameter_information_gain,1,1,13,9,0.002890480387971196,gate1d_t02_01,M_base(x) * (1 + (p6 * x1 * x2)),0.9996997545092265,-99.05296416895396,0.006849918151416086,True,True,0.06,20261001
T02,joint_structure_parameter_information_gain,1,2,14,8,0.001383473478362708,gate1d_t02_01,M_base(x) * (1 + (p6 * x1 * x2)),0.9998663456219905,-107.80446275445375,0.006316027232105811,True,True,0.06,20261001
T02,joint_structure_parameter_information_gain,1,3,15,8,0.0008636920947753078,gate1d_t02_01,M_base(x) * (1 + (p6 * x1 * x2)),0.9999204457525248,-116.42276357889958,0.005429238103088208,True,True,0.06,20261001
T02,joint_structure_parameter_information_gain,1,4,16,8,0.0007854841755841436,gate1d_t02_01,M_base(x) * (1 + (p6 * x1 * x2)),0.9999282753530012,-124.29252793905411,0.004122226073823934,True,True,0.06,20261001
T02,joint_structure_parameter_information_gain,1,5,17,8,0.0013987612164539618,gate1d_t02_01,M_base(x) * (1 + (p6 * x1 * x2)),0.9998644044543992,-130.81436294983357,0.0024842274148464327,True,True,0.06,20261001
T02,joint_structure_parameter_information_gain,1,6,18,8,0.00041551473632120856,gate1d_t02_01,M_base(x) * (1 + (p6 * x1 * x2)),0.9999640193207009,-138.11132598961535,0.003633572402085564,True,True,0.06,20261001
T02,joint_structure_parameter_information_gain,1,7,19,8,2.146023415619829e-12,gate1d_t02_01,M_base(x) * (1 + (p6 * x1 * x2)),0.9999999999999324,-146.77059133378182,0.003941543660963243,True,True,0.06,20261001
T02,joint_structure_parameter_information_gain,1,8,20,8,5.403978332199684e-13,gate1d_t02_01,M_base(x) * (1 + (p6 * x1 * x2)),0.9999999999999837,-154.6334521979072,0.0032525232056665465,True,True,0.06,20261001
T03,space_filling_design,1,0,12,9,1.1802784384779559,gate1d_t03_01,M_base(x) + (coefficient_cubic_x2 * (x2 ^ 3)),0.36062165146707786,-89.0765677149548,0.06383835105662745,True,True,0.07500000000000001,20261001
T03,space_filling_design,1,1,13,9,0.5629255079132461,gate1d_t03_02,M_base(x) + ((sin(x2) + (-1 * x2)) * pysr_coefficient_1),0.7494671980849411,-97.35008243064331,0.0224462378176101,True,False,0.07500000000000001,20261001
T03,space_filling_design,1,2,14,9,0.5654649152144534,gate1d_t03_02,M_base(x) + ((sin(x2) + (-1 * x2)) * pysr_coefficient_1),0.7471313262600514,-105.80585373994654,0.024798169884440658,True,False,0.07500000000000001,20261001
T03,space_filling_design,1,3,15,9,0.5087482716201218,gate1d_t03_02,M_base(x) + ((sin(x2) + (-1 * x2)) * pysr_coefficient_1),0.7938964146479791,-114.3900309048733,0.025874867474252605,True,False,0.07500000000000001,20261001
T03,space_filling_design,1,4,16,9,0.4917738379853957,gate1d_t03_02,M_base(x) + ((sin(x2) + (-1 * x2)) * pysr_coefficient_1),0.8061386073889081,-122.99900973306443,0.025874982238296575,True,False,0.07500000000000001,20261001
T03,space_filling_design,1,5,17,9,0.44018201325034073,gate1d_t03_02,M_base(x) + ((sin(x2) + (-1 * x2)) * pysr_coefficient_1),0.8396909418185889,-131.81294799044176,0.026230460046314512,True,False,0.07500000000000001,20261001
T03,space_filling_design,1,6,18,9,0.6150804619152342,gate1d_t03_02,M_base(x) + ((sin(x2) + (-1 * x2)) * pysr_coefficient_1),0.6949526314753914,-137.97809447340327,0.023577464040303364,True,False,0.07500000000000001,20261001
T03,space_filling_design,1,7,19,9,0.6109708689480691,gate1d_t03_02,M_base(x) + ((sin(x2) + (-1 * x2)) * pysr_coefficient_1),0.6998741828887584,-146.2875529285987,0.02357708543080003,True,False,0.07500000000000001,20261001
T03,space_filling_design,1,8,20,9,0.6615870591010664,gate1d_t03_02,M_base(x) + ((sin(x2) + (-1 * x2)) * pysr_coefficient_1),0.624953358680828,-154.32158740975333,0.023356624774384188,True,False,0.07500000000000001,20261001
T03,random_design,1,0,12,9,1.1802784384779559,gate1d_t03_01,M_base(x) + (coefficient_cubic_x2 * (x2 ^ 3)),0.36062165146707786,-89.0765677149548,0.06383835105662745,True,True,0.07500000000000001,20261001
T03,random_design,1,1,13,9,1.1656069550790997,gate1d_t03_01,M_base(x) + (coefficient_cubic_x2 * (x2 ^ 3)),0.3732633111391159,-97.35945263503999,0.05803461250890137,True,True,0.07500000000000001,20261001
T03,random_design,1,2,14,9,1.1009505939386457,gate1d_t03_01,M_base(x) + (coefficient_cubic_x2 * (x2 ^ 3)),0.36280504627204174,-105.81207053145035,0.0504588072984291,True,True,0.07500000000000001,20261001
T03,random_design,1,3,15,9,0.3505837619966779,gate1d_t03_02,M_base(x) + ((sin(x2) + (-1 * x2)) * pysr_coefficient_1),0.8880447857441481,-114.11760667263593,0.0190822749341861,True,False,0.07500000000000001,20261001
T03,random_design,1,4,16,9,0.31039337053854466,gate1d_t03_02,M_base(x) + ((sin(x2) + (-1 * x2)) * pysr_coefficient_1),0.9065740496761368,-122.80107518190147,0.01911966458403239,True,False,0.07500000000000001,20261001
T03,random_design,1,5,17,9,0.3912635723115258,gate1d_t03_02,M_base(x) + ((sin(x2) + (-1 * x2)) * pysr_coefficient_1),0.867419118706114,-129.7774408547052,0.016761613494983167,True,False,0.07500000000000001,20261001
T03,random_design,1,6,18,9,0.684416765929266,gate1d_t03_02,M_base(x) + ((sin(x2) + (-1 * x2)) * pysr_coefficient_1),0.5659733990913081,-132.29604329238794,0.01758738703387715,True,False,0.07500000000000001,20261001
T03,random_design,1,7,19,9,0.6911392013344271,gate1d_t03_01,M_base(x) + (coefficient_cubic_x2 * (x2 ^ 3)),0.5316751908486832,-137.76938540738408,0.0059530020376656655,True,True,0.07500000000000001,20261001
T03,random_design,1,8,20,9,0.6619136215259259,gate1d_t03_01,M_base(x) + (coefficient_cubic_x2 * (x2 ^ 3)),0.6243121088105335,-146.14784863965235,0.006010724065931724,True,True,0.07500000000000001,20261001
T03,model_information_gain,1,0,12,9,1.1802784384779559,gate1d_t03_01,M_base(x) + (coefficient_cubic_x2 * (x2 ^ 3)),0.36062165146707786,-89.0765677149548,0.06383835105662745,True,True,0.07500000000000001,20261001
T03,model_information_gain,1,1,13,9,0.40906116573008944,gate1d_t03_02,M_base(x) + ((sin(x2) + (-1 * x2)) * pysr_coefficient_1),0.8577309787200429,-97.40653866606633,0.020137134312902906,True,False,0.07500000000000001,20261001
T03,model_information_gain,1,2,14,9,0.673693217839093,gate1d_t03_02,M_base(x) + ((sin(x2) + (-1 * x2)) * pysr_coefficient_1),0.5983043785323563,-102.73919191074334,0.017201671429389467,True,False,0.07500000000000001,20261001
T03,model_information_gain,1,3,15,9,0.6929700711157399,gate1d_t03_01,M_base(x) + (coefficient_cubic_x2 * (x2 ^ 3)),0.5094102511061006,-110.36420971510121,0.0013074499543161593,True,True,0.07500000000000001,20261001
T03,model_information_gain,1,4,16,9,0.69092976298122,gate1d_t03_01,M_base(x) + (coefficient_cubic_x2 * (x2 ^ 3)),0.5332849675376092,-118.66229411953046,0.0015650510136812922,True,True,0.07500000000000001,20261001
T03,model_information_gain,1,5,17,9,0.4941031117405407,gate1d_t03_01,M_base(x) + (coefficient_cubic_x2 * (x2 ^ 3)),0.8044981236218279,-126.99266097596896,0.0023944209734015624,True,True,0.07500000000000001,20261001
T03,model_information_gain,1,6,18,9,0.6787822026596103,gate1d_t03_01,M_base(x) + (coefficient_cubic_x2 * (x2 ^ 3)),0.5845460254002247,-133.15697706595034,0.00010964586912431182,True,True,0.07500000000000001,20261001
T03,model_information_gain,1,7,19,9,0.6707439655910534,gate1d_t03_01,M_base(x) + (coefficient_cubic_x2 * (x2 ^ 3)),0.6054405213778113,-141.4495969157675,0.000833959642704845,True,True,0.07500000000000001,20261001
T03,model_information_gain,1,8,20,9,0.6925187731710848,gate1d_t03_01,M_base(x) + (coefficient_cubic_x2 * (x2 ^ 3)),0.5177239350298138,-149.21442538266393,0.0022604476016494387,True,True,0.07500000000000001,20261001
T03,parameter_information_gain,1,0,12,9,1.1802784384779559,gate1d_t03_01,M_base(x) + (coefficient_cubic_x2 * (x2 ^ 3)),0.36062165146707786,-89.0765677149548,0.06383835105662745,True,True,0.07500000000000001,20261001
T03,parameter_information_gain,1,1,13,9,0.40906116573008944,gate1d_t03_02,M_base(x) + ((sin(x2) + (-1 * x2)) * pysr_coefficient_1),0.8577309787200429,-97.40653866606633,0.020137134312902906,True,False,0.07500000000000001,20261001
T03,parameter_information_gain,1,2,14,9,0.3527686694883342,gate1d_t03_02,M_base(x) + ((sin(x2) + (-1 * x2)) * pysr_coefficient_1),0.8869870348846725,-106.05965427595966,0.02005917913343982,True,False,0.07500000000000001,20261001
T03,parameter_information_gain,1,3,15,9,0.301798556691349,gate1d_t03_02,M_base(x) + ((sin(x2) + (-1 * x2)) * pysr_coefficient_1),0.9103192567169365,-114.53993953241529,0.019001356064745744,True,False,0.07500000000000001,20261001
T03,parameter_information_gain,1,4,16,9,0.27085084347494376,gate1d_t03_02,M_base(x) + ((sin(x2) + (-1 * x2)) * pysr_coefficient_1),0.9232131048144827,-123.3147781043667,0.01886772484979596,True,False,0.07500000000000001,20261001
T03,parameter_information_gain,1,5,17,9,0.24719824118506606,gate1d_t03_02,M_base(x) + ((sin(x2) + (-1 * x2)) * pysr_coefficient_1),0.9324716022107012,-132.11725963078936,0.019095291335733074,True,False,0.07500000000000001,20261001
T03,parameter_information_gain,1,6,18,9,0.3062979258568602,gate1d_t03_02,M_base(x) + ((sin(x2) + (-1 * x2)) * pysr_coefficient_1),0.9083678155891661,-136.21399467407943,0.021334932475111743,True,False,0.07500000000000001,20261001
T03,parameter_information_gain,1,7,19,9,0.2971670745207126,gate1d_t03_02,M_base(x) + ((sin(x2) + (-1 * x2)) * pysr_coefficient_1),0.9123071908383649,-144.63624904962714,0.020816948065631904,True,False,0.07500000000000001,20261001
T03,parameter_information_gain,1,8,20,9,0.27357243030910755,gate1d_t03_02,M_base(x) + ((sin(x2) + (-1 * x2)) * pysr_coefficient_1),0.9221152997838833,-152.53958233403344,0.021602969556820187,True,False,0.07500000000000001,20261001
T03,joint_structure_parameter_information_gain,1,0,12,9,1.1802784384779559,gate1d_t03_01,M_base(x) + (coefficient_cubic_x2 * (x2 ^ 3)),0.36062165146707786,-89.0765677149548,0.06383835105662745,True,True,0.07500000000000001,20261001
T03,joint_structure_parameter_information_gain,1,1,13,9,0.40906116573008944,gate1d_t03_02,M_base(x) + ((sin(x2) + (-1 * x2)) * pysr_coefficient_1),0.8577309787200429,-97.40653866606633,0.020137134312902906,True,False,0.07500000000000001,20261001
T03,joint_structure_parameter_information_gain,1,2,14,9,0.3527686694883342,gate1d_t03_02,M_base(x) + ((sin(x2) + (-1 * x2)) * pysr_coefficient_1),0.8869870348846725,-106.05965427595966,0.02005917913343982,True,False,0.07500000000000001,20261001
T03,joint_structure_parameter_information_gain,1,3,15,9,0.301798556691349,gate1d_t03_02,M_base(x) + ((sin(x2) + (-1 * x2)) * pysr_coefficient_1),0.9103192567169365,-114.53993953241529,0.019001356064745744,True,False,0.07500000000000001,20261001
T03,joint_structure_parameter_information_gain,1,4,16,9,0.27085084347494376,gate1d_t03_02,M_base(x) + ((sin(x2) + (-1 * x2)) * pysr_coefficient_1),0.9232131048144827,-123.3147781043667,0.01886772484979596,True,False,0.07500000000000001,20261001
T03,joint_structure_parameter_information_gain,1,5,17,9,0.24719824118506606,gate1d_t03_02,M_base(x) + ((sin(x2) + (-1 * x2)) * pysr_coefficient_1),0.9324716022107012,-132.11725963078936,0.019095291335733074,True,False,0.07500000000000001,20261001
T03,joint_structure_parameter_information_gain,1,6,18,9,0.3062979258568602,gate1d_t03_02,M_base(x) + ((sin(x2) + (-1 * x2)) * pysr_coefficient_1),0.9083678155891661,-136.21399467407943,0.021334932475111743,True,False,0.07500000000000001,20261001
T03,joint_structure_parameter_information_gain,1,7,19,9,0.3571475377091872,gate1d_t03_02,M_base(x) + ((sin(x2) + (-1 * x2)) * pysr_coefficient_1),0.8848507201454194,-143.88379780462682,0.020729602800591856,True,False,0.07500000000000001,20261001
T03,joint_structure_parameter_information_gain,1,8,20,9,0.6880136352431927,gate1d_t03_01,M_base(x) + (coefficient_cubic_x2 * (x2 ^ 3)),0.5506199311360281,-147.65865586245013,0.0008288691958128962,True,True,0.07500000000000001,20261001
T04,space_filling_design,1,0,12,9,1.7017347912427552,gate1b_t04_06,M_base(x) + (p0 * sin((x1 * x2))),0.3289235138855924,-89.98884631425406,0.18195818077565715,False,False,0.07500000000000001,20261001
T04,space_filling_design,1,1,13,9,0.5184563373936728,gate1b_t04_02,M_base(x) + (p0 * sin(x1) * x2),0.8012070921438539,-97.8041802239964,0.007106577889947051,True,True,0.07500000000000001,20261001
T04,space_filling_design,1,2,14,9,0.1296144800719344,gate1b_t04_02,M_base(x) + (p0 * sin(x1) * x2),0.9738995196771465,-106.44729618332578,0.006423840431942032,True,True,0.07500000000000001,20261001
T04,space_filling_design,1,3,15,9,3.8424388789841796e-05,gate1b_t04_02,M_base(x) + (p0 * sin(x1) * x2),0.9999974141216019,-113.84314775440232,0.008036306266803482,True,True,0.07500000000000001,20261001
T04,space_filling_design,1,4,16,9,1.8712530611389885e-05,gate1b_t04_02,M_base(x) + (p0 * sin(x1) * x2),0.9999988007337102,-121.93310042457458,0.007201675802375478,True,True,0.07500000000000001,20261001
T04,space_filling_design,1,5,17,9,1.911839973967374e-05,gate1b_t04_02,M_base(x) + (p0 * sin(x1) * x2),0.9999987674715677,-128.57351183161057,0.003797552646871346,True,True,0.07500000000000001,20261001
T04,space_filling_design,1,6,18,9,4.267395950038531e-05,gate1b_t04_02,M_base(x) + (p0 * sin(x1) * x2),0.9999970554557427,-133.8460404315333,0.0022360403725450863,True,True,0.07500000000000001,20261001
T04,space_filling_design,1,7,19,9,3.646928513907912e-06,gate1b_t04_02,M_base(x) + (p0 * sin(x1) * x2),0.9999997857550211,-142.25564430108875,0.003498189515997067,True,True,0.07500000000000001,20261001
T04,space_filling_design,1,8,20,9,8.69062831330739e-06,gate1b_t04_02,M_base(x) + (p0 * sin(x1) * x2),0.9999994653122772,-144.95191540768957,0.0077799821933580305,True,True,0.07500000000000001,20261001
T04,random_design,1,0,12,9,1.7017347912427552,gate1b_t04_06,M_base(x) + (p0 * sin((x1 * x2))),0.3289235138855924,-89.98884631425406,0.18195818077565715,False,False,0.07500000000000001,20261001
T04,random_design,1,1,13,9,1.3373658224160805,gate1b_t04_01,M_base(x) + (p7 * tanh(x1) * x2),0.4116011665786826,-96.44472936122456,0.056593109892042456,True,False,0.07500000000000001,20261001
T04,random_design,1,2,14,9,0.013408530510759246,gate1b_t04_02,M_base(x) + (p0 * sin(x1) * x2),0.9983730935943141,-103.35459507418351,0.001017078609749774,True,True,0.07500000000000001,20261001
T04,random_design,1,3,15,9,0.04996241351402267,gate1b_t04_02,M_base(x) + (p0 * sin(x1) * x2),0.9927365253467881,-106.98427557164415,0.005549694458098705,True,True,0.07500000000000001,20261001
T04,random_design,1,4,16,9,0.031108169228791803,gate1b_t04_02,M_base(x) + (p0 * sin(x1) * x2),0.9957586365033679,-114.6684530641845,0.0047229188636060205,True,True,0.07500000000000001,20261001
T04,random_design,1,5,17,9,0.03340386058043079,gate1b_t04_02,M_base(x) + (p0 * sin(x1) * x2),0.9953934447643716,-122.06992582967492,0.0014653565378734434,True,True,0.07500000000000001,20261001
T04,random_design,1,6,18,9,0.043071941244789476,gate1b_t04_02,M_base(x) + (p0 * sin(x1) * x2),0.9937895764016514,-127.64779462757048,0.0015158746583587989,True,True,0.07500000000000001,20261001
T04,random_design,1,7,19,9,0.01891095879597916,gate1b_t04_02,M_base(x) + (p0 * sin(x1) * x2),0.9976368459027167,-135.87248336332044,0.0014314471172348442,True,True,0.07500000000000001,20261001
T04,random_design,1,8,20,9,0.055053525507006276,gate1b_t04_02,M_base(x) + (p0 * sin(x1) * x2),0.9918470314417525,-140.52657446107008,0.004110260709497643,True,True,0.07500000000000001,20261001
T04,model_information_gain,1,0,12,9,1.7017347912427552,gate1b_t04_06,M_base(x) + (p0 * sin((x1 * x2))),0.3289235138855924,-89.98884631425406,0.18195818077565715,False,False,0.07500000000000001,20261001
T04,model_information_gain,1,1,13,9,0.5184563373936728,gate1b_t04_02,M_base(x) + (p0 * sin(x1) * x2),0.8012070921438539,-97.8041802239964,0.007106577889947051,True,True,0.07500000000000001,20261001
T04,model_information_gain,1,2,14,9,0.00039795106117683683,gate1b_t04_02,M_base(x) + (p0 * sin(x1) * x2),0.999967868332573,-106.47074032057625,0.007372919635252353,True,True,0.07500000000000001,20261001
T04,model_information_gain,1,3,15,9,2.258188488070121e-05,gate1b_t04_02,M_base(x) + (p0 * sin(x1) * x2),0.9999985653998132,-115.17881818867279,0.006680021497891032,True,True,0.07500000000000001,20261001
T04,model_information_gain,1,4,16,9,1.527942946222029e-06,gate1b_t04_02,M_base(x) + (p0 * sin(x1) * x2),0.999999916082947,-123.67455632467203,0.008556291506223656,True,True,0.07500000000000001,20261001
T04,model_information_gain,1,5,17,9,2.447706459016869e-07,gate1b_t04_02,M_base(x) + (p0 * sin(x1) * x2),0.9999999878528528,-129.4161808621332,0.004044150730765328,True,True,0.07500000000000001,20261001
T04,model_information_gain,1,6,18,9,1.1402266055850457e-07,gate1b_t04_02,M_base(x) + (p0 * sin(x1) * x2),0.9999999945435504,-136.4154006074134,0.002193065886563912,True,True,0.07500000000000001,20261001
T04,model_information_gain,1,7,19,9,1.573305138779341e-08,gate1b_t04_02,M_base(x) + (p0 * sin(x1) * x2),0.9999999993137825,-145.12718081896983,0.0022418931072637808,True,True,0.07500000000000001,20261001
T04,model_information_gain,1,8,20,9,4.572325696047643e-09,gate1b_t04_02,M_base(x) + (p0 * sin(x1) * x2),0.9999999998110735,-149.8548050264143,0.004400731519587565,True,True,0.07500000000000001,20261001
T04,parameter_information_gain,1,0,12,9,1.7017347912427552,gate1b_t04_06,M_base(x) + (p0 * sin((x1 * x2))),0.3289235138855924,-89.98884631425406,0.18195818077565715,False,False,0.07500000000000001,20261001
T04,parameter_information_gain,1,1,13,9,0.8467034717012506,gate1b_t04_02,M_base(x) + (p0 * sin(x1) * x2),0.6814317765052539,-97.894858437939,0.004882343315194842,True,True,0.07500000000000001,20261001
T04,parameter_information_gain,1,2,14,9,4.393858958531085e-05,gate1b_t04_02,M_base(x) + (p0 * sin(x1) * x2),0.9999971058976928,-105.45672191626583,0.0002213543141443182,True,True,0.07500000000000001,20261001
T04,parameter_information_gain,1,3,15,9,4.914967697178776e-06,gate1b_t04_02,M_base(x) + (p0 * sin(x1) * x2),0.9999997169061193,-113.2383071785826,0.003428029454490061,True,True,0.07500000000000001,20261001
T04,parameter_information_gain,1,4,16,9,3.610334512086009e-06,gate1b_t04_02,M_base(x) + (p0 * sin(x1) * x2),0.9999997947221072,-120.14248199498535,5.209773656079644e-05,True,True,0.07500000000000001,20261001
T04,parameter_information_gain,1,5,17,9,1.050933482352385e-06,gate1b_t04_02,M_base(x) + (p0 * sin(x1) * x2),0.999999944175149,-128.7578103691702,0.00044859155130485276,True,True,0.07500000000000001,20261001
T04,parameter_information_gain,1,6,18,9,4.3269599987236796e-07,gate1b_t04_02,M_base(x) + (p0 * sin(x1) * x2),0.9999999780727532,-137.2957942525779,0.00026012355885975667,True,True,0.07500000000000001,20261001
T04,parameter_information_gain,1,7,19,9,1.8679450892588612e-07,gate1b_t04_02,M_base(x) + (p0 * sin(x1) * x2),0.9999999909020724,-145.6036368124125,0.0007138269274984003,True,True,0.07500000000000001,20261001
T04,parameter_information_gain,1,8,20,9,7.288085756657449e-08,gate1b_t04_02,M_base(x) + (p0 * sin(x1) * x2),0.9999999966111351,-154.22645226599744,0.001230414083541345,True,True,0.07500000000000001,20261001
T04,joint_structure_parameter_information_gain,1,0,12,9,1.7017347912427552,gate1b_t04_06,M_base(x) + (p0 * sin((x1 * x2))),0.3289235138855924,-89.98884631425406,0.18195818077565715,False,False,0.07500000000000001,20261001
T04,joint_structure_parameter_information_gain,1,1,13,9,0.5184563373936728,gate1b_t04_02,M_base(x) + (p0 * sin(x1) * x2),0.8012070921438539,-97.8041802239964,0.007106577889947051,True,True,0.07500000000000001,20261001
T04,joint_structure_parameter_information_gain,1,2,14,9,0.0008885744421629646,gate1b_t04_02,M_base(x) + (p0 * sin(x1) * x2),0.9999246355821895,-104.48201156618569,0.0006675178702800378,True,True,0.07500000000000001,20261001
T04,joint_structure_parameter_information_gain,1,3,15,9,0.00027495350967515737,gate1b_t04_02,M_base(x) + (p0 * sin(x1) * x2),0.9999786578960097,-112.47259411144772,0.0019146405665423213,True,True,0.07500000000000001,20261001
T04,joint_structure_parameter_information_gain,1,4,16,9,0.00025199696355326066,gate1b_t04_02,M_base(x) + (p0 * sin(x1) * x2),0.9999805005001198,-119.6733984156404,0.001141391419174785,True,True,0.07500000000000001,20261001
T04,joint_structure_parameter_information_gain,1,5,17,9,0.00010030451991134216,gate1b_t04_02,M_base(x) + (p0 * sin(x1) * x2),0.9999927739072354,-128.28511557815665,0.0013551000936022366,True,True,0.07500000000000001,20261001
T04,joint_structure_parameter_information_gain,1,6,18,9,5.273530513729255e-05,gate1b_t04_02,M_base(x) + (p0 * sin(x1) * x2),0.9999963805811095,-136.73486669935127,0.0005446953595762179,True,True,0.07500000000000001,20261001
T04,joint_structure_parameter_information_gain,1,7,19,9,2.8963475865752575e-05,gate1b_t04_02,M_base(x) + (p0 * sin(x1) * x2),0.999998088400953,-145.105989782172,0.0014015222484719547,True,True,0.07500000000000001,20261001
T04,joint_structure_parameter_information_gain,1,8,20,9,1.5147955160809923e-05,gate1b_t04_02,M_base(x) + (p0 * sin(x1) * x2),0.999999043363539,-153.74983465105552,0.0018360676839385337,True,True,0.07500000000000001,20261001
T05,space_filling_design,1,0,12,9,1.2842929223066224,gate1d_t05_01,M_base(x) + (coefficient_exp_x1 * exp((rate_x1 * x1))),0.32513175176196957,-111.31632850334063,0.005759720780286865,True,True,0.045,20261001
T05,space_filling_design,1,1,13,9,1.3380931162720942,gate1d_t05_03,M_base(x) + sin(exp(((pysr_coefficient_1 + (-1 * x1)) * pysr_coefficient_2))),0.3119743712897507,-120.12487335988995,0.007982377278109834,True,False,0.045,20261001
T05,space_filling_design,1,2,14,9,1.342762203972642,gate1d_t05_01,M_base(x) + (coefficient_exp_x1 * exp((rate_x1 * x1))),0.3177186072877749,-118.5126396802246,0.004982972149014795,True,True,0.045,20261001
T05,space_filling_design,1,3,15,9,1.3551636913597953,gate1d_t05_04,M_base(x) + (sin(exp(((pysr_coefficient_1 + (-1 * x1)) * pysr_coefficient_2))) + (-1 * pysr_coefficient_3)),0.3068496301990272,-125.72051549493175,0.005472934164647847,True,False,0.045,20261001
T05,space_filling_design,1,4,16,9,1.3530070865957746,gate1d_t05_04,M_base(x) + (sin(exp(((pysr_coefficient_1 + (-1 * x1)) * pysr_coefficient_2))) + (-1 * pysr_coefficient_3)),0.3119156959785169,-135.33640632156693,0.005239952989471024,True,False,0.045,20261001
T05,space_filling_design,1,5,17,9,1.3092686008232848,gate1d_t05_04,M_base(x) + (sin(exp(((pysr_coefficient_1 + (-1 * x1)) * pysr_coefficient_2))) + (-1 * pysr_coefficient_3)),0.3688957515596834,-142.18734019226858,0.006306693530274129,True,False,0.045,20261001
T05,space_filling_design,1,6,18,9,1.3353840292850956,gate1d_t05_01,M_base(x) + (coefficient_exp_x1 * exp((rate_x1 * x1))),0.2993153225732049,-150.94850280410486,0.0027726052333327117,True,True,0.045,20261001
T05,space_filling_design,1,7,19,9,1.3225827546334454,gate1d_t05_04,M_base(x) + (sin(exp(((pysr_coefficient_1 + (-1 * x1)) * pysr_coefficient_2))) + (-1 * pysr_coefficient_3)),0.29880124734671065,-160.50549719227382,0.005045322972816296,True,False,0.045,20261001
T05,space_filling_design,1,8,20,9,1.315658379066275,gate1d_t05_04,M_base(x) + (sin(exp(((pysr_coefficient_1 + (-1 * x1)) * pysr_coefficient_2))) + (-1 * pysr_coefficient_3)),0.31948040288879176,-170.2868263094506,0.0050568598104642785,True,False,0.045,20261001
T05,random_design,1,0,12,9,1.2842929223066224,gate1d_t05_01,M_base(x) + (coefficient_exp_x1 * exp((rate_x1 * x1))),0.32513175176196957,-111.31632850334063,0.005759720780286865,True,True,0.045,20261001
T05,random_design,1,1,13,9,1.2736902218006219,gate1d_t05_02,M_base(x) + exp((pysr_coefficient_1 + (-1 * (x1 * pysr_coefficient_2)))),0.3387566179655926,-121.8393307468934,0.005676293677516278,True,False,0.045,20261001
T05,random_design,1,2,14,9,1.2317974495272899,gate1d_t05_01,M_base(x) + (coefficient_exp_x1 * exp((rate_x1 * x1))),0.36928255208054106,-131.20891229166293,0.005007936992163491,True,True,0.045,20261001
T05,random_design,1,3,15,9,1.19247522416967,gate1d_t05_01,M_base(x) + (coefficient_exp_x1 * exp((rate_x1 * x1))),0.39423805892308134,-137.05731984567578,0.0038248528904892155,True,True,0.045,20261001
T05,random_design,1,4,16,9,1.1991723570258968,gate1d_t05_02,M_base(x) + exp((pysr_coefficient_1 + (-1 * (x1 * pysr_coefficient_2)))),0.38971467483249017,-146.94354786997528,0.004210326540372055,True,False,0.045,20261001
T05,random_design,1,5,17,9,1.2603298324228038,gate1d_t05_01,M_base(x) + (coefficient_exp_x1 * exp((rate_x1 * x1))),0.3724055514723385,-154.50663677584248,0.003706522021654585,True,True,0.045,20261001
T05,random_design,1,6,18,9,1.258607491427196,gate1d_t05_01,M_base(x) + (coefficient_exp_x1 * exp((rate_x1 * x1))),0.3700524670522715,-164.43241320930736,0.0035457668341308734,True,True,0.045,20261001
T05,random_design,1,7,19,9,1.259633378371486,gate1d_t05_01,M_base(x) + (coefficient_exp_x1 * exp((rate_x1 * x1))),0.35927663376860175,-174.30632495381033,0.0033385626577304988,True,True,0.045,20261001
T05,random_design,1,8,20,9,1.2087070993166786,gate1d_t05_01,M_base(x) + (coefficient_exp_x1 * exp((rate_x1 * x1))),0.3835579509364034,-178.3067355309368,0.004090353738445127,True,True,0.045,20261001
T05,model_information_gain,1,0,12,9,1.2842929223066224,gate1d_t05_01,M_base(x) + (coefficient_exp_x1 * exp((rate_x1 * x1))),0.32513175176196957,-111.31632850334063,0.005759720780286865,True,True,0.045,20261001
T05,model_information_gain,1,1,13,9,1.3156221757636586,gate1d_t05_03,M_base(x) + sin(exp(((pysr_coefficient_1 + (-1 * x1)) * pysr_coefficient_2))),0.30534602356949386,-120.80589231206115,0.007898264731403287,True,False,0.045,20261001
T05,model_information_gain,1,2,14,9,1.2966294119609647,gate1d_t05_02,M_base(x) + exp((pysr_coefficient_1 + (-1 * (x1 * pysr_coefficient_2)))),0.30539417615518044,-131.31711211872764,0.006018591351234837,True,False,0.045,20261001
T05,model_information_gain,1,3,15,9,1.2576484774023062,gate1d_t05_03,M_base(x) + sin(exp(((pysr_coefficient_1 + (-1 * x1)) * pysr_coefficient_2))),0.483312706651968,-135.9644876094791,0.007213193569179875,True,False,0.045,20261001
T05,model_information_gain,1,4,16,9,1.249826752831895,gate1d_t05_03,M_base(x) + sin(exp(((pysr_coefficient_1 + (-1 * x1)) * pysr_coefficient_2))),0.4864503560902432,-145.15564442573566,0.007474835880331146,True,False,0.045,20261001
T05,model_information_gain,1,5,17,9,1.2231322643411564,gate1d_t05_03,M_base(x) + sin(exp(((pysr_coefficient_1 + (-1 * x1)) * pysr_coefficient_2))),0.497585803955846,-155.28919689989917,0.00758043842617743,True,False,0.045,20261001
T05,model_information_gain,1,6,18,9,1.1188812471182281,gate1d_t05_04,M_base(x) + (sin(exp(((pysr_coefficient_1 + (-1 * x1)) * pysr_coefficient_2))) + (-1 * pysr_coefficient_3)),0.5101135636633669,-160.10308997165743,0.011861396724191403,True,False,0.045,20261001
T05,model_information_gain,1,7,19,9,1.2827564520627575,gate1d_t05_03,M_base(x) + sin(exp(((pysr_coefficient_1 + (-1 * x1)) * pysr_coefficient_2))),0.41497663423790576,-159.30054705150832,0.007253225743476374,True,False,0.045,20261001
T05,model_information_gain,1,8,20,9,1.2719301669751057,gate1d_t05_03,M_base(x) + sin(exp(((pysr_coefficient_1 + (-1 * x1)) * pysr_coefficient_2))),0.43867687065149263,-168.88525033121525,0.007192107865795071,True,False,0.045,20261001
T05,parameter_information_gain,1,0,12,9,1.2842929223066224,gate1d_t05_01,M_base(x) + (coefficient_exp_x1 * exp((rate_x1 * x1))),0.32513175176196957,-111.31632850334063,0.005759720780286865,True,True,0.045,20261001
T05,parameter_information_gain,1,1,13,9,1.3099325474325463,gate1d_t05_03,M_base(x) + sin(exp(((pysr_coefficient_1 + (-1 * x1)) * pysr_coefficient_2))),0.3621142009596539,-114.31620020050043,0.006742713043711683,True,False,0.045,20261001
T05,parameter_information_gain,1,2,14,9,1.3025662818288055,gate1d_t05_03,M_base(x) + sin(exp(((pysr_coefficient_1 + (-1 * x1)) * pysr_coefficient_2))),0.39444919724521094,-122.78771778635351,0.006845511967859185,True,False,0.045,20261001
T05,parameter_information_gain,1,3,15,9,1.3224133828991047,gate1d_t05_03,M_base(x) + sin(exp(((pysr_coefficient_1 + (-1 * x1)) * pysr_coefficient_2))),0.3546735468827864,-122.02344280895268,0.003698327722078013,True,False,0.045,20261001
T05,parameter_information_gain,1,4,16,9,1.334804525098472,gate1d_t05_03,M_base(x) + sin(exp(((pysr_coefficient_1 + (-1 * x1)) * pysr_coefficient_2))),0.3667159914620973,-131.03450943740953,0.003917268595131848,True,False,0.045,20261001
T05,parameter_information_gain,1,5,17,9,1.3327622814707734,gate1d_t05_03,M_base(x) + sin(exp(((pysr_coefficient_1 + (-1 * x1)) * pysr_coefficient_2))),0.3518223242810496,-139.57382014888037,0.003784469547269368,True,False,0.045,20261001
T05,parameter_information_gain,1,6,18,9,1.338719179346742,gate1d_t05_03,M_base(x) + sin(exp(((pysr_coefficient_1 + (-1 * x1)) * pysr_coefficient_2))),0.34837057590637605,-147.8459421342377,0.00282748951576288,True,False,0.045,20261001
T05,parameter_information_gain,1,7,19,9,1.3377754294047617,gate1d_t05_03,M_base(x) + sin(exp(((pysr_coefficient_1 + (-1 * x1)) * pysr_coefficient_2))),0.36185480705776,-157.05871144313443,0.002897456159131574,True,False,0.045,20261001
T05,parameter_information_gain,1,8,20,9,1.3178294786637654,gate1d_t05_03,M_base(x) + sin(exp(((pysr_coefficient_1 + (-1 * x1)) * pysr_coefficient_2))),0.3659437541723904,-163.48071102683244,0.00429311694422881,True,False,0.045,20261001
T05,joint_structure_parameter_information_gain,1,0,12,9,1.2842929223066224,gate1d_t05_01,M_base(x) + (coefficient_exp_x1 * exp((rate_x1 * x1))),0.32513175176196957,-111.31632850334063,0.005759720780286865,True,True,0.045,20261001
T05,joint_structure_parameter_information_gain,1,1,13,9,1.3099325474325463,gate1d_t05_03,M_base(x) + sin(exp(((pysr_coefficient_1 + (-1 * x1)) * pysr_coefficient_2))),0.3621142009596539,-114.31620020050043,0.006742713043711683,True,False,0.045,20261001
T05,joint_structure_parameter_information_gain,1,2,14,9,1.3259232245369197,gate1d_t05_03,M_base(x) + sin(exp(((pysr_coefficient_1 + (-1 * x1)) * pysr_coefficient_2))),0.38166165631903726,-123.8718595095772,0.0069560562891188785,True,False,0.045,20261001
T05,joint_structure_parameter_information_gain,1,3,15,9,1.3116362641128931,gate1d_t05_03,M_base(x) + sin(exp(((pysr_coefficient_1 + (-1 * x1)) * pysr_coefficient_2))),0.41287221274818603,-132.34984432044865,0.007051216924177808,True,False,0.045,20261001
T05,joint_structure_parameter_information_gain,1,4,16,9,1.3273665935153336,gate1d_t05_03,M_base(x) + sin(exp(((pysr_coefficient_1 + (-1 * x1)) * pysr_coefficient_2))),0.39927516764956905,-136.98534219334178,0.005078539419255247,True,False,0.045,20261001
T05,joint_structure_parameter_information_gain,1,5,17,9,1.3039262078727212,gate1d_t05_03,M_base(x) + sin(exp(((pysr_coefficient_1 + (-1 * x1)) * pysr_coefficient_2))),0.42094609765981417,-146.80042520100025,0.005064054820946811,True,False,0.045,20261001
T05,joint_structure_parameter_information_gain,1,6,18,9,1.310821352455796,gate1d_t05_03,M_base(x) + sin(exp(((pysr_coefficient_1 + (-1 * x1)) * pysr_coefficient_2))),0.3947668676462011,-155.35834223369972,0.004970598546137411,True,False,0.045,20261001
T05,joint_structure_parameter_information_gain,1,7,19,9,1.2970010570695878,gate1d_t05_03,M_base(x) + sin(exp(((pysr_coefficient_1 + (-1 * x1)) * pysr_coefficient_2))),0.3928810797253947,-162.04070315793226,0.006452272482812283,True,False,0.045,20261001
T05,joint_structure_parameter_information_gain,1,8,20,9,1.2890010264771163,gate1d_t05_03,M_base(x) + sin(exp(((pysr_coefficient_1 + (-1 * x1)) * pysr_coefficient_2))),0.4164689088221103,-171.380216652972,0.006472310163363675,True,False,0.045,20261001
T06,space_filling_design,1,0,12,9,0.697149860630253,gate1b_t06_01,M_base(x) + (tanh((p0 + (p1 * x2))) * p2),0.49974645867365175,-108.8502109225288,0.0024852309712184925,True,False,0.045,20261001
T06,space_filling_design,1,1,13,9,0.6931473918525892,gate1b_t06_02,M_base(x) + (a * tanh((b * (x2 - c)))),0.4999999945182537,-117.23899573982605,0.004995429099203712,True,False,0.045,20261001
T06,space_filling_design,1,2,14,9,0.6931472222894806,gate1b_t06_01,M_base(x) + (tanh((p0 + (p1 * x2))) * p2),0.4999999990115276,-126.50678046872275,0.005233215812057155,True,False,0.045,20261001
T06,space_filling_design,1,3,15,9,0.6931473254997433,gate1b_t06_02,M_base(x) + (a * tanh((b * (x2 - c)))),0.49999999638977516,-129.836779122821,0.0027586354566190166,True,False,0.045,20261001
T06,space_filling_design,1,4,16,9,0.6931472240849986,gate1b_t06_01,M_base(x) + (tanh((p0 + (p1 * x2))) * p2),0.49999999897987163,-139.82428241157697,0.00280489761085582,True,False,0.045,20261001
T06,space_filling_design,1,5,17,9,0.6931471928402061,gate1b_t06_01,M_base(x) + (tanh((p0 + (p1 * x2))) * p2),0.4999999997251509,-148.98037994509613,0.002578915542545743,True,False,0.045,20261001
T06,space_filling_design,1,6,18,9,0.6931471877824582,gate1b_t06_01,M_base(x) + (tanh((p0 + (p1 * x2))) * p2),0.49999999984192617,-157.55977134082872,0.002801149662912021,True,False,0.045,20261001
T06,space_filling_design,1,7,19,9,0.6931471838589567,gate1b_t06_01,M_base(x) + (tanh((p0 + (p1 * x2))) * p2),0.49999999993144617,-164.8760605480146,0.0026802920825418535,True,False,0.045,20261001
T06,space_filling_design,1,8,20,9,0.693147206100077,gate1b_t06_02,M_base(x) + (a * tanh((b * (x2 - c)))),0.49999999941764595,-167.45950465933348,0.004602209021075858,True,False,0.045,20261001
T06,random_design,1,0,12,9,0.697149860630253,gate1b_t06_01,M_base(x) + (tanh((p0 + (p1 * x2))) * p2),0.49974645867365175,-108.8502109225288,0.0024852309712184925,True,False,0.045,20261001
T06,random_design,1,1,13,9,0.6933326900556241,gate1b_t06_01,M_base(x) + (tanh((p0 + (p1 * x2))) * p2),0.4999918116760112,-117.64924120292032,0.0025270904845096213,True,False,0.045,20261001
T06,random_design,1,2,14,9,0.6931472423294891,gate1b_t06_02,M_base(x) + (a * tanh((b * (x2 - c)))),0.49999999850546983,-126.71682196535733,0.00392034486668509,True,False,0.045,20261001
T06,random_design,1,3,15,9,0.6931471932903578,gate1b_t06_02,M_base(x) + (a * tanh((b * (x2 - c)))),0.4999999997070124,-137.1586879551141,0.0039212875498960634,True,False,0.045,20261001
T06,random_design,1,4,16,9,0.6931472847566407,gate1b_t06_02,M_base(x) + (a * tanh((b * (x2 - c)))),0.499999997325398,-140.36750614829577,0.0030535113385442413,True,False,0.045,20261001
T06,random_design,1,5,17,9,0.6931472041599058,gate1b_t06_02,M_base(x) + (a * tanh((b * (x2 - c)))),0.49999999943996376,-150.4533234699302,0.00294241918117172,True,False,0.045,20261001
T06,random_design,1,6,18,9,0.6931471905953336,gate1b_t06_02,M_base(x) + (a * tanh((b * (x2 - c)))),0.49999999977123977,-159.97848049258835,0.0029628958616048995,True,False,0.045,20261001
T06,random_design,1,7,19,9,0.6931472662767013,gate1b_t06_02,M_base(x) + (a * tanh((b * (x2 - c)))),0.4999999978194147,-163.03020999647367,0.003986698339236909,True,False,0.045,20261001
T06,random_design,1,8,20,9,0.6931472162269774,gate1b_t06_01,M_base(x) + (tanh((p0 + (p1 * x2))) * p2),0.4999999991325596,-172.81316191981915,0.0038207782067957077,True,False,0.045,20261001
T06,model_information_gain,1,0,12,9,0.697149860630253,gate1b_t06_01,M_base(x) + (tanh((p0 + (p1 * x2))) * p2),0.49974645867365175,-108.8502109225288,0.0024852309712184925,True,False,0.045,20261001
T06,model_information_gain,1,1,13,9,0.6931472562620529,gate1b_t06_01,M_base(x) + (tanh((p0 + (p1 * x2))) * p2),0.4999999981637202,-118.36786926489198,0.0023245904144615095,True,False,0.045,20261001
T06,model_information_gain,1,2,14,9,0.6931471908903011,gate1b_t06_02,M_base(x) + (a * tanh((b * (x2 - c)))),0.499999999766709,-128.43355101244083,0.0025079789019779516,True,False,0.045,20261001
T06,model_information_gain,1,3,15,9,0.6931471814477227,gate1b_t06_02,M_base(x) + (a * tanh((b * (x2 - c)))),0.49999999998228106,-138.95755381723853,0.0026352073423039175,True,False,0.045,20261001
T06,model_information_gain,1,4,16,9,0.6931471806373072,gate1b_t06_01,M_base(x) + (tanh((p0 + (p1 * x2))) * p2),0.4999999999986161,-149.58782172114616,0.0027114436893568576,True,False,0.045,20261001
T06,model_information_gain,1,5,17,9,0.693147180580306,gate1b_t06_02,M_base(x) + (a * tanh((b * (x2 - c)))),0.49999999999965505,-158.74969610291717,0.002074095619019597,True,False,0.045,20261001
T06,model_information_gain,1,6,18,9,0.6931471805637875,gate1b_t06_01,M_base(x) + (tanh((p0 + (p1 * x2))) * p2),0.4999999999999525,-168.5136203507107,0.0024850639593188137,True,False,0.045,20261001
T06,model_information_gain,1,7,19,9,0.6931471805631839,gate1b_t06_01,M_base(x) + (tanh((p0 + (p1 * x2))) * p2),0.4999999999999589,-175.6894371124259,0.0031697219266101882,True,False,0.045,20261001
T06,model_information_gain,1,8,20,9,0.6931471805692894,gate1b_t06_01,M_base(x) + (tanh((p0 + (p1 * x2))) * p2),0.4999999999998524,-180.56896734441082,0.0022753400230469995,True,False,0.045,20261001
T06,parameter_information_gain,1,0,12,9,0.697149860630253,gate1b_t06_01,M_base(x) + (tanh((p0 + (p1 * x2))) * p2),0.49974645867365175,-108.8502109225288,0.0024852309712184925,True,False,0.045,20261001
T06,parameter_information_gain,1,1,13,9,0.6931472562620529,gate1b_t06_01,M_base(x) + (tanh((p0 + (p1 * x2))) * p2),0.4999999981637202,-118.36786926489198,0.0023245904144615095,True,False,0.045,20261001
T06,parameter_information_gain,1,2,14,9,0.6931471904278446,gate1b_t06_01,M_base(x) + (tanh((p0 + (p1 * x2))) * p2),0.4999999997811547,-128.08835778641668,0.0027043199083241517,True,False,0.045,20261001
T06,parameter_information_gain,1,3,15,9,0.693147182619431,gate1b_t06_02,M_base(x) + (a * tanh((b * (x2 - c)))),0.49999999995705874,-137.34898316111165,0.001944433353249192,True,False,0.045,20261001
T06,parameter_information_gain,1,4,16,9,0.6931471809388231,gate1b_t06_02,M_base(x) + (a * tanh((b * (x2 - c)))),0.49999999999266304,-147.84342061964674,0.0018416132698809856,True,False,0.045,20261001
T06,parameter_information_gain,1,5,17,9,0.6931471806222815,gate1b_t06_01,M_base(x) + (tanh((p0 + (p1 * x2))) * p2),0.4999999999988915,-158.27533642376977,0.001962128172055154,True,False,0.045,20261001
T06,parameter_information_gain,1,6,18,9,0.6931471805929182,gate1b_t06_01,M_base(x) + (tanh((p0 + (p1 * x2))) * p2),0.499999999999432,-164.91678468705268,0.0028973137714473716,True,False,0.045,20261001
T06,parameter_information_gain,1,7,19,9,0.693147181442566,gate1b_t06_01,M_base(x) + (tanh((p0 + (p1 * x2))) * p2),0.49999999998248695,-165.26378754486657,0.005854179781431267,True,False,0.045,20261001
T06,parameter_information_gain,1,8,20,9,0.6931471808389229,gate1b_t06_01,M_base(x) + (tanh((p0 + (p1 * x2))) * p2),0.4999999999947427,-174.59839666447894,0.0056430359848562905,True,False,0.045,20261001
T06,joint_structure_parameter_information_gain,1,0,12,9,0.697149860630253,gate1b_t06_01,M_base(x) + (tanh((p0 + (p1 * x2))) * p2),0.49974645867365175,-108.8502109225288,0.0024852309712184925,True,False,0.045,20261001
T06,joint_structure_parameter_information_gain,1,1,13,9,0.6931472562620529,gate1b_t06_01,M_base(x) + (tanh((p0 + (p1 * x2))) * p2),0.4999999981637202,-118.36786926489198,0.0023245904144615095,True,False,0.045,20261001
T06,joint_structure_parameter_information_gain,1,2,14,9,0.6931471904278446,gate1b_t06_01,M_base(x) + (tanh((p0 + (p1 * x2))) * p2),0.4999999997811547,-128.08835778641668,0.0027043199083241517,True,False,0.045,20261001
T06,joint_structure_parameter_information_gain,1,3,15,9,0.693147182619431,gate1b_t06_02,M_base(x) + (a * tanh((b * (x2 - c)))),0.49999999995705874,-137.34898316111165,0.001944433353249192,True,False,0.045,20261001
T06,joint_structure_parameter_information_gain,1,4,16,9,0.6931471809388231,gate1b_t06_02,M_base(x) + (a * tanh((b * (x2 - c)))),0.49999999999266304,-147.84342061964674,0.0018416132698809856,True,False,0.045,20261001
T06,joint_structure_parameter_information_gain,1,5,17,9,0.6931471806222815,gate1b_t06_01,M_base(x) + (tanh((p0 + (p1 * x2))) * p2),0.4999999999988915,-158.27533642376977,0.001962128172055154,True,False,0.045,20261001
T06,joint_structure_parameter_information_gain,1,6,18,9,0.6931471805929182,gate1b_t06_01,M_base(x) + (tanh((p0 + (p1 * x2))) * p2),0.499999999999432,-164.91678468705268,0.0028973137714473716,True,False,0.045,20261001
T06,joint_structure_parameter_information_gain,1,7,19,9,0.693147181442566,gate1b_t06_01,M_base(x) + (tanh((p0 + (p1 * x2))) * p2),0.49999999998248695,-165.26378754486657,0.005854179781431267,True,False,0.045,20261001
T06,joint_structure_parameter_information_gain,1,8,20,9,0.6931471808389229,gate1b_t06_01,M_base(x) + (tanh((p0 + (p1 * x2))) * p2),0.4999999999947427,-174.59839666447894,0.0056430359848562905,True,False,0.045,20261001
T01,space_filling_design,1,0,12,9,2.019911550674176,gate1d_t01_02,M_base(x) + (p0 * (x1 ^ 2)),0.2437825557372433,-92.79203270563713,0.004086678509062384,True,True,0.06,20261009
T01,space_filling_design,1,1,13,9,1.820344437665177,gate1d_t01_02,M_base(x) + (p0 * (x1 ^ 2)),0.30601228052282703,-101.35944871515724,0.008745002786740588,True,True,0.06,20261009
T01,space_filling_design,1,2,14,9,1.741836960478155,gate1d_t01_02,M_base(x) + (p0 * (x1 ^ 2)),0.2861136273092564,-109.55295244712586,0.002561736982226961,True,True,0.06,20261009
T01,space_filling_design,1,3,15,9,1.6697141491925382,gate1d_t01_02,M_base(x) + (p0 * (x1 ^ 2)),0.29487766732171544,-118.4705151561617,0.00322503497057755,True,True,0.06,20261009
T01,space_filling_design,1,4,16,9,1.6321199528789594,gate1d_t01_02,M_base(x) + (p0 * (x1 ^ 2)),0.33913108459678126,-127.46804210873917,0.0037728461581554764,True,True,0.06,20261009
T01,space_filling_design,1,5,17,9,1.5807635454892068,gate1d_t01_02,M_base(x) + (p0 * (x1 ^ 2)),0.323923856319386,-136.25053294974919,0.0045520268509159426,True,True,0.06,20261009
T01,space_filling_design,1,6,18,9,1.556181949092677,gate1d_t01_02,M_base(x) + (p0 * (x1 ^ 2)),0.4032330476616198,-144.9181532629697,0.0028414999083207007,True,True,0.06,20261009
T01,space_filling_design,1,7,19,9,1.564823045129649,gate1d_t01_02,M_base(x) + (p0 * (x1 ^ 2)),0.38213297242650596,-153.80620316291012,0.0021661821746605126,True,True,0.06,20261009
T01,space_filling_design,1,8,20,9,1.5788927563141577,gate1d_t01_02,M_base(x) + (p0 * (x1 ^ 2)),0.3055483338961721,-161.8523436701561,1.8714149966995972e-05,True,True,0.06,20261009
T01,random_design,1,0,12,9,2.019911550674176,gate1d_t01_02,M_base(x) + (p0 * (x1 ^ 2)),0.2437825557372433,-92.79203270563713,0.004086678509062384,True,True,0.06,20261009
T01,random_design,1,1,13,9,1.7645851547626834,gate1d_t01_02,M_base(x) + (p0 * (x1 ^ 2)),0.38185589749917637,-101.59937362675797,0.010202333453236274,True,True,0.06,20261009
T01,random_design,1,2,14,9,1.7334592436572123,gate1d_t01_02,M_base(x) + (p0 * (x1 ^ 2)),0.4023365528606726,-110.46583842597282,0.0070456895916442015,True,True,0.06,20261009
T01,random_design,1,3,15,9,1.863702038010863,gate1d_t01_02,M_base(x) + (p0 * (x1 ^ 2)),0.278630551093954,-117.13867597124,0.0029219574942007257,True,True,0.06,20261009
T01,random_design,1,4,16,9,1.8899724532849955,gate1d_t01_02,M_base(x) + (p0 * (x1 ^ 2)),0.20607544419417514,-124.98500150189169,0.0006094211964974088,True,True,0.06,20261009
T01,random_design,1,5,17,9,1.886885837818583,gate1d_t01_02,M_base(x) + (p0 * (x1 ^ 2)),0.22278151391384293,-133.93423239549358,0.0007579069885344216,True,True,0.06,20261009
T01,random_design,1,6,18,9,1.8725373132239893,gate1d_t01_02,M_base(x) + (p0 * (x1 ^ 2)),0.21721037074458913,-142.47243414181827,0.0013792067991850777,True,True,0.06,20261009
T01,random_design,1,7,19,9,1.8763111222458673,gate1d_t01_02,M_base(x) + (p0 * (x1 ^ 2)),0.19301796312521755,-151.2180771681956,0.0020079168179780002,True,True,0.06,20261009
T01,random_design,1,8,20,9,1.874004479904178,gate1d_t01_02,M_base(x) + (p0 * (x1 ^ 2)),0.22178393027821597,-160.21921311658423,0.002706302290703656,True,True,0.06,20261009
T01,model_information_gain,1,0,12,9,2.019911550674176,gate1d_t01_02,M_base(x) + (p0 * (x1 ^ 2)),0.2437825557372433,-92.79203270563713,0.004086678509062384,True,True,0.06,20261009
T01,model_information_gain,1,1,13,9,1.6847622713273358,gate1d_t01_02,M_base(x) + (p0 * (x1 ^ 2)),0.3836593635278617,-101.69089605470754,0.004911477188225133,True,True,0.06,20261009
T01,model_information_gain,1,2,14,9,1.7418369604781585,gate1d_t01_02,M_base(x) + (p0 * (x1 ^ 2)),0.2861136273092559,-109.55295244712586,0.002561736982226961,True,True,0.06,20261009
T01,model_information_gain,1,3,15,9,1.7498573990838455,gate1d_t01_02,M_base(x) + (p0 * (x1 ^ 2)),0.3316316630397642,-118.29819900108804,0.0012335364614228877,True,True,0.06,20261009
T01,model_information_gain,1,4,16,9,1.740345110823629,gate1d_t01_02,M_base(x) + (p0 * (x1 ^ 2)),0.38704750829724927,-126.04669499092329,0.0055122721247988895,True,True,0.06,20261009
T01,model_information_gain,1,5,17,9,1.574941002426565,gate1d_t01_02,M_base(x) + (p0 * (x1 ^ 2)),0.4237628844897679,-132.2484865760693,0.008137932809087136,True,True,0.06,20261009
T01,model_information_gain,1,6,18,9,1.5332991579769244,gate1d_t01_02,M_base(x) + (p0 * (x1 ^ 2)),0.3825207242969122,-139.6652680984543,0.010259605275343399,True,True,0.06,20261009
T01,model_information_gain,1,7,19,9,1.5036157641716967,gate1d_t01_02,M_base(x) + (p0 * (x1 ^ 2)),0.4313493717351278,-148.41649422846461,0.011256269560674267,True,True,0.06,20261009
T01,model_information_gain,1,8,20,9,1.41268908925011,gate1d_t01_02,M_base(x) + (p0 * (x1 ^ 2)),0.5109382540383014,-155.21903365298732,0.008035286015673968,True,True,0.06,20261009
T01,parameter_information_gain,1,0,12,9,2.019911550674176,gate1d_t01_02,M_base(x) + (p0 * (x1 ^ 2)),0.2437825557372433,-92.79203270563713,0.004086678509062384,True,True,0.06,20261009
T01,parameter_information_gain,1,1,13,9,1.820344437665177,gate1d_t01_02,M_base(x) + (p0 * (x1 ^ 2)),0.30601228052282703,-101.35944871515724,0.008745002786740588,True,True,0.06,20261009
T01,parameter_information_gain,1,2,14,9,1.741836960478155,gate1d_t01_02,M_base(x) + (p0 * (x1 ^ 2)),0.2861136273092564,-109.55295244712586,0.002561736982226961,True,True,0.06,20261009
T01,parameter_information_gain,1,3,15,9,1.692553280920016,gate1d_t01_02,M_base(x) + (p0 * (x1 ^ 2)),0.38910588310046956,-117.91656654014403,0.0008127098378840217,True,True,0.06,20261009
T01,parameter_information_gain,1,4,16,9,1.6770429194980432,gate1d_t01_02,M_base(x) + (p0 * (x1 ^ 2)),0.42767094838246633,-125.24450555752692,0.0032702612660970984,True,True,0.06,20261009
T01,parameter_information_gain,1,5,17,9,1.663807528690966,gate1d_t01_02,M_base(x) + (p0 * (x1 ^ 2)),0.4278783840860663,-133.23269583460444,0.0007842781698020351,True,True,0.06,20261009
T01,parameter_information_gain,1,6,18,9,1.7033850253689358,gate1d_t01_02,M_base(x) + (p0 * (x1 ^ 2)),0.38381857255038965,-140.96597191031526,0.003093140175379378,True,True,0.06,20261009
T01,parameter_information_gain,1,7,19,9,1.6939174039876004,gate1d_t01_02,M_base(x) + (p0 * (x1 ^ 2)),0.38628656877646683,-149.892163033718,0.0027501455418976507,True,True,0.06,20261009
T01,parameter_information_gain,1,8,20,9,1.6279062306448282,gate1d_t01_02,M_base(x) + (p0 * (x1 ^ 2)),0.46073935531143,-154.6997374592676,0.000450285306176184,True,True,0.06,20261009
T01,joint_structure_parameter_information_gain,1,0,12,9,2.019911550674176,gate1d_t01_02,M_base(x) + (p0 * (x1 ^ 2)),0.2437825557372433,-92.79203270563713,0.004086678509062384,True,True,0.06,20261009
T01,joint_structure_parameter_information_gain,1,1,13,9,1.6847622713273358,gate1d_t01_02,M_base(x) + (p0 * (x1 ^ 2)),0.3836593635278617,-101.69089605470754,0.004911477188225133,True,True,0.06,20261009
T01,joint_structure_parameter_information_gain,1,2,14,9,1.7418369604781585,gate1d_t01_02,M_base(x) + (p0 * (x1 ^ 2)),0.2861136273092559,-109.55295244712586,0.002561736982226961,True,True,0.06,20261009
T01,joint_structure_parameter_information_gain,1,3,15,9,1.7443011685892622,gate1d_t01_02,M_base(x) + (p0 * (x1 ^ 2)),0.37510040693387525,-117.53997286247625,0.006865425188740344,True,True,0.06,20261009
T01,joint_structure_parameter_information_gain,1,4,16,9,1.6770429194980419,gate1d_t01_02,M_base(x) + (p0 * (x1 ^ 2)),0.4276709483824655,-125.24450555752692,0.0032702612660970984,True,True,0.06,20261009
T01,joint_structure_parameter_information_gain,1,5,17,9,1.663807528690964,gate1d_t01_02,M_base(x) + (p0 * (x1 ^ 2)),0.42787838408607043,-133.23269583460444,0.0007842781698020351,True,True,0.06,20261009
T01,joint_structure_parameter_information_gain,1,6,18,9,1.7033850253689389,gate1d_t01_02,M_base(x) + (p0 * (x1 ^ 2)),0.38381857255038865,-140.96597191031526,0.003093140175379378,True,True,0.06,20261009
T01,joint_structure_parameter_information_gain,1,7,19,9,1.6939174039876055,gate1d_t01_02,M_base(x) + (p0 * (x1 ^ 2)),0.3862865687764643,-149.892163033718,0.0027501455418976507,True,True,0.06,20261009
T01,joint_structure_parameter_information_gain,1,8,20,9,1.6279062306448335,gate1d_t01_02,M_base(x) + (p0 * (x1 ^ 2)),0.46073935531142485,-154.6997374592676,0.000450285306176184,True,True,0.06,20261009
T02,space_filling_design,1,0,12,9,0.0020819891514783292,gate1d_t02_01,M_base(x) * (1 + (p6 * x1 * x2)),0.9998075267586274,-96.18354890950687,0.0026096231982890325,True,True,0.06,20261009
T02,space_filling_design,1,1,13,9,2.391061073660729e-05,gate1d_t02_01,M_base(x) * (1 + (p6 * x1 * x2)),0.9999984102405889,-104.99845097893545,0.00029356964015183837,True,True,0.06,20261009
T02,space_filling_design,1,2,14,9,2.730010093916904e-08,gate1d_t02_01,M_base(x) * (1 + (p6 * x1 * x2)),0.9999999987306807,-113.8648668539524,0.0036166077566709763,True,True,0.06,20261009
T02,space_filling_design,1,3,15,9,9.250944047832584e-09,gate1d_t02_01,M_base(x) * (1 + (p6 * x1 * x2)),0.9999999995912817,-122.47027633287347,0.0028292466705416817,True,True,0.06,20261009
T02,space_filling_design,1,4,16,9,3.669470849730738e-12,gate1d_t02_01,M_base(x) * (1 + (p6 * x1 * x2)),0.9999999999998817,-131.50076714187767,5.507366493599296e-05,True,True,0.06,20261009
T02,space_filling_design,1,5,17,9,1.7399965787112397e-13,gate1d_t02_01,M_base(x) * (1 + (p6 * x1 * x2)),0.9999999999999949,-135.0195586320373,0.004639702264083436,True,True,0.06,20261009
T02,space_filling_design,1,6,18,9,2.8197506102905766e-14,gate1d_t02_01,M_base(x) * (1 + (p6 * x1 * x2)),0.9999999999999992,-144.06327455829387,0.004645874037747718,True,True,0.06,20261009
T02,space_filling_design,1,7,19,9,4.50998096611112e-15,gate1d_t02_01,M_base(x) * (1 + (p6 * x1 * x2)),0.9999999999999999,-152.57041542292876,0.004161502946899103,True,True,0.06,20261009
T02,space_filling_design,1,8,20,9,2.9212396628862643e-15,gate1d_t02_01,M_base(x) * (1 + (p6 * x1 * x2)),0.9999999999999999,-158.56914154599147,0.0033649256119661825,True,True,0.06,20261009
T02,random_design,1,0,12,9,0.0020819891514783292,gate1d_t02_01,M_base(x) * (1 + (p6 * x1 * x2)),0.9998075267586274,-96.18354890950687,0.0026096231982890325,True,True,0.06,20261009
T02,random_design,1,1,13,9,0.0008888269914439378,gate1d_t02_01,M_base(x) * (1 + (p6 * x1 * x2)),0.9999246483231642,-103.9322907077712,0.006343255148397916,True,True,0.06,20261009
T02,random_design,1,2,14,9,0.0003426065566542148,gate1d_t02_01,M_base(x) * (1 + (p6 * x1 * x2)),0.9999724552305941,-111.03267729775375,0.00412175838892337,True,True,0.06,20261009
T02,random_design,1,3,15,9,7.404625209415621e-07,gate1d_t02_01,M_base(x) * (1 + (p6 * x1 * x2)),0.9999999596793927,-120.05049047493014,0.002685204701147262,True,True,0.06,20261009
T02,random_design,1,4,16,9,1.0882328602151114e-07,gate1d_t02_01,M_base(x) * (1 + (p6 * x1 * x2)),0.9999999946508261,-128.4814232543627,0.0014967131821650077,True,True,0.06,20261009
T02,random_design,1,5,17,9,3.6479068691588975e-08,gate1d_t02_01,M_base(x) * (1 + (p6 * x1 * x2)),0.9999999982999381,-137.65442011848222,0.0014964198817513374,True,True,0.06,20261009
T02,random_design,1,6,18,9,8.150944475757391e-09,gate1d_t02_01,M_base(x) * (1 + (p6 * x1 * x2)),0.999999999645763,-146.87700781187544,0.0017629893102701526,True,True,0.06,20261009
T02,random_design,1,7,19,9,6.592213230031403e-09,gate1d_t02_01,M_base(x) * (1 + (p6 * x1 * x2)),0.9999999997161572,-154.16705461065806,0.0015956480820919147,True,True,0.06,20261009
T02,random_design,1,8,20,9,1.1644370294692538e-09,gate1d_t02_01,M_base(x) * (1 + (p6 * x1 * x2)),0.9999999999535252,-162.74805967119772,0.0028855720619171414,True,True,0.06,20261009
T02,model_information_gain,1,0,12,9,0.0020819891514783292,gate1d_t02_01,M_base(x) * (1 + (p6 * x1 * x2)),0.9998075267586274,-96.18354890950687,0.0026096231982890325,True,True,0.06,20261009
T02,model_information_gain,1,1,13,9,2.391061073660729e-05,gate1d_t02_01,M_base(x) * (1 + (p6 * x1 * x2)),0.9999984102405889,-104.99845097893545,0.00029356964015183837,True,True,0.06,20261009
T02,model_information_gain,1,2,14,9,2.730010093916904e-08,gate1d_t02_01,M_base(x) * (1 + (p6 * x1 * x2)),0.9999999987306807,-113.8648668539524,0.0036166077566709763,True,True,0.06,20261009
T02,model_information_gain,1,3,15,9,1.1590157134391727e-10,gate1d_t02_01,M_base(x) * (1 + (p6 * x1 * x2)),0.9999999999957879,-118.6371395095677,0.008068628454744087,True,True,0.06,20261009
T02,model_information_gain,1,4,16,9,4.2883435773039325e-11,gate1d_t02_01,M_base(x) * (1 + (p6 * x1 * x2)),0.9999999999985101,-119.95026098210334,0.0004541672287835522,True,True,0.06,20261009
T02,model_information_gain,1,5,17,9,1.823609360959453e-12,gate1d_t02_01,M_base(x) * (1 + (p6 * x1 * x2)),0.9999999999999425,-128.53787956056408,0.00022442378585517042,True,True,0.06,20261009
T02,model_information_gain,1,6,18,9,1.5640598324008312e-13,gate1d_t02_01,M_base(x) * (1 + (p6 * x1 * x2)),0.9999999999999954,-134.13964694352634,0.0026057366304288888,True,True,0.06,20261009
T02,model_information_gain,1,7,19,9,1.67842145409356e-14,gate1d_t02_01,M_base(x) * (1 + (p6 * x1 * x2)),0.9999999999999996,-142.2467832049,0.0023079441682144,True,True,0.06,20261009
T02,model_information_gain,1,8,20,9,1.128613429128372e-15,gate1d_t02_01,M_base(x) * (1 + (p6 * x1 * x2)),1.0,-150.53642774675373,0.002744237706292223,True,True,0.06,20261009
T02,parameter_information_gain,1,0,12,9,0.0020819891514783292,gate1d_t02_01,M_base(x) * (1 + (p6 * x1 * x2)),0.9998075267586274,-96.18354890950687,0.0026096231982890325,True,True,0.06,20261009
T02,parameter_information_gain,1,1,13,9,7.300747662596398e-05,gate1d_t02_01,M_base(x) * (1 + (p6 * x1 * x2)),0.9999946184972864,-105.25230835084315,0.0007014461919356738,True,True,0.06,20261009
T02,parameter_information_gain,1,2,14,9,2.9183630065623568e-05,gate1d_t02_01,M_base(x) * (1 + (p6 * x1 * x2)),0.9999979884265066,-114.41329963596903,0.0014672259504745066,True,True,0.06,20261009
T02,parameter_information_gain,1,3,15,9,7.202540147204578e-05,gate1d_t02_01,M_base(x) * (1 + (p6 * x1 * x2)),0.9999946117062655,-118.94913968787323,0.004995194084171023,True,True,0.06,20261009
T02,parameter_information_gain,1,4,16,9,2.5152058315262527e-05,gate1d_t02_01,M_base(x) * (1 + (p6 * x1 * x2)),0.9999982569031366,-127.90829706050188,0.0054409393647236876,True,True,0.06,20261009
T02,parameter_information_gain,1,5,17,9,8.491150518335474e-06,gate1d_t02_01,M_base(x) * (1 + (p6 * x1 * x2)),0.9999994550106119,-137.0363722058791,0.005538988455727417,True,True,0.06,20261009
T02,parameter_information_gain,1,6,18,9,1.6533008206714575e-06,gate1d_t02_01,M_base(x) * (1 + (p6 * x1 * x2)),0.9999999042453072,-145.2861958269241,0.00471892786390297,True,True,0.06,20261009
T02,parameter_information_gain,1,7,19,8,8.258930549285378e-12,gate1d_t02_01,M_base(x) * (1 + (p6 * x1 * x2)),0.9999999999997333,-145.5206243941202,0.0022897032149053775,True,True,0.06,20261009
T02,parameter_information_gain,1,8,20,8,1.6949248751583386e-12,gate1d_t02_01,M_base(x) * (1 + (p6 * x1 * x2)),0.9999999999999482,-154.04122208256643,0.0018782566946272338,True,True,0.06,20261009
T02,joint_structure_parameter_information_gain,1,0,12,9,0.0020819891514783292,gate1d_t02_01,M_base(x) * (1 + (p6 * x1 * x2)),0.9998075267586274,-96.18354890950687,0.0026096231982890325,True,True,0.06,20261009
T02,joint_structure_parameter_information_gain,1,1,13,9,7.300747662596398e-05,gate1d_t02_01,M_base(x) * (1 + (p6 * x1 * x2)),0.9999946184972864,-105.25230835084315,0.0007014461919356738,True,True,0.06,20261009
T02,joint_structure_parameter_information_gain,1,2,14,9,2.9183630065623568e-05,gate1d_t02_01,M_base(x) * (1 + (p6 * x1 * x2)),0.9999979884265066,-114.41329963596903,0.0014672259504745066,True,True,0.06,20261009
T02,joint_structure_parameter_information_gain,1,3,15,9,7.202540147204578e-05,gate1d_t02_01,M_base(x) * (1 + (p6 * x1 * x2)),0.9999946117062655,-118.94913968787323,0.004995194084171023,True,True,0.06,20261009
T02,joint_structure_parameter_information_gain,1,4,16,9,2.5152058315262527e-05,gate1d_t02_01,M_base(x) * (1 + (p6 * x1 * x2)),0.9999982569031366,-127.90829706050188,0.0054409393647236876,True,True,0.06,20261009
T02,joint_structure_parameter_information_gain,1,5,17,9,8.491150518335474e-06,gate1d_t02_01,M_base(x) * (1 + (p6 * x1 * x2)),0.9999994550106119,-137.0363722058791,0.005538988455727417,True,True,0.06,20261009
T02,joint_structure_parameter_information_gain,1,6,18,9,1.6533008206714575e-06,gate1d_t02_01,M_base(x) * (1 + (p6 * x1 * x2)),0.9999999042453072,-145.2861958269241,0.00471892786390297,True,True,0.06,20261009
T02,joint_structure_parameter_information_gain,1,7,19,8,8.258930549285378e-12,gate1d_t02_01,M_base(x) * (1 + (p6 * x1 * x2)),0.9999999999997333,-145.5206243941202,0.0022897032149053775,True,True,0.06,20261009
T02,joint_structure_parameter_information_gain,1,8,20,8,1.6949248751583386e-12,gate1d_t02_01,M_base(x) * (1 + (p6 * x1 * x2)),0.9999999999999482,-154.04122208256643,0.0018782566946272338,True,True,0.06,20261009
T03,space_filling_design,1,0,12,9,1.462779062183424,gate1d_t03_03,M_base(x) + sin((pysr_coefficient_1 * (sin(x2) + (-1 * x2)))),0.28510234746426816,-83.92103870865171,0.11221472498197306,False,False,0.07500000000000001,20261009
T03,space_filling_design,1,1,13,9,0.6745113384781155,gate1d_t03_02,M_base(x) + ((sin(x2) + (-1 * x2)) * pysr_coefficient_1),0.609775238089286,-91.79457255260444,0.015156170951101883,True,False,0.07500000000000001,20261009
T03,space_filling_design,1,2,14,9,0.6690552674137913,gate1d_t03_02,M_base(x) + ((sin(x2) + (-1 * x2)) * pysr_coefficient_1),0.6174470340032703,-99.9287656329255,0.015156183024999778,True,False,0.07500000000000001,20261009
T03,space_filling_design,1,3,15,9,0.681310504153449,gate1d_t03_02,M_base(x) + ((sin(x2) + (-1 * x2)) * pysr_coefficient_1),0.5864851264506278,-106.97926310289104,0.016781885296988607,True,False,0.07500000000000001,20261009
T03,space_filling_design,1,4,16,9,0.6716789425693998,gate1d_t03_02,M_base(x) + ((sin(x2) + (-1 * x2)) * pysr_coefficient_1),0.6033905495422602,-115.14042377767859,0.015875631216277535,True,False,0.07500000000000001,20261009
T03,space_filling_design,1,5,17,9,0.6649560678280908,gate1d_t03_01,M_base(x) + (coefficient_cubic_x2 * (x2 ^ 3)),0.618163456870152,-122.53499685509149,0.001954310680039469,True,True,0.07500000000000001,20261009
T03,space_filling_design,1,6,18,9,0.6014125772562784,gate1d_t03_01,M_base(x) + (coefficient_cubic_x2 * (x2 ^ 3)),0.7108236226335422,-129.58938957280833,0.0018837161080154478,True,True,0.07500000000000001,20261009
T03,space_filling_design,1,7,19,9,0.3087924122966449,gate1d_t03_01,M_base(x) + (coefficient_cubic_x2 * (x2 ^ 3)),0.9072772529585726,-134.31506651876887,0.007828145169335905,True,True,0.07500000000000001,20261009
T03,space_filling_design,1,8,20,9,0.4525716720661101,gate1d_t03_01,M_base(x) + (coefficient_cubic_x2 * (x2 ^ 3)),0.8320806593421408,-140.7531597226393,0.004213982520795509,True,True,0.07500000000000001,20261009
T03,random_design,1,0,12,9,1.462779062183424,gate1d_t03_03,M_base(x) + sin((pysr_coefficient_1 * (sin(x2) + (-1 * x2)))),0.28510234746426816,-83.92103870865171,0.11221472498197306,False,False,0.07500000000000001,20261009
T03,random_design,1,1,13,9,0.692034152150547,gate1d_t03_02,M_base(x) + ((sin(x2) + (-1 * x2)) * pysr_coefficient_1),0.5243377675486024,-91.32574150794255,0.01911425802520962,True,False,0.07500000000000001,20261009
T03,random_design,1,2,14,9,0.6866375839310082,gate1d_t03_01,M_base(x) + (coefficient_cubic_x2 * (x2 ^ 3)),0.557014927572375,-98.02816296784044,0.02063163966481785,True,True,0.07500000000000001,20261009
T03,random_design,1,3,15,9,0.6755938515048119,gate1d_t03_01,M_base(x) + (coefficient_cubic_x2 * (x2 ^ 3)),0.5934226698479288,-104.53943885782401,0.014039435382838156,True,True,0.07500000000000001,20261009
T03,random_design,1,4,16,9,0.6929901886854475,gate1d_t03_02,M_base(x) + ((sin(x2) + (-1 * x2)) * pysr_coefficient_1),0.5088708610530562,-111.53225082611146,0.02031405182211795,True,False,0.07500000000000001,20261009
T03,random_design,1,5,17,9,0.6920249496560368,gate1d_t03_02,M_base(x) + ((sin(x2) + (-1 * x2)) * pysr_coefficient_1),0.5236850677067922,-119.59914328251428,0.020339966826910177,True,False,0.07500000000000001,20261009
T03,random_design,1,6,18,9,0.6807189073673557,gate1d_t03_01,M_base(x) + (coefficient_cubic_x2 * (x2 ^ 3)),0.5786662458865072,-127.18877795234695,0.008534077762779306,True,True,0.07500000000000001,20261009
T03,random_design,1,7,19,9,0.680075010689168,gate1d_t03_01,M_base(x) + (coefficient_cubic_x2 * (x2 ^ 3)),0.5806694963505968,-134.83792131361866,0.00853407765477171,True,True,0.07500000000000001,20261009
T03,random_design,1,8,20,9,0.6930126359520892,gate1d_t03_02,M_base(x) + ((sin(x2) + (-1 * x2)) * pysr_coefficient_1),0.5082021353463555,-142.24939737437637,0.020094381875839326,True,False,0.07500000000000001,20261009
T03,model_information_gain,1,0,12,9,1.462779062183424,gate1d_t03_03,M_base(x) + sin((pysr_coefficient_1 * (sin(x2) + (-1 * x2)))),0.28510234746426816,-83.92103870865171,0.11221472498197306,False,False,0.07500000000000001,20261009
T03,model_information_gain,1,1,13,9,0.6930818020439746,gate1d_t03_01,M_base(x) + (coefficient_cubic_x2 * (x2 ^ 3)),0.5057255812392446,-90.95212353007298,0.0072015250773956214,True,True,0.07500000000000001,20261009
T03,model_information_gain,1,2,14,9,0.670197250130192,gate1d_t03_01,M_base(x) + (coefficient_cubic_x2 * (x2 ^ 3)),0.6067095885538384,-99.09815468086363,0.007585394128190176,True,True,0.07500000000000001,20261009
T03,model_information_gain,1,3,15,9,0.3759363963844095,gate1d_t03_01,M_base(x) + (coefficient_cubic_x2 * (x2 ^ 3)),0.8754280780008385,-103.73763861698328,0.0014886381313612847,True,True,0.07500000000000001,20261009
T03,model_information_gain,1,4,16,9,0.3982254334058045,gate1d_t03_01,M_base(x) + (coefficient_cubic_x2 * (x2 ^ 3)),0.8636806107641108,-111.29476562134752,0.0035490489357294687,True,True,0.07500000000000001,20261009
T03,model_information_gain,1,5,17,9,0.29484003977910495,gate1d_t03_01,M_base(x) + (coefficient_cubic_x2 * (x2 ^ 3)),0.9132981137106833,-119.39356954091478,0.0035876865299534206,True,True,0.07500000000000001,20261009
T03,model_information_gain,1,6,18,9,0.2662570772268075,gate1d_t03_01,M_base(x) + (coefficient_cubic_x2 * (x2 ^ 3)),0.9250506974688862,-127.37850603125551,0.002875722165404272,True,True,0.07500000000000001,20261009
T03,model_information_gain,1,7,19,9,0.5613278586601018,gate1d_t03_01,M_base(x) + (coefficient_cubic_x2 * (x2 ^ 3)),0.7509148380865756,-131.35836969819601,0.0004789524579483106,True,True,0.07500000000000001,20261009
T03,model_information_gain,1,8,20,9,0.5553258223146197,gate1d_t03_01,M_base(x) + (coefficient_cubic_x2 * (x2 ^ 3)),0.7562837727415821,-139.1801374571667,0.0014196807987830451,True,True,0.07500000000000001,20261009
T03,parameter_information_gain,1,0,12,9,1.462779062183424,gate1d_t03_03,M_base(x) + sin((pysr_coefficient_1 * (sin(x2) + (-1 * x2)))),0.28510234746426816,-83.92103870865171,0.11221472498197306,False,False,0.07500000000000001,20261009
T03,parameter_information_gain,1,1,13,9,0.6930818020439746,gate1d_t03_01,M_base(x) + (coefficient_cubic_x2 * (x2 ^ 3)),0.5057255812392446,-90.95212353007298,0.0072015250773956214,True,True,0.07500000000000001,20261009
T03,parameter_information_gain,1,2,14,9,0.6753286576549347,gate1d_t03_02,M_base(x) + ((sin(x2) + (-1 * x2)) * pysr_coefficient_1),0.594107484134047,-98.77751802938351,0.02100063914385591,True,False,0.07500000000000001,20261009
T03,parameter_information_gain,1,3,15,9,0.6655916894899817,gate1d_t03_02,M_base(x) + ((sin(x2) + (-1 * x2)) * pysr_coefficient_1),0.6168363040943035,-106.97670754260987,0.02066830481048031,True,False,0.07500000000000001,20261009
T03,parameter_information_gain,1,4,16,9,0.677198104188108,gate1d_t03_02,M_base(x) + ((sin(x2) + (-1 * x2)) * pysr_coefficient_1),0.5890620663230982,-114.62679885497535,0.02253536980975631,True,False,0.07500000000000001,20261009
T03,parameter_information_gain,1,5,17,9,0.6686596053647973,gate1d_t03_02,M_base(x) + ((sin(x2) + (-1 * x2)) * pysr_coefficient_1),0.6101976234844017,-122.5874340408521,0.02145002403237176,True,False,0.07500000000000001,20261009
T03,parameter_information_gain,1,6,18,9,0.6707444703157042,gate1d_t03_02,M_base(x) + ((sin(x2) + (-1 * x2)) * pysr_coefficient_1),0.6054393426203457,-130.6576936429026,0.022232554745790476,True,False,0.07500000000000001,20261009
T03,parameter_information_gain,1,7,19,9,0.6681628233098481,gate1d_t03_02,M_base(x) + ((sin(x2) + (-1 * x2)) * pysr_coefficient_1),0.6113004512502487,-139.04497081688655,0.02214254857001359,True,False,0.07500000000000001,20261009
T03,parameter_information_gain,1,8,20,9,0.6656067360763662,gate1d_t03_02,M_base(x) + ((sin(x2) + (-1 * x2)) * pysr_coefficient_1),0.6168046985062811,-147.40050178571988,0.022464296781199652,True,False,0.07500000000000001,20261009
T03,joint_structure_parameter_information_gain,1,0,12,9,1.462779062183424,gate1d_t03_03,M_base(x) + sin((pysr_coefficient_1 * (sin(x2) + (-1 * x2)))),0.28510234746426816,-83.92103870865171,0.11221472498197306,False,False,0.07500000000000001,20261009
T03,joint_structure_parameter_information_gain,1,1,13,9,0.6930818020439746,gate1d_t03_01,M_base(x) + (coefficient_cubic_x2 * (x2 ^ 3)),0.5057255812392446,-90.95212353007298,0.0072015250773956214,True,True,0.07500000000000001,20261009
T03,joint_structure_parameter_information_gain,1,2,14,9,0.6753286576549347,gate1d_t03_02,M_base(x) + ((sin(x2) + (-1 * x2)) * pysr_coefficient_1),0.594107484134047,-98.77751802938351,0.02100063914385591,True,False,0.07500000000000001,20261009
T03,joint_structure_parameter_information_gain,1,3,15,9,0.655945834773069,gate1d_t03_01,M_base(x) + (coefficient_cubic_x2 * (x2 ^ 3)),0.6355317168866276,-106.07958655025396,0.0018764449900147712,True,True,0.07500000000000001,20261009
T03,joint_structure_parameter_information_gain,1,4,16,9,0.6570864166286037,gate1d_t03_01,M_base(x) + (coefficient_cubic_x2 * (x2 ^ 3)),0.6334638045513356,-114.18130027759129,0.0033150745166246913,True,True,0.07500000000000001,20261009
T03,joint_structure_parameter_information_gain,1,5,17,9,0.5679438099458739,gate1d_t03_01,M_base(x) + (coefficient_cubic_x2 * (x2 ^ 3)),0.7448301930428164,-122.43811147826733,0.0030866720095305395,True,True,0.07500000000000001,20261009
T03,joint_structure_parameter_information_gain,1,6,18,9,0.46980078567186495,gate1d_t03_01,M_base(x) + (coefficient_cubic_x2 * (x2 ^ 3)),0.821047896797221,-130.37223659440633,0.001312226752490385,True,True,0.07500000000000001,20261009
T03,joint_structure_parameter_information_gain,1,7,19,9,0.22378221129454381,gate1d_t03_01,M_base(x) + (coefficient_cubic_x2 * (x2 ^ 3)),0.9411533369511379,-138.38343002618916,0.0019824277348945876,True,True,0.07500000000000001,20261009
T03,joint_structure_parameter_information_gain,1,8,20,9,0.2345790545026452,gate1d_t03_01,M_base(x) + (coefficient_cubic_x2 * (x2 ^ 3)),0.9372089723448126,-146.35008152128657,0.003362642928959765,True,True,0.07500000000000001,20261009
T04,space_filling_design,1,0,12,9,1.5594055250264305,gate1b_t04_02,M_base(x) + (p0 * sin(x1) * x2),0.45482356071684427,-94.59462485258919,0.026249902085606243,True,True,0.07500000000000001,20261009
T04,space_filling_design,1,1,13,9,0.6775414427648013,gate1b_t04_02,M_base(x) + (p0 * sin(x1) * x2),0.7812116560824717,-99.31095002306452,0.012209056007695236,True,True,0.07500000000000001,20261009
T04,space_filling_design,1,2,14,9,0.17101025309798634,gate1b_t04_02,M_base(x) + (p0 * sin(x1) * x2),0.9629270148638152,-106.21901406237761,0.017287387701725318,True,True,0.07500000000000001,20261009
T04,space_filling_design,1,3,15,9,0.0013077950359333217,gate1b_t04_02,M_base(x) + (p0 * sin(x1) * x2),0.9998844030285414,-111.35810147393151,0.012156367503445783,True,True,0.07500000000000001,20261009
T04,space_filling_design,1,4,16,9,0.00021312564624734512,gate1b_t04_02,M_base(x) + (p0 * sin(x1) * x2),0.999984026640349,-118.05544810129577,0.015045311528668712,True,True,0.07500000000000001,20261009
T04,space_filling_design,1,5,17,9,0.00013014005925774687,gate1b_t04_02,M_base(x) + (p0 * sin(x1) * x2),0.9999905939171838,-125.13463654402096,0.012549354576255594,True,True,0.07500000000000001,20261009
T04,space_filling_design,1,6,18,9,5.7856314220997945e-05,gate1b_t04_02,M_base(x) + (p0 * sin(x1) * x2),0.9999959657024519,-132.5825344657793,0.012290697289368676,True,True,0.07500000000000001,20261009
T04,space_filling_design,1,7,19,9,7.903077879378656e-06,gate1b_t04_02,M_base(x) + (p0 * sin(x1) * x2),0.9999995180647965,-141.07709504363277,0.012365926752994796,True,True,0.07500000000000001,20261009
T04,space_filling_design,1,8,20,9,6.17095699371713e-06,gate1b_t04_02,M_base(x) + (p0 * sin(x1) * x2),0.999999629149817,-148.5613072934787,0.012620400290252309,True,True,0.07500000000000001,20261009
T04,random_design,1,0,12,9,1.5594055250264305,gate1b_t04_02,M_base(x) + (p0 * sin(x1) * x2),0.45482356071684427,-94.59462485258919,0.026249902085606243,True,True,0.07500000000000001,20261009
T04,random_design,1,1,13,9,0.4125890767849715,gate1b_t04_02,M_base(x) + (p0 * sin(x1) * x2),0.881406620831161,-103.27969384757618,0.02381230047902085,True,True,0.07500000000000001,20261009
T04,random_design,1,2,14,9,0.46547001737511273,gate1b_t04_06,M_base(x) + (p0 * sin((x1 * x2))),0.8909098957731987,-107.81135010500141,0.1764201276504392,False,False,0.07500000000000001,20261009
T04,random_design,1,3,15,9,0.7276948103974384,gate1b_t04_02,M_base(x) + (p0 * sin(x1) * x2),0.8008062020774676,-109.62265368146022,0.011815515021009417,True,True,0.07500000000000001,20261009
T04,random_design,1,4,16,9,0.17283454384853894,gate1b_t04_02,M_base(x) + (p0 * sin(x1) * x2),0.968347640383018,-117.60693619005502,0.00921711398330254,True,True,0.07500000000000001,20261009
T04,random_design,1,5,17,9,0.16175598841012517,gate1b_t04_02,M_base(x) + (p0 * sin(x1) * x2),0.9704137186821229,-125.3386889643696,0.008681302257995719,True,True,0.07500000000000001,20261009
T04,random_design,1,6,18,9,0.18573778405193847,gate1b_t04_02,M_base(x) + (p0 * sin(x1) * x2),0.964996936382029,-131.13141580460217,0.009461004738975176,True,True,0.07500000000000001,20261009
T04,random_design,1,7,19,9,0.022333190432795445,gate1b_t04_02,M_base(x) + (p0 * sin(x1) * x2),0.9971395213844934,-138.07618197637748,0.006461636404733448,True,True,0.07500000000000001,20261009
T04,random_design,1,8,20,9,0.010191804814109957,gate1b_t04_02,M_base(x) + (p0 * sin(x1) * x2),0.9987630073525948,-145.64004995326763,0.008420043165303212,True,True,0.07500000000000001,20261009
T04,model_information_gain,1,0,12,9,1.5594055250264305,gate1b_t04_02,M_base(x) + (p0 * sin(x1) * x2),0.45482356071684427,-94.59462485258919,0.026249902085606243,True,True,0.07500000000000001,20261009
T04,model_information_gain,1,1,13,9,0.151949031532758,gate1b_t04_02,M_base(x) + (p0 * sin(x1) * x2),0.9653957097185693,-103.5271178430639,0.02821382028612306,True,True,0.07500000000000001,20261009
T04,model_information_gain,1,2,14,9,2.8412180484332024e-05,gate1b_t04_02,M_base(x) + (p0 * sin(x1) * x2),0.9999981358072907,-112.19058208356923,0.026908553752992323,True,True,0.07500000000000001,20261009
T04,model_information_gain,1,3,15,9,1.1530244345874666e-06,gate1b_t04_02,M_base(x) + (p0 * sin(x1) * x2),0.9999999383062194,-121.34901547197268,0.02711214703557656,True,True,0.07500000000000001,20261009
T04,model_information_gain,1,4,16,9,3.8570650419517995e-07,gate1b_t04_02,M_base(x) + (p0 * sin(x1) * x2),0.9999999804700096,-127.43739784106909,0.021579181014850526,True,True,0.07500000000000001,20261009
T04,model_information_gain,1,5,17,9,6.392822789021211e-08,gate1b_t04_02,M_base(x) + (p0 * sin(x1) * x2),0.9999999970412156,-135.3360747975473,0.023434558085909718,True,True,0.07500000000000001,20261009
T04,model_information_gain,1,6,18,9,3.6658498855952083e-07,gate1b_t04_02,M_base(x) + (p0 * sin(x1) * x2),0.9999999814318714,-137.24652452787646,0.017388986332649646,True,True,0.07500000000000001,20261009
T04,model_information_gain,1,7,19,9,2.9464663747163777e-08,gate1b_t04_02,M_base(x) + (p0 * sin(x1) * x2),0.9999999986821047,-145.73187152916142,0.016686392653681725,True,True,0.07500000000000001,20261009
T04,model_information_gain,1,8,20,9,6.327064579866258e-08,gate1b_t04_02,M_base(x) + (p0 * sin(x1) * x2),0.9999999970615958,-149.78940965178373,0.012508869244274053,True,True,0.07500000000000001,20261009
T04,parameter_information_gain,1,0,12,9,1.5594055250264305,gate1b_t04_02,M_base(x) + (p0 * sin(x1) * x2),0.45482356071684427,-94.59462485258919,0.026249902085606243,True,True,0.07500000000000001,20261009
T04,parameter_information_gain,1,1,13,9,0.151949031532758,gate1b_t04_02,M_base(x) + (p0 * sin(x1) * x2),0.9653957097185693,-103.5271178430639,0.02821382028612306,True,True,0.07500000000000001,20261009
T04,parameter_information_gain,1,2,14,9,0.17101025309798798,gate1b_t04_02,M_base(x) + (p0 * sin(x1) * x2),0.9629270148638149,-106.21901406237761,0.01728738771072202,True,True,0.07500000000000001,20261009
T04,parameter_information_gain,1,3,15,9,0.29079427865337965,gate1b_t04_02,M_base(x) + (p0 * sin(x1) * x2),0.9336939877370406,-110.81823490028555,0.010442343434500602,True,True,0.07500000000000001,20261009
T04,parameter_information_gain,1,4,16,9,0.6350702410693317,gate1b_t04_02,M_base(x) + (p0 * sin(x1) * x2),0.7851301568067975,-116.18534381701745,0.005601726133513211,True,True,0.07500000000000001,20261009
T04,parameter_information_gain,1,5,17,9,0.11777918410698107,gate1b_t04_02,M_base(x) + (p0 * sin(x1) * x2),0.9810097589652493,-124.49914782093315,0.006283578966949895,True,True,0.07500000000000001,20261009
T04,parameter_information_gain,1,6,18,9,0.10879026238434499,gate1b_t04_02,M_base(x) + (p0 * sin(x1) * x2),0.9829226028978909,-132.18058240655003,0.00464833204039377,True,True,0.07500000000000001,20261009
T04,parameter_information_gain,1,7,19,9,0.05749080695740015,gate1b_t04_02,M_base(x) + (p0 * sin(x1) * x2),0.9919174608094781,-139.8055628142684,0.0060854501327747244,True,True,0.07500000000000001,20261009
T04,parameter_information_gain,1,8,20,9,0.14660614162599883,gate1b_t04_02,M_base(x) + (p0 * sin(x1) * x2),0.9755398195583016,-143.12635294429194,0.0027932240781023483,True,True,0.07500000000000001,20261009
T04,joint_structure_parameter_information_gain,1,0,12,9,1.5594055250264305,gate1b_t04_02,M_base(x) + (p0 * sin(x1) * x2),0.45482356071684427,-94.59462485258919,0.026249902085606243,True,True,0.07500000000000001,20261009
T04,joint_structure_parameter_information_gain,1,1,13,9,0.151949031532758,gate1b_t04_02,M_base(x) + (p0 * sin(x1) * x2),0.9653957097185693,-103.5271178430639,0.02821382028612306,True,True,0.07500000000000001,20261009
T04,joint_structure_parameter_information_gain,1,2,14,9,0.32704137998667937,gate1b_t04_02,M_base(x) + (p0 * sin(x1) * x2),0.9157321511240465,-103.72674407635105,0.01470101983870876,True,True,0.07500000000000001,20261009
T04,joint_structure_parameter_information_gain,1,3,15,9,0.0005387726790194156,gate1b_t04_02,M_base(x) + (p0 * sin(x1) * x2),0.9999562835144076,-108.64383974638025,0.009605697039196398,True,True,0.07500000000000001,20261009
T04,joint_structure_parameter_information_gain,1,4,16,9,0.00026237841544604114,gate1b_t04_02,M_base(x) + (p0 * sin(x1) * x2),0.9999796883473948,-116.43528300021529,0.007054768960549668,True,True,0.07500000000000001,20261009
T04,joint_structure_parameter_information_gain,1,5,17,9,5.714778289195872e-05,gate1b_t04_02,M_base(x) + (p0 * sin(x1) * x2),0.9999960556856926,-124.81960873298155,0.0075273590934677405,True,True,0.07500000000000001,20261009
T04,joint_structure_parameter_information_gain,1,6,18,9,8.978114745369536e-05,gate1b_t04_02,M_base(x) + (p0 * sin(x1) * x2),0.9999935809685782,-130.8130717751592,0.004287616051662842,True,True,0.07500000000000001,20261009
T04,joint_structure_parameter_information_gain,1,7,19,9,5.061678498075358e-05,gate1b_t04_02,M_base(x) + (p0 * sin(x1) * x2),0.9999965296375702,-138.7094551438314,0.0030298875035922163,True,True,0.07500000000000001,20261009
T04,joint_structure_parameter_information_gain,1,8,20,9,2.079517241141892e-05,gate1b_t04_02,M_base(x) + (p0 * sin(x1) * x2),0.9999986606818713,-146.0894099050862,0.004568730893822835,True,True,0.07500000000000001,20261009
T05,space_filling_design,1,0,12,9,1.3212206505557933,gate1d_t05_02,M_base(x) + exp((pysr_coefficient_1 + (-1 * (x1 * pysr_coefficient_2)))),0.33071488337404104,-103.23210053144004,0.004992372472473653,True,False,0.045,20261009
T05,space_filling_design,1,1,13,9,1.3535227034300112,gate1d_t05_01,M_base(x) + (coefficient_exp_x1 * exp((rate_x1 * x1))),0.29251427138232283,-108.13553842090181,0.00393267401223005,True,True,0.045,20261009
T05,space_filling_design,1,2,14,9,1.3734086756606305,gate1d_t05_03,M_base(x) + sin(exp(((pysr_coefficient_1 + (-1 * x1)) * pysr_coefficient_2))),0.2938118386940217,-117.26779578323102,0.0026496755159653293,True,False,0.045,20261009
T05,space_filling_design,1,3,15,9,1.3279075885091707,gate1d_t05_01,M_base(x) + (coefficient_exp_x1 * exp((rate_x1 * x1))),0.311553096545484,-125.01068684797227,0.004678739913136208,True,True,0.045,20261009
T05,space_filling_design,1,4,16,9,1.4077875141204066,gate1d_t05_03,M_base(x) + sin(exp(((pysr_coefficient_1 + (-1 * x1)) * pysr_coefficient_2))),0.2737567753580804,-131.4085553674057,0.002993084693624659,True,False,0.045,20261009
T05,space_filling_design,1,5,17,9,1.3411560528141502,gate1d_t05_01,M_base(x) + (coefficient_exp_x1 * exp((rate_x1 * x1))),0.30487086067308333,-138.7075652702515,0.002896022546194827,True,True,0.045,20261009
T05,space_filling_design,1,6,18,9,1.2701131103792027,gate1d_t05_01,M_base(x) + (coefficient_exp_x1 * exp((rate_x1 * x1))),0.3429931185624799,-145.3439583315673,0.003936308085169435,True,True,0.045,20261009
T05,space_filling_design,1,7,19,9,1.2426804568711811,gate1d_t05_01,M_base(x) + (coefficient_exp_x1 * exp((rate_x1 * x1))),0.35540267195174086,-154.32646445464476,0.004264846827983557,True,True,0.045,20261009
T05,space_filling_design,1,8,20,9,1.2207442677419285,gate1d_t05_01,M_base(x) + (coefficient_exp_x1 * exp((rate_x1 * x1))),0.36597509507188974,-163.32925287175334,0.004582123394225464,True,True,0.045,20261009
T05,random_design,1,0,12,9,1.3212206505557933,gate1d_t05_02,M_base(x) + exp((pysr_coefficient_1 + (-1 * (x1 * pysr_coefficient_2)))),0.33071488337404104,-103.23210053144004,0.004992372472473653,True,False,0.045,20261009
T05,random_design,1,1,13,9,1.3032441477476224,gate1d_t05_01,M_base(x) + (coefficient_exp_x1 * exp((rate_x1 * x1))),0.3298323237076848,-110.20572859134533,0.006490939124566155,True,True,0.045,20261009
T05,random_design,1,2,14,9,1.3152245945959318,gate1d_t05_03,M_base(x) + sin(exp(((pysr_coefficient_1 + (-1 * x1)) * pysr_coefficient_2))),0.3117755895415093,-117.07431003864698,0.0040012063406007796,True,False,0.045,20261009
T05,random_design,1,3,15,9,1.2686278276489218,gate1d_t05_01,M_base(x) + (coefficient_exp_x1 * exp((rate_x1 * x1))),0.34344146331526626,-123.73201032178443,0.004937224319234147,True,True,0.045,20261009
T05,random_design,1,4,16,9,1.2824003319323791,gate1d_t05_01,M_base(x) + (coefficient_exp_x1 * exp((rate_x1 * x1))),0.3327203174384382,-132.6162296541879,0.004542277093417027,True,True,0.045,20261009
T05,random_design,1,5,17,9,1.272570575700185,gate1d_t05_02,M_base(x) + exp((pysr_coefficient_1 + (-1 * (x1 * pysr_coefficient_2)))),0.33516016584183556,-142.14707254016642,0.004495569993670451,True,False,0.045,20261009
T05,random_design,1,6,18,9,1.2572818642971872,gate1d_t05_01,M_base(x) + (coefficient_exp_x1 * exp((rate_x1 * x1))),0.3424946203369156,-151.74345986616265,0.0044535954606261694,True,True,0.045,20261009
T05,random_design,1,7,19,9,1.3095790387941315,gate1d_t05_01,M_base(x) + (coefficient_exp_x1 * exp((rate_x1 * x1))),0.3130966642568025,-159.32698577907755,0.003907921324934444,True,True,0.045,20261009
T05,random_design,1,8,20,9,1.2842987713269405,gate1d_t05_02,M_base(x) + exp((pysr_coefficient_1 + (-1 * (x1 * pysr_coefficient_2)))),0.3294211389163762,-168.54484600531683,0.004299260255764475,True,False,0.045,20261009
T05,model_information_gain,1,0,12,9,1.3212206505557933,gate1d_t05_02,M_base(x) + exp((pysr_coefficient_1 + (-1 * (x1 * pysr_coefficient_2)))),0.33071488337404104,-103.23210053144004,0.004992372472473653,True,False,0.045,20261009
T05,model_information_gain,1,1,13,9,1.3537822363042475,gate1d_t05_04,M_base(x) + (sin(exp(((pysr_coefficient_1 + (-1 * x1)) * pysr_coefficient_2))) + (-1 * pysr_coefficient_3)),0.3228941895033029,-110.95694388793484,0.014407373121368468,True,False,0.045,20261009
T05,model_information_gain,1,2,14,9,1.3223523213648851,gate1d_t05_02,M_base(x) + exp((pysr_coefficient_1 + (-1 * (x1 * pysr_coefficient_2)))),0.33713694212300765,-120.11915548549176,0.00549809404410825,True,False,0.045,20261009
T05,model_information_gain,1,3,15,9,1.27148967957304,gate1d_t05_01,M_base(x) + (coefficient_exp_x1 * exp((rate_x1 * x1))),0.34928514593103754,-129.02053992310155,0.0050753231813893355,True,True,0.045,20261009
T05,model_information_gain,1,4,16,9,1.2349411288425913,gate1d_t05_02,M_base(x) + exp((pysr_coefficient_1 + (-1 * (x1 * pysr_coefficient_2)))),0.3733344663954088,-137.97326485106095,0.004755475216040622,True,False,0.045,20261009
T05,model_information_gain,1,5,17,9,1.2415342897609636,gate1d_t05_02,M_base(x) + exp((pysr_coefficient_1 + (-1 * (x1 * pysr_coefficient_2)))),0.37674490773985736,-147.18984819530178,0.005081159888263721,True,False,0.045,20261009
T05,model_information_gain,1,6,18,9,1.2204878622347899,gate1d_t05_02,M_base(x) + exp((pysr_coefficient_1 + (-1 * (x1 * pysr_coefficient_2)))),0.3840303111767871,-157.06526396317992,0.005013235535797688,True,False,0.045,20261009
T05,model_information_gain,1,7,19,9,1.2148423336080874,gate1d_t05_02,M_base(x) + exp((pysr_coefficient_1 + (-1 * (x1 * pysr_coefficient_2)))),0.37370765453375765,-164.5035524206987,0.0044166416536026475,True,False,0.045,20261009
T05,model_information_gain,1,8,20,9,1.246937956458821,gate1d_t05_01,M_base(x) + (coefficient_exp_x1 * exp((rate_x1 * x1))),0.3496058176787514,-172.93665254599946,0.004787616586533267,True,True,0.045,20261009
T05,parameter_information_gain,1,0,12,9,1.3212206505557933,gate1d_t05_02,M_base(x) + exp((pysr_coefficient_1 + (-1 * (x1 * pysr_coefficient_2)))),0.33071488337404104,-103.23210053144004,0.004992372472473653,True,False,0.045,20261009
T05,parameter_information_gain,1,1,13,9,1.3128513062131923,gate1d_t05_01,M_base(x) + (coefficient_exp_x1 * exp((rate_x1 * x1))),0.33924115428648843,-112.54273761722865,0.004548149785287317,True,True,0.045,20261009
T05,parameter_information_gain,1,2,14,9,1.308831182402123,gate1d_t05_02,M_base(x) + exp((pysr_coefficient_1 + (-1 * (x1 * pysr_coefficient_2)))),0.3422071279499656,-122.46391917787358,0.004509704902718901,True,False,0.045,20261009
T05,parameter_information_gain,1,3,15,9,1.303050086240106,gate1d_t05_02,M_base(x) + exp((pysr_coefficient_1 + (-1 * (x1 * pysr_coefficient_2)))),0.34632172760094876,-132.4743939244678,0.00452764010612548,True,False,0.045,20261009
T05,parameter_information_gain,1,4,16,9,1.297792338054042,gate1d_t05_04,M_base(x) + (sin(exp(((pysr_coefficient_1 + (-1 * x1)) * pysr_coefficient_2))) + (-1 * pysr_coefficient_3)),0.39842252769528375,-140.40290239535872,0.014574434254818979,True,False,0.045,20261009
T05,parameter_information_gain,1,5,17,9,1.302085525693524,gate1d_t05_01,M_base(x) + (coefficient_exp_x1 * exp((rate_x1 * x1))),0.35102698673154303,-149.17768240794706,0.005028265529311211,True,True,0.045,20261009
T05,parameter_information_gain,1,6,18,9,1.3234760081245516,gate1d_t05_01,M_base(x) + (coefficient_exp_x1 * exp((rate_x1 * x1))),0.33753762430569395,-156.68287992829397,0.00373836995688497,True,True,0.045,20261009
T05,parameter_information_gain,1,7,19,9,1.342129563828049,gate1d_t05_02,M_base(x) + exp((pysr_coefficient_1 + (-1 * (x1 * pysr_coefficient_2)))),0.32139072987404343,-162.4460677138863,0.0023530390958540577,True,False,0.045,20261009
T05,parameter_information_gain,1,8,20,9,1.3419085750996367,gate1d_t05_01,M_base(x) + (coefficient_exp_x1 * exp((rate_x1 * x1))),0.31836132606716216,-172.07660437637873,0.002155992476432935,True,True,0.045,20261009
T05,joint_structure_parameter_information_gain,1,0,12,9,1.3212206505557933,gate1d_t05_02,M_base(x) + exp((pysr_coefficient_1 + (-1 * (x1 * pysr_coefficient_2)))),0.33071488337404104,-103.23210053144004,0.004992372472473653,True,False,0.045,20261009
T05,joint_structure_parameter_information_gain,1,1,13,9,1.3128513062131923,gate1d_t05_01,M_base(x) + (coefficient_exp_x1 * exp((rate_x1 * x1))),0.33924115428648843,-112.54273761722865,0.004548149785287317,True,True,0.045,20261009
T05,joint_structure_parameter_information_gain,1,2,14,9,1.3298517907691116,gate1d_t05_04,M_base(x) + (sin(exp(((pysr_coefficient_1 + (-1 * x1)) * pysr_coefficient_2))) + (-1 * pysr_coefficient_3)),0.35490424991815595,-120.37486158094686,0.014558164136982745,True,False,0.045,20261009
T05,joint_structure_parameter_information_gain,1,3,15,9,1.3111347160971358,gate1d_t05_02,M_base(x) + exp((pysr_coefficient_1 + (-1 * (x1 * pysr_coefficient_2)))),0.3452801946329051,-129.36323459890951,0.00505585609723862,True,False,0.045,20261009
T05,joint_structure_parameter_information_gain,1,4,16,9,1.3077090579619295,gate1d_t05_02,M_base(x) + exp((pysr_coefficient_1 + (-1 * (x1 * pysr_coefficient_2)))),0.3475542440422376,-139.2272349721652,0.005014243410681712,True,False,0.045,20261009
T05,joint_structure_parameter_information_gain,1,5,17,9,1.3020855256935178,gate1d_t05_02,M_base(x) + exp((pysr_coefficient_1 + (-1 * (x1 * pysr_coefficient_2)))),0.3510269867315492,-149.1776824079471,0.005028265391323689,True,False,0.045,20261009
T05,joint_structure_parameter_information_gain,1,6,18,9,1.3234760081245596,gate1d_t05_01,M_base(x) + (coefficient_exp_x1 * exp((rate_x1 * x1))),0.33753762430569095,-156.68287992829397,0.0037383700018589422,True,True,0.045,20261009
T05,joint_structure_parameter_information_gain,1,7,19,9,1.2532559800724,gate1d_t05_02,M_base(x) + exp((pysr_coefficient_1 + (-1 * (x1 * pysr_coefficient_2)))),0.36540943168082085,-165.8123207399356,0.003436911628821453,True,False,0.045,20261009
T05,joint_structure_parameter_information_gain,1,8,20,9,1.2665323294499886,gate1d_t05_01,M_base(x) + (coefficient_exp_x1 * exp((rate_x1 * x1))),0.361231407547367,-173.89147233789643,0.002538018116754107,True,True,0.045,20261009
T06,space_filling_design,1,0,12,9,0.9005789154728275,gate1b_t06_03,M_base(x) + (p0 * sin(((p1 * x2) + p2))),0.6420276733487601,-95.12346985398503,0.20949069764047273,False,False,0.045,20261009
T06,space_filling_design,1,1,13,9,0.7105821371718833,gate1b_t06_02,M_base(x) + (a * tanh((b * (x2 - c)))),0.49859022775743084,-101.41799505607028,0.006460551421048774,True,False,0.045,20261009
T06,space_filling_design,1,2,14,9,0.693906726228945,gate1b_t06_02,M_base(x) + (a * tanh((b * (x2 - c)))),0.4999614567801847,-110.21379126244499,0.004867900649536418,True,False,0.045,20261009
T06,space_filling_design,1,3,15,9,0.6932704534331408,gate1b_t06_01,M_base(x) + (tanh((p0 + (p1 * x2))) * p2),0.4999948521622019,-119.36385317487488,0.004508734586643024,True,False,0.045,20261009
T06,space_filling_design,1,4,16,9,0.6931903266658759,gate1b_t06_02,M_base(x) + (a * tanh((b * (x2 - c)))),0.49999835794104974,-128.65355029701465,0.004662580272275927,True,False,0.045,20261009
T06,space_filling_design,1,5,17,9,0.6931569183037,gate1b_t06_02,M_base(x) + (a * tanh((b * (x2 - c)))),0.4999996756657667,-137.17415205057804,0.004383311481394102,True,False,0.045,20261009
T06,space_filling_design,1,6,18,9,0.6931542352404876,gate1b_t06_02,M_base(x) + (a * tanh((b * (x2 - c)))),0.49999976623845743,-142.62895314635512,0.0035696263557704376,True,False,0.045,20261009
T06,space_filling_design,1,7,19,9,0.693150392388843,gate1b_t06_02,M_base(x) + (a * tanh((b * (x2 - c)))),0.4999998991654692,-151.6362978417091,0.003192286588591248,True,False,0.045,20261009
T06,space_filling_design,1,8,20,9,0.6931481852725083,gate1b_t06_02,M_base(x) + (a * tanh((b * (x2 - c)))),0.4999999708320912,-160.7858533829885,0.003265370121330415,True,False,0.045,20261009
T06,random_design,1,0,12,9,0.9005789154728275,gate1b_t06_03,M_base(x) + (p0 * sin(((p1 * x2) + p2))),0.6420276733487601,-95.12346985398503,0.20949069764047273,False,False,0.045,20261009
T06,random_design,1,1,13,9,1.0816243658581122,gate1b_t06_03,M_base(x) + (p0 * sin(((p1 * x2) + p2))),0.4221270396157355,-102.38964615787846,0.18993132877083976,False,False,0.045,20261009
T06,random_design,1,2,14,9,1.0892137748968653,gate1b_t06_03,M_base(x) + (p0 * sin(((p1 * x2) + p2))),0.3991625339446752,-110.16443652275531,0.18070934879892697,False,False,0.045,20261009
T06,random_design,1,3,15,9,0.701902410951282,gate1b_t06_01,M_base(x) + (tanh((p0 + (p1 * x2))) * p2),0.4993741781444747,-117.30733552515957,0.009274862893579412,True,False,0.045,20261009
T06,random_design,1,4,16,9,0.6980688841966998,gate1b_t06_02,M_base(x) + (a * tanh((b * (x2 - c)))),0.49967877487866297,-126.50815296805001,0.00932251751640903,True,False,0.045,20261009
T06,random_design,1,5,17,9,0.6966124931509317,gate1b_t06_02,M_base(x) + (a * tanh((b * (x2 - c)))),0.499785146232155,-134.05555864177492,0.008684639231483285,True,False,0.045,20261009
T06,random_design,1,6,18,9,0.7042456974931217,gate1b_t06_01,M_base(x) + (tanh((p0 + (p1 * x2))) * p2),0.4991734054809665,-139.73228649282365,0.003909170254006319,True,False,0.045,20261009
T06,random_design,1,7,19,9,0.702510743556314,gate1b_t06_01,M_base(x) + (tanh((p0 + (p1 * x2))) * p2),0.49932264639674845,-148.5004825368542,0.004489299709734715,True,False,0.045,20261009
T06,random_design,1,8,20,9,0.6966760362151649,gate1b_t06_01,M_base(x) + (tanh((p0 + (p1 * x2))) * p2),0.4997816778196206,-150.77518851016293,0.002688652885380082,True,False,0.045,20261009
T06,model_information_gain,1,0,12,9,0.9005789154728275,gate1b_t06_03,M_base(x) + (p0 * sin(((p1 * x2) + p2))),0.6420276733487601,-95.12346985398503,0.20949069764047273,False,False,0.045,20261009
T06,model_information_gain,1,1,13,9,0.6981711291528172,gate1b_t06_02,M_base(x) + (a * tanh((b * (x2 - c)))),0.4996723891710439,-100.46092473234962,0.009389693849855957,True,False,0.045,20261009
T06,model_information_gain,1,2,14,9,0.6947618876844224,gate1b_t06_01,M_base(x) + (tanh((p0 + (p1 * x2))) * p2),0.4999101248307606,-108.94118344687504,0.007070708095311742,True,False,0.045,20261009
T06,model_information_gain,1,3,15,9,0.6934269935917146,gate1b_t06_01,M_base(x) + (tanh((p0 + (p1 * x2))) * p2),0.4999873078286925,-117.82845238739579,0.005833490063155509,True,False,0.045,20261009
T06,model_information_gain,1,4,16,9,0.6931991850677829,gate1b_t06_02,M_base(x) + (a * tanh((b * (x2 - c)))),0.4999980028740805,-126.98993338255787,0.005430919275182698,True,False,0.045,20261009
T06,model_information_gain,1,5,17,9,0.6931545485385353,gate1b_t06_01,M_base(x) + (tanh((p0 + (p1 * x2))) * p2),0.49999976120007944,-136.14114421005772,0.005221484394519051,True,False,0.045,20261009
T06,model_information_gain,1,6,18,9,0.6931498049301245,gate1b_t06_02,M_base(x) + (a * tanh((b * (x2 - c)))),0.4999999214631771,-144.9741403290447,0.004339517571874243,True,False,0.045,20261009
T06,model_information_gain,1,7,19,9,0.693148203391092,gate1b_t06_02,M_base(x) + (a * tanh((b * (x2 - c)))),0.4999999708825147,-150.95187733118868,0.004290066418702417,True,False,0.045,20261009
T06,model_information_gain,1,8,20,9,0.6931473878484306,gate1b_t06_02,M_base(x) + (a * tanh((b * (x2 - c)))),0.49999999471078244,-160.22024881757645,0.004243960399473572,True,False,0.045,20261009
T06,parameter_information_gain,1,0,12,9,0.9005789154728275,gate1b_t06_03,M_base(x) + (p0 * sin(((p1 * x2) + p2))),0.6420276733487601,-95.12346985398503,0.20949069764047273,False,False,0.045,20261009
T06,parameter_information_gain,1,1,13,9,0.6954812237762621,gate1b_t06_01,M_base(x) + (tanh((p0 + (p1 * x2))) * p2),0.4998637082888627,-101.66696176924351,0.004305298483270064,True,False,0.045,20261009
T06,parameter_information_gain,1,2,14,9,0.694062306236607,gate1b_t06_02,M_base(x) + (a * tanh((b * (x2 - c)))),0.49995241633031656,-110.8821131584414,0.004289029264283216,True,False,0.045,20261009
T06,parameter_information_gain,1,3,15,9,0.6933377246770255,gate1b_t06_01,M_base(x) + (tanh((p0 + (p1 * x2))) * p2),0.49999161706223405,-120.19432824520324,0.0042446485667486005,True,False,0.045,20261009
T06,parameter_information_gain,1,4,16,9,0.693246419500117,gate1b_t06_01,M_base(x) + (tanh((p0 + (p1 * x2))) * p2),0.49999589105139514,-129.01194694374638,0.004647369183213789,True,False,0.045,20261009
T06,parameter_information_gain,1,5,17,9,0.6932047606239785,gate1b_t06_02,M_base(x) + (a * tanh((b * (x2 - c)))),0.49999772237200507,-137.86858503431355,0.005097007820762247,True,False,0.045,20261009
T06,parameter_information_gain,1,6,18,9,0.6931651492019609,gate1b_t06_01,M_base(x) + (tanh((p0 + (p1 * x2))) * p2),0.49999935424899844,-147.06757188534064,0.005616455824099012,True,False,0.045,20261009
T06,parameter_information_gain,1,7,19,9,0.693156534947444,gate1b_t06_01,M_base(x) + (tanh((p0 + (p1 * x2))) * p2),0.49999967980842913,-156.3067395764044,0.006106454159399591,True,False,0.045,20261009
T06,parameter_information_gain,1,8,20,9,0.6931518181663643,gate1b_t06_01,M_base(x) + (tanh((p0 + (p1 * x2))) * p2),0.4999998489710882,-165.52668066263965,0.006364687741341966,True,False,0.045,20261009
T06,joint_structure_parameter_information_gain,1,0,12,9,0.9005789154728275,gate1b_t06_03,M_base(x) + (p0 * sin(((p1 * x2) + p2))),0.6420276733487601,-95.12346985398503,0.20949069764047273,False,False,0.045,20261009
T06,joint_structure_parameter_information_gain,1,1,13,9,0.6954812237762621,gate1b_t06_01,M_base(x) + (tanh((p0 + (p1 * x2))) * p2),0.4998637082888627,-101.66696176924351,0.004305298483270064,True,False,0.045,20261009
T06,joint_structure_parameter_information_gain,1,2,14,9,0.694062306236607,gate1b_t06_02,M_base(x) + (a * tanh((b * (x2 - c)))),0.49995241633031656,-110.8821131584414,0.004289029264283216,True,False,0.045,20261009
T06,joint_structure_parameter_information_gain,1,3,15,9,0.6933377246770255,gate1b_t06_01,M_base(x) + (tanh((p0 + (p1 * x2))) * p2),0.49999161706223405,-120.19432824520324,0.0042446485667486005,True,False,0.045,20261009
T06,joint_structure_parameter_information_gain,1,4,16,9,0.693246419500117,gate1b_t06_01,M_base(x) + (tanh((p0 + (p1 * x2))) * p2),0.49999589105139514,-129.01194694374638,0.004647369183213789,True,False,0.045,20261009
T06,joint_structure_parameter_information_gain,1,5,17,9,0.6932047606239785,gate1b_t06_02,M_base(x) + (a * tanh((b * (x2 - c)))),0.49999772237200507,-137.86858503431355,0.005097007820762247,True,False,0.045,20261009
T06,joint_structure_parameter_information_gain,1,6,18,9,0.6931651492019609,gate1b_t06_01,M_base(x) + (tanh((p0 + (p1 * x2))) * p2),0.49999935424899844,-147.06757188534064,0.005616455824099012,True,False,0.045,20261009
T06,joint_structure_parameter_information_gain,1,7,19,9,0.693156534947444,gate1b_t06_01,M_base(x) + (tanh((p0 + (p1 * x2))) * p2),0.49999967980842913,-156.3067395764044,0.006106454159399591,True,False,0.045,20261009
T06,joint_structure_parameter_information_gain,1,8,20,9,0.6931518181663643,gate1b_t06_01,M_base(x) + (tanh((p0 + (p1 * x2))) * p2),0.4999998489710882,-165.52668066263965,0.006364687741341966,True,False,0.045,20261009
