task_id,strategy,repetition,new_observation_count,fit_observation_count,committee_model_count,bic_weight_entropy_nats,selected_proposal_id,selected_formula,selected_model_weight,selected_bic,locked_rmse,behavior_recovered,exact_expression_match,recovery_threshold,data_seed
RSF-EVOL,space_filling_design,1,0,12,6,0.6732328456370208,rsf_evol_power,(p0 * (1 - (state_ratio ^ p1))),0.5995645484301467,-110.38365497285716,1.6343040535090696,False,False,0.05346451807528353,20261103
RSF-EVOL,space_filling_design,1,1,13,6,0.011667742380283936,rsf_evol_slip,(-1 * p0 * state_ratio * log(state_ratio)),0.9984358868913391,-119.26673191194179,0.0008822830798079988,True,True,0.05346451807528353,20261103
RSF-EVOL,space_filling_design,1,2,14,6,9.809897469690541e-06,rsf_evol_slip,(-1 * p0 * state_ratio * log(state_ratio)),0.9999993570302445,-129.57219569926016,0.0012369020908693615,True,True,0.05346451807528353,20261103
RSF-EVOL,space_filling_design,1,3,15,6,1.792230100775783e-05,rsf_evol_slip,(-1 * p0 * state_ratio * log(state_ratio)),0.9999987733908317,-136.7293798286839,0.000507464637555518,True,True,0.05346451807528353,20261103
RSF-EVOL,space_filling_design,1,4,16,6,2.771545090274573e-06,rsf_evol_slip,(-1 * p0 * state_ratio * log(state_ratio)),0.9999998330983831,-146.33674432487126,0.0014738694850487074,True,True,0.05346451807528353,20261103
RSF-EVOL,space_filling_design,1,5,17,6,5.604651408426005e-15,rsf_evol_slip,(-1 * p0 * state_ratio * log(state_ratio)),0.9999999999999999,-154.04034691850111,0.0012320435072764018,True,True,0.05346451807528353,20261103
RSF-EVOL,space_filling_design,1,6,18,6,5.205833801135659e-15,rsf_evol_slip,(-1 * p0 * state_ratio * log(state_ratio)),0.9999999999999999,-160.01974171975584,0.0003132905531665887,True,True,0.05346451807528353,20261103
RSF-EVOL,space_filling_design,1,7,19,6,3.4774648694810327e-16,rsf_evol_slip,(-1 * p0 * state_ratio * log(state_ratio)),1.0,-170.02184608697513,0.00015575353569608958,True,True,0.05346451807528353,20261103
RSF-EVOL,space_filling_design,1,8,20,6,1.6732760851631128e-16,rsf_evol_slip,(-1 * p0 * state_ratio * log(state_ratio)),1.0,-177.56530738570106,0.003632665973830619,True,True,0.05346451807528353,20261103
RSF-EVOL,random_design,1,0,12,6,0.6732328456370208,rsf_evol_power,(p0 * (1 - (state_ratio ^ p1))),0.5995645484301467,-110.38365497285716,1.6343040535090696,False,False,0.05346451807528353,20261103
RSF-EVOL,random_design,1,1,13,6,0.08924017971337553,rsf_evol_slip,(-1 * p0 * state_ratio * log(state_ratio)),0.9822271138901352,-118.95485945784588,0.003580151484624281,True,True,0.05346451807528353,20261103
RSF-EVOL,random_design,1,2,14,6,0.0015551768781123965,rsf_evol_slip,(-1 * p0 * state_ratio * log(state_ratio)),0.99984037342081,-128.74338594612524,0.009189096926130645,True,True,0.05346451807528353,20261103
RSF-EVOL,random_design,1,3,15,6,2.24034447858651e-05,rsf_evol_slip,(-1 * p0 * state_ratio * log(state_ratio)),0.9999984411248508,-136.49918759283696,0.008370040841943363,True,True,0.05346451807528353,20261103
RSF-EVOL,random_design,1,4,16,6,1.3778789226654486e-05,rsf_evol_slip,(-1 * p0 * state_ratio * log(state_ratio)),0.9999990748324409,-145.71418208953304,0.0040715625973332436,True,True,0.05346451807528353,20261103
RSF-EVOL,random_design,1,5,17,6,2.5283123322205344e-05,rsf_evol_slip,(-1 * p0 * state_ratio * log(state_ratio)),0.9999982246911702,-151.43026482181165,0.00047720750346648107,True,True,0.05346451807528353,20261103
RSF-EVOL,random_design,1,6,18,6,1.3412954576876091e-05,rsf_evol_slip,(-1 * p0 * state_ratio * log(state_ratio)),0.999999101137017,-161.37099296647517,0.0004872952825382604,True,True,0.05346451807528353,20261103
RSF-EVOL,random_design,1,7,19,6,3.271585658889026e-06,rsf_evol_slip,(-1 * p0 * state_ratio * log(state_ratio)),0.9999998008688603,-171.05438015610224,0.0011402622618983083,True,True,0.05346451807528353,20261103
RSF-EVOL,random_design,1,8,20,6,7.268806905693858e-09,rsf_evol_slip,(-1 * p0 * state_ratio * log(state_ratio)),0.9999999996821612,-181.15422457266988,0.0006450066887994049,True,True,0.05346451807528353,20261103
RSF-EVOL,model_information_gain,1,0,12,6,0.6732328456370208,rsf_evol_power,(p0 * (1 - (state_ratio ^ p1))),0.5995645484301467,-110.38365497285716,1.6343040535090696,False,False,0.05346451807528353,20261103
RSF-EVOL,model_information_gain,1,1,13,6,0.00019295677010714647,rsf_evol_slip,(-1 * p0 * state_ratio * log(state_ratio)),0.9999839911716295,-116.77517349890893,0.0009028476385350807,True,True,0.05346451807528353,20261103
RSF-EVOL,model_information_gain,1,2,14,6,2.8168328868052798e-08,rsf_evol_slip,(-1 * p0 * state_ratio * log(state_ratio)),0.9999999986868421,-126.90069507897489,0.004402522703839588,True,True,0.05346451807528353,20261103
RSF-EVOL,model_information_gain,1,3,15,6,3.643175531627445e-11,rsf_evol_slip,(-1 * p0 * state_ratio * log(state_ratio)),0.9999999999987164,-136.6343907386746,0.0064971268318046805,True,True,0.05346451807528353,20261103
RSF-EVOL,model_information_gain,1,4,16,6,3.3920318863975647e-13,rsf_evol_slip,(-1 * p0 * state_ratio * log(state_ratio)),0.9999999999999898,-145.58299777852747,0.0008882659894984166,True,True,0.05346451807528353,20261103
RSF-EVOL,model_information_gain,1,5,17,6,1.5712881099791575e-14,rsf_evol_slip,(-1 * p0 * state_ratio * log(state_ratio)),0.9999999999999996,-155.79372543611007,0.0006551885428349859,True,True,0.05346451807528353,20261103
RSF-EVOL,model_information_gain,1,6,18,6,1.0119839092997051e-15,rsf_evol_slip,(-1 * p0 * state_ratio * log(state_ratio)),1.0,-166.0745494698814,0.0009161143324209034,True,True,0.05346451807528353,20261103
RSF-EVOL,model_information_gain,1,7,19,6,6.497469917299395e-17,rsf_evol_slip,(-1 * p0 * state_ratio * log(state_ratio)),1.0,-176.42585061642967,0.0011678692719450984,True,True,0.05346451807528353,20261103
RSF-EVOL,model_information_gain,1,8,20,6,2.0453264207111925e-17,rsf_evol_slip,(-1 * p0 * state_ratio * log(state_ratio)),1.0,-184.96528043784912,0.0014443248859959358,True,True,0.05346451807528353,20261103
RSF-EVOL,parameter_information_gain,1,0,12,6,0.6732328456370208,rsf_evol_power,(p0 * (1 - (state_ratio ^ p1))),0.5995645484301467,-110.38365497285716,1.6343040535090696,False,False,0.05346451807528353,20261103
RSF-EVOL,parameter_information_gain,1,1,13,6,0.011667742380283936,rsf_evol_slip,(-1 * p0 * state_ratio * log(state_ratio)),0.9984358868913391,-119.26673191194179,0.0008822830798079988,True,True,0.05346451807528353,20261103
RSF-EVOL,parameter_information_gain,1,2,14,6,0.009356630053699458,rsf_evol_slip,(-1 * p0 * state_ratio * log(state_ratio)),0.9987870766972842,-129.12348424988065,0.0015099347221268532,True,True,0.05346451807528353,20261103
RSF-EVOL,parameter_information_gain,1,3,15,6,0.006520238725609836,rsf_evol_slip,(-1 * p0 * state_ratio * log(state_ratio)),0.9991977780346174,-139.170563988617,0.00037966330782574376,True,True,0.05346451807528353,20261103
RSF-EVOL,parameter_information_gain,1,4,16,6,0.00782314351334249,rsf_evol_slip,(-1 * p0 * state_ratio * log(state_ratio)),0.9990121673930374,-147.96478892645146,0.002155898561391795,True,True,0.05346451807528353,20261103
RSF-EVOL,parameter_information_gain,1,5,17,6,0.005084069108310998,rsf_evol_slip,(-1 * p0 * state_ratio * log(state_ratio)),0.9993955355531047,-158.1405808885144,0.0016566611835069013,True,True,0.05346451807528353,20261103
RSF-EVOL,parameter_information_gain,1,6,18,6,0.0028187825419503814,rsf_evol_slip,(-1 * p0 * state_ratio * log(state_ratio)),0.9996894602789284,-167.58418071561718,0.0007921567277035095,True,True,0.05346451807528353,20261103
RSF-EVOL,parameter_information_gain,1,7,19,6,0.0013583560813617182,rsf_evol_slip,(-1 * p0 * state_ratio * log(state_ratio)),0.9998626989185926,-177.91504358124595,0.0005495079934086084,True,True,0.05346451807528353,20261103
RSF-EVOL,parameter_information_gain,1,8,20,6,0.0006825681462349056,rsf_evol_slip,(-1 * p0 * state_ratio * log(state_ratio)),0.9999359434518417,-188.3741420032439,0.0004359604069008302,True,True,0.05346451807528353,20261103
RSF-EVOL,joint_structure_parameter_information_gain,1,0,12,6,0.6732328456370208,rsf_evol_power,(p0 * (1 - (state_ratio ^ p1))),0.5995645484301467,-110.38365497285716,1.6343040535090696,False,False,0.05346451807528353,20261103
RSF-EVOL,joint_structure_parameter_information_gain,1,1,13,6,0.011667742380283936,rsf_evol_slip,(-1 * p0 * state_ratio * log(state_ratio)),0.9984358868913391,-119.26673191194179,0.0008822830798079988,True,True,0.05346451807528353,20261103
RSF-EVOL,joint_structure_parameter_information_gain,1,2,14,6,0.009356630053699458,rsf_evol_slip,(-1 * p0 * state_ratio * log(state_ratio)),0.9987870766972842,-129.12348424988065,0.0015099347221268532,True,True,0.05346451807528353,20261103
RSF-EVOL,joint_structure_parameter_information_gain,1,3,15,6,0.006520238725609836,rsf_evol_slip,(-1 * p0 * state_ratio * log(state_ratio)),0.9991977780346174,-139.170563988617,0.00037966330782574376,True,True,0.05346451807528353,20261103
RSF-EVOL,joint_structure_parameter_information_gain,1,4,16,6,0.00782314351334249,rsf_evol_slip,(-1 * p0 * state_ratio * log(state_ratio)),0.9990121673930374,-147.96478892645146,0.002155898561391795,True,True,0.05346451807528353,20261103
RSF-EVOL,joint_structure_parameter_information_gain,1,5,17,6,0.005084069108310998,rsf_evol_slip,(-1 * p0 * state_ratio * log(state_ratio)),0.9993955355531047,-158.1405808885144,0.0016566611835069013,True,True,0.05346451807528353,20261103
RSF-EVOL,joint_structure_parameter_information_gain,1,6,18,6,0.0028187825419503814,rsf_evol_slip,(-1 * p0 * state_ratio * log(state_ratio)),0.9996894602789284,-167.58418071561718,0.0007921567277035095,True,True,0.05346451807528353,20261103
RSF-EVOL,joint_structure_parameter_information_gain,1,7,19,6,0.0013583560813617182,rsf_evol_slip,(-1 * p0 * state_ratio * log(state_ratio)),0.9998626989185926,-177.91504358124595,0.0005495079934086084,True,True,0.05346451807528353,20261103
RSF-EVOL,joint_structure_parameter_information_gain,1,8,20,6,0.0006825681462349056,rsf_evol_slip,(-1 * p0 * state_ratio * log(state_ratio)),0.9999359434518417,-188.3741420032439,0.0004359604069008302,True,True,0.05346451807528353,20261103
RSF-FRIC,space_filling_design,1,0,12,6,1.2208848078870786,rsf_fric_state_log,M_base(x) + (p0 * log(state_ratio)),0.5217656416463112,-189.98595696063754,0.00019680077663436737,True,True,0.0015,20261103
RSF-FRIC,space_filling_design,1,1,13,6,1.2090803197472209,rsf_fric_state_log,M_base(x) + (p0 * log(state_ratio)),0.5287347715819599,-206.86663547191685,8.462553459060466e-05,True,True,0.0015,20261103
RSF-FRIC,space_filling_design,1,2,14,6,1.2187167975225446,rsf_fric_state_log,M_base(x) + (p0 * log(state_ratio)),0.5189823995430477,-220.7217027575019,0.0001253905471236078,True,True,0.0015,20261103
RSF-FRIC,space_filling_design,1,3,15,6,1.1190714687364633,rsf_fric_velocity_modulated_log,M_base(x) + (p0 * log(state_ratio) * (1 + (p1 * log(velocity_ratio)))),0.5154857760289852,-233.97045134868716,0.00038404518482199984,True,False,0.0015,20261103
RSF-FRIC,space_filling_design,1,4,16,6,1.0720498768745022,rsf_fric_velocity_modulated_log,M_base(x) + (p0 * log(state_ratio) * (1 + (p1 * log(velocity_ratio)))),0.5576070930655537,-250.83074440309068,0.00038621201935869415,True,False,0.0015,20261103
RSF-FRIC,space_filling_design,1,5,17,6,1.1702142140530172,rsf_fric_velocity_modulated_log,M_base(x) + (p0 * log(state_ratio) * (1 + (p1 * log(velocity_ratio)))),0.43349390650668745,-266.42499519673976,0.00041585974199263555,True,False,0.0015,20261103
RSF-FRIC,space_filling_design,1,6,18,6,1.1562403746678525,rsf_fric_velocity_modulated_log,M_base(x) + (p0 * log(state_ratio) * (1 + (p1 * log(velocity_ratio)))),0.46414776358898313,-283.2868778752795,0.00041190661753684894,True,False,0.0015,20261103
RSF-FRIC,space_filling_design,1,7,19,6,1.214450699072183,rsf_fric_state_log,M_base(x) + (p0 * log(state_ratio)),0.4888171222417095,-299.2175478045457,0.00036062492011981127,True,True,0.0015,20261103
RSF-FRIC,space_filling_design,1,8,20,6,1.2423531645150088,rsf_fric_state_log,M_base(x) + (p0 * log(state_ratio)),0.44802228046533854,-313.1230349978857,0.0003205033595007132,True,True,0.0015,20261103
RSF-FRIC,random_design,1,0,12,6,1.2208848078870786,rsf_fric_state_log,M_base(x) + (p0 * log(state_ratio)),0.5217656416463112,-189.98595696063754,0.00019680077663436737,True,True,0.0015,20261103
RSF-FRIC,random_design,1,1,13,6,1.287329617646785,rsf_fric_state_log,M_base(x) + (p0 * log(state_ratio)),0.45046160446154393,-206.01152475601657,0.0003604465583770876,True,True,0.0015,20261103
RSF-FRIC,random_design,1,2,14,6,1.2829552763983432,rsf_fric_state_log,M_base(x) + (p0 * log(state_ratio)),0.4531223205869916,-222.90597264717468,0.0003615650796797436,True,True,0.0015,20261103
RSF-FRIC,random_design,1,3,15,6,1.2484638998916553,rsf_fric_state_log,M_base(x) + (p0 * log(state_ratio)),0.49127699430261557,-239.7646982526581,0.00024205068640802013,True,True,0.0015,20261103
RSF-FRIC,random_design,1,4,16,6,1.2333278719479508,rsf_fric_state_log,M_base(x) + (p0 * log(state_ratio)),0.5072857455537205,-250.69193191447752,6.316053164534841e-06,True,True,0.0015,20261103
RSF-FRIC,random_design,1,5,17,6,1.1975351091058142,rsf_fric_state_log,M_base(x) + (p0 * log(state_ratio)),0.5380211655269719,-267.49130958010267,1.8005909191220823e-05,True,True,0.0015,20261103
RSF-FRIC,random_design,1,6,18,6,1.2235770102485848,rsf_fric_state_log,M_base(x) + (p0 * log(state_ratio)),0.5164735498328643,-284.112049611313,2.70569631487937e-05,True,True,0.0015,20261103
RSF-FRIC,random_design,1,7,19,6,1.1899884352188428,rsf_fric_state_log,M_base(x) + (p0 * log(state_ratio)),0.5383339903843155,-299.9724732822868,8.49612638520842e-05,True,True,0.0015,20261103
RSF-FRIC,random_design,1,8,20,6,1.1960965597126814,rsf_fric_state_log,M_base(x) + (p0 * log(state_ratio)),0.5292460127374986,-315.1262657155593,0.00011274584293407593,True,True,0.0015,20261103
RSF-FRIC,model_information_gain,1,0,12,6,1.2208848078870786,rsf_fric_state_log,M_base(x) + (p0 * log(state_ratio)),0.5217656416463112,-189.98595696063754,0.00019680077663436737,True,True,0.0015,20261103
RSF-FRIC,model_information_gain,1,1,13,6,1.2090803197472209,rsf_fric_state_log,M_base(x) + (p0 * log(state_ratio)),0.5287347715819599,-206.86663547191685,8.462553459060466e-05,True,True,0.0015,20261103
RSF-FRIC,model_information_gain,1,2,14,6,1.228887592110242,rsf_fric_state_log,M_base(x) + (p0 * log(state_ratio)),0.5120426777313037,-223.7031349782657,0.0001445540605488167,True,True,0.0015,20261103
RSF-FRIC,model_information_gain,1,3,15,6,1.3833064501868388,rsf_fric_state_log,M_base(x) + (p0 * log(state_ratio)),0.28389639940368677,-231.95415492840226,4.1039919783637226e-05,True,True,0.0015,20261103
RSF-FRIC,model_information_gain,1,4,16,6,1.3435905144276097,rsf_fric_state_log,M_base(x) + (p0 * log(state_ratio)),0.3452676672661692,-248.37508949651013,1.1804389991071178e-05,True,True,0.0015,20261103
RSF-FRIC,model_information_gain,1,5,17,6,1.3185499492917017,rsf_fric_state_log,M_base(x) + (p0 * log(state_ratio)),0.33996159190031755,-262.8190457442278,8.651240520187465e-05,True,True,0.0015,20261103
RSF-FRIC,model_information_gain,1,6,18,6,1.3215803208172012,rsf_fric_state_log,M_base(x) + (p0 * log(state_ratio)),0.3369891023052392,-279.2085487434639,6.40116597394245e-05,True,True,0.0015,20261103
RSF-FRIC,model_information_gain,1,7,19,6,1.2373449958054936,rsf_fric_state_log,M_base(x) + (p0 * log(state_ratio)),0.4983206165916762,-294.9700864982566,0.00010238193484423897,True,True,0.0015,20261103
RSF-FRIC,model_information_gain,1,8,20,6,1.2321096470794792,rsf_fric_state_log,M_base(x) + (p0 * log(state_ratio)),0.502560577268979,-311.60078122772904,0.00010718055885078438,True,True,0.0015,20261103
RSF-FRIC,parameter_information_gain,1,0,12,6,1.2208848078870786,rsf_fric_state_log,M_base(x) + (p0 * log(state_ratio)),0.5217656416463112,-189.98595696063754,0.00019680077663436737,True,True,0.0015,20261103
RSF-FRIC,parameter_information_gain,1,1,13,6,1.3267167610563306,rsf_fric_state_log,M_base(x) + (p0 * log(state_ratio)),0.40770172964378415,-205.6305614392391,0.00019942214739841781,True,True,0.0015,20261103
RSF-FRIC,parameter_information_gain,1,2,14,6,1.1251592217501987,rsf_fric_state_log_quadratic,M_base(x) + ((p0 * log(state_ratio)) + (p1 * (log(state_ratio) ^ 2))),0.3551507509738456,-221.12508562033634,0.0006594063613524805,True,False,0.0015,20261103
RSF-FRIC,parameter_information_gain,1,3,15,6,1.1908075876711224,rsf_fric_velocity_modulated_log,M_base(x) + (p0 * log(state_ratio) * (1 + (p1 * log(velocity_ratio)))),0.37721882372302834,-234.61914448295406,0.0003051055817425634,True,False,0.0015,20261103
RSF-FRIC,parameter_information_gain,1,4,16,6,0.9488033693022786,rsf_fric_velocity_modulated_log,M_base(x) + (p0 * log(state_ratio) * (1 + (p1 * log(velocity_ratio)))),0.6947263326784988,-249.87021705806325,0.0002470195970640822,True,False,0.0015,20261103
RSF-FRIC,parameter_information_gain,1,5,17,6,1.2018938221446311,rsf_fric_state_log,M_base(x) + (p0 * log(state_ratio)),0.5335178198059978,-256.1326040011165,5.123336098679805e-05,True,True,0.0015,20261103
RSF-FRIC,parameter_information_gain,1,6,18,6,1.1916843143737381,rsf_fric_state_log,M_base(x) + (p0 * log(state_ratio)),0.5418867305832916,-272.3340768122279,4.793263322257666e-05,True,True,0.0015,20261103
RSF-FRIC,parameter_information_gain,1,7,19,6,1.1350859349939486,rsf_fric_state_log,M_base(x) + (p0 * log(state_ratio)),0.580533262615876,-288.58374904005757,5.282996993061511e-05,True,True,0.0015,20261103
RSF-FRIC,parameter_information_gain,1,8,20,6,1.207714901809982,rsf_fric_state_log,M_base(x) + (p0 * log(state_ratio)),0.5277628041312756,-304.5157241572796,3.0097842697363872e-05,True,True,0.0015,20261103
RSF-FRIC,joint_structure_parameter_information_gain,1,0,12,6,1.2208848078870786,rsf_fric_state_log,M_base(x) + (p0 * log(state_ratio)),0.5217656416463112,-189.98595696063754,0.00019680077663436737,True,True,0.0015,20261103
RSF-FRIC,joint_structure_parameter_information_gain,1,1,13,6,1.3267167610563306,rsf_fric_state_log,M_base(x) + (p0 * log(state_ratio)),0.40770172964378415,-205.6305614392391,0.00019942214739841781,True,True,0.0015,20261103
RSF-FRIC,joint_structure_parameter_information_gain,1,2,14,6,1.1251592217501987,rsf_fric_state_log_quadratic,M_base(x) + ((p0 * log(state_ratio)) + (p1 * (log(state_ratio) ^ 2))),0.3551507509738456,-221.12508562033634,0.0006594063613524805,True,False,0.0015,20261103
RSF-FRIC,joint_structure_parameter_information_gain,1,3,15,6,1.1908075876711224,rsf_fric_velocity_modulated_log,M_base(x) + (p0 * log(state_ratio) * (1 + (p1 * log(velocity_ratio)))),0.37721882372302834,-234.61914448295406,0.0003051055817425634,True,False,0.0015,20261103
RSF-FRIC,joint_structure_parameter_information_gain,1,4,16,6,0.9488033693022786,rsf_fric_velocity_modulated_log,M_base(x) + (p0 * log(state_ratio) * (1 + (p1 * log(velocity_ratio)))),0.6947263326784988,-249.87021705806325,0.0002470195970640822,True,False,0.0015,20261103
RSF-FRIC,joint_structure_parameter_information_gain,1,5,17,6,0.8861544326661912,rsf_fric_velocity_modulated_log,M_base(x) + (p0 * log(state_ratio) * (1 + (p1 * log(velocity_ratio)))),0.7261562190218382,-265.97528796664824,0.0002386329775073946,True,False,0.0015,20261103
RSF-FRIC,joint_structure_parameter_information_gain,1,6,18,6,1.1917981745134905,rsf_fric_state_log,M_base(x) + (p0 * log(state_ratio)),0.541272643052799,-272.32695528032235,5.653060477643289e-05,True,True,0.0015,20261103
RSF-FRIC,joint_structure_parameter_information_gain,1,7,19,6,1.135085934993904,rsf_fric_state_log,M_base(x) + (p0 * log(state_ratio)),0.5805332626158917,-288.58374904005757,5.282996993061511e-05,True,True,0.0015,20261103
RSF-FRIC,joint_structure_parameter_information_gain,1,8,20,6,1.2077149017975133,rsf_fric_state_log,M_base(x) + (p0 * log(state_ratio)),0.5277628041428153,-304.5157241572796,3.0097842697363872e-05,True,True,0.0015,20261103
RSF-EVOL,space_filling_design,1,0,12,6,0.4924234274959014,rsf_evol_slip,(-1 * p0 * state_ratio * log(state_ratio)),0.8075242140939447,-102.38172984392105,0.06532215216643615,False,True,0.05056077696146291,20261107
RSF-EVOL,space_filling_design,1,1,13,6,0.13623815723615948,rsf_evol_slip,(-1 * p0 * state_ratio * log(state_ratio)),0.9695687204634278,-110.83834639507654,0.0016160750682417359,True,True,0.05056077696146291,20261107
RSF-EVOL,space_filling_design,1,2,14,6,0.004775587444863146,rsf_evol_slip,(-1 * p0 * state_ratio * log(state_ratio)),0.9994369665921267,-119.02171449911134,0.001701957269464536,True,True,0.05056077696146291,20261107
RSF-EVOL,space_filling_design,1,3,15,6,0.0006709834092413962,rsf_evol_slip,(-1 * p0 * state_ratio * log(state_ratio)),0.9999371420677056,-128.47350701368654,0.0002747111790338793,True,True,0.05056077696146291,20261107
RSF-EVOL,space_filling_design,1,4,16,6,0.001118294848683604,rsf_evol_slip,(-1 * p0 * state_ratio * log(state_ratio)),0.999889380211713,-134.4310388906508,0.0014562539669512203,True,True,0.05056077696146291,20261107
RSF-EVOL,space_filling_design,1,5,17,6,2.0528540013900483e-12,rsf_evol_slip,(-1 * p0 * state_ratio * log(state_ratio)),0.9999999999999345,-141.29982529555969,0.0011104686750681115,True,True,0.05056077696146291,20261107
RSF-EVOL,space_filling_design,1,6,18,6,3.95924270312116e-13,rsf_evol_slip,(-1 * p0 * state_ratio * log(state_ratio)),0.999999999999988,-150.6811080522349,0.0018731672778666611,True,True,0.05056077696146291,20261107
RSF-EVOL,space_filling_design,1,7,19,6,4.7111050269781135e-14,rsf_evol_slip,(-1 * p0 * state_ratio * log(state_ratio)),0.9999999999999987,-159.8015632138549,0.0012877277559944383,True,True,0.05056077696146291,20261107
RSF-EVOL,space_filling_design,1,8,20,6,1.1576833041662219e-14,rsf_evol_slip,(-1 * p0 * state_ratio * log(state_ratio)),0.9999999999999997,-168.25209009314437,0.001683085360291451,True,True,0.05056077696146291,20261107
RSF-EVOL,random_design,1,0,12,6,0.4924234274959014,rsf_evol_slip,(-1 * p0 * state_ratio * log(state_ratio)),0.8075242140939447,-102.38172984392105,0.06532215216643615,False,True,0.05056077696146291,20261107
RSF-EVOL,random_design,1,1,13,6,0.17163814754545553,rsf_evol_slip,(-1 * p0 * state_ratio * log(state_ratio)),0.9588321165939877,-110.8989670549704,0.0036705797346950875,True,True,0.05056077696146291,20261107
RSF-EVOL,random_design,1,2,14,6,2.3267987447108585e-07,rsf_evol_slip,(-1 * p0 * state_ratio * log(state_ratio)),0.9999999879002115,-119.82512211706447,0.004285104639662251,True,True,0.05056077696146291,20261107
RSF-EVOL,random_design,1,3,15,6,9.546639415217078e-08,rsf_evol_slip,(-1 * p0 * state_ratio * log(state_ratio)),0.9999999952665876,-127.26701967312879,0.004575321699383011,True,True,0.05056077696146291,20261107
RSF-EVOL,random_design,1,4,16,6,1.434583869086294e-09,rsf_evol_slip,(-1 * p0 * state_ratio * log(state_ratio)),0.9999999999415973,-136.46252257221906,0.006336671658588309,True,True,0.05056077696146291,20261107
RSF-EVOL,random_design,1,5,17,6,2.767381683499327e-10,rsf_evol_slip,(-1 * p0 * state_ratio * log(state_ratio)),0.9999999999894683,-146.02619568538833,0.005280968848530776,True,True,0.05056077696146291,20261107
RSF-EVOL,random_design,1,6,18,6,2.8921348250249363e-12,rsf_evol_slip,(-1 * p0 * state_ratio * log(state_ratio)),0.9999999999999067,-155.65803408494492,0.006305841250674631,True,True,0.05056077696146291,20261107
RSF-EVOL,random_design,1,7,19,6,8.615097084391212e-13,rsf_evol_slip,(-1 * p0 * state_ratio * log(state_ratio)),0.9999999999999732,-163.68170431170265,0.005824318042311986,True,True,0.05056077696146291,20261107
RSF-EVOL,random_design,1,8,20,6,1.4071425476668568e-13,rsf_evol_slip,(-1 * p0 * state_ratio * log(state_ratio)),0.9999999999999959,-171.59130394271432,0.003958123951855685,True,True,0.05056077696146291,20261107
RSF-EVOL,model_information_gain,1,0,12,6,0.4924234274959014,rsf_evol_slip,(-1 * p0 * state_ratio * log(state_ratio)),0.8075242140939447,-102.38172984392105,0.06532215216643615,False,True,0.05056077696146291,20261107
RSF-EVOL,model_information_gain,1,1,13,6,0.0007474149791533287,rsf_evol_slip,(-1 * p0 * state_ratio * log(state_ratio)),0.9999311134731517,-108.04822025186088,0.013076803626439957,True,True,0.05056077696146291,20261107
RSF-EVOL,model_information_gain,1,2,14,6,9.670297545703574e-07,rsf_evol_slip,(-1 * p0 * state_ratio * log(state_ratio)),0.9999999454393885,-117.35201573091751,0.008304895295838468,True,True,0.05056077696146291,20261107
RSF-EVOL,model_information_gain,1,3,15,6,1.0488477967801553e-09,rsf_evol_slip,(-1 * p0 * state_ratio * log(state_ratio)),0.9999999999578607,-126.85120831146655,0.004273952552961798,True,True,0.05056077696146291,20261107
RSF-EVOL,model_information_gain,1,4,16,6,4.493694433659691e-12,rsf_evol_slip,(-1 * p0 * state_ratio * log(state_ratio)),0.9999999999998529,-136.3044743217256,0.0012628200272511007,True,True,0.05056077696146291,20261107
RSF-EVOL,model_information_gain,1,5,17,6,2.2909635490869677e-13,rsf_evol_slip,(-1 * p0 * state_ratio * log(state_ratio)),0.9999999999999932,-145.9545181909248,0.0010566925156032631,True,True,0.05056077696146291,20261107
RSF-EVOL,model_information_gain,1,6,18,6,1.9886668084720214e-14,rsf_evol_slip,(-1 * p0 * state_ratio * log(state_ratio)),0.9999999999999994,-155.6126338988919,0.0014540594823073756,True,True,0.05056077696146291,20261107
RSF-EVOL,model_information_gain,1,7,19,6,2.2813045058532463e-15,rsf_evol_slip,(-1 * p0 * state_ratio * log(state_ratio)),0.9999999999999999,-164.29751637888407,0.0012204509515600826,True,True,0.05056077696146291,20261107
RSF-EVOL,model_information_gain,1,8,20,6,3.045133421600515e-16,rsf_evol_slip,(-1 * p0 * state_ratio * log(state_ratio)),1.0,-174.00742175855694,0.001119003773019719,True,True,0.05056077696146291,20261107
RSF-EVOL,parameter_information_gain,1,0,12,6,0.4924234274959014,rsf_evol_slip,(-1 * p0 * state_ratio * log(state_ratio)),0.8075242140939447,-102.38172984392105,0.06532215216643615,False,True,0.05056077696146291,20261107
RSF-EVOL,parameter_information_gain,1,1,13,6,0.13623815723615948,rsf_evol_slip,(-1 * p0 * state_ratio * log(state_ratio)),0.9695687204634278,-110.83834639507654,0.0016160750682417359,True,True,0.05056077696146291,20261107
RSF-EVOL,parameter_information_gain,1,2,14,6,0.11458062770800473,rsf_evol_slip,(-1 * p0 * state_ratio * log(state_ratio)),0.9756327016639704,-120.5126648126113,0.002109642579822444,True,True,0.05056077696146291,20261107
RSF-EVOL,parameter_information_gain,1,3,15,6,0.0987479607378661,rsf_evol_slip,(-1 * p0 * state_ratio * log(state_ratio)),0.9798176449090316,-130.21648173286385,0.0015111913540685042,True,True,0.05056077696146291,20261107
RSF-EVOL,parameter_information_gain,1,4,16,6,0.07401511616047941,rsf_evol_slip,(-1 * p0 * state_ratio * log(state_ratio)),0.9859172535518064,-139.92685551128838,0.0021009677600285536,True,True,0.05056077696146291,20261107
RSF-EVOL,parameter_information_gain,1,5,17,6,0.06037336243396833,rsf_evol_slip,(-1 * p0 * state_ratio * log(state_ratio)),0.9890387448952951,-149.80922557876724,0.0019982218685442614,True,True,0.05056077696146291,20261107
RSF-EVOL,parameter_information_gain,1,6,18,6,0.07926303551921349,rsf_evol_slip,(-1 * p0 * state_ratio * log(state_ratio)),0.9846692144356181,-158.4934951520809,0.0008275190396118228,True,True,0.05056077696146291,20261107
RSF-EVOL,parameter_information_gain,1,7,19,6,0.0766293315209042,rsf_evol_slip,(-1 * p0 * state_ratio * log(state_ratio)),0.9852987478346071,-168.0669149777109,0.0003010619285887315,True,True,0.05056077696146291,20261107
RSF-EVOL,parameter_information_gain,1,8,20,6,0.025726930771908463,rsf_evol_slip,(-1 * p0 * state_ratio * log(state_ratio)),0.9960635063627846,-177.39799647740477,0.0008962832468954665,True,True,0.05056077696146291,20261107
RSF-EVOL,joint_structure_parameter_information_gain,1,0,12,6,0.4924234274959014,rsf_evol_slip,(-1 * p0 * state_ratio * log(state_ratio)),0.8075242140939447,-102.38172984392105,0.06532215216643615,False,True,0.05056077696146291,20261107
RSF-EVOL,joint_structure_parameter_information_gain,1,1,13,6,0.13623815723615948,rsf_evol_slip,(-1 * p0 * state_ratio * log(state_ratio)),0.9695687204634278,-110.83834639507654,0.0016160750682417359,True,True,0.05056077696146291,20261107
RSF-EVOL,joint_structure_parameter_information_gain,1,2,14,6,0.014639272140888929,rsf_evol_slip,(-1 * p0 * state_ratio * log(state_ratio)),0.9979658197730662,-120.46053443436658,0.0005743155991189406,True,True,0.05056077696146291,20261107
RSF-EVOL,joint_structure_parameter_information_gain,1,3,15,6,0.008658337753266009,rsf_evol_slip,(-1 * p0 * state_ratio * log(state_ratio)),0.9988904137777614,-130.14943289381085,0.0013103833868699617,True,True,0.05056077696146291,20261107
RSF-EVOL,joint_structure_parameter_information_gain,1,4,16,6,0.0055894949994261854,rsf_evol_slip,(-1 * p0 * state_ratio * log(state_ratio)),0.9993268236994423,-139.95293295493042,0.0010398329002919147,True,True,0.05056077696146291,20261107
RSF-EVOL,joint_structure_parameter_information_gain,1,5,17,6,0.004259638708719628,rsf_evol_slip,(-1 * p0 * state_ratio * log(state_ratio)),0.9995053495543742,-149.65424147632442,0.0016328444115835748,True,True,0.05056077696146291,20261107
RSF-EVOL,joint_structure_parameter_information_gain,1,6,18,6,0.0029805739180916524,rsf_evol_slip,(-1 * p0 * state_ratio * log(state_ratio)),0.999669349919047,-159.5957036024469,0.0016231425780594746,True,True,0.05056077696146291,20261107
RSF-EVOL,joint_structure_parameter_information_gain,1,7,19,6,0.0028719711927948743,rsf_evol_slip,(-1 * p0 * state_ratio * log(state_ratio)),0.9996828663794396,-168.3751528430343,0.0006384234309036833,True,True,0.05056077696146291,20261107
RSF-EVOL,joint_structure_parameter_information_gain,1,8,20,6,0.002397903649177929,rsf_evol_slip,(-1 * p0 * state_ratio * log(state_ratio)),0.9997410074558845,-178.0138158283118,0.00018734552202750123,True,True,0.05056077696146291,20261107
RSF-FRIC,space_filling_design,1,0,12,6,1.348689988090167,rsf_fric_state_log,M_base(x) + (p0 * log(state_ratio)),0.42747683649295376,-187.4731580803718,0.000610150895594809,True,True,0.0015,20261107
RSF-FRIC,space_filling_design,1,1,13,6,1.3325579622399266,rsf_fric_state_log,M_base(x) + (p0 * log(state_ratio)),0.3879965787564119,-203.1183393182485,0.00014053534136726766,True,True,0.0015,20261107
RSF-FRIC,space_filling_design,1,2,14,6,1.3158462523656111,rsf_fric_state_log,M_base(x) + (p0 * log(state_ratio)),0.42070927967571564,-219.33985545786953,0.00012286543253065102,True,True,0.0015,20261107
RSF-FRIC,space_filling_design,1,3,15,6,1.3036031681513587,rsf_fric_state_log,M_base(x) + (p0 * log(state_ratio)),0.3868780415125454,-234.93488717903296,3.211430678954332e-05,True,True,0.0015,20261107
RSF-FRIC,space_filling_design,1,4,16,6,1.3132612367919054,rsf_fric_state_log,M_base(x) + (p0 * log(state_ratio)),0.33671741359428276,-249.4624058856968,7.89770746901362e-05,True,True,0.0015,20261107
RSF-FRIC,space_filling_design,1,5,17,6,1.297221063320659,rsf_fric_state_power,M_base(x) + (p0 * ((state_ratio ^ p1) - 1)),0.3400806573181895,-264.8351043622764,0.00023751768529663974,True,False,0.0015,20261107
RSF-FRIC,space_filling_design,1,6,18,6,1.3578227611889646,rsf_fric_state_power,M_base(x) + (p0 * ((state_ratio ^ p1) - 1)),0.3022157331607296,-279.50915036514203,0.0002198975097815955,True,False,0.0015,20261107
RSF-FRIC,space_filling_design,1,7,19,6,1.325983374947035,rsf_fric_state_power,M_base(x) + (p0 * ((state_ratio ^ p1) - 1)),0.3362585166079557,-296.2159347579059,0.00021854597741775315,True,False,0.0015,20261107
RSF-FRIC,space_filling_design,1,8,20,6,1.203020332442165,rsf_fric_state_power,M_base(x) + (p0 * ((state_ratio ^ p1) - 1)),0.3969497911218842,-312.9583157570683,0.00022188699338643447,True,False,0.0015,20261107
RSF-FRIC,random_design,1,0,12,6,1.348689988090167,rsf_fric_state_log,M_base(x) + (p0 * log(state_ratio)),0.42747683649295376,-187.4731580803718,0.000610150895594809,True,True,0.0015,20261107
RSF-FRIC,random_design,1,1,13,6,1.1993705404571369,rsf_fric_state_log,M_base(x) + (p0 * log(state_ratio)),0.5365677328821733,-204.26294079720577,0.0006201041963238818,True,True,0.0015,20261107
RSF-FRIC,random_design,1,2,14,6,1.2619269108129432,rsf_fric_state_log,M_base(x) + (p0 * log(state_ratio)),0.42326473909827234,-218.12814673054214,0.0007632543081876593,True,True,0.0015,20261107
RSF-FRIC,random_design,1,3,15,6,1.256742963436539,rsf_fric_state_log,M_base(x) + (p0 * log(state_ratio)),0.4467106531852408,-233.22326891065268,0.0006476004202858466,True,True,0.0015,20261107
RSF-FRIC,random_design,1,4,16,6,1.241172635531885,rsf_fric_state_log,M_base(x) + (p0 * log(state_ratio)),0.49593989184023674,-249.00455334187845,0.0006258206783908714,True,True,0.0015,20261107
RSF-FRIC,random_design,1,5,17,6,1.2264760380464395,rsf_fric_state_log,M_base(x) + (p0 * log(state_ratio)),0.4775042552782356,-259.45753770332027,0.0006022226054991483,True,True,0.0015,20261107
RSF-FRIC,random_design,1,6,18,6,1.2335378612251304,rsf_fric_state_log,M_base(x) + (p0 * log(state_ratio)),0.49250273291443236,-275.70568473007825,0.0006182645044339878,True,True,0.0015,20261107
RSF-FRIC,random_design,1,7,19,6,1.200608533920179,rsf_fric_state_log,M_base(x) + (p0 * log(state_ratio)),0.47942077148676987,-291.41922416192835,0.0004924862186375651,True,True,0.0015,20261107
RSF-FRIC,random_design,1,8,20,6,1.1985344450432578,rsf_fric_state_log,M_base(x) + (p0 * log(state_ratio)),0.4952367812316045,-306.69261768794314,0.0004393943735287722,True,True,0.0015,20261107
RSF-FRIC,model_information_gain,1,0,12,6,1.348689988090167,rsf_fric_state_log,M_base(x) + (p0 * log(state_ratio)),0.42747683649295376,-187.4731580803718,0.000610150895594809,True,True,0.0015,20261107
RSF-FRIC,model_information_gain,1,1,13,6,1.3325579622399266,rsf_fric_state_log,M_base(x) + (p0 * log(state_ratio)),0.3879965787564119,-203.1183393182485,0.00014053534136726766,True,True,0.0015,20261107
RSF-FRIC,model_information_gain,1,2,14,6,1.2329399322421322,rsf_fric_state_log,M_base(x) + (p0 * log(state_ratio)),0.5062936530553844,-219.88904976588913,0.0001583599083001718,True,True,0.0015,20261107
RSF-FRIC,model_information_gain,1,3,15,6,1.2911768215602084,rsf_fric_state_log,M_base(x) + (p0 * log(state_ratio)),0.45076184699223826,-235.3153169092538,6.817589193103614e-05,True,True,0.0015,20261107
RSF-FRIC,model_information_gain,1,4,16,6,1.2215132780289495,rsf_fric_state_log,M_base(x) + (p0 * log(state_ratio)),0.47036343575254513,-250.51501255699205,1.553756738818591e-05,True,True,0.0015,20261107
RSF-FRIC,model_information_gain,1,5,17,6,1.226690523294993,rsf_fric_state_log,M_base(x) + (p0 * log(state_ratio)),0.4301826353625624,-266.8695216292763,4.6879284034116806e-05,True,True,0.0015,20261107
RSF-FRIC,model_information_gain,1,6,18,6,1.1694440598958444,rsf_fric_velocity_modulated_log,M_base(x) + (p0 * log(state_ratio) * (1 + (p1 * log(velocity_ratio)))),0.4280712566904917,-283.3055998908093,0.00011320421781081697,True,False,0.0015,20261107
RSF-FRIC,model_information_gain,1,7,19,6,1.1674845584297198,rsf_fric_state_log,M_base(x) + (p0 * log(state_ratio)),0.5573143199336932,-297.1733689184746,3.6958383362195966e-05,True,True,0.0015,20261107
RSF-FRIC,model_information_gain,1,8,20,6,1.217487116568876,rsf_fric_state_log,M_base(x) + (p0 * log(state_ratio)),0.49966898017986155,-310.8228161681262,9.67538103001126e-05,True,True,0.0015,20261107
RSF-FRIC,parameter_information_gain,1,0,12,6,1.348689988090167,rsf_fric_state_log,M_base(x) + (p0 * log(state_ratio)),0.42747683649295376,-187.4731580803718,0.000610150895594809,True,True,0.0015,20261107
RSF-FRIC,parameter_information_gain,1,1,13,6,1.2247775624259019,rsf_fric_state_log,M_base(x) + (p0 * log(state_ratio)),0.5131995177764218,-203.5989795398497,0.00025034443839503956,True,True,0.0015,20261107
RSF-FRIC,parameter_information_gain,1,2,14,6,1.3241821492711765,rsf_fric_state_log,M_base(x) + (p0 * log(state_ratio)),0.4111590015551073,-218.50763897171535,7.986454863519414e-05,True,True,0.0015,20261107
RSF-FRIC,parameter_information_gain,1,3,15,6,1.2967218623519203,rsf_fric_state_log,M_base(x) + (p0 * log(state_ratio)),0.4444193841231226,-235.2367079943709,6.389583233415121e-05,True,True,0.0015,20261107
RSF-FRIC,parameter_information_gain,1,4,16,6,1.2227172016513972,rsf_fric_state_log,M_base(x) + (p0 * log(state_ratio)),0.4655599106304713,-250.47319275990463,1.7984164096678458e-05,True,True,0.0015,20261107
RSF-FRIC,parameter_information_gain,1,5,17,6,1.226690523237753,rsf_fric_state_log,M_base(x) + (p0 * log(state_ratio)),0.4301826353888067,-266.8695216292763,4.6879284034116806e-05,True,True,0.0015,20261107
RSF-FRIC,parameter_information_gain,1,6,18,6,1.16944405989692,rsf_fric_velocity_modulated_log,M_base(x) + (p0 * log(state_ratio) * (1 + (p1 * log(velocity_ratio)))),0.42807125669013113,-283.3055998908096,0.0001132041808189474,True,False,0.0015,20261107
RSF-FRIC,parameter_information_gain,1,7,19,6,1.0728584635156022,rsf_fric_velocity_modulated_log,M_base(x) + (p0 * log(state_ratio) * (1 + (p1 * log(velocity_ratio)))),0.5466291424136414,-299.8857748207608,0.00012761506604685367,True,False,0.0015,20261107
RSF-FRIC,parameter_information_gain,1,8,20,6,1.1971910614160446,rsf_fric_state_log,M_base(x) + (p0 * log(state_ratio)),0.5283001586017527,-313.1830221917971,6.623963326272688e-05,True,True,0.0015,20261107
RSF-FRIC,joint_structure_parameter_information_gain,1,0,12,6,1.348689988090167,rsf_fric_state_log,M_base(x) + (p0 * log(state_ratio)),0.42747683649295376,-187.4731580803718,0.000610150895594809,True,True,0.0015,20261107
RSF-FRIC,joint_structure_parameter_information_gain,1,1,13,6,1.3325579622399266,rsf_fric_state_log,M_base(x) + (p0 * log(state_ratio)),0.3879965787564119,-203.1183393182485,0.00014053534136726766,True,True,0.0015,20261107
RSF-FRIC,joint_structure_parameter_information_gain,1,2,14,6,1.267536607873477,rsf_fric_state_log,M_base(x) + (p0 * log(state_ratio)),0.47598450883383625,-218.25487141293638,4.9244871430400474e-05,True,True,0.0015,20261107
RSF-FRIC,joint_structure_parameter_information_gain,1,3,15,6,1.2141545476894589,rsf_fric_state_log,M_base(x) + (p0 * log(state_ratio)),0.5046398288114078,-234.33216905381207,2.780308649817161e-05,True,True,0.0015,20261107
RSF-FRIC,joint_structure_parameter_information_gain,1,4,16,6,1.2215132780299722,rsf_fric_state_log,M_base(x) + (p0 * log(state_ratio)),0.4703634357520128,-250.51501255699216,1.5537567895380414e-05,True,True,0.0015,20261107
RSF-FRIC,joint_structure_parameter_information_gain,1,5,17,6,1.2266905233092047,rsf_fric_state_log,M_base(x) + (p0 * log(state_ratio)),0.43018263535600426,-266.8695216292763,4.6879284034116806e-05,True,True,0.0015,20261107
RSF-FRIC,joint_structure_parameter_information_gain,1,6,18,6,1.1694440598974765,rsf_fric_velocity_modulated_log,M_base(x) + (p0 * log(state_ratio) * (1 + (p1 * log(velocity_ratio)))),0.42807125669003115,-283.3055998908106,0.00011320418861039112,True,False,0.0015,20261107
RSF-FRIC,joint_structure_parameter_information_gain,1,7,19,6,1.1674845584322173,rsf_fric_state_log,M_base(x) + (p0 * log(state_ratio)),0.557314319932088,-297.17336891847464,3.695838291435735e-05,True,True,0.0015,20261107
RSF-FRIC,joint_structure_parameter_information_gain,1,8,20,6,1.184886280444682,rsf_fric_state_log,M_base(x) + (p0 * log(state_ratio)),0.5478187846758953,-312.63185138732706,1.828447395143819e-06,True,True,0.0015,20261107
RSF-EVOL,space_filling_design,1,0,12,6,0.6658029183978192,rsf_evol_slip,(-1 * p0 * state_ratio * log(state_ratio)),0.61698741176945,-107.50286791524671,0.002770543983417399,True,True,0.052129757097979144,20261111
RSF-EVOL,space_filling_design,1,1,13,6,0.04440719848762554,rsf_evol_slip,(-1 * p0 * state_ratio * log(state_ratio)),0.9924510446465659,-117.62174797370311,0.0007802914475638326,True,True,0.052129757097979144,20261111
RSF-EVOL,space_filling_design,1,2,14,6,1.3620907630878765e-05,rsf_evol_slip,(-1 * p0 * state_ratio * log(state_ratio)),0.9999990861912752,-127.81229334176912,0.0005303296027448005,True,True,0.052129757097979144,20261111
RSF-EVOL,space_filling_design,1,3,15,6,2.332145560781244e-06,rsf_evol_slip,(-1 * p0 * state_ratio * log(state_ratio)),0.9999998610947807,-138.08141919535518,0.0002723442902627403,True,True,0.052129757097979144,20261111
RSF-EVOL,space_filling_design,1,4,16,6,8.845733682938145e-07,rsf_evol_slip,(-1 * p0 * state_ratio * log(state_ratio)),0.9999999503561605,-148.43534663025062,0.00027839602577761695,True,True,0.052129757097979144,20261111
RSF-EVOL,space_filling_design,1,5,17,6,1.0163674448770147e-15,rsf_evol_slip,(-1 * p0 * state_ratio * log(state_ratio)),1.0,-158.69334682993554,0.00023124283699074195,True,True,0.052129757097979144,20261111
RSF-EVOL,space_filling_design,1,6,18,6,5.2606423113409713e-17,rsf_evol_slip,(-1 * p0 * state_ratio * log(state_ratio)),1.0,-169.16656872440794,0.0002355151494888608,True,True,0.052129757097979144,20261111
RSF-EVOL,space_filling_design,1,7,19,6,3.668912141079841e-28,rsf_evol_slip,(-1 * p0 * state_ratio * log(state_ratio)),1.0,-174.42269849188756,0.00047892362634342094,True,True,0.052129757097979144,20261111
RSF-EVOL,space_filling_design,1,8,20,6,1.6798482306244307e-17,rsf_evol_slip,(-1 * p0 * state_ratio * log(state_ratio)),1.0,-182.96742367158342,0.0021029171801164987,True,True,0.052129757097979144,20261111
RSF-EVOL,random_design,1,0,12,6,0.6658029183978192,rsf_evol_slip,(-1 * p0 * state_ratio * log(state_ratio)),0.61698741176945,-107.50286791524671,0.002770543983417399,True,True,0.052129757097979144,20261111
RSF-EVOL,random_design,1,1,13,6,0.05711926002979434,rsf_evol_slip,(-1 * p0 * state_ratio * log(state_ratio)),0.9897561095258245,-117.5333646154654,0.010097840099561646,True,True,0.052129757097979144,20261111
RSF-EVOL,random_design,1,2,14,6,0.00010285966865558649,rsf_evol_slip,(-1 * p0 * state_ratio * log(state_ratio)),0.999991917214524,-126.9663420241602,0.00806353202937113,True,True,0.052129757097979144,20261111
RSF-EVOL,random_design,1,3,15,6,3.1415029089459116e-05,rsf_evol_slip,(-1 * p0 * state_ratio * log(state_ratio)),0.9999977573252827,-137.1894567687848,0.00804513674724439,True,True,0.052129757097979144,20261111
RSF-EVOL,random_design,1,4,16,6,1.1381973834528115e-05,rsf_evol_slip,(-1 * p0 * state_ratio * log(state_ratio)),0.9999992461292724,-147.28358062218186,0.008461260242493754,True,True,0.052129757097979144,20261111
RSF-EVOL,random_design,1,5,17,6,4.251713080612125e-06,rsf_evol_slip,(-1 * p0 * state_ratio * log(state_ratio)),0.9999997367379175,-156.9291250991091,0.007161047746016914,True,True,0.052129757097979144,20261111
RSF-EVOL,random_design,1,6,18,6,9.411092453974849e-07,rsf_evol_slip,(-1 * p0 * state_ratio * log(state_ratio)),0.9999999469879645,-167.29072593710984,0.0073042903862834485,True,True,0.052129757097979144,20261111
RSF-EVOL,random_design,1,7,19,6,4.135377556852409e-24,rsf_evol_slip,(-1 * p0 * state_ratio * log(state_ratio)),1.0,-176.73608166040685,0.005424787176877717,True,True,0.052129757097979144,20261111
RSF-EVOL,random_design,1,8,20,6,1.197127165729892e-07,rsf_evol_slip,(-1 * p0 * state_ratio * log(state_ratio)),0.9999999939934668,-186.3693241024891,0.006007076173781219,True,True,0.052129757097979144,20261111
RSF-EVOL,model_information_gain,1,0,12,6,0.6658029183978192,rsf_evol_slip,(-1 * p0 * state_ratio * log(state_ratio)),0.61698741176945,-107.50286791524671,0.002770543983417399,True,True,0.052129757097979144,20261111
RSF-EVOL,model_information_gain,1,1,13,6,0.00014510956845875076,rsf_evol_slip,(-1 * p0 * state_ratio * log(state_ratio)),0.9999882859897604,-117.5454052604046,0.007921049313346681,True,True,0.052129757097979144,20261111
RSF-EVOL,model_information_gain,1,2,14,6,2.6173556638303066e-08,rsf_evol_slip,(-1 * p0 * state_ratio * log(state_ratio)),0.999999998784201,-127.67602992230677,0.001391192772801432,True,True,0.052129757097979144,20261111
RSF-EVOL,model_information_gain,1,3,15,6,3.11004438746579e-12,rsf_evol_slip,(-1 * p0 * state_ratio * log(state_ratio)),0.9999999999998994,-137.91170429511916,0.003415874986768759,True,True,0.052129757097979144,20261111
RSF-EVOL,model_information_gain,1,4,16,6,1.201472839113738e-13,rsf_evol_slip,(-1 * p0 * state_ratio * log(state_ratio)),0.9999999999999964,-147.17388274556265,0.005075684252851324,True,True,0.052129757097979144,20261111
RSF-EVOL,model_information_gain,1,5,17,6,2.372338674270856e-14,rsf_evol_slip,(-1 * p0 * state_ratio * log(state_ratio)),0.9999999999999993,-153.5095681847837,0.004367431818621812,True,True,0.052129757097979144,20261111
RSF-EVOL,model_information_gain,1,6,18,6,5.967826848825881e-16,rsf_evol_slip,(-1 * p0 * state_ratio * log(state_ratio)),1.0,-163.64800213931974,0.005004719302093688,True,True,0.052129757097979144,20261111
RSF-EVOL,model_information_gain,1,7,19,6,4.835338023986435e-29,rsf_evol_slip,(-1 * p0 * state_ratio * log(state_ratio)),1.0,-173.83171852665305,0.004772319378332645,True,True,0.052129757097979144,20261111
RSF-EVOL,model_information_gain,1,8,20,6,1.1083813377523698e-17,rsf_evol_slip,(-1 * p0 * state_ratio * log(state_ratio)),1.0,-181.11059491759806,0.002076145630281104,True,True,0.052129757097979144,20261111
RSF-EVOL,parameter_information_gain,1,0,12,6,0.6658029183978192,rsf_evol_slip,(-1 * p0 * state_ratio * log(state_ratio)),0.61698741176945,-107.50286791524671,0.002770543983417399,True,True,0.052129757097979144,20261111
RSF-EVOL,parameter_information_gain,1,1,13,6,0.04440719848762554,rsf_evol_slip,(-1 * p0 * state_ratio * log(state_ratio)),0.9924510446465659,-117.62174797370311,0.0007802914475638326,True,True,0.052129757097979144,20261111
RSF-EVOL,parameter_information_gain,1,2,14,6,0.04626949676208269,rsf_evol_slip,(-1 * p0 * state_ratio * log(state_ratio)),0.992067348945905,-126.4413909555992,0.0029947331577144768,True,True,0.052129757097979144,20261111
RSF-EVOL,parameter_information_gain,1,3,15,6,0.029546933426096288,rsf_evol_slip,(-1 * p0 * state_ratio * log(state_ratio)),0.9953624577697192,-135.83825144544,0.0013487221076674237,True,True,0.052129757097979144,20261111
RSF-EVOL,parameter_information_gain,1,4,16,6,0.0230945641034193,rsf_evol_slip,(-1 * p0 * state_ratio * log(state_ratio)),0.9965339046211703,-145.96850140467944,0.0017014428731858056,True,True,0.052129757097979144,20261111
RSF-EVOL,parameter_information_gain,1,5,17,6,0.015551564493786476,rsf_evol_slip,(-1 * p0 * state_ratio * log(state_ratio)),0.9978177204090294,-156.18050629900333,0.0019276907918337747,True,True,0.052129757097979144,20261111
RSF-EVOL,parameter_information_gain,1,6,18,6,0.008525928308896237,rsf_evol_slip,(-1 * p0 * state_ratio * log(state_ratio)),0.9989098529401791,-166.45450803109878,0.0017516526946400137,True,True,0.052129757097979144,20261111
RSF-EVOL,parameter_information_gain,1,7,19,6,5.849376659830418e-21,rsf_evol_slip,(-1 * p0 * state_ratio * log(state_ratio)),1.0,-176.41573007679744,0.0021666113785977106,True,True,0.052129757097979144,20261111
RSF-EVOL,parameter_information_gain,1,8,20,6,0.0029674570862788354,rsf_evol_slip,(-1 * p0 * state_ratio * log(state_ratio)),0.9996709861282301,-186.73551367856265,0.002333303727147464,True,True,0.052129757097979144,20261111
RSF-EVOL,joint_structure_parameter_information_gain,1,0,12,6,0.6658029183978192,rsf_evol_slip,(-1 * p0 * state_ratio * log(state_ratio)),0.61698741176945,-107.50286791524671,0.002770543983417399,True,True,0.052129757097979144,20261111
RSF-EVOL,joint_structure_parameter_information_gain,1,1,13,6,0.04440719848762554,rsf_evol_slip,(-1 * p0 * state_ratio * log(state_ratio)),0.9924510446465659,-117.62174797370311,0.0007802914475638326,True,True,0.052129757097979144,20261111
RSF-EVOL,joint_structure_parameter_information_gain,1,2,14,6,0.04626949676208269,rsf_evol_slip,(-1 * p0 * state_ratio * log(state_ratio)),0.992067348945905,-126.4413909555992,0.0029947331577144768,True,True,0.052129757097979144,20261111
RSF-EVOL,joint_structure_parameter_information_gain,1,3,15,6,0.0007445201910399339,rsf_evol_slip,(-1 * p0 * state_ratio * log(state_ratio)),0.999929494782529,-134.66823000702144,0.0005020607709434511,True,True,0.052129757097979144,20261111
RSF-EVOL,joint_structure_parameter_information_gain,1,4,16,6,0.00048492843319163797,rsf_evol_slip,(-1 * p0 * state_ratio * log(state_ratio)),0.9999560447297698,-144.58110734029592,0.0001525975999427824,True,True,0.052129757097979144,20261111
RSF-EVOL,joint_structure_parameter_information_gain,1,5,17,6,0.0003020499056871847,rsf_evol_slip,(-1 * p0 * state_ratio * log(state_ratio)),0.9999738524353613,-154.44662374855181,0.00044341387621329927,True,True,0.052129757097979144,20261111
RSF-EVOL,joint_structure_parameter_information_gain,1,6,18,6,0.00019898439040391084,rsf_evol_slip,(-1 * p0 * state_ratio * log(state_ratio)),0.9999834287874552,-164.4417153837563,0.0008446678120258531,True,True,0.052129757097979144,20261111
RSF-EVOL,joint_structure_parameter_information_gain,1,7,19,6,1.2257703184182049e-20,rsf_evol_slip,(-1 * p0 * state_ratio * log(state_ratio)),1.0,-174.71114695775105,0.000843046326903645,True,True,0.052129757097979144,20261111
RSF-EVOL,joint_structure_parameter_information_gain,1,8,20,6,9.505266479467578e-05,rsf_evol_slip,(-1 * p0 * state_ratio * log(state_ratio)),0.9999925806254495,-184.3627964494412,0.0013232584852733624,True,True,0.052129757097979144,20261111
RSF-FRIC,space_filling_design,1,0,12,6,1.5362435972059234,rsf_fric_state_log,M_base(x) + (p0 * log(state_ratio)),0.3471733068866514,-174.73727178251502,0.0009174942936959588,True,True,0.0015,20261111
RSF-FRIC,space_filling_design,1,1,13,6,1.2972400617600945,rsf_fric_state_log,M_base(x) + (p0 * log(state_ratio)),0.39514452986629733,-188.21216170156492,0.00021361401956575366,True,True,0.0015,20261111
RSF-FRIC,space_filling_design,1,2,14,6,1.2388199675619935,rsf_fric_state_log,M_base(x) + (p0 * log(state_ratio)),0.44215321938569524,-203.6448556942564,0.0003003106506489934,True,True,0.0015,20261111
RSF-FRIC,space_filling_design,1,3,15,6,1.175198374383446,rsf_fric_velocity_modulated_log,M_base(x) + (p0 * log(state_ratio) * (1 + (p1 * log(velocity_ratio)))),0.45497692299330716,-217.9908717262559,0.00030869711408403267,True,False,0.0015,20261111
RSF-FRIC,space_filling_design,1,4,16,6,1.1274654715745849,rsf_fric_velocity_modulated_log,M_base(x) + (p0 * log(state_ratio) * (1 + (p1 * log(velocity_ratio)))),0.5093357715005032,-233.73158880641756,0.0003202038816294135,True,False,0.0015,20261111
RSF-FRIC,space_filling_design,1,5,17,6,1.076074630692767,rsf_fric_velocity_modulated_log,M_base(x) + (p0 * log(state_ratio) * (1 + (p1 * log(velocity_ratio)))),0.5519159428645511,-249.56253903157122,0.00032930200697265885,True,False,0.0015,20261111
RSF-FRIC,space_filling_design,1,6,18,6,1.0467600553921086,rsf_fric_velocity_modulated_log,M_base(x) + (p0 * log(state_ratio) * (1 + (p1 * log(velocity_ratio)))),0.6038247176091038,-265.1112551094998,0.00035996135802816577,True,False,0.0015,20261111
RSF-FRIC,space_filling_design,1,7,19,6,0.6751322813457813,rsf_fric_velocity_modulated_log,M_base(x) + (p0 * log(state_ratio) * (1 + (p1 * log(velocity_ratio)))),0.8074380449203988,-280.6756444160347,0.0003804448461650254,True,False,0.0015,20261111
RSF-FRIC,space_filling_design,1,8,20,6,0.7740848928470391,rsf_fric_velocity_modulated_log,M_base(x) + (p0 * log(state_ratio) * (1 + (p1 * log(velocity_ratio)))),0.7634947367962305,-295.8416331185785,0.0003356011410992217,True,False,0.0015,20261111
RSF-FRIC,random_design,1,0,12,6,1.5362435972059234,rsf_fric_state_log,M_base(x) + (p0 * log(state_ratio)),0.3471733068866514,-174.73727178251502,0.0009174942936959588,True,True,0.0015,20261111
RSF-FRIC,random_design,1,1,13,6,1.2817621118898888,rsf_fric_state_log,M_base(x) + (p0 * log(state_ratio)),0.43815907541172816,-188.641363457367,7.15013974838754e-05,True,True,0.0015,20261111
RSF-FRIC,random_design,1,2,14,6,1.2502934449812475,rsf_fric_state_log,M_base(x) + (p0 * log(state_ratio)),0.4875769050875802,-204.2905093115857,3.2181523362680236e-05,True,True,0.0015,20261111
RSF-FRIC,random_design,1,3,15,6,1.2342744770285703,rsf_fric_state_log,M_base(x) + (p0 * log(state_ratio)),0.505711867203185,-220.02474011642778,4.729307118615792e-05,True,True,0.0015,20261111
RSF-FRIC,random_design,1,4,16,6,1.1878043196402692,rsf_fric_state_log,M_base(x) + (p0 * log(state_ratio)),0.5458274946983058,-235.17927248752883,2.4023615873196073e-05,True,True,0.0015,20261111
RSF-FRIC,random_design,1,5,17,6,1.1828413381896072,rsf_fric_state_log,M_base(x) + (p0 * log(state_ratio)),0.5497358162306762,-250.96278758976536,3.755518756232897e-05,True,True,0.0015,20261111
RSF-FRIC,random_design,1,6,18,6,1.167750319168276,rsf_fric_state_log,M_base(x) + (p0 * log(state_ratio)),0.561168589889873,-266.858143543887,4.501249570451428e-05,True,True,0.0015,20261111
RSF-FRIC,random_design,1,7,19,6,1.1596078549730686,rsf_fric_state_log,M_base(x) + (p0 * log(state_ratio)),0.565717227659224,-280.10055120592114,0.0001003111508000695,True,True,0.0015,20261111
RSF-FRIC,random_design,1,8,20,6,1.2221460262694395,rsf_fric_velocity_modulated_log,M_base(x) + (p0 * log(state_ratio) * (1 + (p1 * log(velocity_ratio)))),0.4906992935675347,-293.2939709119191,0.00031507100923804045,True,False,0.0015,20261111
RSF-FRIC,model_information_gain,1,0,12,6,1.5362435972059234,rsf_fric_state_log,M_base(x) + (p0 * log(state_ratio)),0.3471733068866514,-174.73727178251502,0.0009174942936959588,True,True,0.0015,20261111
RSF-FRIC,model_information_gain,1,1,13,6,1.2114046314166955,rsf_fric_state_log,M_base(x) + (p0 * log(state_ratio)),0.5249698930072894,-190.25114474862204,0.000596407459720563,True,True,0.0015,20261111
RSF-FRIC,model_information_gain,1,2,14,6,1.2303156353243665,rsf_fric_state_log,M_base(x) + (p0 * log(state_ratio)),0.5104773586020275,-205.48112974733223,0.0003627812884992438,True,True,0.0015,20261111
RSF-FRIC,model_information_gain,1,3,15,6,1.2642336849503362,rsf_fric_state_log,M_base(x) + (p0 * log(state_ratio)),0.47060859940538174,-218.18378656700818,9.929369568998004e-05,True,True,0.0015,20261111
RSF-FRIC,model_information_gain,1,4,16,6,1.291017451108997,rsf_fric_velocity_modulated_log,M_base(x) + (p0 * log(state_ratio) * (1 + (p1 * log(velocity_ratio)))),0.4446472803478748,-232.01802665519335,0.00030235216604716856,True,False,0.0015,20261111
RSF-FRIC,model_information_gain,1,5,17,6,1.2153588973136353,rsf_fric_velocity_modulated_log,M_base(x) + (p0 * log(state_ratio) * (1 + (p1 * log(velocity_ratio)))),0.4986207480611834,-247.55135294899353,0.0002738772050793033,True,False,0.0015,20261111
RSF-FRIC,model_information_gain,1,6,18,6,1.2848694135696253,rsf_fric_velocity_modulated_log,M_base(x) + (p0 * log(state_ratio) * (1 + (p1 * log(velocity_ratio)))),0.42194245728519403,-262.50599696285735,0.0003175224004861707,True,False,0.0015,20261111
RSF-FRIC,model_information_gain,1,7,19,6,1.197780985798292,rsf_fric_velocity_modulated_log,M_base(x) + (p0 * log(state_ratio) * (1 + (p1 * log(velocity_ratio)))),0.49859824413523796,-278.30399244267227,0.0003123899313084621,True,False,0.0015,20261111
RSF-FRIC,model_information_gain,1,8,20,6,0.9326192899424393,rsf_fric_velocity_modulated_log,M_base(x) + (p0 * log(state_ratio) * (1 + (p1 * log(velocity_ratio)))),0.6688571315916418,-293.56578805558786,0.0002827283844203803,True,False,0.0015,20261111
RSF-FRIC,parameter_information_gain,1,0,12,6,1.5362435972059234,rsf_fric_state_log,M_base(x) + (p0 * log(state_ratio)),0.3471733068866514,-174.73727178251502,0.0009174942936959588,True,True,0.0015,20261111
RSF-FRIC,parameter_information_gain,1,1,13,6,1.2972400617600945,rsf_fric_state_log,M_base(x) + (p0 * log(state_ratio)),0.39514452986629733,-188.21216170156492,0.00021361401956575366,True,True,0.0015,20261111
RSF-FRIC,parameter_information_gain,1,2,14,6,1.289010759970505,rsf_fric_state_log_quadratic,M_base(x) + ((p0 * log(state_ratio)) + (p1 * (log(state_ratio) ^ 2))),0.3127125464978336,-202.63925266966677,0.0003703242775521751,True,False,0.0015,20261111
RSF-FRIC,parameter_information_gain,1,3,15,6,1.3388247027192792,rsf_fric_velocity_modulated_log,M_base(x) + (p0 * log(state_ratio) * (1 + (p1 * log(velocity_ratio)))),0.3784616681467357,-216.93089279404163,0.00036688220475845684,True,False,0.0015,20261111
RSF-FRIC,parameter_information_gain,1,4,16,6,1.2497253650811246,rsf_fric_velocity_modulated_log,M_base(x) + (p0 * log(state_ratio) * (1 + (p1 * log(velocity_ratio)))),0.48040307780828256,-232.15152515525725,0.00030641226659404897,True,False,0.0015,20261111
RSF-FRIC,parameter_information_gain,1,5,17,6,1.2178847909980202,rsf_fric_velocity_modulated_log,M_base(x) + (p0 * log(state_ratio) * (1 + (p1 * log(velocity_ratio)))),0.5165170147085403,-246.80849582595985,0.0002828881963344261,True,False,0.0015,20261111
RSF-FRIC,parameter_information_gain,1,6,18,6,1.324754441929662,rsf_fric_velocity_modulated_log,M_base(x) + (p0 * log(state_ratio) * (1 + (p1 * log(velocity_ratio)))),0.3838946920813065,-261.2224432675575,0.0003066269615302329,True,False,0.0015,20261111
RSF-FRIC,parameter_information_gain,1,7,19,6,1.3165843949147442,rsf_fric_velocity_modulated_log,M_base(x) + (p0 * log(state_ratio) * (1 + (p1 * log(velocity_ratio)))),0.41740670022114484,-276.5117425546297,0.00032130270242091303,True,False,0.0015,20261111
RSF-FRIC,parameter_information_gain,1,8,20,6,1.284877660497711,rsf_fric_velocity_modulated_log,M_base(x) + (p0 * log(state_ratio) * (1 + (p1 * log(velocity_ratio)))),0.4581451967588258,-291.9104565075682,0.0002892045561499124,True,False,0.0015,20261111
RSF-FRIC,joint_structure_parameter_information_gain,1,0,12,6,1.5362435972059234,rsf_fric_state_log,M_base(x) + (p0 * log(state_ratio)),0.3471733068866514,-174.73727178251502,0.0009174942936959588,True,True,0.0015,20261111
RSF-FRIC,joint_structure_parameter_information_gain,1,1,13,6,1.2234310041541658,rsf_fric_state_log,M_base(x) + (p0 * log(state_ratio)),0.5121702601759093,-190.17748454005476,0.000530037440985331,True,True,0.0015,20261111
RSF-FRIC,joint_structure_parameter_information_gain,1,2,14,6,1.215542492210364,rsf_fric_state_log,M_base(x) + (p0 * log(state_ratio)),0.5234099875949538,-205.51498920188402,0.0003565295773863648,True,True,0.0015,20261111
RSF-FRIC,joint_structure_parameter_information_gain,1,3,15,6,1.223496745062648,rsf_fric_state_log,M_base(x) + (p0 * log(state_ratio)),0.4879949058301415,-219.66548019562,0.0005411443170856531,True,True,0.0015,20261111
RSF-FRIC,joint_structure_parameter_information_gain,1,4,16,6,1.2497253650812068,rsf_fric_velocity_modulated_log,M_base(x) + (p0 * log(state_ratio) * (1 + (p1 * log(velocity_ratio)))),0.48040307780821506,-232.151525155257,0.00030641226947475,True,False,0.0015,20261111
RSF-FRIC,joint_structure_parameter_information_gain,1,5,17,6,1.215358897315265,rsf_fric_velocity_modulated_log,M_base(x) + (p0 * log(state_ratio) * (1 + (p1 * log(velocity_ratio)))),0.4986207480602259,-247.551352948993,0.000273877198731648,True,False,0.0015,20261111
RSF-FRIC,joint_structure_parameter_information_gain,1,6,18,6,1.2848694135687393,rsf_fric_velocity_modulated_log,M_base(x) + (p0 * log(state_ratio) * (1 + (p1 * log(velocity_ratio)))),0.4219424572858356,-262.505996962858,0.0003175223996524108,True,False,0.0015,20261111
RSF-FRIC,joint_structure_parameter_information_gain,1,7,19,6,1.1977809857905397,rsf_fric_velocity_modulated_log,M_base(x) + (p0 * log(state_ratio) * (1 + (p1 * log(velocity_ratio)))),0.4985982441392696,-278.3039924426725,0.00031238993129138726,True,False,0.0015,20261111
RSF-FRIC,joint_structure_parameter_information_gain,1,8,20,6,0.9326192899426147,rsf_fric_velocity_modulated_log,M_base(x) + (p0 * log(state_ratio) * (1 + (p1 * log(velocity_ratio)))),0.6688571315916265,-293.5657880555888,0.00028272838169177616,True,False,0.0015,20261111
RSF-EVOL,space_filling_design,1,0,12,6,0.5393724084704951,rsf_evol_slip,(-1 * p0 * state_ratio * log(state_ratio)),0.7700046609413611,-110.58850764400833,0.00720730783065257,True,True,0.05307375437059169,20261117
RSF-EVOL,space_filling_design,1,1,13,6,1.836503189959265e-15,rsf_evol_slip,(-1 * p0 * state_ratio * log(state_ratio)),1.0,-120.94902388113191,0.0018514965011363787,True,True,0.05307375437059169,20261117
RSF-EVOL,space_filling_design,1,2,14,6,2.3315293403031206e-06,rsf_evol_slip,(-1 * p0 * state_ratio * log(state_ratio)),0.9999998611338076,-131.1109907340884,0.0009239484082361475,True,True,0.05307375437059169,20261117
RSF-EVOL,space_filling_design,1,3,15,6,2.615203956068679e-06,rsf_evol_slip,(-1 * p0 * state_ratio * log(state_ratio)),0.9999998430969008,-138.62174005547263,0.004447916398061795,True,True,0.05307375437059169,20261117
RSF-EVOL,space_filling_design,1,4,16,6,2.8052223172915744e-06,rsf_evol_slip,(-1 * p0 * state_ratio * log(state_ratio)),0.9999998309395064,-146.11219385110826,0.0034116617910070622,True,True,0.05307375437059169,20261117
RSF-EVOL,space_filling_design,1,5,17,6,7.297046721667085e-15,rsf_evol_slip,(-1 * p0 * state_ratio * log(state_ratio)),0.9999999999999998,-155.83785546734254,0.0033134101783515906,True,True,0.05307375437059169,20261117
RSF-EVOL,space_filling_design,1,6,18,6,1.7562016116969592e-15,rsf_evol_slip,(-1 * p0 * state_ratio * log(state_ratio)),1.0,-164.6097988508585,0.0037672542292458704,True,True,0.05307375437059169,20261117
RSF-EVOL,space_filling_design,1,7,19,6,3.9159485224226083e-28,rsf_evol_slip,(-1 * p0 * state_ratio * log(state_ratio)),1.0,-174.7969059226739,0.003227626634777608,True,True,0.05307375437059169,20261117
RSF-EVOL,space_filling_design,1,8,20,6,2.7060737261640552e-17,rsf_evol_slip,(-1 * p0 * state_ratio * log(state_ratio)),1.0,-183.87773633566007,0.002161907642662888,True,True,0.05307375437059169,20261117
RSF-EVOL,random_design,1,0,12,6,0.5393724084704951,rsf_evol_slip,(-1 * p0 * state_ratio * log(state_ratio)),0.7700046609413611,-110.58850764400833,0.00720730783065257,True,True,0.05307375437059169,20261117
RSF-EVOL,random_design,1,1,13,6,1.8524523151879015e-06,rsf_evol_slip,(-1 * p0 * state_ratio * log(state_ratio)),0.9999998918153078,-120.89143726991036,0.012008738025963323,True,True,0.05307375437059169,20261117
RSF-EVOL,random_design,1,2,14,6,0.002321884450758125,rsf_evol_slip,(-1 * p0 * state_ratio * log(state_ratio)),0.999750192509174,-131.2508023404505,0.020940038082632055,True,True,0.05307375437059169,20261117
RSF-EVOL,random_design,1,3,15,6,2.968437715381066e-06,rsf_evol_slip,(-1 * p0 * state_ratio * log(state_ratio)),0.9999998204518467,-136.37063788001663,0.0056048962521342465,True,True,0.05307375437059169,20261117
RSF-EVOL,random_design,1,4,16,6,3.279238548171669e-09,rsf_evol_slip,(-1 * p0 * state_ratio * log(state_ratio)),0.9999999998616423,-146.3975474457904,0.0057736332475710915,True,True,0.05307375437059169,20261117
RSF-EVOL,random_design,1,5,17,6,4.4970675410931356e-11,rsf_evol_slip,(-1 * p0 * state_ratio * log(state_ratio)),0.9999999999984032,-156.68152807285355,0.005571884768054748,True,True,0.05307375437059169,20261117
RSF-EVOL,random_design,1,6,18,6,5.693365214864573e-12,rsf_evol_slip,(-1 * p0 * state_ratio * log(state_ratio)),0.9999999999998122,-166.89178920000995,0.004765186555269592,True,True,0.05307375437059169,20261117
RSF-EVOL,random_design,1,7,19,6,1.1833769664868359e-26,rsf_evol_slip,(-1 * p0 * state_ratio * log(state_ratio)),1.0,-177.29643119304546,0.004740238851735081,True,True,0.05307375437059169,20261117
RSF-EVOL,random_design,1,8,20,6,5.5543040585183095e-14,rsf_evol_slip,(-1 * p0 * state_ratio * log(state_ratio)),0.9999999999999984,-187.065140573317,0.004896095594200129,True,True,0.05307375437059169,20261117
RSF-EVOL,model_information_gain,1,0,12,6,0.5393724084704951,rsf_evol_slip,(-1 * p0 * state_ratio * log(state_ratio)),0.7700046609413611,-110.58850764400833,0.00720730783065257,True,True,0.05307375437059169,20261117
RSF-EVOL,model_information_gain,1,1,13,6,7.555157995604286e-07,rsf_evol_slip,(-1 * p0 * state_ratio * log(state_ratio)),0.9999999579929372,-120.38678670488947,0.004182576799001631,True,True,0.05307375437059169,20261117
RSF-EVOL,model_information_gain,1,2,14,6,1.1643321831049523e-08,rsf_evol_slip,(-1 * p0 * state_ratio * log(state_ratio)),0.999999999479664,-130.77707626104134,0.0011200464487315476,True,True,0.05307375437059169,20261117
RSF-EVOL,model_information_gain,1,3,15,6,1.2253771263654217e-12,rsf_evol_slip,(-1 * p0 * state_ratio * log(state_ratio)),0.9999999999999616,-141.22708057598751,0.000916392608970304,True,True,0.05307375437059169,20261117
RSF-EVOL,model_information_gain,1,4,16,6,1.2802492909085498e-14,rsf_evol_slip,(-1 * p0 * state_ratio * log(state_ratio)),0.9999999999999997,-151.26254693336466,0.0016042409272920763,True,True,0.05307375437059169,20261117
RSF-EVOL,model_information_gain,1,5,17,6,4.145059014820751e-15,rsf_evol_slip,(-1 * p0 * state_ratio * log(state_ratio)),0.9999999999999999,-157.92455960830648,0.003038797177323359,True,True,0.05307375437059169,20261117
RSF-EVOL,model_information_gain,1,6,18,6,3.855125107109319e-16,rsf_evol_slip,(-1 * p0 * state_ratio * log(state_ratio)),1.0,-166.78902079336908,0.0020696319976637417,True,True,0.05307375437059169,20261117
RSF-EVOL,model_information_gain,1,7,19,6,1.4591825279535658e-28,rsf_evol_slip,(-1 * p0 * state_ratio * log(state_ratio)),1.0,-177.00064904542702,0.0016318296226910008,True,True,0.05307375437059169,20261117
RSF-EVOL,model_information_gain,1,8,20,6,9.806907372677253e-19,rsf_evol_slip,(-1 * p0 * state_ratio * log(state_ratio)),1.0,-187.05997072652266,0.0015533876951214188,True,True,0.05307375437059169,20261117
RSF-EVOL,parameter_information_gain,1,0,12,6,0.5393724084704951,rsf_evol_slip,(-1 * p0 * state_ratio * log(state_ratio)),0.7700046609413611,-110.58850764400833,0.00720730783065257,True,True,0.05307375437059169,20261117
RSF-EVOL,parameter_information_gain,1,1,13,6,1.836503189959265e-15,rsf_evol_slip,(-1 * p0 * state_ratio * log(state_ratio)),1.0,-120.94902388113191,0.0018514965011363787,True,True,0.05307375437059169,20261117
RSF-EVOL,parameter_information_gain,1,2,14,6,0.013425532148367579,rsf_evol_slip,(-1 * p0 * state_ratio * log(state_ratio)),0.998160170749803,-131.33443165056505,0.002644712934835887,True,True,0.05307375437059169,20261117
RSF-EVOL,parameter_information_gain,1,3,15,6,0.01040714753459006,rsf_evol_slip,(-1 * p0 * state_ratio * log(state_ratio)),0.9986291272686209,-141.66559231235084,0.0033626225434140165,True,True,0.05307375437059169,20261117
RSF-EVOL,parameter_information_gain,1,4,16,6,0.006973144754676918,rsf_evol_slip,(-1 * p0 * state_ratio * log(state_ratio)),0.9991338848299568,-152.25857804908796,0.003363994563174135,True,True,0.05307375437059169,20261117
RSF-EVOL,parameter_information_gain,1,5,17,6,0.0023430960880158488,rsf_evol_slip,(-1 * p0 * state_ratio * log(state_ratio)),0.9997476336421844,-162.44546689308916,0.002801862509593436,True,True,0.05307375437059169,20261117
RSF-EVOL,parameter_information_gain,1,6,18,6,0.0010711679311591648,rsf_evol_slip,(-1 * p0 * state_ratio * log(state_ratio)),0.9998945402824596,-173.07619032488748,0.0029665858478631285,True,True,0.05307375437059169,20261117
RSF-EVOL,parameter_information_gain,1,7,19,6,1.1768512573965084e-22,rsf_evol_slip,(-1 * p0 * state_ratio * log(state_ratio)),1.0,-183.47124766803765,0.0026431825370620775,True,True,0.05307375437059169,20261117
RSF-EVOL,parameter_information_gain,1,8,20,6,7.366787074037956e-05,rsf_evol_slip,(-1 * p0 * state_ratio * log(state_ratio)),0.9999943711732528,-194.1039932982781,0.0024619804977192676,True,True,0.05307375437059169,20261117
RSF-EVOL,joint_structure_parameter_information_gain,1,0,12,6,0.5393724084704951,rsf_evol_slip,(-1 * p0 * state_ratio * log(state_ratio)),0.7700046609413611,-110.58850764400833,0.00720730783065257,True,True,0.05307375437059169,20261117
RSF-EVOL,joint_structure_parameter_information_gain,1,1,13,6,1.836503189959265e-15,rsf_evol_slip,(-1 * p0 * state_ratio * log(state_ratio)),1.0,-120.94902388113191,0.0018514965011363787,True,True,0.05307375437059169,20261117
RSF-EVOL,joint_structure_parameter_information_gain,1,2,14,6,0.013425532148367579,rsf_evol_slip,(-1 * p0 * state_ratio * log(state_ratio)),0.998160170749803,-131.33443165056505,0.002644712934835887,True,True,0.05307375437059169,20261117
RSF-EVOL,joint_structure_parameter_information_gain,1,3,15,6,0.01040714753459006,rsf_evol_slip,(-1 * p0 * state_ratio * log(state_ratio)),0.9986291272686209,-141.66559231235084,0.0033626225434140165,True,True,0.05307375437059169,20261117
RSF-EVOL,joint_structure_parameter_information_gain,1,4,16,6,0.006973144754676918,rsf_evol_slip,(-1 * p0 * state_ratio * log(state_ratio)),0.9991338848299568,-152.25857804908796,0.003363994563174135,True,True,0.05307375437059169,20261117
RSF-EVOL,joint_structure_parameter_information_gain,1,5,17,6,0.0023430960880158488,rsf_evol_slip,(-1 * p0 * state_ratio * log(state_ratio)),0.9997476336421844,-162.44546689308916,0.002801862509593436,True,True,0.05307375437059169,20261117
RSF-EVOL,joint_structure_parameter_information_gain,1,6,18,6,0.0010711679311591648,rsf_evol_slip,(-1 * p0 * state_ratio * log(state_ratio)),0.9998945402824596,-173.07619032488748,0.0029665858478631285,True,True,0.05307375437059169,20261117
RSF-EVOL,joint_structure_parameter_information_gain,1,7,19,6,1.1768512573965084e-22,rsf_evol_slip,(-1 * p0 * state_ratio * log(state_ratio)),1.0,-183.47124766803765,0.0026431825370620775,True,True,0.05307375437059169,20261117
RSF-EVOL,joint_structure_parameter_information_gain,1,8,20,6,7.366787074037956e-05,rsf_evol_slip,(-1 * p0 * state_ratio * log(state_ratio)),0.9999943711732528,-194.1039932982781,0.0024619804977192676,True,True,0.05307375437059169,20261117
RSF-FRIC,space_filling_design,1,0,12,6,1.3757292650899626,rsf_fric_state_log,M_base(x) + (p0 * log(state_ratio)),0.36266240471206207,-180.49327787362995,0.0002761009299870074,True,True,0.0015,20261117
RSF-FRIC,space_filling_design,1,1,13,6,1.1889622794981116,rsf_fric_state_log,M_base(x) + (p0 * log(state_ratio)),0.5449975830878969,-196.6418190632845,0.00040543897201514485,True,True,0.0015,20261117
RSF-FRIC,space_filling_design,1,2,14,6,1.2084924253118845,rsf_fric_state_log,M_base(x) + (p0 * log(state_ratio)),0.5286087070169837,-211.0769314589149,0.0003356679033778603,True,True,0.0015,20261117
RSF-FRIC,space_filling_design,1,3,15,6,1.2075687234252406,rsf_fric_velocity_modulated_log,M_base(x) + (p0 * log(state_ratio) * (1 + (p1 * log(velocity_ratio)))),0.40180883541026796,-222.38040845218688,0.000433121788421069,True,False,0.0015,20261117
RSF-FRIC,space_filling_design,1,4,16,6,1.1812053903108586,rsf_fric_velocity_modulated_log,M_base(x) + (p0 * log(state_ratio) * (1 + (p1 * log(velocity_ratio)))),0.44438587655086925,-238.39610204060313,0.00043975819332844516,True,False,0.0015,20261117
RSF-FRIC,space_filling_design,1,5,17,6,1.0853455549164661,rsf_fric_velocity_modulated_log,M_base(x) + (p0 * log(state_ratio) * (1 + (p1 * log(velocity_ratio)))),0.5592473298564604,-254.4925251017707,0.00045859797306966124,True,False,0.0015,20261117
RSF-FRIC,space_filling_design,1,6,18,6,1.0913191204169423,rsf_fric_velocity_modulated_log,M_base(x) + (p0 * log(state_ratio) * (1 + (p1 * log(velocity_ratio)))),0.532996258211106,-269.33604549199566,0.00044713706966084384,True,False,0.0015,20261117
RSF-FRIC,space_filling_design,1,7,19,6,1.112875061372514,rsf_fric_velocity_modulated_log,M_base(x) + (p0 * log(state_ratio) * (1 + (p1 * log(velocity_ratio)))),0.5053471890379344,-285.12311696135725,0.0003956669618367304,True,False,0.0015,20261117
RSF-FRIC,space_filling_design,1,8,20,6,1.0544664048536392,rsf_fric_velocity_modulated_log,M_base(x) + (p0 * log(state_ratio) * (1 + (p1 * log(velocity_ratio)))),0.5582774416272822,-301.06677696370366,0.0004085414987185815,True,False,0.0015,20261117
RSF-FRIC,random_design,1,0,12,6,1.3757292650899626,rsf_fric_state_log,M_base(x) + (p0 * log(state_ratio)),0.36266240471206207,-180.49327787362995,0.0002761009299870074,True,True,0.0015,20261117
RSF-FRIC,random_design,1,1,13,6,1.203271864693198,rsf_fric_state_log,M_base(x) + (p0 * log(state_ratio)),0.5355388668649119,-196.56998156527615,0.00038885321681076225,True,True,0.0015,20261117
RSF-FRIC,random_design,1,2,14,6,1.262941910571303,rsf_fric_state_log,M_base(x) + (p0 * log(state_ratio)),0.48046415356293715,-212.33869771645183,9.685166596605038e-05,True,True,0.0015,20261117
RSF-FRIC,random_design,1,3,15,6,1.2576297961355334,rsf_fric_state_log,M_base(x) + (p0 * log(state_ratio)),0.4816788354055941,-228.2973858337424,0.00019438490344541538,True,True,0.0015,20261117
RSF-FRIC,random_design,1,4,16,6,1.2498089820732075,rsf_fric_state_log,M_base(x) + (p0 * log(state_ratio)),0.4905492775357575,-244.61229875004844,0.00022309125677177056,True,True,0.0015,20261117
RSF-FRIC,random_design,1,5,17,6,1.1637232452386013,rsf_fric_state_log,M_base(x) + (p0 * log(state_ratio)),0.5638716279885376,-255.65812952020764,0.00033872216139522196,True,True,0.0015,20261117
RSF-FRIC,random_design,1,6,18,6,1.1543702527447395,rsf_fric_state_log,M_base(x) + (p0 * log(state_ratio)),0.5709413846336253,-269.5850851539756,0.00038586283988967094,True,True,0.0015,20261117
RSF-FRIC,random_design,1,7,19,6,1.134691111563658,rsf_fric_state_log,M_base(x) + (p0 * log(state_ratio)),0.5846121353592472,-285.68194994044205,0.0003802350167097399,True,True,0.0015,20261117
RSF-FRIC,random_design,1,8,20,6,1.1247830828642016,rsf_fric_state_log,M_base(x) + (p0 * log(state_ratio)),0.5914459189000428,-301.83876286718976,0.00038574573549146314,True,True,0.0015,20261117
RSF-FRIC,model_information_gain,1,0,12,6,1.3757292650899626,rsf_fric_state_log,M_base(x) + (p0 * log(state_ratio)),0.36266240471206207,-180.49327787362995,0.0002761009299870074,True,True,0.0015,20261117
RSF-FRIC,model_information_gain,1,1,13,6,1.1949591372270372,rsf_fric_state_log,M_base(x) + (p0 * log(state_ratio)),0.5401860361435735,-196.7011032694844,0.00029148897103416417,True,True,0.0015,20261117
RSF-FRIC,model_information_gain,1,2,14,6,1.2486789685369848,rsf_fric_state_log,M_base(x) + (p0 * log(state_ratio)),0.49329540646609876,-212.4333880204652,0.00015320649989860818,True,True,0.0015,20261117
RSF-FRIC,model_information_gain,1,3,15,6,1.2548181429978214,rsf_fric_state_log,M_base(x) + (p0 * log(state_ratio)),0.47981195534561666,-228.18301952267288,0.0002476183809187476,True,True,0.0015,20261117
RSF-FRIC,model_information_gain,1,4,16,6,1.2897964665448287,rsf_fric_state_log,M_base(x) + (p0 * log(state_ratio)),0.30851140924032106,-242.6548860600385,0.00011028068324399848,True,True,0.0015,20261117
RSF-FRIC,model_information_gain,1,5,17,6,1.257120194865651,rsf_fric_state_power,M_base(x) + (p0 * ((state_ratio ^ p1) - 1)),0.3397672609746109,-259.04650882128135,0.0003247322279001356,True,False,0.0015,20261117
RSF-FRIC,model_information_gain,1,6,18,6,1.172103142576076,rsf_fric_state_power,M_base(x) + (p0 * ((state_ratio ^ p1) - 1)),0.39165555496234317,-275.53233958763195,0.0003247387047870321,True,False,0.0015,20261117
RSF-FRIC,model_information_gain,1,7,19,6,1.2241303207657255,rsf_fric_state_log,M_base(x) + (p0 * log(state_ratio)),0.5152383791318187,-285.0777723590493,7.761596290954128e-06,True,True,0.0015,20261117
RSF-FRIC,model_information_gain,1,8,20,6,1.2473611289681366,rsf_fric_state_log,M_base(x) + (p0 * log(state_ratio)),0.47505585005342765,-299.57946025656173,4.414193815623878e-05,True,True,0.0015,20261117
RSF-FRIC,parameter_information_gain,1,0,12,6,1.3757292650899626,rsf_fric_state_log,M_base(x) + (p0 * log(state_ratio)),0.36266240471206207,-180.49327787362995,0.0002761009299870074,True,True,0.0015,20261117
RSF-FRIC,parameter_information_gain,1,1,13,6,1.1889622794981116,rsf_fric_state_log,M_base(x) + (p0 * log(state_ratio)),0.5449975830878969,-196.6418190632845,0.00040543897201514485,True,True,0.0015,20261117
RSF-FRIC,parameter_information_gain,1,2,14,6,1.33503122532476,rsf_fric_state_log,M_base(x) + (p0 * log(state_ratio)),0.34477642084449217,-210.6860634684688,9.531260580279152e-05,True,True,0.0015,20261117
RSF-FRIC,parameter_information_gain,1,3,15,6,1.2616068706622583,rsf_fric_state_log,M_base(x) + (p0 * log(state_ratio)),0.435626037704826,-225.66557077370854,2.3928143072450844e-05,True,True,0.0015,20261117
RSF-FRIC,parameter_information_gain,1,4,16,6,1.2455380738856305,rsf_fric_state_log,M_base(x) + (p0 * log(state_ratio)),0.49532315403680544,-241.19293501539016,4.0847357721645e-05,True,True,0.0015,20261117
RSF-FRIC,parameter_information_gain,1,5,17,6,1.2596393578483085,rsf_fric_state_log,M_base(x) + (p0 * log(state_ratio)),0.4751309513668653,-257.1147657832926,1.1696861751586481e-06,True,True,0.0015,20261117
RSF-FRIC,parameter_information_gain,1,6,18,6,1.2789704163536662,rsf_fric_state_log,M_base(x) + (p0 * log(state_ratio)),0.4530055661217243,-273.18760320455436,2.325615064573757e-05,True,True,0.0015,20261117
RSF-FRIC,parameter_information_gain,1,7,19,6,1.3221499053192984,rsf_fric_state_log,M_base(x) + (p0 * log(state_ratio)),0.3884451574493008,-288.5864219549648,6.538826964239122e-05,True,True,0.0015,20261117
RSF-FRIC,parameter_information_gain,1,8,20,6,1.3115718686439104,rsf_fric_state_log,M_base(x) + (p0 * log(state_ratio)),0.3852173930263924,-304.81208012183777,5.4610887419754936e-05,True,True,0.0015,20261117
RSF-FRIC,joint_structure_parameter_information_gain,1,0,12,6,1.3757292650899626,rsf_fric_state_log,M_base(x) + (p0 * log(state_ratio)),0.36266240471206207,-180.49327787362995,0.0002761009299870074,True,True,0.0015,20261117
RSF-FRIC,joint_structure_parameter_information_gain,1,1,13,6,1.1949591372270372,rsf_fric_state_log,M_base(x) + (p0 * log(state_ratio)),0.5401860361435735,-196.7011032694844,0.00029148897103416417,True,True,0.0015,20261117
RSF-FRIC,joint_structure_parameter_information_gain,1,2,14,6,1.3370150062731785,rsf_fric_state_log,M_base(x) + (p0 * log(state_ratio)),0.39073728769863914,-211.51268139190736,3.2577061705809316e-05,True,True,0.0015,20261117
RSF-FRIC,joint_structure_parameter_information_gain,1,3,15,6,1.2963896795053493,rsf_fric_state_log,M_base(x) + (p0 * log(state_ratio)),0.33812414135980656,-226.63813831039482,0.0001471882800640138,True,True,0.0015,20261117
RSF-FRIC,joint_structure_parameter_information_gain,1,4,16,6,1.2634246166755163,rsf_fric_state_power,M_base(x) + (p0 * ((state_ratio ^ p1) - 1)),0.3359742972009551,-242.6600650508466,0.0003346682032921266,True,False,0.0015,20261117
RSF-FRIC,joint_structure_parameter_information_gain,1,5,17,6,1.207351251998797,rsf_fric_state_power,M_base(x) + (p0 * ((state_ratio ^ p1) - 1)),0.37490389405765684,-259.070939835884,0.00032322618765850134,True,False,0.0015,20261117
RSF-FRIC,joint_structure_parameter_information_gain,1,6,18,6,1.3153909545242253,rsf_fric_state_log,M_base(x) + (p0 * log(state_ratio)),0.40139055624507647,-272.4058226415199,5.254156961453222e-05,True,True,0.0015,20261117
RSF-FRIC,joint_structure_parameter_information_gain,1,7,19,6,1.3038027088134063,rsf_fric_state_log,M_base(x) + (p0 * log(state_ratio)),0.40153403032772395,-288.6052287381289,4.182302194863444e-05,True,True,0.0015,20261117
RSF-FRIC,joint_structure_parameter_information_gain,1,8,20,6,1.2788168036065468,rsf_fric_state_log,M_base(x) + (p0 * log(state_ratio)),0.3255944106373387,-303.3239556105058,8.885563226895956e-05,True,True,0.0015,20261117
RSF-EVOL,space_filling_design,1,0,12,6,0.6077349845481139,rsf_evol_slip,(-1 * p0 * state_ratio * log(state_ratio)),0.7039060196883252,-107.04224941071331,0.02476157508423925,True,True,0.05388655602579559,20261123
RSF-EVOL,space_filling_design,1,1,13,6,9.582901746517695e-15,rsf_evol_slip,(-1 * p0 * state_ratio * log(state_ratio)),0.9999999999999998,-116.9694936230858,0.007583565437157782,True,True,0.05388655602579559,20261123
RSF-EVOL,space_filling_design,1,2,14,6,2.048034426286066e-05,rsf_evol_slip,(-1 * p0 * state_ratio * log(state_ratio)),0.9999985844367383,-126.95604651091098,0.006743306338126565,True,True,0.05388655602579559,20261123
RSF-EVOL,space_filling_design,1,3,15,6,1.132874791858186e-18,rsf_evol_slip,(-1 * p0 * state_ratio * log(state_ratio)),1.0,-136.2279451271673,0.0058423624412306495,True,True,0.05388655602579559,20261123
RSF-EVOL,space_filling_design,1,4,16,6,3.343501178132742e-06,rsf_evol_slip,(-1 * p0 * state_ratio * log(state_ratio)),0.9999997962043765,-146.1174978475681,0.004544410142418377,True,True,0.05388655602579559,20261123
RSF-EVOL,space_filling_design,1,5,17,6,1.1707359438884898e-14,rsf_evol_slip,(-1 * p0 * state_ratio * log(state_ratio)),0.9999999999999997,-155.5196657822314,0.0044113381238276355,True,True,0.05388655602579559,20261123
RSF-EVOL,space_filling_design,1,6,18,6,1.8674627187810372e-15,rsf_evol_slip,(-1 * p0 * state_ratio * log(state_ratio)),1.0,-165.06887079336025,0.004090554339406567,True,True,0.05388655602579559,20261123
RSF-EVOL,space_filling_design,1,7,19,6,1.1903607347187422e-16,rsf_evol_slip,(-1 * p0 * state_ratio * log(state_ratio)),1.0,-175.14941680936033,0.004493931190037115,True,True,0.05388655602579559,20261123
RSF-EVOL,space_filling_design,1,8,20,6,1.0231098590212296e-17,rsf_evol_slip,(-1 * p0 * state_ratio * log(state_ratio)),1.0,-185.48570441251385,0.0043596876169293575,True,True,0.05388655602579559,20261123
RSF-EVOL,random_design,1,0,12,6,0.6077349845481139,rsf_evol_slip,(-1 * p0 * state_ratio * log(state_ratio)),0.7039060196883252,-107.04224941071331,0.02476157508423925,True,True,0.05388655602579559,20261123
RSF-EVOL,random_design,1,1,13,6,3.120491784074796e-11,rsf_evol_slip,(-1 * p0 * state_ratio * log(state_ratio)),0.9999999999989233,-117.04832484212753,0.013131672625580354,True,True,0.05388655602579559,20261123
RSF-EVOL,random_design,1,2,14,6,0.00024514964759736306,rsf_evol_slip,(-1 * p0 * state_ratio * log(state_ratio)),0.9999791894004225,-126.75925869951523,0.0048207776249696395,True,True,0.05388655602579559,20261123
RSF-EVOL,random_design,1,3,15,6,1.3483241262733204e-17,rsf_evol_slip,(-1 * p0 * state_ratio * log(state_ratio)),1.0,-136.62448534711368,0.002121551445168755,True,True,0.05388655602579559,20261123
RSF-EVOL,random_design,1,4,16,6,4.953679175306644e-06,rsf_evol_slip,(-1 * p0 * state_ratio * log(state_ratio)),0.9999996901465126,-146.869771548758,0.0020538693023178945,True,True,0.05388655602579559,20261123
RSF-EVOL,random_design,1,5,17,6,2.2007110666804297e-06,rsf_evol_slip,(-1 * p0 * state_ratio * log(state_ratio)),0.9999998694029059,-157.15892572536637,0.0024394812099248005,True,True,0.05388655602579559,20261123
RSF-EVOL,random_design,1,6,18,6,7.793491877299914e-06,rsf_evol_slip,(-1 * p0 * state_ratio * log(state_ratio)),0.9999994973002044,-162.7617760531373,0.00021710208191205794,True,True,0.05388655602579559,20261123
RSF-EVOL,random_design,1,7,19,6,1.609912024656259e-06,rsf_evol_slip,(-1 * p0 * state_ratio * log(state_ratio)),0.999999906309317,-172.88723554699325,0.0004557356317195758,True,True,0.05388655602579559,20261123
RSF-EVOL,random_design,1,8,20,6,6.224530758094226e-07,rsf_evol_slip,(-1 * p0 * state_ratio * log(state_ratio)),0.9999999657814144,-182.56684122740737,0.0015227848290803845,True,True,0.05388655602579559,20261123
RSF-EVOL,model_information_gain,1,0,12,6,0.6077349845481139,rsf_evol_slip,(-1 * p0 * state_ratio * log(state_ratio)),0.7039060196883252,-107.04224941071331,0.02476157508423925,True,True,0.05388655602579559,20261123
RSF-EVOL,model_information_gain,1,1,13,6,1.8041665585530008e-06,rsf_evol_slip,(-1 * p0 * state_ratio * log(state_ratio)),0.9999998942603671,-116.18135972888074,0.006478955194832844,True,True,0.05388655602579559,20261123
RSF-EVOL,model_information_gain,1,2,14,6,1.5538224543031698e-07,rsf_evol_slip,(-1 * p0 * state_ratio * log(state_ratio)),0.9999999920948188,-126.26587757193,0.010454359128054177,True,True,0.05388655602579559,20261123
RSF-EVOL,model_information_gain,1,3,15,6,4.334331888121902e-21,rsf_evol_slip,(-1 * p0 * state_ratio * log(state_ratio)),1.0,-136.42223522393888,0.008379912851138606,True,True,0.05388655602579559,20261123
RSF-EVOL,model_information_gain,1,4,16,6,7.76150758945626e-13,rsf_evol_slip,(-1 * p0 * state_ratio * log(state_ratio)),0.999999999999976,-146.63677446216732,0.008859171734617007,True,True,0.05388655602579559,20261123
RSF-EVOL,model_information_gain,1,5,17,6,2.6462521808522082e-14,rsf_evol_slip,(-1 * p0 * state_ratio * log(state_ratio)),0.9999999999999992,-156.76119235242652,0.008687912068138789,True,True,0.05388655602579559,20261123
RSF-EVOL,model_information_gain,1,6,18,6,2.033127987457548e-15,rsf_evol_slip,(-1 * p0 * state_ratio * log(state_ratio)),1.0,-165.06033912308044,0.0033649973524769996,True,True,0.05388655602579559,20261123
RSF-EVOL,model_information_gain,1,7,19,6,1.5021113916378128e-16,rsf_evol_slip,(-1 * p0 * state_ratio * log(state_ratio)),1.0,-174.5526816030569,0.005555315668014513,True,True,0.05388655602579559,20261123
RSF-EVOL,model_information_gain,1,8,20,6,5.418474030088759e-18,rsf_evol_slip,(-1 * p0 * state_ratio * log(state_ratio)),1.0,-184.84021118781354,0.005400565558616453,True,True,0.05388655602579559,20261123
RSF-EVOL,parameter_information_gain,1,0,12,6,0.6077349845481139,rsf_evol_slip,(-1 * p0 * state_ratio * log(state_ratio)),0.7039060196883252,-107.04224941071331,0.02476157508423925,True,True,0.05388655602579559,20261123
RSF-EVOL,parameter_information_gain,1,1,13,6,9.582901746517695e-15,rsf_evol_slip,(-1 * p0 * state_ratio * log(state_ratio)),0.9999999999999998,-116.9694936230858,0.007583565437157782,True,True,0.05388655602579559,20261123
RSF-EVOL,parameter_information_gain,1,2,14,6,0.040022904241765585,rsf_evol_slip,(-1 * p0 * state_ratio * log(state_ratio)),0.9933384740665167,-124.14906734227881,0.0014219248494910734,True,True,0.05388655602579559,20261123
RSF-EVOL,parameter_information_gain,1,3,15,6,1.8050868888386998e-16,rsf_evol_slip,(-1 * p0 * state_ratio * log(state_ratio)),1.0,-134.16993122820213,0.0013453378137978681,True,True,0.05388655602579559,20261123
RSF-EVOL,parameter_information_gain,1,4,16,6,0.02389984408804824,rsf_evol_slip,(-1 * p0 * state_ratio * log(state_ratio)),0.9963911464108479,-144.15353865880533,0.0008662215377525002,True,True,0.05388655602579559,20261123
RSF-EVOL,parameter_information_gain,1,5,17,6,0.01772469283218473,rsf_evol_slip,(-1 * p0 * state_ratio * log(state_ratio)),0.9974583391614553,-154.29375269921672,0.0007432422939066628,True,True,0.05388655602579559,20261123
RSF-EVOL,parameter_information_gain,1,6,18,6,0.015766581556769178,rsf_evol_slip,(-1 * p0 * state_ratio * log(state_ratio)),0.997782570662096,-164.18791604309266,0.00024887169264172946,True,True,0.05388655602579559,20261123
RSF-EVOL,parameter_information_gain,1,7,19,6,0.018931343668939622,rsf_evol_slip,(-1 * p0 * state_ratio * log(state_ratio)),0.9972549702397169,-173.37969078649635,0.0005063343875788856,True,True,0.05388655602579559,20261123
RSF-EVOL,parameter_information_gain,1,8,20,6,0.013419821080951123,rsf_evol_slip,(-1 * p0 * state_ratio * log(state_ratio)),0.9981610777740737,-183.6051765698205,0.0006135716302341076,True,True,0.05388655602579559,20261123
RSF-EVOL,joint_structure_parameter_information_gain,1,0,12,6,0.6077349845481139,rsf_evol_slip,(-1 * p0 * state_ratio * log(state_ratio)),0.7039060196883252,-107.04224941071331,0.02476157508423925,True,True,0.05388655602579559,20261123
RSF-EVOL,joint_structure_parameter_information_gain,1,1,13,6,9.582901746517695e-15,rsf_evol_slip,(-1 * p0 * state_ratio * log(state_ratio)),0.9999999999999998,-116.9694936230858,0.007583565437157782,True,True,0.05388655602579559,20261123
RSF-EVOL,joint_structure_parameter_information_gain,1,2,14,6,0.040022904241765585,rsf_evol_slip,(-1 * p0 * state_ratio * log(state_ratio)),0.9933384740665167,-124.14906734227881,0.0014219248494910734,True,True,0.05388655602579559,20261123
RSF-EVOL,joint_structure_parameter_information_gain,1,3,15,6,2.451367047430134e-16,rsf_evol_slip,(-1 * p0 * state_ratio * log(state_ratio)),1.0,-133.50188457334778,0.00022189066578500322,True,True,0.05388655602579559,20261123
RSF-EVOL,joint_structure_parameter_information_gain,1,4,16,6,0.008787872491444504,rsf_evol_slip,(-1 * p0 * state_ratio * log(state_ratio)),0.9988713480253927,-143.4966728194732,0.00013768729706927952,True,True,0.05388655602579559,20261123
RSF-EVOL,joint_structure_parameter_information_gain,1,5,17,6,0.006259781187416678,rsf_evol_slip,(-1 * p0 * state_ratio * log(state_ratio)),0.9992342036474923,-153.5911452297844,1.4350315139084548e-05,True,True,0.05388655602579559,20261123
RSF-EVOL,joint_structure_parameter_information_gain,1,6,18,6,0.004535604547087345,rsf_evol_slip,(-1 * p0 * state_ratio * log(state_ratio)),0.9994689193543577,-163.76215564064447,2.758496170437201e-05,True,True,0.05388655602579559,20261123
RSF-EVOL,joint_structure_parameter_information_gain,1,7,19,6,0.003478216342935465,rsf_evol_slip,(-1 * p0 * state_ratio * log(state_ratio)),0.9996065529623306,-173.79897234539072,0.00030347416934547544,True,True,0.05388655602579559,20261123
RSF-EVOL,joint_structure_parameter_information_gain,1,8,20,6,0.003375229160166443,rsf_evol_slip,(-1 * p0 * state_ratio * log(state_ratio)),0.999619660622385,-183.18195556180598,0.0009082227177442092,True,True,0.05388655602579559,20261123
RSF-FRIC,space_filling_design,1,0,12,6,1.328655619351664,rsf_fric_state_log,M_base(x) + (p0 * log(state_ratio)),0.4192058908659836,-181.71993208458593,0.0001599141799495215,True,True,0.0015,20261123
RSF-FRIC,space_filling_design,1,1,13,6,1.1962296208515768,rsf_fric_state_log,M_base(x) + (p0 * log(state_ratio)),0.5391061685325284,-198.020857967363,0.00020440378780818682,True,True,0.0015,20261123
RSF-FRIC,space_filling_design,1,2,14,6,1.1792068824010276,rsf_fric_state_log,M_base(x) + (p0 * log(state_ratio)),0.5523795114533125,-214.41325948639206,0.00020000987170505565,True,True,0.0015,20261123
RSF-FRIC,space_filling_design,1,3,15,6,1.1677970202686616,rsf_fric_state_log,M_base(x) + (p0 * log(state_ratio)),0.5611276933840345,-230.8732665975731,0.00020928305178470702,True,True,0.0015,20261123
RSF-FRIC,space_filling_design,1,4,16,6,1.1554654622741038,rsf_fric_state_log,M_base(x) + (p0 * log(state_ratio)),0.5701819776539029,-247.0301031514863,0.0001858983659896215,True,True,0.0015,20261123
RSF-FRIC,space_filling_design,1,5,17,6,1.1675001064987014,rsf_fric_state_log,M_base(x) + (p0 * log(state_ratio)),0.5610911650785173,-260.82244915824,7.906786234349592e-05,True,True,0.0015,20261123
RSF-FRIC,space_filling_design,1,6,18,6,1.1558638453382608,rsf_fric_state_log,M_base(x) + (p0 * log(state_ratio)),0.5698545264442212,-277.01783525116554,0.00010048650261833524,True,True,0.0015,20261123
RSF-FRIC,space_filling_design,1,7,19,6,1.1490517232089812,rsf_fric_state_log,M_base(x) + (p0 * log(state_ratio)),0.5747235273594435,-293.4459227643456,0.00010347091665852622,True,True,0.0015,20261123
RSF-FRIC,space_filling_design,1,8,20,6,1.1387487922163324,rsf_fric_state_log,M_base(x) + (p0 * log(state_ratio)),0.5820102262494724,-309.7855120633814,0.00011667260149234246,True,True,0.0015,20261123
RSF-FRIC,random_design,1,0,12,6,1.328655619351664,rsf_fric_state_log,M_base(x) + (p0 * log(state_ratio)),0.4192058908659836,-181.71993208458593,0.0001599141799495215,True,True,0.0015,20261123
RSF-FRIC,random_design,1,1,13,6,1.2312986530815035,rsf_fric_state_log,M_base(x) + (p0 * log(state_ratio)),0.5083125771589756,-197.31359270127703,0.000224905649804726,True,True,0.0015,20261123
RSF-FRIC,random_design,1,2,14,6,1.2259861872708533,rsf_fric_state_log,M_base(x) + (p0 * log(state_ratio)),0.5079573516249145,-212.78967700710777,7.234764931102368e-05,True,True,0.0015,20261123
RSF-FRIC,random_design,1,3,15,6,1.2180238855420724,rsf_fric_state_log,M_base(x) + (p0 * log(state_ratio)),0.513762562848847,-229.14266080209657,7.323577817326668e-05,True,True,0.0015,20261123
RSF-FRIC,random_design,1,4,16,6,1.2103848925419092,rsf_fric_state_log,M_base(x) + (p0 * log(state_ratio)),0.5137863168909261,-245.4054848028883,9.362626984838614e-05,True,True,0.0015,20261123
RSF-FRIC,random_design,1,5,17,6,0.97070625264121,rsf_fric_velocity_modulated_log,M_base(x) + (p0 * log(state_ratio) * (1 + (p1 * log(velocity_ratio)))),0.6422582656731481,-260.17301900627365,0.000527977091709594,True,False,0.0015,20261123
RSF-FRIC,random_design,1,6,18,6,1.2621748559581079,rsf_fric_state_log,M_base(x) + (p0 * log(state_ratio)),0.42879766978016215,-267.8237325254169,0.00010915011003822298,True,True,0.0015,20261123
RSF-FRIC,random_design,1,7,19,6,1.2438341216160238,rsf_fric_state_log,M_base(x) + (p0 * log(state_ratio)),0.48802466799273164,-283.64210828800674,7.771898107921142e-05,True,True,0.0015,20261123
RSF-FRIC,random_design,1,8,20,6,1.164527229915803,rsf_fric_state_log,M_base(x) + (p0 * log(state_ratio)),0.5622308179873702,-294.15970946916383,6.139174295534392e-05,True,True,0.0015,20261123
RSF-FRIC,model_information_gain,1,0,12,6,1.328655619351664,rsf_fric_state_log,M_base(x) + (p0 * log(state_ratio)),0.4192058908659836,-181.71993208458593,0.0001599141799495215,True,True,0.0015,20261123
RSF-FRIC,model_information_gain,1,1,13,6,1.3031188146063317,rsf_fric_state_log,M_base(x) + (p0 * log(state_ratio)),0.41639409543422357,-196.94072437734553,0.0003048042152732753,True,True,0.0015,20261123
RSF-FRIC,model_information_gain,1,2,14,6,1.2042114052572703,rsf_fric_velocity_modulated_log,M_base(x) + (p0 * log(state_ratio) * (1 + (p1 * log(velocity_ratio)))),0.40619515343207985,-211.76568841828413,0.0001816015895035786,True,False,0.0015,20261123
RSF-FRIC,model_information_gain,1,3,15,6,1.2284655223708918,rsf_fric_state_log,M_base(x) + (p0 * log(state_ratio)),0.4681005086918923,-227.91536306735821,4.702295813836011e-05,True,True,0.0015,20261123
RSF-FRIC,model_information_gain,1,4,16,6,1.2407229201202368,rsf_fric_state_log,M_base(x) + (p0 * log(state_ratio)),0.4172054685681753,-243.68333555572545,1.2847638408715667e-05,True,True,0.0015,20261123
RSF-FRIC,model_information_gain,1,5,17,6,1.2423860064115178,rsf_fric_state_log,M_base(x) + (p0 * log(state_ratio)),0.4513893101951827,-260.04435970127054,6.531232881042055e-06,True,True,0.0015,20261123
RSF-FRIC,model_information_gain,1,6,18,6,1.1996493730711293,rsf_fric_state_log,M_base(x) + (p0 * log(state_ratio)),0.42198663460483954,-275.89667697877076,2.7874331982328395e-05,True,True,0.0015,20261123
RSF-FRIC,model_information_gain,1,7,19,6,1.208393791887796,rsf_fric_state_log,M_base(x) + (p0 * log(state_ratio)),0.45590750106774847,-292.32678854171576,3.4879711890170906e-05,True,True,0.0015,20261123
RSF-FRIC,model_information_gain,1,8,20,6,1.1905338849075406,rsf_fric_state_log,M_base(x) + (p0 * log(state_ratio)),0.5123830884570886,-308.6356359715565,1.9412205129374505e-05,True,True,0.0015,20261123
RSF-FRIC,parameter_information_gain,1,0,12,6,1.328655619351664,rsf_fric_state_log,M_base(x) + (p0 * log(state_ratio)),0.4192058908659836,-181.71993208458593,0.0001599141799495215,True,True,0.0015,20261123
RSF-FRIC,parameter_information_gain,1,1,13,6,1.2132195234112613,rsf_fric_state_log,M_base(x) + (p0 * log(state_ratio)),0.5243015468933092,-197.93603085634,1.8199198122136443e-05,True,True,0.0015,20261123
RSF-FRIC,parameter_information_gain,1,2,14,6,1.2141604638179726,rsf_fric_state_log,M_base(x) + (p0 * log(state_ratio)),0.5196553353546292,-214.01864931371077,9.376928001904607e-05,True,True,0.0015,20261123
RSF-FRIC,parameter_information_gain,1,3,15,6,1.2226397527983845,rsf_fric_state_log,M_base(x) + (p0 * log(state_ratio)),0.5158088158199944,-230.35513084512823,0.0001244032795969904,True,True,0.0015,20261123
RSF-FRIC,parameter_information_gain,1,4,16,6,1.1985520168195096,rsf_fric_state_log,M_base(x) + (p0 * log(state_ratio)),0.535228264038868,-246.8524940010787,0.00011861144070432475,True,True,0.0015,20261123
RSF-FRIC,parameter_information_gain,1,5,17,6,1.197138231319117,rsf_fric_state_log,M_base(x) + (p0 * log(state_ratio)),0.5361964139929475,-263.3859705985993,0.00012842379043690266,True,True,0.0015,20261123
RSF-FRIC,parameter_information_gain,1,6,18,6,1.1540942553695706,rsf_fric_state_log,M_base(x) + (p0 * log(state_ratio)),0.5672997561173899,-279.87664489101314,0.00014383218110779428,True,True,0.0015,20261123
RSF-FRIC,parameter_information_gain,1,7,19,6,1.219157684294639,rsf_fric_state_log,M_base(x) + (p0 * log(state_ratio)),0.5200356192046603,-296.06752994277696,0.00016824381717414042,True,True,0.0015,20261123
RSF-FRIC,parameter_information_gain,1,8,20,6,1.3238779471334594,rsf_fric_state_log,M_base(x) + (p0 * log(state_ratio)),0.41116224724144157,-310.66159515151145,0.00012553456217686803,True,True,0.0015,20261123
RSF-FRIC,joint_structure_parameter_information_gain,1,0,12,6,1.328655619351664,rsf_fric_state_log,M_base(x) + (p0 * log(state_ratio)),0.4192058908659836,-181.71993208458593,0.0001599141799495215,True,True,0.0015,20261123
RSF-FRIC,joint_structure_parameter_information_gain,1,1,13,6,1.1925494308021662,rsf_fric_state_log,M_base(x) + (p0 * log(state_ratio)),0.5421101295726991,-198.02723792311465,0.00018711429274552072,True,True,0.0015,20261123
RSF-FRIC,joint_structure_parameter_information_gain,1,2,14,6,1.1857903216172532,rsf_fric_state_log,M_base(x) + (p0 * log(state_ratio)),0.5473981855560659,-214.360615666151,0.00015054032861200832,True,True,0.0015,20261123
RSF-FRIC,joint_structure_parameter_information_gain,1,3,15,6,1.1870229094291862,rsf_fric_state_log,M_base(x) + (p0 * log(state_ratio)),0.5451798755396536,-230.5101027526323,9.232714534697553e-05,True,True,0.0015,20261123
RSF-FRIC,joint_structure_parameter_information_gain,1,4,16,6,1.1985520168025203,rsf_fric_state_log,M_base(x) + (p0 * log(state_ratio)),0.5352282640510423,-246.8524940010787,0.00011861144070432475,True,True,0.0015,20261123
RSF-FRIC,joint_structure_parameter_information_gain,1,5,17,6,1.19713823132069,rsf_fric_state_log,M_base(x) + (p0 * log(state_ratio)),0.5361964139918385,-263.3859705985993,0.00012842379043690266,True,True,0.0015,20261123
RSF-FRIC,joint_structure_parameter_information_gain,1,6,18,6,1.1540942553697928,rsf_fric_state_log,M_base(x) + (p0 * log(state_ratio)),0.5672997561172738,-279.87664489101337,0.00014383218057432203,True,True,0.0015,20261123
RSF-FRIC,joint_structure_parameter_information_gain,1,7,19,6,1.1744752866938915,rsf_fric_state_log,M_base(x) + (p0 * log(state_ratio)),0.550869551258347,-292.8792234086024,0.00021320520570202662,True,True,0.0015,20261123
RSF-FRIC,joint_structure_parameter_information_gain,1,8,20,6,1.1622553929726493,rsf_fric_state_log,M_base(x) + (p0 * log(state_ratio)),0.5651803471562517,-308.75289663373445,0.0001867176146928302,True,True,0.0015,20261123
RSF-EVOL,space_filling_design,1,0,12,6,0.4699775328527077,rsf_evol_slip,(-1 * p0 * state_ratio * log(state_ratio)),0.8216050239839402,-106.32910117200103,0.018047878105021373,True,True,0.054994097554864785,20261201
RSF-EVOL,space_filling_design,1,1,13,6,0.06849191259231113,rsf_evol_slip,(-1 * p0 * state_ratio * log(state_ratio)),0.9872028040279424,-116.16009754768422,0.0030796296947315314,True,True,0.054994097554864785,20261201
RSF-EVOL,space_filling_design,1,2,14,6,1.7940098467102267e-05,rsf_evol_slip,(-1 * p0 * state_ratio * log(state_ratio)),0.9999987720832259,-126.1261171501856,0.003834763429711518,True,True,0.054994097554864785,20261201
RSF-EVOL,space_filling_design,1,3,15,6,2.9258531743773735e-06,rsf_evol_slip,(-1 * p0 * state_ratio * log(state_ratio)),0.9999998231920778,-136.14023228479383,0.0047637998062520755,True,True,0.054994097554864785,20261201
RSF-EVOL,space_filling_design,1,4,16,6,1.477894505286407e-06,rsf_evol_slip,(-1 * p0 * state_ratio * log(state_ratio)),0.9999999144444878,-145.83051316419855,0.004308939660620365,True,True,0.054994097554864785,20261201
RSF-EVOL,space_filling_design,1,5,17,6,1.1139732900871426e-14,rsf_evol_slip,(-1 * p0 * state_ratio * log(state_ratio)),0.9999999999999997,-155.12341294957903,0.004445627974727876,True,True,0.054994097554864785,20261201
RSF-EVOL,space_filling_design,1,6,18,6,1.3822591718043575e-15,rsf_evol_slip,(-1 * p0 * state_ratio * log(state_ratio)),1.0,-164.1495073683817,0.0034705819913196825,True,True,0.054994097554864785,20261201
RSF-EVOL,space_filling_design,1,7,19,6,3.2992464818856453e-16,rsf_evol_slip,(-1 * p0 * state_ratio * log(state_ratio)),1.0,-173.17813504387743,0.001445079453625645,True,True,0.054994097554864785,20261201
RSF-EVOL,space_filling_design,1,8,20,6,4.0426047589178736e-17,rsf_evol_slip,(-1 * p0 * state_ratio * log(state_ratio)),1.0,-182.77653872444563,0.0006434799034228596,True,True,0.054994097554864785,20261201
RSF-EVOL,random_design,1,0,12,6,0.4699775328527077,rsf_evol_slip,(-1 * p0 * state_ratio * log(state_ratio)),0.8216050239839402,-106.32910117200103,0.018047878105021373,True,True,0.054994097554864785,20261201
RSF-EVOL,random_design,1,1,13,6,0.2602086069446004,rsf_evol_slip,(-1 * p0 * state_ratio * log(state_ratio)),0.92744097814865,-116.26068152265879,0.00487874197763643,True,True,0.054994097554864785,20261201
RSF-EVOL,random_design,1,2,14,6,0.0014612876547624386,rsf_evol_slip,(-1 * p0 * state_ratio * log(state_ratio)),0.9998510708513751,-125.95478225762993,0.008355890602334543,True,True,0.054994097554864785,20261201
RSF-EVOL,random_design,1,3,15,6,5.008675099511706e-06,rsf_evol_slip,(-1 * p0 * state_ratio * log(state_ratio)),0.9999996864755327,-136.1003621327618,0.008325231529479935,True,True,0.054994097554864785,20261201
RSF-EVOL,random_design,1,4,16,6,2.64430646389228e-06,rsf_evol_slip,(-1 * p0 * state_ratio * log(state_ratio)),0.9999998412387094,-139.63589237142892,0.007236672657249021,True,True,0.054994097554864785,20261201
RSF-EVOL,random_design,1,5,17,6,2.724382579913632e-07,rsf_evol_slip,(-1 * p0 * state_ratio * log(state_ratio)),0.9999999857090088,-149.30782148604516,0.005118785550312531,True,True,0.054994097554864785,20261201
RSF-EVOL,random_design,1,6,18,6,9.211055224902004e-08,rsf_evol_slip,(-1 * p0 * state_ratio * log(state_ratio)),0.9999999954414864,-158.62934079150486,0.007158384429349438,True,True,0.054994097554864785,20261201
RSF-EVOL,random_design,1,7,19,6,2.5870522712773696e-08,rsf_evol_slip,(-1 * p0 * state_ratio * log(state_ratio)),0.9999999987989586,-168.4832171204169,0.00712211101365215,True,True,0.054994097554864785,20261201
RSF-EVOL,random_design,1,8,20,6,5.805140477620003e-09,rsf_evol_slip,(-1 * p0 * state_ratio * log(state_ratio)),0.9999999997487448,-178.06244670846627,0.007040609552124994,True,True,0.054994097554864785,20261201
RSF-EVOL,model_information_gain,1,0,12,6,0.4699775328527077,rsf_evol_slip,(-1 * p0 * state_ratio * log(state_ratio)),0.8216050239839402,-106.32910117200103,0.018047878105021373,True,True,0.054994097554864785,20261201
RSF-EVOL,model_information_gain,1,1,13,6,0.0010416673792927504,rsf_evol_slip,(-1 * p0 * state_ratio * log(state_ratio)),0.9999003139603715,-115.36364775364989,0.0030000598651209087,True,True,0.054994097554864785,20261201
RSF-EVOL,model_information_gain,1,2,14,6,1.5102704547073763e-07,rsf_evol_slip,(-1 * p0 * state_ratio * log(state_ratio)),0.9999999923280832,-125.34283000068943,0.012770839269475113,True,True,0.054994097554864785,20261201
RSF-EVOL,model_information_gain,1,3,15,6,7.121656778120468e-12,rsf_evol_slip,(-1 * p0 * state_ratio * log(state_ratio)),0.9999999999997632,-135.33182745703957,0.00934307343586782,True,True,0.054994097554864785,20261201
RSF-EVOL,model_information_gain,1,4,16,6,2.1596952329461406e-13,rsf_evol_slip,(-1 * p0 * state_ratio * log(state_ratio)),0.9999999999999936,-145.4799796561538,0.00957631582167709,True,True,0.054994097554864785,20261201
RSF-EVOL,model_information_gain,1,5,17,6,1.1926266483353916e-14,rsf_evol_slip,(-1 * p0 * state_ratio * log(state_ratio)),0.9999999999999997,-155.68515477355504,0.010143163598800787,True,True,0.054994097554864785,20261201
RSF-EVOL,model_information_gain,1,6,18,6,5.49422482696034e-16,rsf_evol_slip,(-1 * p0 * state_ratio * log(state_ratio)),1.0,-165.96953078201122,0.010258839442705088,True,True,0.054994097554864785,20261201
RSF-EVOL,model_information_gain,1,7,19,6,2.627843225918059e-16,rsf_evol_slip,(-1 * p0 * state_ratio * log(state_ratio)),1.0,-173.5758031569912,0.007896789137892362,True,True,0.054994097554864785,20261201
RSF-EVOL,model_information_gain,1,8,20,6,1.397351410215014e-16,rsf_evol_slip,(-1 * p0 * state_ratio * log(state_ratio)),1.0,-180.5802770022005,0.0070594217920594785,True,True,0.054994097554864785,20261201
RSF-EVOL,parameter_information_gain,1,0,12,6,0.4699775328527077,rsf_evol_slip,(-1 * p0 * state_ratio * log(state_ratio)),0.8216050239839402,-106.32910117200103,0.018047878105021373,True,True,0.054994097554864785,20261201
RSF-EVOL,parameter_information_gain,1,1,13,6,0.06849191259231113,rsf_evol_slip,(-1 * p0 * state_ratio * log(state_ratio)),0.9872028040279424,-116.16009754768422,0.0030796296947315314,True,True,0.054994097554864785,20261201
RSF-EVOL,parameter_information_gain,1,2,14,6,0.054245974005618584,rsf_evol_slip,(-1 * p0 * state_ratio * log(state_ratio)),0.9903804377508757,-126.25460586494374,0.003219849969661305,True,True,0.054994097554864785,20261201
RSF-EVOL,parameter_information_gain,1,3,15,6,0.03876378470244262,rsf_evol_slip,(-1 * p0 * state_ratio * log(state_ratio)),0.9935890999360323,-136.3845355883742,0.002816263041953282,True,True,0.054994097554864785,20261201
RSF-EVOL,parameter_information_gain,1,4,16,6,0.012829421313518904,rsf_evol_slip,(-1 * p0 * state_ratio * log(state_ratio)),0.9982544568598549,-144.73784930628054,0.00471529351417451,True,True,0.054994097554864785,20261201
RSF-EVOL,parameter_information_gain,1,5,17,6,0.03618927999493025,rsf_evol_slip,(-1 * p0 * state_ratio * log(state_ratio)),0.9940954779966398,-151.38596225329093,0.0025726765380161367,True,True,0.054994097554864785,20261201
RSF-EVOL,parameter_information_gain,1,6,18,6,0.017502081455709386,rsf_evol_slip,(-1 * p0 * state_ratio * log(state_ratio)),0.9974955665712122,-161.35616392275978,0.0028306189457704234,True,True,0.054994097554864785,20261201
RSF-EVOL,parameter_information_gain,1,7,19,6,0.007108888204431736,rsf_evol_slip,(-1 * p0 * state_ratio * log(state_ratio)),0.9991146019022323,-171.45353333948106,0.002850519260517583,True,True,0.054994097554864785,20261201
RSF-EVOL,parameter_information_gain,1,8,20,6,0.002733917566952649,rsf_evol_slip,(-1 * p0 * state_ratio * log(state_ratio)),0.9996999452437404,-181.60189665143955,0.002897630670816361,True,True,0.054994097554864785,20261201
RSF-EVOL,joint_structure_parameter_information_gain,1,0,12,6,0.4699775328527077,rsf_evol_slip,(-1 * p0 * state_ratio * log(state_ratio)),0.8216050239839402,-106.32910117200103,0.018047878105021373,True,True,0.054994097554864785,20261201
RSF-EVOL,joint_structure_parameter_information_gain,1,1,13,6,0.06849191259231113,rsf_evol_slip,(-1 * p0 * state_ratio * log(state_ratio)),0.9872028040279424,-116.16009754768422,0.0030796296947315314,True,True,0.054994097554864785,20261201
RSF-EVOL,joint_structure_parameter_information_gain,1,2,14,6,0.026674739510757668,rsf_evol_slip,(-1 * p0 * state_ratio * log(state_ratio)),0.9958915496847134,-124.8681781812761,0.0009394978416884667,True,True,0.054994097554864785,20261201
RSF-EVOL,joint_structure_parameter_information_gain,1,3,15,6,0.020401595928127646,rsf_evol_slip,(-1 * p0 * state_ratio * log(state_ratio)),0.997003673057382,-134.49506316285516,0.000576155549369264,True,True,0.054994097554864785,20261201
RSF-EVOL,joint_structure_parameter_information_gain,1,4,16,6,0.015750594656952804,rsf_evol_slip,(-1 * p0 * state_ratio * log(state_ratio)),0.99778518727089,-144.55559873701065,0.0009287092410022144,True,True,0.054994097554864785,20261201
RSF-EVOL,joint_structure_parameter_information_gain,1,5,17,6,0.01500765640559849,rsf_evol_slip,(-1 * p0 * state_ratio * log(state_ratio)),0.9979062211609758,-151.9555164666346,0.0028753026570105264,True,True,0.054994097554864785,20261201
RSF-EVOL,joint_structure_parameter_information_gain,1,6,18,6,0.02228832219949662,rsf_evol_slip,(-1 * p0 * state_ratio * log(state_ratio)),0.9966757966732205,-159.66987931237304,0.0013424216433453075,True,True,0.054994097554864785,20261201
RSF-EVOL,joint_structure_parameter_information_gain,1,7,19,6,0.0015089676354271449,rsf_evol_slip,(-1 * p0 * state_ratio * log(state_ratio)),0.999845648914671,-169.52943282464284,0.001046676577589621,True,True,0.054994097554864785,20261201
RSF-EVOL,joint_structure_parameter_information_gain,1,8,20,6,0.001078312456608962,rsf_evol_slip,(-1 * p0 * state_ratio * log(state_ratio)),0.9998937597486857,-179.29649998850255,0.001440038380653098,True,True,0.054994097554864785,20261201
RSF-FRIC,space_filling_design,1,0,12,6,1.3159612838010184,rsf_fric_state_log,M_base(x) + (p0 * log(state_ratio)),0.3474449265952287,-185.7853817410271,0.0002656818953320288,True,True,0.0015,20261201
RSF-FRIC,space_filling_design,1,1,13,6,1.2002830167042347,rsf_fric_state_log,M_base(x) + (p0 * log(state_ratio)),0.5354479099033261,-202.3801654796973,0.0003739950245208828,True,True,0.0015,20261201
RSF-FRIC,space_filling_design,1,2,14,6,1.0950917125267572,rsf_fric_state_log_quadratic,M_base(x) + ((p0 * log(state_ratio)) + (p1 * (log(state_ratio) ^ 2))),0.425336698600733,-215.8872758182241,0.0003489216369541694,True,False,0.0015,20261201
RSF-FRIC,space_filling_design,1,3,15,6,1.2198972301643105,rsf_fric_state_log_quadratic,M_base(x) + ((p0 * log(state_ratio)) + (p1 * (log(state_ratio) ^ 2))),0.3704150263695376,-230.89671114631864,0.00018618534519925916,True,False,0.0015,20261201
RSF-FRIC,space_filling_design,1,4,16,6,1.088138807542042,rsf_fric_state_log_quadratic,M_base(x) + ((p0 * log(state_ratio)) + (p1 * (log(state_ratio) ^ 2))),0.5209350819775184,-241.48616505227147,0.0002794941968017314,True,False,0.0015,20261201
RSF-FRIC,space_filling_design,1,5,17,6,1.289210189669846,rsf_fric_state_log,M_base(x) + (p0 * log(state_ratio)),0.333298960475068,-256.21681485477603,2.1272076954692112e-05,True,True,0.0015,20261201
RSF-FRIC,space_filling_design,1,6,18,6,1.1827293331385949,rsf_fric_state_log,M_base(x) + (p0 * log(state_ratio)),0.5482502644624752,-270.4745598265987,0.00010778494344352087,True,True,0.0015,20261201
RSF-FRIC,space_filling_design,1,7,19,6,1.1714865994117905,rsf_fric_state_log,M_base(x) + (p0 * log(state_ratio)),0.5577341298485574,-286.5246246063341,9.430168979828878e-05,True,True,0.0015,20261201
RSF-FRIC,space_filling_design,1,8,20,6,1.1561667318074393,rsf_fric_state_log,M_base(x) + (p0 * log(state_ratio)),0.5693999474887439,-302.32334425251923,7.441258224771598e-05,True,True,0.0015,20261201
RSF-FRIC,random_design,1,0,12,6,1.3159612838010184,rsf_fric_state_log,M_base(x) + (p0 * log(state_ratio)),0.3474449265952287,-185.7853817410271,0.0002656818953320288,True,True,0.0015,20261201
RSF-FRIC,random_design,1,1,13,6,1.2469023347113,rsf_fric_state_log,M_base(x) + (p0 * log(state_ratio)),0.45682485036370546,-202.11896234767462,0.0004966438288646276,True,True,0.0015,20261201
RSF-FRIC,random_design,1,2,14,6,1.1759744057452468,rsf_fric_state_log,M_base(x) + (p0 * log(state_ratio)),0.5549962246399947,-214.05133824403555,0.00014256966928540804,True,True,0.0015,20261201
RSF-FRIC,random_design,1,3,15,6,1.193738003598253,rsf_fric_state_log,M_base(x) + (p0 * log(state_ratio)),0.5389250026736498,-229.5382138535353,5.790612448617122e-06,True,True,0.0015,20261201
RSF-FRIC,random_design,1,4,16,6,1.1795643842472703,rsf_fric_state_log,M_base(x) + (p0 * log(state_ratio)),0.5514822863484417,-244.87089439020482,0.0001655687859646151,True,True,0.0015,20261201
RSF-FRIC,random_design,1,5,17,6,1.153085929535563,rsf_fric_state_log,M_base(x) + (p0 * log(state_ratio)),0.5716395043571165,-260.70005845705583,7.125068011168641e-05,True,True,0.0015,20261201
RSF-FRIC,random_design,1,6,18,6,1.1447191556888816,rsf_fric_state_log,M_base(x) + (p0 * log(state_ratio)),0.5775671719858249,-276.97168926639455,6.870870059219897e-05,True,True,0.0015,20261201
RSF-FRIC,random_design,1,7,19,6,1.1578586825107058,rsf_fric_state_log,M_base(x) + (p0 * log(state_ratio)),0.5661673223695414,-293.07088626877163,5.0064441767660214e-05,True,True,0.0015,20261201
RSF-FRIC,random_design,1,8,20,6,1.1542295897318042,rsf_fric_state_log,M_base(x) + (p0 * log(state_ratio)),0.5689917731549781,-309.40910401682646,4.246299110561539e-05,True,True,0.0015,20261201
RSF-FRIC,model_information_gain,1,0,12,6,1.3159612838010184,rsf_fric_state_log,M_base(x) + (p0 * log(state_ratio)),0.3474449265952287,-185.7853817410271,0.0002656818953320288,True,True,0.0015,20261201
RSF-FRIC,model_information_gain,1,1,13,6,1.2002830167042347,rsf_fric_state_log,M_base(x) + (p0 * log(state_ratio)),0.5354479099033261,-202.3801654796973,0.0003739950245208828,True,True,0.0015,20261201
RSF-FRIC,model_information_gain,1,2,14,6,1.0950917125267572,rsf_fric_state_log_quadratic,M_base(x) + ((p0 * log(state_ratio)) + (p1 * (log(state_ratio) ^ 2))),0.425336698600733,-215.8872758182241,0.0003489216369541694,True,False,0.0015,20261201
RSF-FRIC,model_information_gain,1,3,15,6,1.312539615126516,rsf_fric_state_log,M_base(x) + (p0 * log(state_ratio)),0.33251128557858856,-229.1745213072129,0.0001052077316715252,True,True,0.0015,20261201
RSF-FRIC,model_information_gain,1,4,16,6,1.2040079327211548,rsf_fric_state_log,M_base(x) + (p0 * log(state_ratio)),0.45435313261857835,-245.55210340080515,0.00012294771478548632,True,True,0.0015,20261201
RSF-FRIC,model_information_gain,1,5,17,6,1.2923146271988757,rsf_fric_state_log,M_base(x) + (p0 * log(state_ratio)),0.34763014886688504,-261.83586215771885,0.00010031902418647422,True,True,0.0015,20261201
RSF-FRIC,model_information_gain,1,6,18,6,1.2786305230655208,rsf_fric_state_log_quadratic,M_base(x) + ((p0 * log(state_ratio)) + (p1 * (log(state_ratio) ^ 2))),0.31186801944627207,-278.0517881657892,9.742059449350846e-05,True,False,0.0015,20261201
RSF-FRIC,model_information_gain,1,7,19,6,1.2255093635011707,rsf_fric_state_log_quadratic,M_base(x) + ((p0 * log(state_ratio)) + (p1 * (log(state_ratio) ^ 2))),0.36316674478470506,-294.7040746037242,0.00010454254053866358,True,False,0.0015,20261201
RSF-FRIC,model_information_gain,1,8,20,6,1.2244137168620468,rsf_fric_state_log_quadratic,M_base(x) + ((p0 * log(state_ratio)) + (p1 * (log(state_ratio) ^ 2))),0.36245737297417746,-311.2195994556815,9.252783149614564e-05,True,False,0.0015,20261201
RSF-FRIC,parameter_information_gain,1,0,12,6,1.3159612838010184,rsf_fric_state_log,M_base(x) + (p0 * log(state_ratio)),0.3474449265952287,-185.7853817410271,0.0002656818953320288,True,True,0.0015,20261201
RSF-FRIC,parameter_information_gain,1,1,13,6,1.3180944828679675,rsf_fric_state_log,M_base(x) + (p0 * log(state_ratio)),0.4189775514121772,-200.8990293546199,0.0003339824738642926,True,True,0.0015,20261201
RSF-FRIC,parameter_information_gain,1,2,14,6,1.2053315842880143,rsf_fric_state_log,M_base(x) + (p0 * log(state_ratio)),0.531921399087318,-217.5049202949306,0.00032186694550146653,True,True,0.0015,20261201
RSF-FRIC,parameter_information_gain,1,3,15,6,1.3125396151265718,rsf_fric_state_log,M_base(x) + (p0 * log(state_ratio)),0.3325112855790513,-229.1745213072129,0.0001052077316715252,True,True,0.0015,20261201
RSF-FRIC,parameter_information_gain,1,4,16,6,1.2040079327208533,rsf_fric_state_log,M_base(x) + (p0 * log(state_ratio)),0.45435313261883337,-245.55210340080606,0.0001229477148595197,True,True,0.0015,20261201
RSF-FRIC,parameter_information_gain,1,5,17,6,1.2923146271988446,rsf_fric_state_log,M_base(x) + (p0 * log(state_ratio)),0.3476301488664719,-261.83586215771885,0.00010031902418647422,True,True,0.0015,20261201
RSF-FRIC,parameter_information_gain,1,6,18,6,1.2786305230656314,rsf_fric_state_log_quadratic,M_base(x) + ((p0 * log(state_ratio)) + (p1 * (log(state_ratio) ^ 2))),0.3118680194465545,-278.0517881657893,9.742059467460353e-05,True,False,0.0015,20261201
RSF-FRIC,parameter_information_gain,1,7,19,6,1.2255093634917023,rsf_fric_state_log_quadratic,M_base(x) + ((p0 * log(state_ratio)) + (p1 * (log(state_ratio) ^ 2))),0.36316674476835864,-294.70407460372365,0.00010454254029887021,True,False,0.0015,20261201
RSF-FRIC,parameter_information_gain,1,8,20,6,1.278058881953703,rsf_fric_state_log,M_base(x) + (p0 * log(state_ratio)),0.3125766253543641,-310.08327232905174,0.00010949137812377052,True,True,0.0015,20261201
RSF-FRIC,joint_structure_parameter_information_gain,1,0,12,6,1.3159612838010184,rsf_fric_state_log,M_base(x) + (p0 * log(state_ratio)),0.3474449265952287,-185.7853817410271,0.0002656818953320288,True,True,0.0015,20261201
RSF-FRIC,joint_structure_parameter_information_gain,1,1,13,6,1.2002830167042347,rsf_fric_state_log,M_base(x) + (p0 * log(state_ratio)),0.5354479099033261,-202.3801654796973,0.0003739950245208828,True,True,0.0015,20261201
RSF-FRIC,joint_structure_parameter_information_gain,1,2,14,6,1.0950917125267572,rsf_fric_state_log_quadratic,M_base(x) + ((p0 * log(state_ratio)) + (p1 * (log(state_ratio) ^ 2))),0.425336698600733,-215.8872758182241,0.0003489216369541694,True,False,0.0015,20261201
RSF-FRIC,joint_structure_parameter_information_gain,1,3,15,6,1.312539615126516,rsf_fric_state_log,M_base(x) + (p0 * log(state_ratio)),0.33251128557858856,-229.1745213072129,0.0001052077316715252,True,True,0.0015,20261201
RSF-FRIC,joint_structure_parameter_information_gain,1,4,16,6,1.2040079327211548,rsf_fric_state_log,M_base(x) + (p0 * log(state_ratio)),0.45435313261857835,-245.55210340080515,0.00012294771478548632,True,True,0.0015,20261201
RSF-FRIC,joint_structure_parameter_information_gain,1,5,17,6,1.2923146271988757,rsf_fric_state_log,M_base(x) + (p0 * log(state_ratio)),0.34763014886688504,-261.83586215771885,0.00010031902418647422,True,True,0.0015,20261201
RSF-FRIC,joint_structure_parameter_information_gain,1,6,18,6,1.2786305230655208,rsf_fric_state_log_quadratic,M_base(x) + ((p0 * log(state_ratio)) + (p1 * (log(state_ratio) ^ 2))),0.31186801944627207,-278.0517881657892,9.742059449350846e-05,True,False,0.0015,20261201
RSF-FRIC,joint_structure_parameter_information_gain,1,7,19,6,1.2255093635011707,rsf_fric_state_log_quadratic,M_base(x) + ((p0 * log(state_ratio)) + (p1 * (log(state_ratio) ^ 2))),0.36316674478470506,-294.7040746037242,0.00010454254053866358,True,False,0.0015,20261201
RSF-FRIC,joint_structure_parameter_information_gain,1,8,20,6,1.2780588819557872,rsf_fric_state_log,M_base(x) + (p0 * log(state_ratio)),0.3125766253609339,-310.08327232905174,0.00010949137812377052,True,True,0.0015,20261201
RSF-EVOL,space_filling_design,1,0,12,6,0.6159519752287912,rsf_evol_slip,(-1 * p0 * state_ratio * log(state_ratio)),0.6947588960744224,-107.35086079843519,0.024087992484513945,True,True,0.05093490435006398,20261207
RSF-EVOL,space_filling_design,1,1,13,6,0.0760013289405213,rsf_evol_slip,(-1 * p0 * state_ratio * log(state_ratio)),0.9854479107765364,-117.13382314530092,0.0005653432360294817,True,True,0.05093490435006398,20261207
RSF-EVOL,space_filling_design,1,2,14,6,9.51367721590509e-05,rsf_evol_slip,(-1 * p0 * state_ratio * log(state_ratio)),0.999992573504302,-127.07369969652648,0.0015179299019801504,True,True,0.05093490435006398,20261207
RSF-EVOL,space_filling_design,1,3,15,6,7.873949252351491e-18,rsf_evol_slip,(-1 * p0 * state_ratio * log(state_ratio)),1.0,-137.2927271945206,0.0017668392611938167,True,True,0.05093490435006398,20261207
RSF-EVOL,space_filling_design,1,4,16,6,7.445328152267824e-06,rsf_evol_slip,(-1 * p0 * state_ratio * log(state_ratio)),0.9999995212660476,-147.5938204401559,0.0017787011698296295,True,True,0.05093490435006398,20261207
RSF-EVOL,space_filling_design,1,5,17,6,1.2232043517245478e-14,rsf_evol_slip,(-1 * p0 * state_ratio * log(state_ratio)),0.9999999999999997,-157.08045386048644,0.00165326504449132,True,True,0.05093490435006398,20261207
RSF-EVOL,space_filling_design,1,6,18,6,2.2318855464689994e-26,rsf_evol_slip,(-1 * p0 * state_ratio * log(state_ratio)),1.0,-165.0413055993127,0.0022086711074994834,True,True,0.05093490435006398,20261207
RSF-EVOL,space_filling_design,1,7,19,6,4.704820206869571e-16,rsf_evol_slip,(-1 * p0 * state_ratio * log(state_ratio)),1.0,-174.45639450531218,0.0009429012959499222,True,True,0.05093490435006398,20261207
RSF-EVOL,space_filling_design,1,8,20,6,7.074267157827232e-17,rsf_evol_slip,(-1 * p0 * state_ratio * log(state_ratio)),1.0,-184.62426019185526,0.00036447757580754735,True,True,0.05093490435006398,20261207
RSF-EVOL,random_design,1,0,12,6,0.6159519752287912,rsf_evol_slip,(-1 * p0 * state_ratio * log(state_ratio)),0.6947588960744224,-107.35086079843519,0.024087992484513945,True,True,0.05093490435006398,20261207
RSF-EVOL,random_design,1,1,13,6,0.10288104321821233,rsf_evol_slip,(-1 * p0 * state_ratio * log(state_ratio)),0.9787457634241692,-117.19144302336134,0.001836685048268978,True,True,0.05093490435006398,20261207
RSF-EVOL,random_design,1,2,14,6,1.8180996463905448e-08,rsf_evol_slip,(-1 * p0 * state_ratio * log(state_ratio)),0.9999999991701898,-126.69659250839096,0.002235329139541251,True,True,0.05093490435006398,20261207
RSF-EVOL,random_design,1,3,15,6,1.1902996204086391e-21,rsf_evol_slip,(-1 * p0 * state_ratio * log(state_ratio)),1.0,-136.2768892987798,0.001723780246855749,True,True,0.05093490435006398,20261207
RSF-EVOL,random_design,1,4,16,6,4.8419012583850775e-12,rsf_evol_slip,(-1 * p0 * state_ratio * log(state_ratio)),0.9999999999998411,-144.41175814222422,0.0009591476731148953,True,True,0.05093490435006398,20261207
RSF-EVOL,random_design,1,5,17,6,9.168251922345104e-14,rsf_evol_slip,(-1 * p0 * state_ratio * log(state_ratio)),0.9999999999999973,-154.57966003778347,0.0009129429064069121,True,True,0.05093490435006398,20261207
RSF-EVOL,random_design,1,6,18,6,5.88909856898157e-26,rsf_evol_slip,(-1 * p0 * state_ratio * log(state_ratio)),1.0,-164.79285733629052,0.0008774434082163934,True,True,0.05093490435006398,20261207
RSF-EVOL,random_design,1,7,19,6,1.1841607905010911e-15,rsf_evol_slip,(-1 * p0 * state_ratio * log(state_ratio)),1.0,-174.88272579257065,7.647289433616041e-05,True,True,0.05093490435006398,20261207
RSF-EVOL,random_design,1,8,20,6,1.045468500510342e-15,rsf_evol_slip,(-1 * p0 * state_ratio * log(state_ratio)),1.0,-180.5604374242652,0.0028222900842338632,True,True,0.05093490435006398,20261207
RSF-EVOL,model_information_gain,1,0,12,6,0.6159519752287912,rsf_evol_slip,(-1 * p0 * state_ratio * log(state_ratio)),0.6947588960744224,-107.35086079843519,0.024087992484513945,True,True,0.05093490435006398,20261207
RSF-EVOL,model_information_gain,1,1,13,6,0.0010467235675063636,rsf_evol_slip,(-1 * p0 * state_ratio * log(state_ratio)),0.9998973440539387,-117.21749184797973,0.03348555483575732,True,True,0.05093490435006398,20261207
RSF-EVOL,model_information_gain,1,2,14,6,7.600000460787695e-08,rsf_evol_slip,(-1 * p0 * state_ratio * log(state_ratio)),0.9999999962760582,-126.81491939369677,0.005825890681204099,True,True,0.05093490435006398,20261207
RSF-EVOL,model_information_gain,1,3,15,6,1.3634976632363871e-21,rsf_evol_slip,(-1 * p0 * state_ratio * log(state_ratio)),1.0,-136.98396443966953,0.0038881036553508005,True,True,0.05093490435006398,20261207
RSF-EVOL,model_information_gain,1,4,16,6,1.0608858024475833e-12,rsf_evol_slip,(-1 * p0 * state_ratio * log(state_ratio)),0.9999999999999669,-147.2555249306797,0.003920333750299807,True,True,0.05093490435006398,20261207
RSF-EVOL,model_information_gain,1,5,17,6,1.7590251362519139e-13,rsf_evol_slip,(-1 * p0 * state_ratio * log(state_ratio)),0.9999999999999948,-155.02324510317663,0.0016350861048613648,True,True,0.05093490435006398,20261207
RSF-EVOL,model_information_gain,1,6,18,6,1.008536412996644e-26,rsf_evol_slip,(-1 * p0 * state_ratio * log(state_ratio)),1.0,-162.1962670347317,0.0021092358825715364,True,True,0.05093490435006398,20261207
RSF-EVOL,model_information_gain,1,7,19,6,5.682326781112925e-16,rsf_evol_slip,(-1 * p0 * state_ratio * log(state_ratio)),1.0,-172.0034161224889,0.0007724731948518793,True,True,0.05093490435006398,20261207
RSF-EVOL,model_information_gain,1,8,20,6,3.921309079037198e-29,rsf_evol_slip,(-1 * p0 * state_ratio * log(state_ratio)),1.0,-178.79910478724742,0.0004327475682200368,True,True,0.05093490435006398,20261207
RSF-EVOL,parameter_information_gain,1,0,12,6,0.6159519752287912,rsf_evol_slip,(-1 * p0 * state_ratio * log(state_ratio)),0.6947588960744224,-107.35086079843519,0.024087992484513945,True,True,0.05093490435006398,20261207
RSF-EVOL,parameter_information_gain,1,1,13,6,0.0760013289405213,rsf_evol_slip,(-1 * p0 * state_ratio * log(state_ratio)),0.9854479107765364,-117.13382314530092,0.0005653432360294817,True,True,0.05093490435006398,20261207
RSF-EVOL,parameter_information_gain,1,2,14,6,0.062487866671666156,rsf_evol_slip,(-1 * p0 * state_ratio * log(state_ratio)),0.9885668526756403,-127.26810426691422,0.00119866687959275,True,True,0.05093490435006398,20261207
RSF-EVOL,parameter_information_gain,1,3,15,6,1.5415652065381956e-16,rsf_evol_slip,(-1 * p0 * state_ratio * log(state_ratio)),1.0,-136.8218145417874,0.00035833009043697135,True,True,0.05093490435006398,20261207
RSF-EVOL,parameter_information_gain,1,4,16,6,0.044235755852946285,rsf_evol_slip,(-1 * p0 * state_ratio * log(state_ratio)),0.9924861683001855,-146.64043854095536,0.000516799131401625,True,True,0.05093490435006398,20261207
RSF-EVOL,parameter_information_gain,1,5,17,6,0.03543492133564756,rsf_evol_slip,(-1 * p0 * state_ratio * log(state_ratio)),0.994242276825485,-156.8746271407448,0.0007872718363605577,True,True,0.05093490435006398,20261207
RSF-EVOL,parameter_information_gain,1,6,18,6,1.3355038662196042e-19,rsf_evol_slip,(-1 * p0 * state_ratio * log(state_ratio)),1.0,-166.21008950560125,2.5543602848108773e-05,True,True,0.05093490435006398,20261207
RSF-EVOL,parameter_information_gain,1,7,19,6,0.008811143840585555,rsf_evol_slip,(-1 * p0 * state_ratio * log(state_ratio)),0.998867917738365,-176.45165900245527,0.0002631231286667518,True,True,0.05093490435006398,20261207
RSF-EVOL,parameter_information_gain,1,8,20,6,0.003819700902121756,rsf_evol_slip,(-1 * p0 * state_ratio * log(state_ratio)),0.999562696295292,-186.7466175831283,0.0004604735143782575,True,True,0.05093490435006398,20261207
RSF-EVOL,joint_structure_parameter_information_gain,1,0,12,6,0.6159519752287912,rsf_evol_slip,(-1 * p0 * state_ratio * log(state_ratio)),0.6947588960744224,-107.35086079843519,0.024087992484513945,True,True,0.05093490435006398,20261207
RSF-EVOL,joint_structure_parameter_information_gain,1,1,13,6,0.0760013289405213,rsf_evol_slip,(-1 * p0 * state_ratio * log(state_ratio)),0.9854479107765364,-117.13382314530092,0.0005653432360294817,True,True,0.05093490435006398,20261207
RSF-EVOL,joint_structure_parameter_information_gain,1,2,14,6,0.00180496437086544,rsf_evol_slip,(-1 * p0 * state_ratio * log(state_ratio)),0.9998115200119203,-125.69187715635026,0.0035062930601518754,True,True,0.05093490435006398,20261207
RSF-EVOL,joint_structure_parameter_information_gain,1,3,15,6,3.585274187966687e-16,rsf_evol_slip,(-1 * p0 * state_ratio * log(state_ratio)),1.0,-135.0619742845163,0.0016119716209807766,True,True,0.05093490435006398,20261207
RSF-EVOL,joint_structure_parameter_information_gain,1,4,16,6,0.00045985359780124327,rsf_evol_slip,(-1 * p0 * state_ratio * log(state_ratio)),0.999958536961726,-145.09736649081535,0.002113965456834294,True,True,0.05093490435006398,20261207
RSF-EVOL,joint_structure_parameter_information_gain,1,5,17,6,0.0003559021089056133,rsf_evol_slip,(-1 * p0 * state_ratio * log(state_ratio)),0.999968703628572,-154.3376865683727,0.0010315830516274482,True,True,0.05093490435006398,20261207
RSF-EVOL,joint_structure_parameter_information_gain,1,6,18,6,3.000702457860941e-19,rsf_evol_slip,(-1 * p0 * state_ratio * log(state_ratio)),1.0,-164.2456724655402,0.0005396573030481152,True,True,0.05093490435006398,20261207
RSF-EVOL,joint_structure_parameter_information_gain,1,7,19,6,0.0001549960817578893,rsf_evol_slip,(-1 * p0 * state_ratio * log(state_ratio)),0.9999873782546498,-173.98454211920713,0.0010668198204789527,True,True,0.05093490435006398,20261207
RSF-EVOL,joint_structure_parameter_information_gain,1,8,20,6,8.951261979185715e-05,rsf_evol_slip,(-1 * p0 * state_ratio * log(state_ratio)),0.9999930483917935,-184.2523730884745,0.0011516238672314705,True,True,0.05093490435006398,20261207
RSF-FRIC,space_filling_design,1,0,12,6,1.2526941658864974,rsf_fric_state_log,M_base(x) + (p0 * log(state_ratio)),0.5018600678620843,-187.72305068941026,0.00018445966620092918,True,True,0.0015,20261207
RSF-FRIC,space_filling_design,1,1,13,6,1.2387456291085648,rsf_fric_state_log,M_base(x) + (p0 * log(state_ratio)),0.503088342166156,-204.274874610087,1.905885323952398e-05,True,True,0.0015,20261207
RSF-FRIC,space_filling_design,1,2,14,6,1.299694670744889,rsf_fric_state_log,M_base(x) + (p0 * log(state_ratio)),0.38149358325063343,-219.67217899433717,0.0001585769778975201,True,True,0.0015,20261207
RSF-FRIC,space_filling_design,1,3,15,6,1.3101012715703975,rsf_fric_state_power,M_base(x) + (p0 * ((state_ratio ^ p1) - 1)),0.3397156488183565,-235.39547347740907,0.00016848606160518005,True,False,0.0015,20261207
RSF-FRIC,space_filling_design,1,4,16,6,1.2703599892636437,rsf_fric_state_log_quadratic,M_base(x) + ((p0 * log(state_ratio)) + (p1 * (log(state_ratio) ^ 2))),0.361161914721674,-252.19789944630733,0.0001768434115220419,True,False,0.0015,20261207
RSF-FRIC,space_filling_design,1,5,17,6,1.0339353010302499,rsf_fric_state_log_quadratic,M_base(x) + ((p0 * log(state_ratio)) + (p1 * (log(state_ratio) ^ 2))),0.5974301471898872,-269.20463950076976,0.00017229694438706183,True,False,0.0015,20261207
RSF-FRIC,space_filling_design,1,6,18,6,0.995441279220262,rsf_fric_state_log_quadratic,M_base(x) + ((p0 * log(state_ratio)) + (p1 * (log(state_ratio) ^ 2))),0.6243939051461967,-286.2867937219405,0.00017230012729140364,True,False,0.0015,20261207
RSF-FRIC,space_filling_design,1,7,19,6,1.1691059476612957,rsf_fric_state_power,M_base(x) + (p0 * ((state_ratio ^ p1) - 1)),0.39804098503865115,-302.81093522728,0.00015889970871351658,True,False,0.0015,20261207
RSF-FRIC,space_filling_design,1,8,20,6,1.3020923063917615,rsf_fric_state_log,M_base(x) + (p0 * log(state_ratio)),0.33808940827028067,-310.7052934575305,8.237696287623752e-05,True,True,0.0015,20261207
RSF-FRIC,random_design,1,0,12,6,1.2526941658864974,rsf_fric_state_log,M_base(x) + (p0 * log(state_ratio)),0.5018600678620843,-187.72305068941026,0.00018445966620092918,True,True,0.0015,20261207
RSF-FRIC,random_design,1,1,13,6,1.197074893553972,rsf_fric_state_log,M_base(x) + (p0 * log(state_ratio)),0.5385073482027074,-204.405725646416,0.00031622691757882766,True,True,0.0015,20261207
RSF-FRIC,random_design,1,2,14,6,1.1857991080235593,rsf_fric_state_log,M_base(x) + (p0 * log(state_ratio)),0.5474077397669077,-218.59941370399542,5.890654930401356e-05,True,True,0.0015,20261207
RSF-FRIC,random_design,1,3,15,6,1.186986144215316,rsf_fric_state_log,M_base(x) + (p0 * log(state_ratio)),0.5462019016918385,-235.2403681830986,1.1124805408791605e-05,True,True,0.0015,20261207
RSF-FRIC,random_design,1,4,16,6,1.2066355045015893,rsf_fric_state_log,M_base(x) + (p0 * log(state_ratio)),0.5290601591283909,-251.73895539708064,2.9518987974388082e-05,True,True,0.0015,20261207
RSF-FRIC,random_design,1,5,17,6,1.241315244269971,rsf_fric_state_log,M_base(x) + (p0 * log(state_ratio)),0.48404559800687,-267.5143256870743,5.8724992161882595e-05,True,True,0.0015,20261207
RSF-FRIC,random_design,1,6,18,6,1.2098120215469832,rsf_fric_state_log,M_base(x) + (p0 * log(state_ratio)),0.519126805173227,-284.1912919520771,7.726364057882938e-05,True,True,0.0015,20261207
RSF-FRIC,random_design,1,7,19,6,1.295257914497144,rsf_fric_state_log,M_base(x) + (p0 * log(state_ratio)),0.4461537138489588,-300.61562687985554,4.383726620620853e-05,True,True,0.0015,20261207
RSF-FRIC,random_design,1,8,20,6,1.2829012724345596,rsf_fric_state_log,M_base(x) + (p0 * log(state_ratio)),0.4603045145621974,-310.0636051152014,1.8501773919742156e-05,True,True,0.0015,20261207
RSF-FRIC,model_information_gain,1,0,12,6,1.2526941658864974,rsf_fric_state_log,M_base(x) + (p0 * log(state_ratio)),0.5018600678620843,-187.72305068941026,0.00018445966620092918,True,True,0.0015,20261207
RSF-FRIC,model_information_gain,1,1,13,6,1.2387456291085648,rsf_fric_state_log,M_base(x) + (p0 * log(state_ratio)),0.503088342166156,-204.274874610087,1.905885323952398e-05,True,True,0.0015,20261207
RSF-FRIC,model_information_gain,1,2,14,6,1.187691244469487,rsf_fric_state_log,M_base(x) + (p0 * log(state_ratio)),0.5459904308411347,-221.14339554438124,8.057458224487858e-06,True,True,0.0015,20261207
RSF-FRIC,model_information_gain,1,3,15,6,1.2505237069889397,rsf_fric_state_log,M_base(x) + (p0 * log(state_ratio)),0.4908664885918167,-236.13585433610666,0.00010347941842086437,True,True,0.0015,20261207
RSF-FRIC,model_information_gain,1,4,16,6,1.298628953885208,rsf_fric_state_log,M_base(x) + (p0 * log(state_ratio)),0.37507263653525613,-251.4002074875376,3.296308423391063e-05,True,True,0.0015,20261207
RSF-FRIC,model_information_gain,1,5,17,6,0.996154065245811,rsf_fric_state_log_quadratic,M_base(x) + ((p0 * log(state_ratio)) + (p1 * (log(state_ratio) ^ 2))),0.5900004158849492,-265.99420781244254,0.0002077135850505712,True,False,0.0015,20261207
RSF-FRIC,model_information_gain,1,6,18,6,1.0522553177310137,rsf_fric_state_log_quadratic,M_base(x) + ((p0 * log(state_ratio)) + (p1 * (log(state_ratio) ^ 2))),0.5283708597858585,-282.17339006409355,0.00020946977829673516,True,False,0.0015,20261207
RSF-FRIC,model_information_gain,1,7,19,6,1.2602150044345672,rsf_fric_state_log,M_base(x) + (p0 * log(state_ratio)),0.4573020278118629,-296.1633862332699,9.72594180493598e-06,True,True,0.0015,20261207
RSF-FRIC,model_information_gain,1,8,20,6,1.280857721361591,rsf_fric_state_log,M_base(x) + (p0 * log(state_ratio)),0.3972066211876964,-311.9861738899627,3.849181522751983e-05,True,True,0.0015,20261207
RSF-FRIC,parameter_information_gain,1,0,12,6,1.2526941658864974,rsf_fric_state_log,M_base(x) + (p0 * log(state_ratio)),0.5018600678620843,-187.72305068941026,0.00018445966620092918,True,True,0.0015,20261207
RSF-FRIC,parameter_information_gain,1,1,13,6,1.2009338043338549,rsf_fric_state_log,M_base(x) + (p0 * log(state_ratio)),0.5354353024752346,-204.39887630760566,3.3424904848463305e-05,True,True,0.0015,20261207
RSF-FRIC,parameter_information_gain,1,2,14,6,1.1876912444712566,rsf_fric_state_log,M_base(x) + (p0 * log(state_ratio)),0.5459904308397541,-221.14339554438143,8.057458224495814e-06,True,True,0.0015,20261207
RSF-FRIC,parameter_information_gain,1,3,15,6,1.2505237069879547,rsf_fric_state_log,M_base(x) + (p0 * log(state_ratio)),0.4908664885928496,-236.1358543361076,0.00010347941960224453,True,True,0.0015,20261207
RSF-FRIC,parameter_information_gain,1,4,16,6,1.2986289538845794,rsf_fric_state_log,M_base(x) + (p0 * log(state_ratio)),0.3750726365413479,-251.4002074875382,3.296308434350807e-05,True,True,0.0015,20261207
RSF-FRIC,parameter_information_gain,1,5,17,6,1.1351977202112278,rsf_fric_state_log_quadratic,M_base(x) + ((p0 * log(state_ratio)) + (p1 * (log(state_ratio) ^ 2))),0.45845562978787363,-267.383138636689,0.00015165987218627167,True,False,0.0015,20261207
RSF-FRIC,parameter_information_gain,1,6,18,6,1.1685764502422331,rsf_fric_state_log,M_base(x) + (p0 * log(state_ratio)),0.42330291430576,-283.7617397583633,2.5060444606780758e-05,True,True,0.0015,20261207
RSF-FRIC,parameter_information_gain,1,7,19,6,1.168553596949236,rsf_fric_state_power,M_base(x) + (p0 * ((state_ratio ^ p1) - 1)),0.39328327849067934,-299.0887077457557,0.00021281112604895627,True,False,0.0015,20261207
RSF-FRIC,parameter_information_gain,1,8,20,6,1.2808577213628716,rsf_fric_state_log,M_base(x) + (p0 * log(state_ratio)),0.3972066211812239,-311.9861738899628,3.849181520303098e-05,True,True,0.0015,20261207
RSF-FRIC,joint_structure_parameter_information_gain,1,0,12,6,1.2526941658864974,rsf_fric_state_log,M_base(x) + (p0 * log(state_ratio)),0.5018600678620843,-187.72305068941026,0.00018445966620092918,True,True,0.0015,20261207
RSF-FRIC,joint_structure_parameter_information_gain,1,1,13,6,1.214072552039602,rsf_fric_state_log,M_base(x) + (p0 * log(state_ratio)),0.5246243291050983,-204.42865991672193,0.0003164001555836956,True,True,0.0015,20261207
RSF-FRIC,joint_structure_parameter_information_gain,1,2,14,6,1.3588348315639156,rsf_fric_state_log,M_base(x) + (p0 * log(state_ratio)),0.3550321477978104,-219.8574758093176,0.0001760129067794138,True,True,0.0015,20261207
RSF-FRIC,joint_structure_parameter_information_gain,1,3,15,6,1.2814626647297322,rsf_fric_state_log,M_base(x) + (p0 * log(state_ratio)),0.40971019378182666,-236.25079869163798,0.00011210491433269244,True,True,0.0015,20261207
RSF-FRIC,joint_structure_parameter_information_gain,1,4,16,6,1.2930118265867003,rsf_fric_state_log,M_base(x) + (p0 * log(state_ratio)),0.4464701619061981,-252.6324910752923,7.19493285978852e-05,True,True,0.0015,20261207
RSF-FRIC,joint_structure_parameter_information_gain,1,5,17,6,1.1745448434042332,rsf_fric_state_log,M_base(x) + (p0 * log(state_ratio)),0.4558261491312376,-268.1140128026702,1.746438200030358e-05,True,True,0.0015,20261207
RSF-FRIC,joint_structure_parameter_information_gain,1,6,18,6,1.176584230753172,rsf_fric_state_log,M_base(x) + (p0 * log(state_ratio)),0.5019296844403428,-284.90708959050284,4.527524906554071e-06,True,True,0.0015,20261207
RSF-FRIC,joint_structure_parameter_information_gain,1,7,19,6,1.2459276872409544,rsf_fric_state_power,M_base(x) + (p0 * ((state_ratio ^ p1) - 1)),0.34585845107068125,-298.70987205670144,0.00017993788377860742,True,False,0.0015,20261207
RSF-FRIC,joint_structure_parameter_information_gain,1,8,20,6,1.259574131286635,rsf_fric_state_log,M_base(x) + (p0 * log(state_ratio)),0.4533788120192549,-312.8348110000808,1.5758370994314517e-05,True,True,0.0015,20261207
RSF-EVOL,space_filling_design,1,0,12,6,4.7052019539639346e-05,rsf_evol_slip,(-1 * p0 * state_ratio * log(state_ratio)),0.9999967360104964,-113.76006239041615,0.08265288416576509,False,True,0.053248099596305686,20261213
RSF-EVOL,space_filling_design,1,1,13,6,0.06231063156538122,rsf_evol_slip,(-1 * p0 * state_ratio * log(state_ratio)),0.9886065781381426,-119.78568480909004,0.0038823928431994197,True,True,0.053248099596305686,20261213
RSF-EVOL,space_filling_design,1,2,14,6,0.00010101850262452428,rsf_evol_slip,(-1 * p0 * state_ratio * log(state_ratio)),0.9999920741026513,-129.07124639219668,0.0018972433490748364,True,True,0.053248099596305686,20261213
RSF-EVOL,space_filling_design,1,3,15,6,6.9289811891760705e-19,rsf_evol_slip,(-1 * p0 * state_ratio * log(state_ratio)),1.0,-137.75169516746192,0.003048203506098096,True,True,0.053248099596305686,20261213
RSF-EVOL,space_filling_design,1,4,16,6,7.250472722893158e-06,rsf_evol_slip,(-1 * p0 * state_ratio * log(state_ratio)),0.9999995346432573,-147.49972162307577,0.004734969115277512,True,True,0.053248099596305686,20261213
RSF-EVOL,space_filling_design,1,5,17,6,3.998075255663625e-24,rsf_evol_slip,(-1 * p0 * state_ratio * log(state_ratio)),1.0,-151.1187065803112,0.005112682989381146,True,True,0.053248099596305686,20261213
RSF-EVOL,space_filling_design,1,6,18,6,1.530902794648502e-14,rsf_evol_slip,(-1 * p0 * state_ratio * log(state_ratio)),0.9999999999999996,-160.98305634301613,0.004461796312177279,True,True,0.053248099596305686,20261213
RSF-EVOL,space_filling_design,1,7,19,6,1.2985662111889554e-15,rsf_evol_slip,(-1 * p0 * state_ratio * log(state_ratio)),1.0,-170.96791496321055,0.004712735985602001,True,True,0.053248099596305686,20261213
RSF-EVOL,space_filling_design,1,8,20,6,3.1776796269912013e-16,rsf_evol_slip,(-1 * p0 * state_ratio * log(state_ratio)),1.0,-179.7825177108631,0.0050849104374990975,True,True,0.053248099596305686,20261213
RSF-EVOL,random_design,1,0,12,6,4.7052019539639346e-05,rsf_evol_slip,(-1 * p0 * state_ratio * log(state_ratio)),0.9999967360104964,-113.76006239041615,0.08265288416576509,False,True,0.053248099596305686,20261213
RSF-EVOL,random_design,1,1,13,6,0.2658965662963606,rsf_evol_slip,(-1 * p0 * state_ratio * log(state_ratio)),0.9251940947240124,-118.93893319893074,1.697651064318586e-05,True,True,0.053248099596305686,20261213
RSF-EVOL,random_design,1,2,14,6,0.0021286795485701854,rsf_evol_slip,(-1 * p0 * state_ratio * log(state_ratio)),0.9997733517923219,-128.25223532889814,0.0024093616717235475,True,True,0.053248099596305686,20261213
RSF-EVOL,random_design,1,3,15,6,3.3050852885493836e-16,rsf_evol_slip,(-1 * p0 * state_ratio * log(state_ratio)),1.0,-136.58057165969413,0.018024266779633973,True,True,0.053248099596305686,20261213
RSF-EVOL,random_design,1,4,16,6,1.4057856364556758e-05,rsf_evol_slip,(-1 * p0 * state_ratio * log(state_ratio)),0.9999990547303655,-144.49099575023257,0.008539287332261718,True,True,0.053248099596305686,20261213
RSF-EVOL,random_design,1,5,17,6,1.4582212201733245e-19,rsf_evol_slip,(-1 * p0 * state_ratio * log(state_ratio)),1.0,-154.64261695255482,0.008209243440525673,True,True,0.053248099596305686,20261213
RSF-EVOL,random_design,1,6,18,6,1.0718642818669054e-07,rsf_evol_slip,(-1 * p0 * state_ratio * log(state_ratio)),0.9999999946531805,-164.0256331958895,0.008494240717932207,True,True,0.053248099596305686,20261213
RSF-EVOL,random_design,1,7,19,6,1.3037636231552676e-08,rsf_evol_slip,(-1 * p0 * state_ratio * log(state_ratio)),0.9999999994142529,-174.09435710491607,0.00779437222848095,True,True,0.053248099596305686,20261213
RSF-EVOL,random_design,1,8,20,6,9.058019433845313e-09,rsf_evol_slip,(-1 * p0 * state_ratio * log(state_ratio)),0.9999999995998985,-181.7055518340858,0.0034404763567216843,True,True,0.053248099596305686,20261213
RSF-EVOL,model_information_gain,1,0,12,6,4.7052019539639346e-05,rsf_evol_slip,(-1 * p0 * state_ratio * log(state_ratio)),0.9999967360104964,-113.76006239041615,0.08265288416576509,False,True,0.053248099596305686,20261213
RSF-EVOL,model_information_gain,1,1,13,6,0.06231063156538122,rsf_evol_slip,(-1 * p0 * state_ratio * log(state_ratio)),0.9886065781381426,-119.78568480909004,0.0038823928431994197,True,True,0.053248099596305686,20261213
RSF-EVOL,model_information_gain,1,2,14,6,5.4108789079235125e-09,rsf_evol_slip,(-1 * p0 * state_ratio * log(state_ratio)),0.9999999997665517,-130.01570911695183,0.0037797169352819008,True,True,0.053248099596305686,20261213
RSF-EVOL,model_information_gain,1,3,15,6,2.0906844640651554e-22,rsf_evol_slip,(-1 * p0 * state_ratio * log(state_ratio)),1.0,-140.40152672646377,0.004194961298850723,True,True,0.053248099596305686,20261213
RSF-EVOL,model_information_gain,1,4,16,6,4.085922706951356e-13,rsf_evol_slip,(-1 * p0 * state_ratio * log(state_ratio)),0.9999999999999877,-149.4976036931486,0.0036930223146890637,True,True,0.053248099596305686,20261213
RSF-EVOL,model_information_gain,1,5,17,6,2.632645389607608e-25,rsf_evol_slip,(-1 * p0 * state_ratio * log(state_ratio)),1.0,-159.88356242384978,0.003117647687625132,True,True,0.053248099596305686,20261213
RSF-EVOL,model_information_gain,1,6,18,6,8.520461061674895e-15,rsf_evol_slip,(-1 * p0 * state_ratio * log(state_ratio)),0.9999999999999998,-163.35466960160917,0.0026077515801320485,True,True,0.053248099596305686,20261213
RSF-EVOL,model_information_gain,1,7,19,6,2.850123871018358e-15,rsf_evol_slip,(-1 * p0 * state_ratio * log(state_ratio)),0.9999999999999999,-171.42976196492702,0.00024043259199409137,True,True,0.053248099596305686,20261213
RSF-EVOL,model_information_gain,1,8,20,6,4.030599987637678e-16,rsf_evol_slip,(-1 * p0 * state_ratio * log(state_ratio)),1.0,-181.54341843718862,0.0005992498684224462,True,True,0.053248099596305686,20261213
RSF-EVOL,parameter_information_gain,1,0,12,6,4.7052019539639346e-05,rsf_evol_slip,(-1 * p0 * state_ratio * log(state_ratio)),0.9999967360104964,-113.76006239041615,0.08265288416576509,False,True,0.053248099596305686,20261213
RSF-EVOL,parameter_information_gain,1,1,13,6,0.06231063156538122,rsf_evol_slip,(-1 * p0 * state_ratio * log(state_ratio)),0.9886065781381426,-119.78568480909004,0.0038823928431994197,True,True,0.053248099596305686,20261213
RSF-EVOL,parameter_information_gain,1,2,14,6,0.04867158100854102,rsf_evol_slip,(-1 * p0 * state_ratio * log(state_ratio)),0.9915666682324142,-130.1557409710505,0.003663263825499264,True,True,0.053248099596305686,20261213
RSF-EVOL,parameter_information_gain,1,3,15,6,9.31539329012228e-18,rsf_evol_slip,(-1 * p0 * state_ratio * log(state_ratio)),1.0,-140.5979821827667,0.003829605757309584,True,True,0.053248099596305686,20261213
RSF-EVOL,parameter_information_gain,1,4,16,6,0.027199340076471318,rsf_evol_slip,(-1 * p0 * state_ratio * log(state_ratio)),0.9957958018558718,-151.0965737560263,0.004012629377892356,True,True,0.053248099596305686,20261213
RSF-EVOL,parameter_information_gain,1,5,17,6,3.38574036805604e-20,rsf_evol_slip,(-1 * p0 * state_ratio * log(state_ratio)),1.0,-161.68164393866812,0.003974970298463921,True,True,0.053248099596305686,20261213
RSF-EVOL,parameter_information_gain,1,6,18,6,0.033308913926797266,rsf_evol_slip,(-1 * p0 * state_ratio * log(state_ratio)),0.9946520616972954,-170.33967581396556,0.002940648575046489,True,True,0.053248099596305686,20261213
RSF-EVOL,parameter_information_gain,1,7,19,6,0.00472386847793548,rsf_evol_slip,(-1 * p0 * state_ratio * log(state_ratio)),0.9994438737167319,-179.0274296946581,0.0038093961997716637,True,True,0.053248099596305686,20261213
RSF-EVOL,parameter_information_gain,1,8,20,6,0.0015585967446763956,rsf_evol_slip,(-1 * p0 * state_ratio * log(state_ratio)),0.9998399821894318,-189.56219211448015,0.0038812854017219907,True,True,0.053248099596305686,20261213
RSF-EVOL,joint_structure_parameter_information_gain,1,0,12,6,4.7052019539639346e-05,rsf_evol_slip,(-1 * p0 * state_ratio * log(state_ratio)),0.9999967360104964,-113.76006239041615,0.08265288416576509,False,True,0.053248099596305686,20261213
RSF-EVOL,joint_structure_parameter_information_gain,1,1,13,6,0.06231063156538122,rsf_evol_slip,(-1 * p0 * state_ratio * log(state_ratio)),0.9886065781381426,-119.78568480909004,0.0038823928431994197,True,True,0.053248099596305686,20261213
RSF-EVOL,joint_structure_parameter_information_gain,1,2,14,6,0.04867158100854102,rsf_evol_slip,(-1 * p0 * state_ratio * log(state_ratio)),0.9915666682324142,-130.1557409710505,0.003663263825499264,True,True,0.053248099596305686,20261213
RSF-EVOL,joint_structure_parameter_information_gain,1,3,15,6,1.3147110160146698e-17,rsf_evol_slip,(-1 * p0 * state_ratio * log(state_ratio)),1.0,-139.89029056413082,0.005060667249157083,True,True,0.053248099596305686,20261213
RSF-EVOL,joint_structure_parameter_information_gain,1,4,16,6,0.0003143387508763386,rsf_evol_slip,(-1 * p0 * state_ratio * log(state_ratio)),0.999972685374243,-150.3332860327646,0.0048284152497692955,True,True,0.053248099596305686,20261213
RSF-EVOL,joint_structure_parameter_information_gain,1,5,17,6,4.4087475279734686e-20,rsf_evol_slip,(-1 * p0 * state_ratio * log(state_ratio)),1.0,-160.869488144011,0.0047762529252958754,True,True,0.053248099596305686,20261213
RSF-EVOL,joint_structure_parameter_information_gain,1,6,18,6,0.00010179557912139176,rsf_evol_slip,(-1 * p0 * state_ratio * log(state_ratio)),0.9999920079189336,-171.4260761255342,0.0046157639376755545,True,True,0.053248099596305686,20261213
RSF-EVOL,joint_structure_parameter_information_gain,1,7,19,6,0.00014672808966046186,rsf_evol_slip,(-1 * p0 * state_ratio * log(state_ratio)),0.999988109313426,-179.63516099396543,0.0036151141705614447,True,True,0.053248099596305686,20261213
RSF-EVOL,joint_structure_parameter_information_gain,1,8,20,6,7.167592303099721e-05,rsf_evol_slip,(-1 * p0 * state_ratio * log(state_ratio)),0.9999945357648056,-188.6689925886265,0.00431144979023215,True,True,0.053248099596305686,20261213
RSF-FRIC,space_filling_design,1,0,12,6,1.2400585405019449,rsf_fric_state_log,M_base(x) + (p0 * log(state_ratio)),0.5163889948931212,-182.39793858679298,0.0003629337912634347,True,True,0.0015,20261213
RSF-FRIC,space_filling_design,1,1,13,6,1.2284881113911574,rsf_fric_state_log,M_base(x) + (p0 * log(state_ratio)),0.5124263764961867,-198.5569663673686,0.0001496110705337615,True,True,0.0015,20261213
RSF-FRIC,space_filling_design,1,2,14,6,1.2086432552419435,rsf_fric_state_log,M_base(x) + (p0 * log(state_ratio)),0.5290241209070924,-214.90197946713525,0.0001913471167698487,True,True,0.0015,20261213
RSF-FRIC,space_filling_design,1,3,15,6,1.2763454929589297,rsf_fric_state_log,M_base(x) + (p0 * log(state_ratio)),0.4664275803432218,-230.4203639944673,8.418275034283153e-05,True,True,0.0015,20261213
RSF-FRIC,space_filling_design,1,4,16,6,1.1938828974120408,rsf_fric_state_log,M_base(x) + (p0 * log(state_ratio)),0.5315029183850953,-244.6493714058458,1.4468912191250618e-05,True,True,0.0015,20261213
RSF-FRIC,space_filling_design,1,5,17,6,1.2172578269153265,rsf_fric_state_log,M_base(x) + (p0 * log(state_ratio)),0.5206144848814726,-260.47066611409645,6.324541355991035e-05,True,True,0.0015,20261213
RSF-FRIC,space_filling_design,1,6,18,6,1.2641504334023657,rsf_fric_state_log,M_base(x) + (p0 * log(state_ratio)),0.47638587029795393,-273.7157479644226,1.9003965637138404e-05,True,True,0.0015,20261213
RSF-FRIC,space_filling_design,1,7,19,6,1.209030199449367,rsf_fric_state_log,M_base(x) + (p0 * log(state_ratio)),0.5254654323621605,-288.5665424135462,4.356454176450345e-05,True,True,0.0015,20261213
RSF-FRIC,space_filling_design,1,8,20,6,1.1956418245559952,rsf_fric_state_log,M_base(x) + (p0 * log(state_ratio)),0.5392261992204411,-304.76893216953624,5.9200159966751775e-05,True,True,0.0015,20261213
RSF-FRIC,random_design,1,0,12,6,1.2400585405019449,rsf_fric_state_log,M_base(x) + (p0 * log(state_ratio)),0.5163889948931212,-182.39793858679298,0.0003629337912634347,True,True,0.0015,20261213
RSF-FRIC,random_design,1,1,13,6,1.207233671755989,rsf_fric_state_log,M_base(x) + (p0 * log(state_ratio)),0.5299898660155009,-198.63312261437076,0.0005200550823972008,True,True,0.0015,20261213
RSF-FRIC,random_design,1,2,14,6,1.2791470341087212,rsf_fric_state_log,M_base(x) + (p0 * log(state_ratio)),0.4324152426218596,-212.65570705303858,0.00042801450136926,True,True,0.0015,20261213
RSF-FRIC,random_design,1,3,15,6,1.2733558105135279,rsf_fric_state_log,M_base(x) + (p0 * log(state_ratio)),0.3795170407528251,-228.29946438238426,0.00040332849759501326,True,True,0.0015,20261213
RSF-FRIC,random_design,1,4,16,6,1.2084103723101844,rsf_fric_state_log,M_base(x) + (p0 * log(state_ratio)),0.5113758303560497,-244.08237335622653,0.00023702518041830606,True,True,0.0015,20261213
RSF-FRIC,random_design,1,5,17,6,1.154983198792059,rsf_fric_state_log,M_base(x) + (p0 * log(state_ratio)),0.5701576210164283,-260.43328070592855,0.0002147053781289282,True,True,0.0015,20261213
RSF-FRIC,random_design,1,6,18,6,1.175000880424122,rsf_fric_state_log,M_base(x) + (p0 * log(state_ratio)),0.5551124788459216,-276.36125528965925,0.00024123416150168545,True,True,0.0015,20261213
RSF-FRIC,random_design,1,7,19,6,1.1638431242752572,rsf_fric_state_log,M_base(x) + (p0 * log(state_ratio)),0.5630057647830068,-290.18319951176,0.0003244232326647539,True,True,0.0015,20261213
RSF-FRIC,random_design,1,8,20,6,1.1588983196716804,rsf_fric_state_log,M_base(x) + (p0 * log(state_ratio)),0.566456873780431,-306.57053983518443,0.00032924570317266905,True,True,0.0015,20261213
RSF-FRIC,model_information_gain,1,0,12,6,1.2400585405019449,rsf_fric_state_log,M_base(x) + (p0 * log(state_ratio)),0.5163889948931212,-182.39793858679298,0.0003629337912634347,True,True,0.0015,20261213
RSF-FRIC,model_information_gain,1,1,13,6,1.3802801807245433,rsf_fric_state_log,M_base(x) + (p0 * log(state_ratio)),0.28666414203989515,-196.62373798632117,0.0003286456711166082,True,True,0.0015,20261213
RSF-FRIC,model_information_gain,1,2,14,6,1.295526630902073,rsf_fric_state_log_quadratic,M_base(x) + ((p0 * log(state_ratio)) + (p1 * (log(state_ratio) ^ 2))),0.35611780340775573,-211.85295902344026,0.00043422597058306964,True,False,0.0015,20261213
RSF-FRIC,model_information_gain,1,3,15,6,1.320404663071065,rsf_fric_state_log,M_base(x) + (p0 * log(state_ratio)),0.3479619033940055,-226.40274820455954,3.9454752784821226e-05,True,True,0.0015,20261213
RSF-FRIC,model_information_gain,1,4,16,6,1.2196509105099413,rsf_fric_state_log,M_base(x) + (p0 * log(state_ratio)),0.42343836631862947,-242.41972495586157,8.020616647377606e-05,True,True,0.0015,20261213
RSF-FRIC,model_information_gain,1,5,17,6,1.3182576089177136,rsf_fric_state_log,M_base(x) + (p0 * log(state_ratio)),0.39192614321787494,-258.71097391888446,8.34163978062785e-05,True,True,0.0015,20261213
RSF-FRIC,model_information_gain,1,6,18,6,1.308371948253833,rsf_fric_state_log,M_base(x) + (p0 * log(state_ratio)),0.3946349106875567,-275.0104586849208,9.456621254280768e-05,True,True,0.0015,20261213
RSF-FRIC,model_information_gain,1,7,19,6,1.2951661520440556,rsf_fric_state_log,M_base(x) + (p0 * log(state_ratio)),0.3401502587316576,-290.80952550398325,6.487901583117425e-05,True,True,0.0015,20261213
RSF-FRIC,model_information_gain,1,8,20,6,1.2294754867317534,rsf_fric_state_log,M_base(x) + (p0 * log(state_ratio)),0.5044749511107562,-305.49237583917363,1.7291911841538265e-05,True,True,0.0015,20261213
RSF-FRIC,parameter_information_gain,1,0,12,6,1.2400585405019449,rsf_fric_state_log,M_base(x) + (p0 * log(state_ratio)),0.5163889948931212,-182.39793858679298,0.0003629337912634347,True,True,0.0015,20261213
RSF-FRIC,parameter_information_gain,1,1,13,6,1.2009502977741457,rsf_fric_state_log,M_base(x) + (p0 * log(state_ratio)),0.5353975267989566,-198.66792579994515,0.0002135443659451768,True,True,0.0015,20261213
RSF-FRIC,parameter_information_gain,1,2,14,6,1.278225496485576,rsf_fric_state_log,M_base(x) + (p0 * log(state_ratio)),0.4651046669462847,-214.12381410935538,8.201001102064079e-05,True,True,0.0015,20261213
RSF-FRIC,parameter_information_gain,1,3,15,6,1.2788859302105908,rsf_fric_state_log,M_base(x) + (p0 * log(state_ratio)),0.4408768549145743,-229.95320852680456,0.00015630315676359448,True,True,0.0015,20261213
RSF-FRIC,parameter_information_gain,1,4,16,6,1.1807538680316976,rsf_fric_state_log,M_base(x) + (p0 * log(state_ratio)),0.5268160905505472,-246.38402690948743,0.00014308667684042052,True,True,0.0015,20261213
RSF-FRIC,parameter_information_gain,1,5,17,6,1.253342292347304,rsf_fric_state_log,M_base(x) + (p0 * log(state_ratio)),0.4734419668182346,-262.8998765636279,0.00013533143480093498,True,True,0.0015,20261213
RSF-FRIC,parameter_information_gain,1,6,18,6,1.1434785412891453,rsf_fric_state_log,M_base(x) + (p0 * log(state_ratio)),0.5786915286646399,-276.72877515772996,6.342014756218822e-05,True,True,0.0015,20261213
RSF-FRIC,parameter_information_gain,1,7,19,6,1.1423703948869575,rsf_fric_state_log,M_base(x) + (p0 * log(state_ratio)),0.5793964432979857,-293.12381336157335,7.529478926365111e-05,True,True,0.0015,20261213
RSF-FRIC,parameter_information_gain,1,8,20,6,1.1721935682233835,rsf_fric_state_log,M_base(x) + (p0 * log(state_ratio)),0.556986033613934,-309.0746659843399,5.2239617101983634e-05,True,True,0.0015,20261213
RSF-FRIC,joint_structure_parameter_information_gain,1,0,12,6,1.2400585405019449,rsf_fric_state_log,M_base(x) + (p0 * log(state_ratio)),0.5163889948931212,-182.39793858679298,0.0003629337912634347,True,True,0.0015,20261213
RSF-FRIC,joint_structure_parameter_information_gain,1,1,13,6,1.2009502977741457,rsf_fric_state_log,M_base(x) + (p0 * log(state_ratio)),0.5353975267989566,-198.66792579994515,0.0002135443659451768,True,True,0.0015,20261213
RSF-FRIC,joint_structure_parameter_information_gain,1,2,14,6,1.278225496485576,rsf_fric_state_log,M_base(x) + (p0 * log(state_ratio)),0.4651046669462847,-214.12381410935538,8.201001102064079e-05,True,True,0.0015,20261213
RSF-FRIC,joint_structure_parameter_information_gain,1,3,15,6,1.2788859302105908,rsf_fric_state_log,M_base(x) + (p0 * log(state_ratio)),0.4408768549145743,-229.95320852680456,0.00015630315676359448,True,True,0.0015,20261213
RSF-FRIC,joint_structure_parameter_information_gain,1,4,16,6,1.1807538680316976,rsf_fric_state_log,M_base(x) + (p0 * log(state_ratio)),0.5268160905505472,-246.38402690948743,0.00014308667684042052,True,True,0.0015,20261213
RSF-FRIC,joint_structure_parameter_information_gain,1,5,17,6,1.253342292347304,rsf_fric_state_log,M_base(x) + (p0 * log(state_ratio)),0.4734419668182346,-262.8998765636279,0.00013533143480093498,True,True,0.0015,20261213
RSF-FRIC,joint_structure_parameter_information_gain,1,6,18,6,1.1434785412891453,rsf_fric_state_log,M_base(x) + (p0 * log(state_ratio)),0.5786915286646399,-276.72877515772996,6.342014756218822e-05,True,True,0.0015,20261213
RSF-FRIC,joint_structure_parameter_information_gain,1,7,19,6,1.1423703948869575,rsf_fric_state_log,M_base(x) + (p0 * log(state_ratio)),0.5793964432979857,-293.12381336157335,7.529478926365111e-05,True,True,0.0015,20261213
RSF-FRIC,joint_structure_parameter_information_gain,1,8,20,6,1.1721935682233835,rsf_fric_state_log,M_base(x) + (p0 * log(state_ratio)),0.556986033613934,-309.0746659843399,5.2239617101983634e-05,True,True,0.0015,20261213
RSF-EVOL,space_filling_design,1,0,12,6,0.48725797538481425,rsf_evol_slip,(-1 * p0 * state_ratio * log(state_ratio)),0.8116600389127836,-107.75923250587492,0.027644627592134288,True,True,0.05351916057057235,20261219
RSF-EVOL,space_filling_design,1,1,13,6,0.2918893271913911,rsf_evol_slip,(-1 * p0 * state_ratio * log(state_ratio)),0.9145470884707927,-117.51882279127655,2.6529862599790255e-05,True,True,0.05351916057057235,20261219
RSF-EVOL,space_filling_design,1,2,14,6,8.710505009947398e-05,rsf_evol_slip,(-1 * p0 * state_ratio * log(state_ratio)),0.9999932508576731,-127.39364820690143,0.0011338335457034953,True,True,0.05351916057057235,20261219
RSF-EVOL,space_filling_design,1,3,15,6,4.401613660223053e-05,rsf_evol_slip,(-1 * p0 * state_ratio * log(state_ratio)),0.9999967740209899,-136.39829725441783,9.93232135553862e-05,True,True,0.05351916057057235,20261219
RSF-EVOL,space_filling_design,1,4,16,6,1.8550813195286147e-05,rsf_evol_slip,(-1 * p0 * state_ratio * log(state_ratio)),0.999998727151676,-145.90266601551826,0.0020635454934745095,True,True,0.05351916057057235,20261219
RSF-EVOL,space_filling_design,1,5,17,6,4.244266318732644e-15,rsf_evol_slip,(-1 * p0 * state_ratio * log(state_ratio)),0.9999999999999999,-155.2983024391854,0.0021904184034583175,True,True,0.05351916057057235,20261219
RSF-EVOL,space_filling_design,1,6,18,6,1.0336510194658898e-15,rsf_evol_slip,(-1 * p0 * state_ratio * log(state_ratio)),1.0,-162.27529494526743,0.0004853534941061813,True,True,0.05351916057057235,20261219
RSF-EVOL,space_filling_design,1,7,19,6,3.089825770575539e-16,rsf_evol_slip,(-1 * p0 * state_ratio * log(state_ratio)),1.0,-170.633799016196,3.0228531010619393e-05,True,True,0.05351916057057235,20261219
RSF-EVOL,space_filling_design,1,8,20,6,2.999765789587342e-17,rsf_evol_slip,(-1 * p0 * state_ratio * log(state_ratio)),1.0,-180.17073888001778,0.000636038324525881,True,True,0.05351916057057235,20261219
RSF-EVOL,random_design,1,0,12,6,0.48725797538481425,rsf_evol_slip,(-1 * p0 * state_ratio * log(state_ratio)),0.8116600389127836,-107.75923250587492,0.027644627592134288,True,True,0.05351916057057235,20261219
RSF-EVOL,random_design,1,1,13,6,0.34672093694125233,rsf_evol_slip,(-1 * p0 * state_ratio * log(state_ratio)),0.8899016380260131,-117.82049584776455,0.014840893432380977,True,True,0.05351916057057235,20261219
RSF-EVOL,random_design,1,2,14,6,0.009559702264279803,rsf_evol_slip,(-1 * p0 * state_ratio * log(state_ratio)),0.9987567724035317,-128.04036650588597,0.01508280547834379,True,True,0.05351916057057235,20261219
RSF-EVOL,random_design,1,3,15,6,0.0007780603013413199,rsf_evol_slip,(-1 * p0 * state_ratio * log(state_ratio)),0.9999259772820877,-137.66115760460534,0.014558037645714967,True,True,0.05351916057057235,20261219
RSF-EVOL,random_design,1,4,16,6,0.0006827451167797831,rsf_evol_slip,(-1 * p0 * state_ratio * log(state_ratio)),0.999935925123442,-145.28807888857347,0.005927307486112977,True,True,0.05351916057057235,20261219
RSF-EVOL,random_design,1,5,17,6,0.00038321511537901505,rsf_evol_slip,(-1 * p0 * state_ratio * log(state_ratio)),0.9999660598064123,-153.62303561407882,0.00524153920734526,True,True,0.05351916057057235,20261219
RSF-EVOL,random_design,1,6,18,6,0.00016309850960049424,rsf_evol_slip,(-1 * p0 * state_ratio * log(state_ratio)),0.9999866581718776,-163.51301595620515,0.00574835350249882,True,True,0.05351916057057235,20261219
RSF-EVOL,random_design,1,7,19,6,3.948590384238604e-06,rsf_evol_slip,(-1 * p0 * state_ratio * log(state_ratio)),0.999999756694624,-171.9569812055973,0.0010167919334608782,True,True,0.05351916057057235,20261219
RSF-EVOL,random_design,1,8,20,6,1.2028591080857094e-06,rsf_evol_slip,(-1 * p0 * state_ratio * log(state_ratio)),0.9999999312360629,-178.69410700828846,0.000628933037145457,True,True,0.05351916057057235,20261219
RSF-EVOL,model_information_gain,1,0,12,6,0.48725797538481425,rsf_evol_slip,(-1 * p0 * state_ratio * log(state_ratio)),0.8116600389127836,-107.75923250587492,0.027644627592134288,True,True,0.05351916057057235,20261219
RSF-EVOL,model_information_gain,1,1,13,6,6.37444365763288e-05,rsf_evol_slip,(-1 * p0 * state_ratio * log(state_ratio)),0.9999954183206049,-117.5779818077255,0.038427845902423076,True,True,0.05351916057057235,20261219
RSF-EVOL,model_information_gain,1,2,14,6,3.172840315501047e-08,rsf_evol_slip,(-1 * p0 * state_ratio * log(state_ratio)),0.9999999985122182,-126.70521082417939,0.0011389284491653143,True,True,0.05351916057057235,20261219
RSF-EVOL,model_information_gain,1,3,15,6,4.2936150026838114e-13,rsf_evol_slip,(-1 * p0 * state_ratio * log(state_ratio)),0.999999999999987,-136.907221641876,0.0005487990709473543,True,True,0.05351916057057235,20261219
RSF-EVOL,model_information_gain,1,4,16,6,2.7758649642459256e-13,rsf_evol_slip,(-1 * p0 * state_ratio * log(state_ratio)),0.9999999999999917,-142.61339975525277,0.00494811894875322,True,True,0.05351916057057235,20261219
RSF-EVOL,model_information_gain,1,5,17,6,1.522703452110669e-14,rsf_evol_slip,(-1 * p0 * state_ratio * log(state_ratio)),0.9999999999999996,-152.41076659163144,0.004090807142744736,True,True,0.05351916057057235,20261219
RSF-EVOL,model_information_gain,1,6,18,6,1.0010632477801525e-15,rsf_evol_slip,(-1 * p0 * state_ratio * log(state_ratio)),1.0,-162.22823503588074,0.004182976212975414,True,True,0.05351916057057235,20261219
RSF-EVOL,model_information_gain,1,7,19,6,4.986046859024156e-16,rsf_evol_slip,(-1 * p0 * state_ratio * log(state_ratio)),1.0,-168.9316775171936,0.0009922836833302115,True,True,0.05351916057057235,20261219
RSF-EVOL,model_information_gain,1,8,20,6,6.912844887984149e-17,rsf_evol_slip,(-1 * p0 * state_ratio * log(state_ratio)),1.0,-178.51109638999029,0.0012044082904435532,True,True,0.05351916057057235,20261219
RSF-EVOL,parameter_information_gain,1,0,12,6,0.48725797538481425,rsf_evol_slip,(-1 * p0 * state_ratio * log(state_ratio)),0.8116600389127836,-107.75923250587492,0.027644627592134288,True,True,0.05351916057057235,20261219
RSF-EVOL,parameter_information_gain,1,1,13,6,0.2918893271913911,rsf_evol_slip,(-1 * p0 * state_ratio * log(state_ratio)),0.9145470884707927,-117.51882279127655,2.6529862599790255e-05,True,True,0.05351916057057235,20261219
RSF-EVOL,parameter_information_gain,1,2,14,6,0.26921216504027307,rsf_evol_slip,(-1 * p0 * state_ratio * log(state_ratio)),0.9238708184061047,-127.71552020296916,0.00023802754045098182,True,True,0.05351916057057235,20261219
RSF-EVOL,parameter_information_gain,1,3,15,6,0.1697205584093866,rsf_evol_slip,(-1 * p0 * state_ratio * log(state_ratio)),0.9594397579537195,-137.31673112902322,0.0017998323534121144,True,True,0.05351916057057235,20261219
RSF-EVOL,parameter_information_gain,1,4,16,6,1.6832365171916987e-17,rsf_evol_slip,(-1 * p0 * state_ratio * log(state_ratio)),1.0,-147.0754056157027,0.0008134525078012554,True,True,0.05351916057057235,20261219
RSF-EVOL,parameter_information_gain,1,5,17,6,0.11873441402048626,rsf_evol_slip,(-1 * p0 * state_ratio * log(state_ratio)),0.9744997586536435,-157.1730871097099,0.0013101048319556449,True,True,0.05351916057057235,20261219
RSF-EVOL,parameter_information_gain,1,6,18,6,0.06547456870338428,rsf_evol_slip,(-1 * p0 * state_ratio * log(state_ratio)),0.9878927266376305,-167.5399691042635,0.0012054153535354874,True,True,0.05351916057057235,20261219
RSF-EVOL,parameter_information_gain,1,7,19,6,0.022078950371065706,rsf_evol_slip,(-1 * p0 * state_ratio * log(state_ratio)),0.9967124722679197,-177.54206136971507,0.0016494728830336366,True,True,0.05351916057057235,20261219
RSF-EVOL,parameter_information_gain,1,8,20,6,0.008853520119801585,rsf_evol_slip,(-1 * p0 * state_ratio * log(state_ratio)),0.9988616673701847,-188.01408217956643,0.0016738523693683278,True,True,0.05351916057057235,20261219
RSF-EVOL,joint_structure_parameter_information_gain,1,0,12,6,0.48725797538481425,rsf_evol_slip,(-1 * p0 * state_ratio * log(state_ratio)),0.8116600389127836,-107.75923250587492,0.027644627592134288,True,True,0.05351916057057235,20261219
RSF-EVOL,joint_structure_parameter_information_gain,1,1,13,6,0.2918893271913911,rsf_evol_slip,(-1 * p0 * state_ratio * log(state_ratio)),0.9145470884707927,-117.51882279127655,2.6529862599790255e-05,True,True,0.05351916057057235,20261219
RSF-EVOL,joint_structure_parameter_information_gain,1,2,14,6,0.026534751206536315,rsf_evol_slip,(-1 * p0 * state_ratio * log(state_ratio)),0.9959170312323178,-125.87422450820956,0.0043140336624927795,True,True,0.05351916057057235,20261219
RSF-EVOL,joint_structure_parameter_information_gain,1,3,15,6,0.01724485088041043,rsf_evol_slip,(-1 * p0 * state_ratio * log(state_ratio)),0.9975384682137115,-135.45329890291245,0.002574821528727001,True,True,0.05351916057057235,20261219
RSF-EVOL,joint_structure_parameter_information_gain,1,4,16,6,4.307125644951872e-17,rsf_evol_slip,(-1 * p0 * state_ratio * log(state_ratio)),1.0,-144.00701924568844,0.0005802671446644341,True,True,0.05351916057057235,20261219
RSF-EVOL,joint_structure_parameter_information_gain,1,5,17,6,0.016637997106990682,rsf_evol_slip,(-1 * p0 * state_ratio * log(state_ratio)),0.9976391858073912,-154.06794046846267,0.0009226318780496655,True,True,0.05351916057057235,20261219
RSF-EVOL,joint_structure_parameter_information_gain,1,6,18,6,0.01548917850362181,rsf_evol_slip,(-1 * p0 * state_ratio * log(state_ratio)),0.9978279016513111,-163.67262058991372,0.00019485595951920928,True,True,0.05351916057057235,20261219
RSF-EVOL,joint_structure_parameter_information_gain,1,7,19,6,0.011155844700616459,rsf_evol_slip,(-1 * p0 * state_ratio * log(state_ratio)),0.998514827639082,-173.8753281810501,7.584330090656521e-05,True,True,0.05351916057057235,20261219
RSF-EVOL,joint_structure_parameter_information_gain,1,8,20,6,0.007563106989896453,rsf_evol_slip,(-1 * p0 * state_ratio * log(state_ratio)),0.9990496461239724,-183.42695481890746,0.00048305952547511653,True,True,0.05351916057057235,20261219
RSF-FRIC,space_filling_design,1,0,12,6,1.2885043548545136,rsf_fric_state_log,M_base(x) + (p0 * log(state_ratio)),0.5137928378222133,-184.08240252596096,0.0007529309209692538,True,True,0.0015,20261219
RSF-FRIC,space_filling_design,1,1,13,6,1.371627881674705,rsf_fric_state_power,M_base(x) + (p0 * ((state_ratio ^ p1) - 1)),0.2906798419713426,-198.2352926182403,0.0007503179068645622,True,False,0.0015,20261219
RSF-FRIC,space_filling_design,1,2,14,6,1.3007446129843934,rsf_fric_state_log_quadratic,M_base(x) + ((p0 * log(state_ratio)) + (p1 * (log(state_ratio) ^ 2))),0.31593110411480696,-213.9914341976784,0.0006698371729150816,True,False,0.0015,20261219
RSF-FRIC,space_filling_design,1,3,15,6,1.2161140128818468,rsf_fric_state_log_quadratic,M_base(x) + ((p0 * log(state_ratio)) + (p1 * (log(state_ratio) ^ 2))),0.37538259279875674,-229.67519614337488,0.0007781756187056792,True,False,0.0015,20261219
RSF-FRIC,space_filling_design,1,4,16,6,1.1994329294942279,rsf_fric_state_power,M_base(x) + (p0 * ((state_ratio ^ p1) - 1)),0.38076306010080146,-245.9677581597113,0.0007635215337639831,True,False,0.0015,20261219
RSF-FRIC,space_filling_design,1,5,17,6,1.313488127964101,rsf_fric_state_log,M_base(x) + (p0 * log(state_ratio)),0.3659444711669724,-258.9604874744173,0.00013672173248893742,True,True,0.0015,20261219
RSF-FRIC,space_filling_design,1,6,18,6,1.3052288540155201,rsf_fric_state_log,M_base(x) + (p0 * log(state_ratio)),0.37857917547883063,-275.288059345999,0.00014869764294960406,True,True,0.0015,20261219
RSF-FRIC,space_filling_design,1,7,19,6,1.0559247495263149,rsf_fric_state_log_quadratic,M_base(x) + ((p0 * log(state_ratio)) + (p1 * (log(state_ratio) ^ 2))),0.43763626550501167,-290.99054311982945,0.0004572848715773549,True,False,0.0015,20261219
RSF-FRIC,space_filling_design,1,8,20,6,1.0260665922344614,rsf_fric_state_log_quadratic,M_base(x) + ((p0 * log(state_ratio)) + (p1 * (log(state_ratio) ^ 2))),0.44365950454338554,-306.69854009044883,0.0004724289894344672,True,False,0.0015,20261219
RSF-FRIC,random_design,1,0,12,6,1.2885043548545136,rsf_fric_state_log,M_base(x) + (p0 * log(state_ratio)),0.5137928378222133,-184.08240252596096,0.0007529309209692538,True,True,0.0015,20261219
RSF-FRIC,random_design,1,1,13,6,1.2852419047313024,rsf_fric_state_log,M_base(x) + (p0 * log(state_ratio)),0.4222635437015328,-198.3628486845173,0.00026770438587565495,True,True,0.0015,20261219
RSF-FRIC,random_design,1,2,14,6,1.2268398995873164,rsf_fric_state_log,M_base(x) + (p0 * log(state_ratio)),0.4948622186781703,-214.7803837333641,0.0002518401737496903,True,True,0.0015,20261219
RSF-FRIC,random_design,1,3,15,6,1.2175361657540968,rsf_fric_state_log,M_base(x) + (p0 * log(state_ratio)),0.5038159432499233,-231.2558464176437,0.00026563895172364093,True,True,0.0015,20261219
RSF-FRIC,random_design,1,4,16,6,1.1268587091619415,rsf_fric_velocity_modulated_log,M_base(x) + (p0 * log(state_ratio) * (1 + (p1 * log(velocity_ratio)))),0.5009288370001286,-246.22680722709086,0.00046638740598690687,True,False,0.0015,20261219
RSF-FRIC,random_design,1,5,17,6,1.1737096387317743,rsf_fric_state_log,M_base(x) + (p0 * log(state_ratio)),0.5564549356077156,-260.344779061708,4.2064813368750806e-05,True,True,0.0015,20261219
RSF-FRIC,random_design,1,6,18,6,1.1667552352597905,rsf_fric_state_log,M_base(x) + (p0 * log(state_ratio)),0.5614323098874398,-276.76256864352,3.579958509000381e-05,True,True,0.0015,20261219
RSF-FRIC,random_design,1,7,19,6,1.1705169796327994,rsf_fric_state_log,M_base(x) + (p0 * log(state_ratio)),0.5582381977969297,-292.8096930537522,4.68607875639429e-06,True,True,0.0015,20261219
RSF-FRIC,random_design,1,8,20,6,1.1301802629521076,rsf_fric_state_log,M_base(x) + (p0 * log(state_ratio)),0.5874844016831678,-308.9617087139632,4.148053445944388e-05,True,True,0.0015,20261219
RSF-FRIC,model_information_gain,1,0,12,6,1.2885043548545136,rsf_fric_state_log,M_base(x) + (p0 * log(state_ratio)),0.5137928378222133,-184.08240252596096,0.0007529309209692538,True,True,0.0015,20261219
RSF-FRIC,model_information_gain,1,1,13,6,1.371627881674705,rsf_fric_state_power,M_base(x) + (p0 * ((state_ratio ^ p1) - 1)),0.2906798419713426,-198.2352926182403,0.0007503179068645622,True,False,0.0015,20261219
RSF-FRIC,model_information_gain,1,2,14,6,1.3082734426187683,rsf_fric_state_power,M_base(x) + (p0 * ((state_ratio ^ p1) - 1)),0.34730973167293155,-212.94323985925118,0.0002940195181767769,True,False,0.0015,20261219
RSF-FRIC,model_information_gain,1,3,15,6,1.1687187510919874,rsf_fric_state_power,M_base(x) + (p0 * ((state_ratio ^ p1) - 1)),0.3976932091855751,-229.11773711542335,0.0002318420414756138,True,False,0.0015,20261219
RSF-FRIC,model_information_gain,1,4,16,6,1.1470098497098595,rsf_fric_state_power,M_base(x) + (p0 * ((state_ratio ^ p1) - 1)),0.40525405011844806,-245.26104176827297,0.00020620875860575307,True,False,0.0015,20261219
RSF-FRIC,model_information_gain,1,5,17,6,1.290898133531211,rsf_fric_state_log,M_base(x) + (p0 * log(state_ratio)),0.31423515767262117,-259.3333530999639,0.00015938888880181112,True,True,0.0015,20261219
RSF-FRIC,model_information_gain,1,6,18,6,1.1754524394438264,rsf_fric_state_log,M_base(x) + (p0 * log(state_ratio)),0.5553324802258672,-270.6466258664719,3.851132788529342e-05,True,True,0.0015,20261219
RSF-FRIC,model_information_gain,1,7,19,6,1.1606793009205238,rsf_fric_state_log,M_base(x) + (p0 * log(state_ratio)),0.5663804996493778,-286.8162956940198,3.8230644946104875e-05,True,True,0.0015,20261219
RSF-FRIC,model_information_gain,1,8,20,6,1.1482604732745618,rsf_fric_state_log,M_base(x) + (p0 * log(state_ratio)),0.5750030990893537,-302.94629230355025,4.9583482172682575e-05,True,True,0.0015,20261219
RSF-FRIC,parameter_information_gain,1,0,12,6,1.2885043548545136,rsf_fric_state_log,M_base(x) + (p0 * log(state_ratio)),0.5137928378222133,-184.08240252596096,0.0007529309209692538,True,True,0.0015,20261219
RSF-FRIC,parameter_information_gain,1,1,13,6,1.2220627498618948,rsf_fric_state_log,M_base(x) + (p0 * log(state_ratio)),0.5179645037437073,-200.27952115153653,0.000480334640019161,True,True,0.0015,20261219
RSF-FRIC,parameter_information_gain,1,2,14,6,1.3794272086258657,rsf_fric_state_log,M_base(x) + (p0 * log(state_ratio)),0.3017807314865319,-214.00154172323477,0.00024485954458268016,True,True,0.0015,20261219
RSF-FRIC,parameter_information_gain,1,3,15,6,1.3860103617955635,rsf_fric_state_log,M_base(x) + (p0 * log(state_ratio)),0.2592033504413072,-230.0552114398825,0.00018725595064684225,True,True,0.0015,20261219
RSF-FRIC,parameter_information_gain,1,4,16,6,1.3850152227899395,rsf_fric_state_log,M_base(x) + (p0 * log(state_ratio)),0.27175645650193286,-246.45399278222794,0.00020801679011106305,True,True,0.0015,20261219
RSF-FRIC,parameter_information_gain,1,5,17,6,1.3463856184387502,rsf_fric_velocity_modulated_log,M_base(x) + (p0 * log(state_ratio) * (1 + (p1 * log(velocity_ratio)))),0.3220496744122568,-262.895229727024,0.00031786334878948903,True,False,0.0015,20261219
RSF-FRIC,parameter_information_gain,1,6,18,6,1.3345273631598427,rsf_fric_velocity_modulated_log,M_base(x) + (p0 * log(state_ratio) * (1 + (p1 * log(velocity_ratio)))),0.33713536338620453,-279.54238034600746,0.0003272634211064684,True,False,0.0015,20261219
RSF-FRIC,parameter_information_gain,1,7,19,6,1.2625522778111353,rsf_fric_state_log,M_base(x) + (p0 * log(state_ratio)),0.4696045843045921,-295.12306194785066,0.00026843211400442166,True,True,0.0015,20261219
RSF-FRIC,parameter_information_gain,1,8,20,6,1.2698933049769838,rsf_fric_state_log,M_base(x) + (p0 * log(state_ratio)),0.4343490618558703,-306.9633910366352,0.00019937632804436435,True,True,0.0015,20261219
RSF-FRIC,joint_structure_parameter_information_gain,1,0,12,6,1.2885043548545136,rsf_fric_state_log,M_base(x) + (p0 * log(state_ratio)),0.5137928378222133,-184.08240252596096,0.0007529309209692538,True,True,0.0015,20261219
RSF-FRIC,joint_structure_parameter_information_gain,1,1,13,6,1.2220627498618948,rsf_fric_state_log,M_base(x) + (p0 * log(state_ratio)),0.5179645037437073,-200.27952115153653,0.000480334640019161,True,True,0.0015,20261219
RSF-FRIC,joint_structure_parameter_information_gain,1,2,14,6,1.3794272086258657,rsf_fric_state_log,M_base(x) + (p0 * log(state_ratio)),0.3017807314865319,-214.00154172323477,0.00024485954458268016,True,True,0.0015,20261219
RSF-FRIC,joint_structure_parameter_information_gain,1,3,15,6,1.1687187510920516,rsf_fric_state_power,M_base(x) + (p0 * ((state_ratio ^ p1) - 1)),0.39769320918540174,-229.11773711542173,0.0002318420431940763,True,False,0.0015,20261219
RSF-FRIC,joint_structure_parameter_information_gain,1,4,16,6,1.1470098497100174,rsf_fric_state_power,M_base(x) + (p0 * ((state_ratio ^ p1) - 1)),0.40525405011789467,-245.26104176826848,0.0002062089411913662,True,False,0.0015,20261219
RSF-FRIC,joint_structure_parameter_information_gain,1,5,17,6,0.9026481741266156,rsf_fric_state_power,M_base(x) + (p0 * ((state_ratio ^ p1) - 1)),0.4742628199780753,-261.05539426052275,0.00026564174768263667,True,False,0.0015,20261219
RSF-FRIC,joint_structure_parameter_information_gain,1,6,18,6,1.3078320385962137,rsf_fric_state_log,M_base(x) + (p0 * log(state_ratio)),0.3503654396231602,-269.6316837671095,8.236832039602663e-05,True,True,0.0015,20261219
RSF-FRIC,joint_structure_parameter_information_gain,1,7,19,6,1.263901294807329,rsf_fric_state_log,M_base(x) + (p0 * log(state_ratio)),0.4789494706400651,-284.5561033287532,3.161452942755245e-05,True,True,0.0015,20261219
RSF-FRIC,joint_structure_parameter_information_gain,1,8,20,6,1.2681584530175058,rsf_fric_state_log,M_base(x) + (p0 * log(state_ratio)),0.44854456199845394,-299.7182800315705,8.304930034205733e-06,True,True,0.0015,20261219
RSF-EVOL,space_filling_design,1,0,12,6,0.47115906417921805,rsf_evol_slip,(-1 * p0 * state_ratio * log(state_ratio)),0.8213707476096587,-108.80750376510973,0.012326889147233447,True,True,0.05391352012626069,20261229
RSF-EVOL,space_filling_design,1,1,13,6,1.435862725548513e-14,rsf_evol_slip,(-1 * p0 * state_ratio * log(state_ratio)),0.9999999999999996,-118.92634764300628,0.0031495362639404156,True,True,0.05391352012626069,20261229
RSF-EVOL,space_filling_design,1,2,14,6,2.906016218737431e-05,rsf_evol_slip,(-1 * p0 * state_ratio * log(state_ratio)),0.9999979377859535,-128.88368410959245,0.0019482785414861445,True,True,0.05391352012626069,20261229
RSF-EVOL,space_filling_design,1,3,15,6,1.887452045565477e-05,rsf_evol_slip,(-1 * p0 * state_ratio * log(state_ratio)),0.999998703288146,-138.42105444742614,0.0027768960576713122,True,True,0.05391352012626069,20261229
RSF-EVOL,space_filling_design,1,4,16,6,2.8317294635310034e-06,rsf_evol_slip,(-1 * p0 * state_ratio * log(state_ratio)),0.999999829239022,-148.25508973984796,0.0011251115998441067,True,True,0.05391352012626069,20261229
RSF-EVOL,space_filling_design,1,5,17,6,1.7470524529328565e-14,rsf_evol_slip,(-1 * p0 * state_ratio * log(state_ratio)),0.9999999999999996,-157.78726641413303,0.0012695609442860702,True,True,0.05391352012626069,20261229
RSF-EVOL,space_filling_design,1,6,18,6,1.4907604993081306e-15,rsf_evol_slip,(-1 * p0 * state_ratio * log(state_ratio)),1.0,-167.91644038011324,0.0020146787828632714,True,True,0.05391352012626069,20261229
RSF-EVOL,space_filling_design,1,7,19,6,1.4054713575257016e-16,rsf_evol_slip,(-1 * p0 * state_ratio * log(state_ratio)),1.0,-178.1125887750518,0.00238193377866178,True,True,0.05391352012626069,20261229
RSF-EVOL,space_filling_design,1,8,20,6,1.1156732249882395e-15,rsf_evol_slip,(-1 * p0 * state_ratio * log(state_ratio)),1.0,-180.23665283278626,0.0032772484001105102,True,True,0.05391352012626069,20261229
RSF-EVOL,random_design,1,0,12,6,0.47115906417921805,rsf_evol_slip,(-1 * p0 * state_ratio * log(state_ratio)),0.8213707476096587,-108.80750376510973,0.012326889147233447,True,True,0.05391352012626069,20261229
RSF-EVOL,random_design,1,1,13,6,6.476615205068945e-05,rsf_evol_slip,(-1 * p0 * state_ratio * log(state_ratio)),0.9999951035237765,-118.92811026380579,0.004284690053608218,True,True,0.05391352012626069,20261229
RSF-EVOL,random_design,1,2,14,6,9.296565466671674e-05,rsf_evol_slip,(-1 * p0 * state_ratio * log(state_ratio)),0.9999927571406837,-129.23057706433357,0.007020249768043652,True,True,0.05391352012626069,20261229
RSF-EVOL,random_design,1,3,15,6,1.2112310957249115e-08,rsf_evol_slip,(-1 * p0 * state_ratio * log(state_ratio)),0.9999999994577032,-138.99319824466144,0.0046544286385163955,True,True,0.05391352012626069,20261229
RSF-EVOL,random_design,1,4,16,6,1.5488796246636144e-09,rsf_evol_slip,(-1 * p0 * state_ratio * log(state_ratio)),0.9999999999367385,-149.1672280861056,0.002279591002209346,True,True,0.05391352012626069,20261229
RSF-EVOL,random_design,1,5,17,6,1.7975425193790303e-10,rsf_evol_slip,(-1 * p0 * state_ratio * log(state_ratio)),0.9999999999932739,-158.34701766765266,0.0010704953907483938,True,True,0.05391352012626069,20261229
RSF-EVOL,random_design,1,6,18,6,1.5445877795260056e-11,rsf_evol_slip,(-1 * p0 * state_ratio * log(state_ratio)),0.9999999999994723,-168.37931700733714,0.0014141613965199839,True,True,0.05391352012626069,20261229
RSF-EVOL,random_design,1,7,19,6,1.4593286945446757e-12,rsf_evol_slip,(-1 * p0 * state_ratio * log(state_ratio)),0.9999999999999539,-178.85882697011834,0.0013562917154523438,True,True,0.05391352012626069,20261229
RSF-EVOL,random_design,1,8,20,6,2.4609623448336554e-13,rsf_evol_slip,(-1 * p0 * state_ratio * log(state_ratio)),0.9999999999999927,-187.09046580956976,0.0011077896549236313,True,True,0.05391352012626069,20261229
RSF-EVOL,model_information_gain,1,0,12,6,0.47115906417921805,rsf_evol_slip,(-1 * p0 * state_ratio * log(state_ratio)),0.8213707476096587,-108.80750376510973,0.012326889147233447,True,True,0.05391352012626069,20261229
RSF-EVOL,model_information_gain,1,1,13,6,0.000300521143586236,rsf_evol_slip,(-1 * p0 * state_ratio * log(state_ratio)),0.9999748012887596,-118.22878942528655,0.0077221382791300645,True,True,0.05391352012626069,20261229
RSF-EVOL,model_information_gain,1,2,14,6,1.311271777815834e-08,rsf_evol_slip,(-1 * p0 * state_ratio * log(state_ratio)),0.9999999994107205,-128.4840176704694,0.0076745586740703635,True,True,0.05391352012626069,20261229
RSF-EVOL,model_information_gain,1,3,15,6,1.535025869576515e-11,rsf_evol_slip,(-1 * p0 * state_ratio * log(state_ratio)),0.9999999999994756,-138.43399810290137,0.008370386083891807,True,True,0.05391352012626069,20261229
RSF-EVOL,model_information_gain,1,4,16,6,1.655372176094412e-13,rsf_evol_slip,(-1 * p0 * state_ratio * log(state_ratio)),0.9999999999999951,-148.76505967023164,0.008739106366048674,True,True,0.05391352012626069,20261229
RSF-EVOL,model_information_gain,1,5,17,6,2.4227902728769723e-14,rsf_evol_slip,(-1 * p0 * state_ratio * log(state_ratio)),0.9999999999999993,-156.0331818155252,0.0054099388341789425,True,True,0.05391352012626069,20261229
RSF-EVOL,model_information_gain,1,6,18,6,8.505444417492185e-16,rsf_evol_slip,(-1 * p0 * state_ratio * log(state_ratio)),1.0,-166.31141292182778,0.005451973826891291,True,True,0.05391352012626069,20261229
RSF-EVOL,model_information_gain,1,7,19,6,1.3096160275967461e-16,rsf_evol_slip,(-1 * p0 * state_ratio * log(state_ratio)),1.0,-176.21824459144634,0.0038628426396123913,True,True,0.05391352012626069,20261229
RSF-EVOL,model_information_gain,1,8,20,6,4.079184292104316e-17,rsf_evol_slip,(-1 * p0 * state_ratio * log(state_ratio)),1.0,-184.53016867487594,0.0014279615172176296,True,True,0.05391352012626069,20261229
RSF-EVOL,parameter_information_gain,1,0,12,6,0.47115906417921805,rsf_evol_slip,(-1 * p0 * state_ratio * log(state_ratio)),0.8213707476096587,-108.80750376510973,0.012326889147233447,True,True,0.05391352012626069,20261229
RSF-EVOL,parameter_information_gain,1,1,13,6,1.435862725548513e-14,rsf_evol_slip,(-1 * p0 * state_ratio * log(state_ratio)),0.9999999999999996,-118.92634764300628,0.0031495362639404156,True,True,0.05391352012626069,20261229
RSF-EVOL,parameter_information_gain,1,2,14,6,0.17061311671698132,rsf_evol_slip,(-1 * p0 * state_ratio * log(state_ratio)),0.9591572974347206,-128.04769727133674,0.0005997184064377751,True,True,0.05391352012626069,20261229
RSF-EVOL,parameter_information_gain,1,3,15,6,0.2068233818722328,rsf_evol_slip,(-1 * p0 * state_ratio * log(state_ratio)),0.9471498298764639,-136.54515637380982,0.0021245293806268356,True,True,0.05391352012626069,20261229
RSF-EVOL,parameter_information_gain,1,4,16,6,0.1753380606911038,rsf_evol_slip,(-1 * p0 * state_ratio * log(state_ratio)),0.9576512560858419,-146.56633145228417,0.0014327252885159264,True,True,0.05391352012626069,20261229
RSF-EVOL,parameter_information_gain,1,5,17,6,0.09889987054181967,rsf_evol_slip,(-1 * p0 * state_ratio * log(state_ratio)),0.9797785087221943,-156.8661438516933,0.0013661875161241313,True,True,0.05391352012626069,20261229
RSF-EVOL,parameter_information_gain,1,6,18,6,0.028058581429295584,rsf_evol_slip,(-1 * p0 * state_ratio * log(state_ratio)),0.9956381097769313,-165.80137259844588,0.00032550561039474687,True,True,0.05391352012626069,20261229
RSF-EVOL,parameter_information_gain,1,7,19,6,0.02681474462197635,rsf_evol_slip,(-1 * p0 * state_ratio * log(state_ratio)),0.9958660361367031,-175.64526932035977,0.0008493487147535374,True,True,0.05391352012626069,20261229
RSF-EVOL,parameter_information_gain,1,8,20,6,0.024962873290925777,rsf_evol_slip,(-1 * p0 * state_ratio * log(state_ratio)),0.996201142654156,-185.52791994935296,0.0012934361631833518,True,True,0.05391352012626069,20261229
RSF-EVOL,joint_structure_parameter_information_gain,1,0,12,6,0.47115906417921805,rsf_evol_slip,(-1 * p0 * state_ratio * log(state_ratio)),0.8213707476096587,-108.80750376510973,0.012326889147233447,True,True,0.05391352012626069,20261229
RSF-EVOL,joint_structure_parameter_information_gain,1,1,13,6,1.435862725548513e-14,rsf_evol_slip,(-1 * p0 * state_ratio * log(state_ratio)),0.9999999999999996,-118.92634764300628,0.0031495362639404156,True,True,0.05391352012626069,20261229
RSF-EVOL,joint_structure_parameter_information_gain,1,2,14,6,0.17061311671698132,rsf_evol_slip,(-1 * p0 * state_ratio * log(state_ratio)),0.9591572974347206,-128.04769727133674,0.0005997184064377751,True,True,0.05391352012626069,20261229
RSF-EVOL,joint_structure_parameter_information_gain,1,3,15,6,0.0002512443573686373,rsf_evol_slip,(-1 * p0 * state_ratio * log(state_ratio)),0.9999786233220661,-136.07787515333646,0.0033769199264867774,True,True,0.05391352012626069,20261229
RSF-EVOL,joint_structure_parameter_information_gain,1,4,16,6,0.0002239001566188381,rsf_evol_slip,(-1 * p0 * state_ratio * log(state_ratio)),0.9999811517254589,-143.1851482611998,0.0004540600807445722,True,True,0.05391352012626069,20261229
RSF-EVOL,joint_structure_parameter_information_gain,1,5,17,6,0.00012123203285184118,rsf_evol_slip,(-1 * p0 * state_ratio * log(state_ratio)),0.9999903380024807,-153.27622002834372,0.0005000227964107862,True,True,0.05391352012626069,20261229
RSF-EVOL,joint_structure_parameter_information_gain,1,6,18,6,7.039866442360741e-05,rsf_evol_slip,(-1 * p0 * state_ratio * log(state_ratio)),0.9999946410885132,-163.360293163244,0.00023657937828412952,True,True,0.05391352012626069,20261229
RSF-EVOL,joint_structure_parameter_information_gain,1,7,19,6,4.45490172860916e-05,rsf_evol_slip,(-1 * p0 * state_ratio * log(state_ratio)),0.9999967318552482,-172.84494881861067,0.0009351750104088781,True,True,0.05391352012626069,20261229
RSF-EVOL,joint_structure_parameter_information_gain,1,8,20,6,3.504419343260412e-05,rsf_evol_slip,(-1 * p0 * state_ratio * log(state_ratio)),0.9999974770333224,-182.2817432936435,0.00030704852631741546,True,True,0.05391352012626069,20261229
RSF-FRIC,space_filling_design,1,0,12,6,1.0810780172056824,rsf_fric_state_log_quadratic,M_base(x) + ((p0 * log(state_ratio)) + (p1 * (log(state_ratio) ^ 2))),0.43469125932075176,-185.8747798515083,0.005738420258189416,False,False,0.0015,20261229
RSF-FRIC,space_filling_design,1,1,13,6,1.3010122281863286,rsf_fric_state_log,M_base(x) + (p0 * log(state_ratio)),0.43670479011062435,-198.92014465191176,0.0001999075577692308,True,True,0.0015,20261229
RSF-FRIC,space_filling_design,1,2,14,6,1.2901750786604562,rsf_fric_state_log,M_base(x) + (p0 * log(state_ratio)),0.44251938755204673,-215.09272303038014,0.00025796945878425455,True,True,0.0015,20261229
RSF-FRIC,space_filling_design,1,3,15,6,1.279147248167175,rsf_fric_state_log,M_base(x) + (p0 * log(state_ratio)),0.43761034333322985,-231.4464650670748,0.00020259217733977923,True,True,0.0015,20261229
RSF-FRIC,space_filling_design,1,4,16,6,1.2763756958533994,rsf_fric_state_log,M_base(x) + (p0 * log(state_ratio)),0.4381206804373438,-248.02483097959288,0.00020277456303018397,True,True,0.0015,20261229
RSF-FRIC,space_filling_design,1,5,17,6,1.2827246818857112,rsf_fric_state_log,M_base(x) + (p0 * log(state_ratio)),0.4156796411242683,-264.14241443235244,0.000151648709662136,True,True,0.0015,20261229
RSF-FRIC,space_filling_design,1,6,18,6,1.2907033339590352,rsf_fric_state_log,M_base(x) + (p0 * log(state_ratio)),0.4145910525845589,-280.34787070662475,0.00011918435228833101,True,True,0.0015,20261229
RSF-FRIC,space_filling_design,1,7,19,6,1.242997363099926,rsf_fric_state_log,M_base(x) + (p0 * log(state_ratio)),0.4930236697099551,-297.01716045592684,0.00012800447793439982,True,True,0.0015,20261229
RSF-FRIC,space_filling_design,1,8,20,6,1.2333567656236473,rsf_fric_state_log,M_base(x) + (p0 * log(state_ratio)),0.5081545650520516,-312.6089927385868,0.00016931337626898646,True,True,0.0015,20261229
RSF-FRIC,random_design,1,0,12,6,1.0810780172056824,rsf_fric_state_log_quadratic,M_base(x) + ((p0 * log(state_ratio)) + (p1 * (log(state_ratio) ^ 2))),0.43469125932075176,-185.8747798515083,0.005738420258189416,False,False,0.0015,20261229
RSF-FRIC,random_design,1,1,13,6,1.369775408024267,rsf_fric_state_power,M_base(x) + (p0 * ((state_ratio ^ p1) - 1)),0.2983910336268003,-198.10121523075273,0.0006273345368205292,True,False,0.0015,20261229
RSF-FRIC,random_design,1,2,14,6,1.319322989152249,rsf_fric_state_power,M_base(x) + (p0 * ((state_ratio ^ p1) - 1)),0.3343011894973286,-214.62109324094817,0.0006269435295502081,True,False,0.0015,20261229
RSF-FRIC,random_design,1,3,15,6,1.3359117556401223,rsf_fric_state_power,M_base(x) + (p0 * ((state_ratio ^ p1) - 1)),0.31956629938434905,-230.74363427424214,0.0005868155375280378,True,False,0.0015,20261229
RSF-FRIC,random_design,1,4,16,6,1.353323061605972,rsf_fric_state_log,M_base(x) + (p0 * log(state_ratio)),0.3602727913897865,-244.2040644327369,0.00023084125930533227,True,True,0.0015,20261229
RSF-FRIC,random_design,1,5,17,6,1.3407074585874168,rsf_fric_state_log,M_base(x) + (p0 * log(state_ratio)),0.36028030522711685,-260.514743272234,0.00021277837840195308,True,True,0.0015,20261229
RSF-FRIC,random_design,1,6,18,6,1.2986212999480253,rsf_fric_state_log,M_base(x) + (p0 * log(state_ratio)),0.4153188071499759,-276.54493290288667,0.00025504850768973445,True,True,0.0015,20261229
RSF-FRIC,random_design,1,7,19,6,1.180800444029943,rsf_fric_state_log,M_base(x) + (p0 * log(state_ratio)),0.5492894427742062,-292.09457692476417,0.00014432780164598538,True,True,0.0015,20261229
RSF-FRIC,random_design,1,8,20,6,1.1297455599038835,rsf_fric_state_log,M_base(x) + (p0 * log(state_ratio)),0.5882546330511481,-307.4339490992154,0.00016515897802968723,True,True,0.0015,20261229
RSF-FRIC,model_information_gain,1,0,12,6,1.0810780172056824,rsf_fric_state_log_quadratic,M_base(x) + ((p0 * log(state_ratio)) + (p1 * (log(state_ratio) ^ 2))),0.43469125932075176,-185.8747798515083,0.005738420258189416,False,False,0.0015,20261229
RSF-FRIC,model_information_gain,1,1,13,6,1.3129006373032817,rsf_fric_state_power,M_base(x) + (p0 * ((state_ratio ^ p1) - 1)),0.3422690278655514,-198.16703496042135,0.0006556253089333222,True,False,0.0015,20261229
RSF-FRIC,model_information_gain,1,2,14,6,1.222004451215808,rsf_fric_state_log,M_base(x) + (p0 * log(state_ratio)),0.5074483476834881,-213.38070877885528,0.00019603105117305296,True,True,0.0015,20261229
RSF-FRIC,model_information_gain,1,3,15,6,1.3757459883551777,rsf_fric_state_log,M_base(x) + (p0 * log(state_ratio)),0.3054133289534003,-228.21932646599612,4.296697699389218e-05,True,True,0.0015,20261229
RSF-FRIC,model_information_gain,1,4,16,6,1.2969045944950395,rsf_fric_state_log,M_base(x) + (p0 * log(state_ratio)),0.3998735529315349,-244.33691144159246,7.104485036183125e-06,True,True,0.0015,20261229
RSF-FRIC,model_information_gain,1,5,17,6,1.2971117056640837,rsf_fric_state_log,M_base(x) + (p0 * log(state_ratio)),0.31958232438347123,-256.1308915369791,0.00013505846429479837,True,True,0.0015,20261229
RSF-FRIC,model_information_gain,1,6,18,6,1.085266639575962,rsf_fric_state_log_quadratic,M_base(x) + ((p0 * log(state_ratio)) + (p1 * (log(state_ratio) ^ 2))),0.4277593775709609,-270.2270002561828,0.0002897910273942562,True,False,0.0015,20261229
RSF-FRIC,model_information_gain,1,7,19,6,1.285394422149419,rsf_fric_state_log_quadratic,M_base(x) + ((p0 * log(state_ratio)) + (p1 * (log(state_ratio) ^ 2))),0.3341922516315181,-283.6574360080192,0.00016568267825321816,True,False,0.0015,20261229
RSF-FRIC,model_information_gain,1,8,20,6,1.1402455243769842,rsf_fric_state_log_quadratic,M_base(x) + ((p0 * log(state_ratio)) + (p1 * (log(state_ratio) ^ 2))),0.4079479816473979,-298.85076120121306,0.00022153241558076008,True,False,0.0015,20261229
RSF-FRIC,parameter_information_gain,1,0,12,6,1.0810780172056824,rsf_fric_state_log_quadratic,M_base(x) + ((p0 * log(state_ratio)) + (p1 * (log(state_ratio) ^ 2))),0.43469125932075176,-185.8747798515083,0.005738420258189416,False,False,0.0015,20261229
RSF-FRIC,parameter_information_gain,1,1,13,6,1.2090183246479063,rsf_fric_state_log,M_base(x) + (p0 * log(state_ratio)),0.5271420531462129,-199.04507941504949,0.0002503130991617169,True,True,0.0015,20261229
RSF-FRIC,parameter_information_gain,1,2,14,6,1.2602922829836478,rsf_fric_state_log_quadratic,M_base(x) + ((p0 * log(state_ratio)) + (p1 * (log(state_ratio) ^ 2))),0.366966508954945,-212.36776405742913,0.0003425554934159889,True,False,0.0015,20261229
RSF-FRIC,parameter_information_gain,1,3,15,6,1.3757459883551288,rsf_fric_state_log,M_base(x) + (p0 * log(state_ratio)),0.305413328954091,-228.21932646599518,4.2966977146671176e-05,True,True,0.0015,20261229
RSF-FRIC,parameter_information_gain,1,4,16,6,1.2969045945045279,rsf_fric_state_log,M_base(x) + (p0 * log(state_ratio)),0.39987355292524257,-244.33691144159246,7.104485036183125e-06,True,True,0.0015,20261229
RSF-FRIC,parameter_information_gain,1,5,17,6,1.3763835219623255,rsf_fric_velocity_modulated_log,M_base(x) + (p0 * log(state_ratio) * (1 + (p1 * log(velocity_ratio)))),0.30378027211351877,-257.10229819507447,0.00022688117096397012,True,False,0.0015,20261229
RSF-FRIC,parameter_information_gain,1,6,18,6,1.3669850633408522,rsf_fric_velocity_modulated_log,M_base(x) + (p0 * log(state_ratio) * (1 + (p1 * log(velocity_ratio)))),0.33310180261745653,-273.47308561409335,0.0002267967150929903,True,False,0.0015,20261229
RSF-FRIC,parameter_information_gain,1,7,19,6,1.260903598624304,rsf_fric_velocity_modulated_log,M_base(x) + (p0 * log(state_ratio) * (1 + (p1 * log(velocity_ratio)))),0.47168587900212067,-289.8720707276138,0.00021725087044763877,True,False,0.0015,20261229
RSF-FRIC,parameter_information_gain,1,8,20,6,1.2755963196893536,rsf_fric_state_log,M_base(x) + (p0 * log(state_ratio)),0.46480375718596895,-302.5997990343824,0.00016030141298292353,True,True,0.0015,20261229
RSF-FRIC,joint_structure_parameter_information_gain,1,0,12,6,1.0810780172056824,rsf_fric_state_log_quadratic,M_base(x) + ((p0 * log(state_ratio)) + (p1 * (log(state_ratio) ^ 2))),0.43469125932075176,-185.8747798515083,0.005738420258189416,False,False,0.0015,20261229
RSF-FRIC,joint_structure_parameter_information_gain,1,1,13,6,1.2090183246479063,rsf_fric_state_log,M_base(x) + (p0 * log(state_ratio)),0.5271420531462129,-199.04507941504949,0.0002503130991617169,True,True,0.0015,20261229
RSF-FRIC,joint_structure_parameter_information_gain,1,2,14,6,1.2363959186093472,rsf_fric_state_log,M_base(x) + (p0 * log(state_ratio)),0.4901618990051361,-214.32763504072085,0.00010704188771922054,True,True,0.0015,20261229
RSF-FRIC,joint_structure_parameter_information_gain,1,3,15,6,1.2648423963390512,rsf_fric_state_log,M_base(x) + (p0 * log(state_ratio)),0.4700131161713295,-230.27470797186498,3.97757504998137e-05,True,True,0.0015,20261229
RSF-FRIC,joint_structure_parameter_information_gain,1,4,16,6,1.2261067900721077,rsf_fric_state_log,M_base(x) + (p0 * log(state_ratio)),0.4977676118182423,-246.7049934613452,5.7789131637099006e-05,True,True,0.0015,20261229
RSF-FRIC,joint_structure_parameter_information_gain,1,5,17,6,1.324783214060402,rsf_fric_state_log,M_base(x) + (p0 * log(state_ratio)),0.3899487649107804,-259.5906401825944,0.000176541624334903,True,True,0.0015,20261229
RSF-FRIC,joint_structure_parameter_information_gain,1,6,18,6,1.277319125977607,rsf_fric_state_log,M_base(x) + (p0 * log(state_ratio)),0.417933322961601,-275.91820680930823,0.0001894703212335035,True,True,0.0015,20261229
RSF-FRIC,joint_structure_parameter_information_gain,1,7,19,6,1.1599139650904922,rsf_fric_state_log,M_base(x) + (p0 * log(state_ratio)),0.5663799061748038,-290.57784646192704,0.00023698533249836177,True,True,0.0015,20261229
RSF-FRIC,joint_structure_parameter_information_gain,1,8,20,6,1.133052496705352,rsf_fric_state_log,M_base(x) + (p0 * log(state_ratio)),0.5858492999401377,-301.8002157625063,0.0001464320423365047,True,True,0.0015,20261229
RSF-EVOL,space_filling_design,1,0,12,6,0.6929917706989329,rsf_evol_slip,(-1 * p0 * state_ratio * log(state_ratio)),0.5215413512682656,-102.55426253960496,0.039295996391233275,True,True,0.04991180485759653,20270105
RSF-EVOL,space_filling_design,1,1,13,6,0.03902611923196933,rsf_evol_slip,(-1 * p0 * state_ratio * log(state_ratio)),0.9935370416737699,-111.69165659150265,4.581575995138e-05,True,True,0.04991180485759653,20270105
RSF-EVOL,space_filling_design,1,2,14,6,0.0002358353637536106,rsf_evol_slip,(-1 * p0 * state_ratio * log(state_ratio)),0.9999800517511489,-121.17133756238238,0.0012502918373093193,True,True,0.04991180485759653,20270105
RSF-EVOL,space_filling_design,1,3,15,6,0.0002451591428950379,rsf_evol_slip,(-1 * p0 * state_ratio * log(state_ratio)),0.9999791885195974,-129.3402417736224,0.00019185571131231328,True,True,0.04991180485759653,20270105
RSF-EVOL,space_filling_design,1,4,16,6,7.041580620860009e-05,rsf_evol_slip,(-1 * p0 * state_ratio * log(state_ratio)),0.9999946396761105,-139.0871642427024,0.000623456005262808,True,True,0.04991180485759653,20270105
RSF-EVOL,space_filling_design,1,5,17,6,1.2810720190229397e-13,rsf_evol_slip,(-1 * p0 * state_ratio * log(state_ratio)),0.9999999999999962,-148.88266492293997,0.0005907817649111564,True,True,0.04991180485759653,20270105
RSF-EVOL,space_filling_design,1,6,18,6,9.365787046712564e-15,rsf_evol_slip,(-1 * p0 * state_ratio * log(state_ratio)),0.9999999999999998,-158.52495874220847,6.77374369855157e-05,True,True,0.04991180485759653,20270105
RSF-EVOL,space_filling_design,1,7,19,6,1.6667788598245803e-15,rsf_evol_slip,(-1 * p0 * state_ratio * log(state_ratio)),1.0,-167.92616778770417,0.0003615867892976311,True,True,0.04991180485759653,20270105
RSF-EVOL,space_filling_design,1,8,20,6,3.0249318826878644e-16,rsf_evol_slip,(-1 * p0 * state_ratio * log(state_ratio)),1.0,-177.53682255457826,0.0008359562896198867,True,True,0.04991180485759653,20270105
RSF-EVOL,random_design,1,0,12,6,0.6929917706989329,rsf_evol_slip,(-1 * p0 * state_ratio * log(state_ratio)),0.5215413512682656,-102.55426253960496,0.039295996391233275,True,True,0.04991180485759653,20270105
RSF-EVOL,random_design,1,1,13,6,0.04971662502360466,rsf_evol_slip,(-1 * p0 * state_ratio * log(state_ratio)),0.9913468469628276,-111.61865959889994,0.0023434194354615932,True,True,0.04991180485759653,20270105
RSF-EVOL,random_design,1,2,14,6,0.04023717874511118,rsf_evol_slip,(-1 * p0 * state_ratio * log(state_ratio)),0.9932956319547196,-121.03164864303452,0.0028411068957111415,True,True,0.04991180485759653,20270105
RSF-EVOL,random_design,1,3,15,6,0.0012388832306581632,rsf_evol_slip,(-1 * p0 * state_ratio * log(state_ratio)),0.9998760575271473,-129.1914428293569,0.003550997386372748,True,True,0.04991180485759653,20270105
RSF-EVOL,random_design,1,4,16,6,3.442682125497764e-05,rsf_evol_slip,(-1 * p0 * state_ratio * log(state_ratio)),0.9999975248930482,-138.4080625136933,0.0007394975643321179,True,True,0.04991180485759653,20270105
RSF-EVOL,random_design,1,5,17,6,2.2963012339796946e-05,rsf_evol_slip,(-1 * p0 * state_ratio * log(state_ratio)),0.9999983992354942,-147.54197377803598,0.0014359443098570374,True,True,0.04991180485759653,20270105
RSF-EVOL,random_design,1,6,18,6,1.3978617472780762e-05,rsf_evol_slip,(-1 * p0 * state_ratio * log(state_ratio)),0.9999990604413501,-156.65370567246424,0.00014423180184135743,True,True,0.04991180485759653,20270105
RSF-EVOL,random_design,1,7,19,6,9.245872158398193e-06,rsf_evol_slip,(-1 * p0 * state_ratio * log(state_ratio)),0.9999993965042845,-165.9200775926382,0.000938081494479053,True,True,0.04991180485759653,20270105
RSF-EVOL,random_design,1,8,20,6,1.6236394924072297e-11,rsf_evol_slip,(-1 * p0 * state_ratio * log(state_ratio)),0.9999999999994443,-175.07183336038676,0.000867718493703329,True,True,0.04991180485759653,20270105
RSF-EVOL,model_information_gain,1,0,12,6,0.6929917706989329,rsf_evol_slip,(-1 * p0 * state_ratio * log(state_ratio)),0.5215413512682656,-102.55426253960496,0.039295996391233275,True,True,0.04991180485759653,20270105
RSF-EVOL,model_information_gain,1,1,13,6,0.007200076637428801,rsf_evol_slip,(-1 * p0 * state_ratio * log(state_ratio)),0.9991020711674483,-112.24828273061871,0.03632840569354856,True,True,0.04991180485759653,20270105
RSF-EVOL,model_information_gain,1,2,14,6,2.2045304590715384e-07,rsf_evol_slip,(-1 * p0 * state_ratio * log(state_ratio)),0.999999988569871,-121.07676270790195,0.006611673780213378,True,True,0.04991180485759653,20270105
RSF-EVOL,model_information_gain,1,3,15,6,8.06120155335793e-11,rsf_evol_slip,(-1 * p0 * state_ratio * log(state_ratio)),0.9999999999970748,-130.46676744237135,0.0019927828223651914,True,True,0.04991180485759653,20270105
RSF-EVOL,model_information_gain,1,4,16,6,2.9784732440118964e-12,rsf_evol_slip,(-1 * p0 * state_ratio * log(state_ratio)),0.9999999999999039,-140.18305812694385,0.002685251589958574,True,True,0.04991180485759653,20270105
RSF-EVOL,model_information_gain,1,5,17,6,1.3563750477456219e-13,rsf_evol_slip,(-1 * p0 * state_ratio * log(state_ratio)),0.999999999999996,-150.01973758621108,0.002582164678451006,True,True,0.04991180485759653,20270105
RSF-EVOL,model_information_gain,1,6,18,6,9.885119127157424e-15,rsf_evol_slip,(-1 * p0 * state_ratio * log(state_ratio)),0.9999999999999998,-159.39422356918215,0.004621105402767398,True,True,0.04991180485759653,20270105
RSF-EVOL,model_information_gain,1,7,19,6,9.278273194122344e-16,rsf_evol_slip,(-1 * p0 * state_ratio * log(state_ratio)),1.0,-168.6738219543987,0.006308805397152701,True,True,0.04991180485759653,20270105
RSF-EVOL,model_information_gain,1,8,20,6,7.330112626913395e-17,rsf_evol_slip,(-1 * p0 * state_ratio * log(state_ratio)),1.0,-178.66006344768252,0.006271168588878583,True,True,0.04991180485759653,20270105
RSF-EVOL,parameter_information_gain,1,0,12,6,0.6929917706989329,rsf_evol_slip,(-1 * p0 * state_ratio * log(state_ratio)),0.5215413512682656,-102.55426253960496,0.039295996391233275,True,True,0.04991180485759653,20270105
RSF-EVOL,parameter_information_gain,1,1,13,6,0.03902611923196933,rsf_evol_slip,(-1 * p0 * state_ratio * log(state_ratio)),0.9935370416737699,-111.69165659150265,4.581575995138e-05,True,True,0.04991180485759653,20270105
RSF-EVOL,parameter_information_gain,1,2,14,6,0.029511741519207383,rsf_evol_slip,(-1 * p0 * state_ratio * log(state_ratio)),0.995369011645785,-121.38623498456772,0.0009409255640634917,True,True,0.04991180485759653,20270105
RSF-EVOL,parameter_information_gain,1,3,15,6,0.01955375308943396,rsf_evol_slip,(-1 * p0 * state_ratio * log(state_ratio)),0.997149048250477,-131.0748165083255,0.0017861868571516315,True,True,0.04991180485759653,20270105
RSF-EVOL,parameter_information_gain,1,4,16,6,0.022791713566010476,rsf_evol_slip,(-1 * p0 * state_ratio * log(state_ratio)),0.9965873265769688,-139.8480340616002,9.223329790461541e-05,True,True,0.04991180485759653,20270105
RSF-EVOL,parameter_information_gain,1,5,17,6,0.020313410915285858,rsf_evol_slip,(-1 * p0 * state_ratio * log(state_ratio)),0.9970188514306307,-149.3959000953548,0.0006254990405549533,True,True,0.04991180485759653,20270105
RSF-EVOL,parameter_information_gain,1,6,18,6,0.012628641503637992,rsf_evol_slip,(-1 * p0 * state_ratio * log(state_ratio)),0.9982860356505338,-159.31750846831378,0.0005575172598873815,True,True,0.04991180485759653,20270105
RSF-EVOL,parameter_information_gain,1,7,19,6,0.01410066453121992,rsf_evol_slip,(-1 * p0 * state_ratio * log(state_ratio)),0.9980524506283132,-168.43260302712415,0.0013293411604651153,True,True,0.04991180485759653,20270105
RSF-EVOL,parameter_information_gain,1,8,20,6,0.006814305869555885,rsf_evol_slip,(-1 * p0 * state_ratio * log(state_ratio)),0.9991563713673156,-177.60352354941762,0.0006816175663785987,True,True,0.04991180485759653,20270105
RSF-EVOL,joint_structure_parameter_information_gain,1,0,12,6,0.6929917706989329,rsf_evol_slip,(-1 * p0 * state_ratio * log(state_ratio)),0.5215413512682656,-102.55426253960496,0.039295996391233275,True,True,0.04991180485759653,20270105
RSF-EVOL,joint_structure_parameter_information_gain,1,1,13,6,0.03902611923196933,rsf_evol_slip,(-1 * p0 * state_ratio * log(state_ratio)),0.9935370416737699,-111.69165659150265,4.581575995138e-05,True,True,0.04991180485759653,20270105
RSF-EVOL,joint_structure_parameter_information_gain,1,2,14,6,0.029511741519207383,rsf_evol_slip,(-1 * p0 * state_ratio * log(state_ratio)),0.995369011645785,-121.38623498456772,0.0009409255640634917,True,True,0.04991180485759653,20270105
RSF-EVOL,joint_structure_parameter_information_gain,1,3,15,6,0.01955375308943396,rsf_evol_slip,(-1 * p0 * state_ratio * log(state_ratio)),0.997149048250477,-131.0748165083255,0.0017861868571516315,True,True,0.04991180485759653,20270105
RSF-EVOL,joint_structure_parameter_information_gain,1,4,16,6,0.022791713566010476,rsf_evol_slip,(-1 * p0 * state_ratio * log(state_ratio)),0.9965873265769688,-139.8480340616002,9.223329790461541e-05,True,True,0.04991180485759653,20270105
RSF-EVOL,joint_structure_parameter_information_gain,1,5,17,6,0.0017810563375917274,rsf_evol_slip,(-1 * p0 * state_ratio * log(state_ratio)),0.9998143052763643,-149.4337644577605,0.000727329407185749,True,True,0.04991180485759653,20270105
RSF-EVOL,joint_structure_parameter_information_gain,1,6,18,6,0.0014095404096098544,rsf_evol_slip,(-1 * p0 * state_ratio * log(state_ratio)),0.9998569300285286,-158.86894147605554,6.582863878304389e-06,True,True,0.04991180485759653,20270105
RSF-EVOL,joint_structure_parameter_information_gain,1,7,19,6,0.0009205154343682118,rsf_evol_slip,(-1 * p0 * state_ratio * log(state_ratio)),0.9999108469221939,-168.82762106205513,2.2168601804084713e-05,True,True,0.04991180485759653,20270105
RSF-EVOL,joint_structure_parameter_information_gain,1,8,20,6,0.0009296562815031737,rsf_evol_slip,(-1 * p0 * state_ratio * log(state_ratio)),0.9999098661009655,-177.75809975484879,0.0007767786703965011,True,True,0.04991180485759653,20270105
RSF-FRIC,space_filling_design,1,0,12,6,1.3795740770580918,rsf_fric_state_log,M_base(x) + (p0 * log(state_ratio)),0.4032477125181633,-174.50383567045648,0.001337209191344447,True,True,0.0015,20270105
RSF-FRIC,space_filling_design,1,1,13,6,1.3480717513773013,rsf_fric_state_log,M_base(x) + (p0 * log(state_ratio)),0.37503497016902715,-188.29931041243344,0.00028328124299688024,True,True,0.0015,20270105
RSF-FRIC,space_filling_design,1,2,14,6,1.2964835926681428,rsf_fric_state_log,M_base(x) + (p0 * log(state_ratio)),0.4292358551340662,-203.93465350114562,0.0003079644932093945,True,True,0.0015,20270105
RSF-FRIC,space_filling_design,1,3,15,6,1.2151004859827412,rsf_fric_state_log,M_base(x) + (p0 * log(state_ratio)),0.5193310140399641,-219.05183339285935,0.00019935928967580247,True,True,0.0015,20270105
RSF-FRIC,space_filling_design,1,4,16,6,1.2112339364614098,rsf_fric_state_log,M_base(x) + (p0 * log(state_ratio)),0.5177193513397915,-234.2985944796542,0.00014791372664253255,True,True,0.0015,20270105
RSF-FRIC,space_filling_design,1,5,17,6,1.1994685188169538,rsf_fric_state_log,M_base(x) + (p0 * log(state_ratio)),0.5192318600972972,-249.15267382625908,5.056542408308124e-05,True,True,0.0015,20270105
RSF-FRIC,space_filling_design,1,6,18,6,1.1788903373191348,rsf_fric_state_log,M_base(x) + (p0 * log(state_ratio)),0.5445880487639488,-264.9461018872006,5.233330726572295e-05,True,True,0.0015,20270105
RSF-FRIC,space_filling_design,1,7,19,6,1.1728085753167181,rsf_fric_state_log,M_base(x) + (p0 * log(state_ratio)),0.5482863754793941,-280.19157456738156,4.6041443088953916e-05,True,True,0.0015,20270105
RSF-FRIC,space_filling_design,1,8,20,6,1.1663522696561914,rsf_fric_state_log,M_base(x) + (p0 * log(state_ratio)),0.5525196796327603,-296.0091193393577,3.221004327159111e-05,True,True,0.0015,20270105
RSF-FRIC,random_design,1,0,12,6,1.3795740770580918,rsf_fric_state_log,M_base(x) + (p0 * log(state_ratio)),0.4032477125181633,-174.50383567045648,0.001337209191344447,True,True,0.0015,20270105
RSF-FRIC,random_design,1,1,13,6,1.3685369991233756,rsf_fric_state_log,M_base(x) + (p0 * log(state_ratio)),0.3811694276018746,-189.6676115408126,0.0013846473852296983,True,True,0.0015,20270105
RSF-FRIC,random_design,1,2,14,6,1.1816912771147543,rsf_fric_state_log,M_base(x) + (p0 * log(state_ratio)),0.5513476033504002,-205.13543324133738,0.001062869624403133,True,True,0.0015,20270105
RSF-FRIC,random_design,1,3,15,6,1.2682131203949418,rsf_fric_state_log,M_base(x) + (p0 * log(state_ratio)),0.39074778880743216,-217.47619222087715,0.00029561836069980096,True,True,0.0015,20270105
RSF-FRIC,random_design,1,4,16,6,1.3442126999111135,rsf_fric_state_log,M_base(x) + (p0 * log(state_ratio)),0.32017426801553117,-233.11989836462297,0.0002882815122606026,True,True,0.0015,20270105
RSF-FRIC,random_design,1,5,17,6,1.2234433000853442,rsf_fric_state_power,M_base(x) + (p0 * ((state_ratio ^ p1) - 1)),0.3742511862540432,-248.28213138373692,0.0010924261711305317,True,False,0.0015,20270105
RSF-FRIC,random_design,1,6,18,6,1.2535571100668768,rsf_fric_state_power,M_base(x) + (p0 * ((state_ratio ^ p1) - 1)),0.3486195205207338,-262.6253411940512,0.0010325336919333632,True,False,0.0015,20270105
RSF-FRIC,random_design,1,7,19,6,1.1949597287707205,rsf_fric_state_power,M_base(x) + (p0 * ((state_ratio ^ p1) - 1)),0.3923381264481651,-278.05293571534816,0.001113267383027662,True,False,0.0015,20270105
RSF-FRIC,random_design,1,8,20,6,1.1979011237482609,rsf_fric_state_power,M_base(x) + (p0 * ((state_ratio ^ p1) - 1)),0.3895340049753408,-293.5868724998984,0.0010832295238778894,True,False,0.0015,20270105
RSF-FRIC,model_information_gain,1,0,12,6,1.3795740770580918,rsf_fric_state_log,M_base(x) + (p0 * log(state_ratio)),0.4032477125181633,-174.50383567045648,0.001337209191344447,True,True,0.0015,20270105
RSF-FRIC,model_information_gain,1,1,13,6,1.3424267851490392,rsf_fric_velocity_modulated_log,M_base(x) + (p0 * log(state_ratio) * (1 + (p1 * log(velocity_ratio)))),0.36681919751405184,-188.4008549895383,0.0024750844808695527,False,False,0.0015,20270105
RSF-FRIC,model_information_gain,1,2,14,6,1.3042279633290184,rsf_fric_state_log,M_base(x) + (p0 * log(state_ratio)),0.3845156619857889,-203.32550910424342,9.506416258946675e-05,True,True,0.0015,20270105
RSF-FRIC,model_information_gain,1,3,15,6,1.1929953681785992,rsf_fric_state_log,M_base(x) + (p0 * log(state_ratio)),0.5415315977720503,-218.24830125646332,5.5535115507716066e-05,True,True,0.0015,20270105
RSF-FRIC,model_information_gain,1,4,16,6,1.1781898235191497,rsf_fric_state_log,M_base(x) + (p0 * log(state_ratio)),0.5532872281791483,-233.81104848633763,9.005767327549327e-05,True,True,0.0015,20270105
RSF-FRIC,model_information_gain,1,5,17,6,1.2009184866150397,rsf_fric_state_log,M_base(x) + (p0 * log(state_ratio)),0.5263894534043011,-247.87165122783114,1.9439435413300946e-05,True,True,0.0015,20270105
RSF-FRIC,model_information_gain,1,6,18,6,1.1876472806419645,rsf_fric_state_log,M_base(x) + (p0 * log(state_ratio)),0.5401786551403693,-263.58459607166884,1.386978998881933e-05,True,True,0.0015,20270105
RSF-FRIC,model_information_gain,1,7,19,6,1.171690080802009,rsf_fric_state_log,M_base(x) + (p0 * log(state_ratio)),0.554706790215443,-279.35319021388364,1.800854223877185e-05,True,True,0.0015,20270105
RSF-FRIC,model_information_gain,1,8,20,6,1.175645548998256,rsf_fric_state_log,M_base(x) + (p0 * log(state_ratio)),0.5388826795384143,-294.1931051024551,7.206353511125936e-05,True,True,0.0015,20270105
RSF-FRIC,parameter_information_gain,1,0,12,6,1.3795740770580918,rsf_fric_state_log,M_base(x) + (p0 * log(state_ratio)),0.4032477125181633,-174.50383567045648,0.001337209191344447,True,True,0.0015,20270105
RSF-FRIC,parameter_information_gain,1,1,13,6,1.3480717513773013,rsf_fric_state_log,M_base(x) + (p0 * log(state_ratio)),0.37503497016902715,-188.29931041243344,0.00028328124299688024,True,True,0.0015,20270105
RSF-FRIC,parameter_information_gain,1,2,14,6,1.2259712452669964,rsf_fric_state_log,M_base(x) + (p0 * log(state_ratio)),0.5118893378636012,-202.71124626356576,1.3973322395567934e-05,True,True,0.0015,20270105
RSF-FRIC,parameter_information_gain,1,3,15,6,1.2760571284389934,rsf_fric_state_log,M_base(x) + (p0 * log(state_ratio)),0.4623858727298131,-217.83594393931494,8.782939793716586e-05,True,True,0.0015,20270105
RSF-FRIC,parameter_information_gain,1,4,16,6,1.2854603749699676,rsf_fric_state_log,M_base(x) + (p0 * log(state_ratio)),0.4383444183450241,-233.18190160871652,2.7852088287038986e-05,True,True,0.0015,20270105
RSF-FRIC,parameter_information_gain,1,5,17,6,1.2663065053306068,rsf_fric_state_log,M_base(x) + (p0 * log(state_ratio)),0.46445134586508247,-248.89902285293755,2.7428701753907658e-05,True,True,0.0015,20270105
RSF-FRIC,parameter_information_gain,1,6,18,6,1.1864904513289523,rsf_fric_state_log,M_base(x) + (p0 * log(state_ratio)),0.5250448576822488,-264.6479873884637,3.8654915140761286e-05,True,True,0.0015,20270105
RSF-FRIC,parameter_information_gain,1,7,19,6,1.1646866839586947,rsf_fric_state_log,M_base(x) + (p0 * log(state_ratio)),0.56234467744751,-279.24458735043856,9.681544112044494e-05,True,True,0.0015,20270105
RSF-FRIC,parameter_information_gain,1,8,20,6,1.1427742196491928,rsf_fric_state_log,M_base(x) + (p0 * log(state_ratio)),0.5792232629012422,-294.68245760821907,6.841189991389256e-05,True,True,0.0015,20270105
RSF-FRIC,joint_structure_parameter_information_gain,1,0,12,6,1.3795740770580918,rsf_fric_state_log,M_base(x) + (p0 * log(state_ratio)),0.4032477125181633,-174.50383567045648,0.001337209191344447,True,True,0.0015,20270105
RSF-FRIC,joint_structure_parameter_information_gain,1,1,13,6,1.2996549915355478,rsf_fric_state_log,M_base(x) + (p0 * log(state_ratio)),0.4336294345125285,-189.45355094163358,0.0006960669825611207,True,True,0.0015,20270105
RSF-FRIC,joint_structure_parameter_information_gain,1,2,14,6,1.1931129248629246,rsf_fric_state_log,M_base(x) + (p0 * log(state_ratio)),0.5417327967636428,-204.75396152625117,0.0005262723564895755,True,True,0.0015,20270105
RSF-FRIC,joint_structure_parameter_information_gain,1,3,15,6,1.2365345889504615,rsf_fric_state_log,M_base(x) + (p0 * log(state_ratio)),0.49948098932199836,-217.23551609928109,0.00021782034488950988,True,True,0.0015,20270105
RSF-FRIC,joint_structure_parameter_information_gain,1,4,16,6,1.1809166730972949,rsf_fric_state_log,M_base(x) + (p0 * log(state_ratio)),0.5507551815729478,-232.71873347450304,0.00017604813852207358,True,True,0.0015,20270105
RSF-FRIC,joint_structure_parameter_information_gain,1,5,17,6,1.1544151774397136,rsf_fric_state_log,M_base(x) + (p0 * log(state_ratio)),0.5708841204574611,-247.87639789968287,0.0001183174369275242,True,True,0.0015,20270105
RSF-FRIC,joint_structure_parameter_information_gain,1,6,18,6,1.1473860993581115,rsf_fric_state_log,M_base(x) + (p0 * log(state_ratio)),0.5748942013172872,-263.14132480121094,6.993897686949916e-05,True,True,0.0015,20270105
RSF-FRIC,joint_structure_parameter_information_gain,1,7,19,6,1.1514387195631615,rsf_fric_state_log,M_base(x) + (p0 * log(state_ratio)),0.573084473413635,-278.8832664492345,6.389148335740216e-05,True,True,0.0015,20270105
RSF-FRIC,joint_structure_parameter_information_gain,1,8,20,6,1.1427742196279296,rsf_fric_state_log,M_base(x) + (p0 * log(state_ratio)),0.5792232629164118,-294.68245760821895,6.841190045752405e-05,True,True,0.0015,20270105
RSF-EVOL,space_filling_design,1,0,12,6,0.5605160751071966,rsf_evol_slip,(-1 * p0 * state_ratio * log(state_ratio)),0.7518932110872926,-108.30849295723272,0.03680206144428138,True,True,0.05089245137038046,20270111
RSF-EVOL,space_filling_design,1,1,13,6,0.11858975556925125,rsf_evol_slip,(-1 * p0 * state_ratio * log(state_ratio)),0.9745394559758338,-117.46942783500991,0.003969684985980234,True,True,0.05089245137038046,20270111
RSF-EVOL,space_filling_design,1,2,14,6,1.0285280249891455e-05,rsf_evol_slip,(-1 * p0 * state_ratio * log(state_ratio)),0.999999323626989,-127.66587812723547,0.003930830923196671,True,True,0.05089245137038046,20270111
RSF-EVOL,space_filling_design,1,3,15,6,5.3641586270180335e-06,rsf_evol_slip,(-1 * p0 * state_ratio * log(state_ratio)),0.9999996626788473,-136.40206982531345,0.001005503283135938,True,True,0.05089245137038046,20270111
RSF-EVOL,space_filling_design,1,4,16,6,2.1269562347474333e-06,rsf_evol_slip,(-1 * p0 * state_ratio * log(state_ratio)),0.99999987405059,-146.25526968039375,0.0014204944788350894,True,True,0.05089245137038046,20270111
RSF-EVOL,space_filling_design,1,5,17,6,1.9733341024419385e-24,rsf_evol_slip,(-1 * p0 * state_ratio * log(state_ratio)),1.0,-153.54028414583183,0.001148368908424924,True,True,0.05089245137038046,20270111
RSF-EVOL,space_filling_design,1,6,18,6,6.5682773452253886e-15,rsf_evol_slip,(-1 * p0 * state_ratio * log(state_ratio)),0.9999999999999998,-163.58992682922423,0.0010099442632087818,True,True,0.05089245137038046,20270111
RSF-EVOL,space_filling_design,1,7,19,6,1.1782412666762228e-27,rsf_evol_slip,(-1 * p0 * state_ratio * log(state_ratio)),1.0,-173.74862942817919,0.0014937608417709737,True,True,0.05089245137038046,20270111
RSF-EVOL,space_filling_design,1,8,20,6,2.0846444677433376e-16,rsf_evol_slip,(-1 * p0 * state_ratio * log(state_ratio)),1.0,-182.21670491998196,8.549875052527691e-05,True,True,0.05089245137038046,20270111
RSF-EVOL,random_design,1,0,12,6,0.5605160751071966,rsf_evol_slip,(-1 * p0 * state_ratio * log(state_ratio)),0.7518932110872926,-108.30849295723272,0.03680206144428138,True,True,0.05089245137038046,20270111
RSF-EVOL,random_design,1,1,13,6,0.20909687354478076,rsf_evol_slip,(-1 * p0 * state_ratio * log(state_ratio)),0.9463599137263259,-117.82074716486682,0.00450536261906639,True,True,0.05089245137038046,20270111
RSF-EVOL,random_design,1,2,14,6,2.5112904994266988e-05,rsf_evol_slip,(-1 * p0 * state_ratio * log(state_ratio)),0.9999982375425283,-128.04413391194205,0.004664466795267819,True,True,0.05089245137038046,20270111
RSF-EVOL,random_design,1,3,15,6,7.531672628210618e-06,rsf_evol_slip,(-1 * p0 * state_ratio * log(state_ratio)),0.9999995153300655,-137.65641499395542,0.006510854847352638,True,True,0.05089245137038046,20270111
RSF-EVOL,random_design,1,4,16,6,2.1147389414863146e-06,rsf_evol_slip,(-1 * p0 * state_ratio * log(state_ratio)),0.9999998748194353,-147.0057486535682,0.005475717906379658,True,True,0.05089245137038046,20270111
RSF-EVOL,random_design,1,5,17,6,8.367580806235259e-20,rsf_evol_slip,(-1 * p0 * state_ratio * log(state_ratio)),1.0,-155.62327887550936,0.0031588546956050484,True,True,0.05089245137038046,20270111
RSF-EVOL,random_design,1,6,18,6,3.9416364436751363e-07,rsf_evol_slip,(-1 * p0 * state_ratio * log(state_ratio)),0.999999978891943,-165.8747551094085,0.002867664727951079,True,True,0.05089245137038046,20270111
RSF-EVOL,random_design,1,7,19,6,1.9655058990738383e-22,rsf_evol_slip,(-1 * p0 * state_ratio * log(state_ratio)),1.0,-176.02096629668483,0.0028077643657976143,True,True,0.05089245137038046,20270111
RSF-EVOL,random_design,1,8,20,6,3.9984502984784675e-08,rsf_evol_slip,(-1 * p0 * state_ratio * log(state_ratio)),0.9999999981034946,-186.0234426153158,0.0018948018066377117,True,True,0.05089245137038046,20270111
RSF-EVOL,model_information_gain,1,0,12,6,0.5605160751071966,rsf_evol_slip,(-1 * p0 * state_ratio * log(state_ratio)),0.7518932110872926,-108.30849295723272,0.03680206144428138,True,True,0.05089245137038046,20270111
RSF-EVOL,model_information_gain,1,1,13,6,0.00030973234168015304,rsf_evol_slip,(-1 * p0 * state_ratio * log(state_ratio)),0.9999731992841859,-117.18793481093944,0.05673539675158083,False,True,0.05089245137038046,20270111
RSF-EVOL,model_information_gain,1,2,14,6,1.3736357620876386e-08,rsf_evol_slip,(-1 * p0 * state_ratio * log(state_ratio)),0.9999999993813418,-125.57062693340997,0.006987053258462046,True,True,0.05089245137038046,20270111
RSF-EVOL,model_information_gain,1,3,15,6,2.7064681839151644e-11,rsf_evol_slip,(-1 * p0 * state_ratio * log(state_ratio)),0.9999999999990566,-133.883740797537,0.0029697527217987353,True,True,0.05089245137038046,20270111
RSF-EVOL,model_information_gain,1,4,16,6,8.436749217050627e-13,rsf_evol_slip,(-1 * p0 * state_ratio * log(state_ratio)),0.9999999999999739,-143.66957462625547,0.00346992269661894,True,True,0.05089245137038046,20270111
RSF-EVOL,model_information_gain,1,5,17,6,8.294502189288972e-26,rsf_evol_slip,(-1 * p0 * state_ratio * log(state_ratio)),1.0,-152.2689227896523,0.003705376769638908,True,True,0.05089245137038046,20270111
RSF-EVOL,model_information_gain,1,6,18,6,9.850038866402474e-16,rsf_evol_slip,(-1 * p0 * state_ratio * log(state_ratio)),1.0,-161.7524722265393,0.0051582989184401325,True,True,0.05089245137038046,20270111
RSF-EVOL,model_information_gain,1,7,19,6,8.559754065836172e-29,rsf_evol_slip,(-1 * p0 * state_ratio * log(state_ratio)),1.0,-171.52645904101706,0.0041239622902546225,True,True,0.05089245137038046,20270111
RSF-EVOL,model_information_gain,1,8,20,6,5.3507666152425684e-17,rsf_evol_slip,(-1 * p0 * state_ratio * log(state_ratio)),1.0,-178.2574888289834,0.003639667843343038,True,True,0.05089245137038046,20270111
RSF-EVOL,parameter_information_gain,1,0,12,6,0.5605160751071966,rsf_evol_slip,(-1 * p0 * state_ratio * log(state_ratio)),0.7518932110872926,-108.30849295723272,0.03680206144428138,True,True,0.05089245137038046,20270111
RSF-EVOL,parameter_information_gain,1,1,13,6,0.11858975556925125,rsf_evol_slip,(-1 * p0 * state_ratio * log(state_ratio)),0.9745394559758338,-117.46942783500991,0.003969684985980234,True,True,0.05089245137038046,20270111
RSF-EVOL,parameter_information_gain,1,2,14,6,0.11712096146574381,rsf_evol_slip,(-1 * p0 * state_ratio * log(state_ratio)),0.974941537114244,-125.66716779584469,0.001012228022688432,True,True,0.05089245137038046,20270111
RSF-EVOL,parameter_information_gain,1,3,15,6,0.2515822107258543,rsf_evol_slip,(-1 * p0 * state_ratio * log(state_ratio)),0.930793248068379,-130.71654743834063,0.006003463525573228,True,True,0.05089245137038046,20270111
RSF-EVOL,parameter_information_gain,1,4,16,6,0.27961160544679275,rsf_evol_slip,(-1 * p0 * state_ratio * log(state_ratio)),0.9196548229923613,-139.99776978872947,0.007264489217157971,True,True,0.05089245137038046,20270111
RSF-EVOL,parameter_information_gain,1,5,17,6,2.094163576529166e-17,rsf_evol_slip,(-1 * p0 * state_ratio * log(state_ratio)),1.0,-147.93608945365068,0.005442512405868481,True,True,0.05089245137038046,20270111
RSF-EVOL,parameter_information_gain,1,6,18,6,0.03432250243887937,rsf_evol_slip,(-1 * p0 * state_ratio * log(state_ratio)),0.9944574254301388,-153.6859384883613,0.0031735675835524,True,True,0.05089245137038046,20270111
RSF-EVOL,parameter_information_gain,1,7,19,6,2.415713864665989e-18,rsf_evol_slip,(-1 * p0 * state_ratio * log(state_ratio)),1.0,-162.05309128036615,0.004298309711088115,True,True,0.05089245137038046,20270111
RSF-EVOL,parameter_information_gain,1,8,20,6,0.008837412657784862,rsf_evol_slip,(-1 * p0 * state_ratio * log(state_ratio)),0.998864043768897,-171.26099194767642,0.0037292255025258734,True,True,0.05089245137038046,20270111
RSF-EVOL,joint_structure_parameter_information_gain,1,0,12,6,0.5605160751071966,rsf_evol_slip,(-1 * p0 * state_ratio * log(state_ratio)),0.7518932110872926,-108.30849295723272,0.03680206144428138,True,True,0.05089245137038046,20270111
RSF-EVOL,joint_structure_parameter_information_gain,1,1,13,6,0.11858975556925125,rsf_evol_slip,(-1 * p0 * state_ratio * log(state_ratio)),0.9745394559758338,-117.46942783500991,0.003969684985980234,True,True,0.05089245137038046,20270111
RSF-EVOL,joint_structure_parameter_information_gain,1,2,14,6,0.003166786923450312,rsf_evol_slip,(-1 * p0 * state_ratio * log(state_ratio)),0.9996460138488672,-127.64739441553725,0.00353310988199046,True,True,0.05089245137038046,20270111
RSF-EVOL,joint_structure_parameter_information_gain,1,3,15,6,0.0007839809782713463,rsf_evol_slip,(-1 * p0 * state_ratio * log(state_ratio)),0.9999253545032554,-135.45317538316365,9.566370260786728e-05,True,True,0.05089245137038046,20270111
RSF-EVOL,joint_structure_parameter_information_gain,1,4,16,6,0.0015320949163991039,rsf_evol_slip,(-1 * p0 * state_ratio * log(state_ratio)),0.9998430111112029,-139.16157639748093,0.004151051606153748,True,True,0.05089245137038046,20270111
RSF-EVOL,joint_structure_parameter_information_gain,1,5,17,6,1.8754463892913277e-17,rsf_evol_slip,(-1 * p0 * state_ratio * log(state_ratio)),1.0,-147.92918030648588,0.005574091569482027,True,True,0.05089245137038046,20270111
RSF-EVOL,joint_structure_parameter_information_gain,1,6,18,6,0.001178715838166255,rsf_evol_slip,(-1 * p0 * state_ratio * log(state_ratio)),0.9998827257749973,-156.45690124154302,0.004284079304209381,True,True,0.05089245137038046,20270111
RSF-EVOL,joint_structure_parameter_information_gain,1,7,19,6,1.5375320252848158e-18,rsf_evol_slip,(-1 * p0 * state_ratio * log(state_ratio)),1.0,-162.7405670039816,0.0024452997127042634,True,True,0.05089245137038046,20270111
RSF-EVOL,joint_structure_parameter_information_gain,1,8,20,6,0.001637213816498005,rsf_evol_slip,(-1 * p0 * state_ratio * log(state_ratio)),0.9998309585857151,-170.85343642537805,0.003538015365869044,True,True,0.05089245137038046,20270111
RSF-FRIC,space_filling_design,1,0,12,6,1.234926175540059,rsf_fric_state_log,M_base(x) + (p0 * log(state_ratio)),0.5216008814361105,-182.3810480313674,8.894857691325058e-06,True,True,0.0015,20270111
RSF-FRIC,space_filling_design,1,1,13,6,1.1981246321595498,rsf_fric_state_log,M_base(x) + (p0 * log(state_ratio)),0.537695711842237,-198.6633039006447,0.00014544072637227728,True,True,0.0015,20270111
RSF-FRIC,space_filling_design,1,2,14,6,1.278657262119851,rsf_fric_state_log,M_base(x) + (p0 * log(state_ratio)),0.39037374015533327,-211.88601160027076,0.0004443785513226251,True,True,0.0015,20270111
RSF-FRIC,space_filling_design,1,3,15,6,1.2341353574178004,rsf_fric_state_log,M_base(x) + (p0 * log(state_ratio)),0.4029131537300187,-228.146127509194,0.00043742541057380273,True,True,0.0015,20270111
RSF-FRIC,space_filling_design,1,4,16,6,1.2101366952034338,rsf_fric_velocity_modulated_log,M_base(x) + (p0 * log(state_ratio) * (1 + (p1 * log(velocity_ratio)))),0.4430406777884974,-243.16513723536804,0.00029404115137216744,True,False,0.0015,20270111
RSF-FRIC,space_filling_design,1,5,17,6,1.119765372103472,rsf_fric_velocity_modulated_log,M_base(x) + (p0 * log(state_ratio) * (1 + (p1 * log(velocity_ratio)))),0.5542874543218358,-259.26094580219626,0.0002800275799783006,True,False,0.0015,20270111
RSF-FRIC,space_filling_design,1,6,18,6,1.057571721615766,rsf_fric_velocity_modulated_log,M_base(x) + (p0 * log(state_ratio) * (1 + (p1 * log(velocity_ratio)))),0.5664254215521531,-275.3644304237995,0.0003038046520449209,True,False,0.0015,20270111
RSF-FRIC,space_filling_design,1,7,19,6,0.9658608569683296,rsf_fric_velocity_modulated_log,M_base(x) + (p0 * log(state_ratio) * (1 + (p1 * log(velocity_ratio)))),0.638321730196851,-291.8642016930174,0.0003113426686742179,True,False,0.0015,20270111
RSF-FRIC,space_filling_design,1,8,20,6,1.0781395368787132,rsf_fric_velocity_modulated_log,M_base(x) + (p0 * log(state_ratio) * (1 + (p1 * log(velocity_ratio)))),0.5425156623888059,-305.2516926486179,0.0003268080577982611,True,False,0.0015,20270111
RSF-FRIC,random_design,1,0,12,6,1.234926175540059,rsf_fric_state_log,M_base(x) + (p0 * log(state_ratio)),0.5216008814361105,-182.3810480313674,8.894857691325058e-06,True,True,0.0015,20270111
RSF-FRIC,random_design,1,1,13,6,1.3074246643434233,rsf_fric_state_log,M_base(x) + (p0 * log(state_ratio)),0.42920082406800053,-197.89436489458313,0.00030441110657362887,True,True,0.0015,20270111
RSF-FRIC,random_design,1,2,14,6,1.2476486818337378,rsf_fric_state_log,M_base(x) + (p0 * log(state_ratio)),0.49488484533391447,-214.17822808710525,0.00019983526422278537,True,True,0.0015,20270111
RSF-FRIC,random_design,1,3,15,6,1.218818923559106,rsf_fric_state_log,M_base(x) + (p0 * log(state_ratio)),0.518411129619949,-230.60736993210207,0.00022319195304077986,True,True,0.0015,20270111
RSF-FRIC,random_design,1,4,16,6,1.186985288838347,rsf_fric_state_log,M_base(x) + (p0 * log(state_ratio)),0.5451450087119677,-247.04517720682313,0.00019706874947995624,True,True,0.0015,20270111
RSF-FRIC,random_design,1,5,17,6,1.2046770153766424,rsf_fric_state_log,M_base(x) + (p0 * log(state_ratio)),0.506929790978123,-262.69360444041143,0.00013338585380159518,True,True,0.0015,20270111
RSF-FRIC,random_design,1,6,18,6,1.1415533717654123,rsf_fric_state_log,M_base(x) + (p0 * log(state_ratio)),0.580072766480196,-276.8431131949331,5.697505610303514e-05,True,True,0.0015,20270111
RSF-FRIC,random_design,1,7,19,6,1.1448718730964749,rsf_fric_state_log,M_base(x) + (p0 * log(state_ratio)),0.5777301874668037,-291.72003584264667,7.42488268932449e-05,True,True,0.0015,20270111
RSF-FRIC,random_design,1,8,20,6,1.137592122895605,rsf_fric_state_log,M_base(x) + (p0 * log(state_ratio)),0.5819502115379482,-307.4378911605047,0.00011999627681910481,True,True,0.0015,20270111
RSF-FRIC,model_information_gain,1,0,12,6,1.234926175540059,rsf_fric_state_log,M_base(x) + (p0 * log(state_ratio)),0.5216008814361105,-182.3810480313674,8.894857691325058e-06,True,True,0.0015,20270111
RSF-FRIC,model_information_gain,1,1,13,6,1.1981246321595498,rsf_fric_state_log,M_base(x) + (p0 * log(state_ratio)),0.537695711842237,-198.6633039006447,0.00014544072637227728,True,True,0.0015,20270111
RSF-FRIC,model_information_gain,1,2,14,6,1.188865633845686,rsf_fric_state_log,M_base(x) + (p0 * log(state_ratio)),0.5450069346360924,-215.07567811231075,0.00011597804473536264,True,True,0.0015,20270111
RSF-FRIC,model_information_gain,1,3,15,6,1.2522689186056102,rsf_fric_state_log,M_base(x) + (p0 * log(state_ratio)),0.4382114969220527,-229.76270601302704,8.585628368453601e-08,True,True,0.0015,20270111
RSF-FRIC,model_information_gain,1,4,16,6,1.2169592458392915,rsf_fric_state_log,M_base(x) + (p0 * log(state_ratio)),0.5148779371184704,-246.09540714943165,2.0853326821584056e-05,True,True,0.0015,20270111
RSF-FRIC,model_information_gain,1,5,17,6,1.2164614752268281,rsf_fric_state_log,M_base(x) + (p0 * log(state_ratio)),0.5199831831236676,-260.67682719203844,5.407058974444473e-05,True,True,0.0015,20270111
RSF-FRIC,model_information_gain,1,6,18,6,1.1521266790841196,rsf_fric_state_log,M_base(x) + (p0 * log(state_ratio)),0.5725207233060233,-276.8688723944956,8.040883841799677e-05,True,True,0.0015,20270111
RSF-FRIC,model_information_gain,1,7,19,6,1.1471077878921627,rsf_fric_state_log,M_base(x) + (p0 * log(state_ratio)),0.5749732658614697,-290.19744373894065,1.5360603665501913e-05,True,True,0.0015,20270111
RSF-FRIC,model_information_gain,1,8,20,6,1.2565839719422538,rsf_fric_state_log,M_base(x) + (p0 * log(state_ratio)),0.46001760483895265,-299.76282015342775,8.558730444764906e-05,True,True,0.0015,20270111
RSF-FRIC,parameter_information_gain,1,0,12,6,1.234926175540059,rsf_fric_state_log,M_base(x) + (p0 * log(state_ratio)),0.5216008814361105,-182.3810480313674,8.894857691325058e-06,True,True,0.0015,20270111
RSF-FRIC,parameter_information_gain,1,1,13,6,1.1951298279028053,rsf_fric_state_log,M_base(x) + (p0 * log(state_ratio)),0.5401390142328157,-198.7282845496242,7.534093735118276e-05,True,True,0.0015,20270111
RSF-FRIC,parameter_information_gain,1,2,14,6,1.3325557188572974,rsf_fric_state_log,M_base(x) + (p0 * log(state_ratio)),0.3994554740908869,-213.9523441426711,6.935715841614406e-05,True,True,0.0015,20270111
RSF-FRIC,parameter_information_gain,1,3,15,6,1.252268918605476,rsf_fric_state_log,M_base(x) + (p0 * log(state_ratio)),0.43821149692216316,-229.76270601302704,8.585628368453601e-08,True,True,0.0015,20270111
RSF-FRIC,parameter_information_gain,1,4,16,6,1.1786847143251231,rsf_fric_state_log,M_base(x) + (p0 * log(state_ratio)),0.5526364814480872,-240.01958338845137,0.00017891511497904292,True,True,0.0015,20270111
RSF-FRIC,parameter_information_gain,1,5,17,6,1.2586705677051844,rsf_fric_state_log,M_base(x) + (p0 * log(state_ratio)),0.4782781916608432,-254.83331442744657,0.0001016782344019215,True,True,0.0015,20270111
RSF-FRIC,parameter_information_gain,1,6,18,6,1.2030532187831087,rsf_fric_state_log,M_base(x) + (p0 * log(state_ratio)),0.5323783752524514,-270.66328457003107,0.00013012195824078622,True,True,0.0015,20270111
RSF-FRIC,parameter_information_gain,1,7,19,6,1.2656406676127525,rsf_fric_state_log,M_base(x) + (p0 * log(state_ratio)),0.4762024995061602,-285.9014779856739,0.00016826221837717777,True,True,0.0015,20270111
RSF-FRIC,parameter_information_gain,1,8,20,6,1.2353731531503014,rsf_fric_state_log,M_base(x) + (p0 * log(state_ratio)),0.5051510289584619,-301.75611936037757,0.00014721697442117678,True,True,0.0015,20270111
RSF-FRIC,joint_structure_parameter_information_gain,1,0,12,6,1.234926175540059,rsf_fric_state_log,M_base(x) + (p0 * log(state_ratio)),0.5216008814361105,-182.3810480313674,8.894857691325058e-06,True,True,0.0015,20270111
RSF-FRIC,joint_structure_parameter_information_gain,1,1,13,6,1.1951298279028053,rsf_fric_state_log,M_base(x) + (p0 * log(state_ratio)),0.5401390142328157,-198.7282845496242,7.534093735118276e-05,True,True,0.0015,20270111
RSF-FRIC,joint_structure_parameter_information_gain,1,2,14,6,1.3325557188572974,rsf_fric_state_log,M_base(x) + (p0 * log(state_ratio)),0.3994554740908869,-213.9523441426711,6.935715841614406e-05,True,True,0.0015,20270111
RSF-FRIC,joint_structure_parameter_information_gain,1,3,15,6,1.252268918605476,rsf_fric_state_log,M_base(x) + (p0 * log(state_ratio)),0.43821149692216316,-229.76270601302704,8.585628368453601e-08,True,True,0.0015,20270111
RSF-FRIC,joint_structure_parameter_information_gain,1,4,16,6,1.1786847143251231,rsf_fric_state_log,M_base(x) + (p0 * log(state_ratio)),0.5526364814480872,-240.01958338845137,0.00017891511497904292,True,True,0.0015,20270111
RSF-FRIC,joint_structure_parameter_information_gain,1,5,17,6,1.2586705677051844,rsf_fric_state_log,M_base(x) + (p0 * log(state_ratio)),0.4782781916608432,-254.83331442744657,0.0001016782344019215,True,True,0.0015,20270111
RSF-FRIC,joint_structure_parameter_information_gain,1,6,18,6,1.2030532187831087,rsf_fric_state_log,M_base(x) + (p0 * log(state_ratio)),0.5323783752524514,-270.66328457003107,0.00013012195824078622,True,True,0.0015,20270111
RSF-FRIC,joint_structure_parameter_information_gain,1,7,19,6,1.17365598311471,rsf_fric_state_log,M_base(x) + (p0 * log(state_ratio)),0.5567470148234344,-286.6313090109284,0.00011149872272523565,True,True,0.0015,20270111
RSF-FRIC,joint_structure_parameter_information_gain,1,8,20,6,1.23537315315115,rsf_fric_state_log,M_base(x) + (p0 * log(state_ratio)),0.5051510289577755,-301.75611936037757,0.00014721697442117678,True,True,0.0015,20270111
